{
  "theta_estimate": {
    "value": 0.8200000000000001,
    "ci95": [
      0.8199999999999973,
      0.8200000000000028
    ]
  },
  "beta_estimate": {
    "value": 9.500000000000009,
    "ci95": [
      9.499999999999968,
      9.50000000000005
    ]
  },
  "logistic_model": {
    "r2": 1.0,
    "aic": -26344.75202384738,
    "ss_res": 7.229703279252173e-30
  },
  "null_model": {
    "r2": 0.8524317268583151,
    "aic": -1496.621876286089,
    "ss_res": 5.652119771552224,
    "slope": 0.7576086202327965,
    "intercept": -0.17869154749570437
  },
  "falsification": {
    "logistic_beats_null": true,
    "delta_aic": 24848.130147561293,
    "delta_r2": 0.14756827314168486
  },
  "membrane": {
    "theta": 0.82,
    "beta": 9.5,
    "zeta_mean": 1.4208226446776862,
    "flux_mean": 0.09357383382656433,
    "flux_std": 0.09837514069110552
  },
  "source": {
    "mode": "ingest",
    "steps": 360,
    "dt": 0.05,
    "driver_mean": 0.8230891565116112
  }
}
