{
  "theta_estimate": {
    "value": 0.8200000000000001,
    "ci95": [
      0.8199999999999973,
      0.8200000000000028
    ]
  },
  "beta_estimate": {
    "value": 9.500000000000009,
    "ci95": [
      9.499999999999968,
      9.50000000000005
    ]
  },
  "logistic_model": {
    "r2": 1.0,
    "aic": -26344.75202384738,
    "ss_res": 7.229703279252173e-30,
    "residual_mean": 3.993708257297298e-17,
    "residual_std": 1.3576416436399835e-16
  },
  "null_models": {
    "linear": {
      "r2": 0.8524317268583151,
      "aic": -1496.621876286089,
      "ss_res": 5.652119771552224,
      "slope": 0.7576086202327965,
      "intercept": -0.17869154749570437
    },
    "power_law": {
      "model": "sigma = A * R^k",
      "amplitude": 0.3970464300814046,
      "exponent": 2.2479725363608094,
      "r2": 0.7713709477050219,
      "aic": -1338.5725046445384,
      "ss_res": 8.75688763794759
    }
  },
  "falsification": {
    "logistic_beats_all_nulls": true,
    "comparisons": {
      "linear": {
        "delta_aic": 24848.130147561293,
        "delta_r2": 0.14756827314168486
      },
      "power_law": {
        "delta_aic": 25006.179519202844,
        "delta_r2": 0.2286290522949781
      }
    }
  },
  "membrane": {
    "theta": 0.82,
    "beta": 9.5,
    "zeta_mean": 1.4208226446776862,
    "flux_mean": 0.09357383382656433,
    "flux_std": 0.09837514069110552
  },
  "logistic_fit": {
    "sigma_hat": [
      0.01137384315487181,
      0.012899103902801825,
      0.014565339179641573,
      0.016376919966367906,
      0.01833744052928047,
      0.020449689681410223,
      0.022715642472540206,
      0.02513647204536309,
      0.027712580582627513,
      0.030443647568777536,
      0.03332869303657133,
      0.03636615308633488,
      0.039553964759267715,
      0.04288965730889833,
      0.046370447027300074,
      0.04999333301794147,
      0.05375519163360853,
      0.05765286768328948,
      0.06168326092569478,
      0.06584340678255772,
      0.0701305506005648,
      0.07454221515091447,
      0.07907626136990134,
      0.08373094260738938,
      0.08850495286158788,
      0.09339746964044207,
      0.09840819220673912,
      0.103537376041683,
      0.1087858644068487,
      0.11415511790381937,
      0.11964724293083677,
      0.12526501992220848,
      0.13101193223394203,
      0.1368921965121324,
      0.14291079535206927,
      0.1490735130279282,
      0.15538697504638677,
      0.16185869225266933,
      0.16849711019346228,
      0.17531166441576898,
      0.18231284235068468,
      0.18951225239123445,
      0.19692270071676315,
      0.20455827633322302,
      0.21243444467600092,
      0.22056814994216026,
      0.22897792605883302,
      0.23768401582311,
      0.24670849722548202,
      0.2560754152404247,
      0.26581091636494175,
      0.27594338181978384,
      0.28650355348559087,
      0.2975246441860486,
      0.30904242067965554,
      0.3210952434764587,
      0.33372404212544576,
      0.3469721976812556,
      0.36088529543915093,
      0.3755107005979869,
      0.3908968973470958,
      0.40709251843186917,
      0.4241449786481412,
      0.4420986141050439,
      0.4609922231818142,
      0.4808559106900176,
      0.501707162197128,
      0.5235461316825937,
      0.54635022509102,
      0.5700682158351053,
      0.5946143394623818,
      0.6198630706946103,
      0.6456455466629948,
      0.6717487896116221,
      0.6979188925138016,
      0.7238690467386429,
      0.7492926421052929,
      0.773880698948142,
      0.7973418008645351,
      0.8194218233123456,
      0.8399204528520299,
      0.8587019632882876,
      0.875698868758532,
      0.8909085436657115,
      0.9043842075322972,
      0.9162224505963771,
      0.9265496044269566,
      0.9355088664972275,
      0.9432494232331105,
      0.9499181323970236,
      0.9556537849036224,
      0.9605836271149031,
      0.964821670928009,
      0.9684682986924154,
      0.9716107267707279,
      0.9743239806049089,
      0.9766721266314998,
      0.9787095872807778,
      0.9804824290970559,
      0.9820295607120186,
      0.9833838095154774,
      0.9845728666774829,
      0.9856201027916804,
      0.9865452633971407,
      0.9873650569412122,
      0.9880936487627302,
      0.9887430743554959,
      0.989323584141207,
      0.9898439306323473,
      0.9903116074353826,
      0.9907330481662123,
      0.9911137920912111,
      0.9914586221963921,
      0.9917716804289702,
      0.9920565640419576,
      0.9923164062892711,
      0.9925539441498502,
      0.992771575288051,
      0.9929714060688841,
      0.9931552921268779,
      0.9933248727246926,
      0.9934815999220654,
      0.9936267633988249,
      0.9937615116305778,
      0.9938868699964782,
      0.994003756300528,
      0.9941129941071984,
      0.9942153242257109,
      0.9943114146224329,
      0.9944018689954653,
      0.9944872342079006,
      0.9945680067450161,
      0.9946446383347105,
      0.9947175408488568,
      0.994787090585177,
      0.9948536320141328,
      0.9949174810626474,
      0.9949789279958362,
      0.9950382399489581,
      0.9950956631542526,
      0.995151424900944,
      0.9952057352613035,
      0.995258788611087,
      0.9953107649687905,
      0.9953618311748808,
      0.9954121419293551,
      0.9954618407036198,
      0.995511060540649,
      0.9955599247556816,
      0.9956085475482535,
      0.9956570345351314,
      0.9957054832126785,
      0.9957539833562975,
      0.995802617363869,
      0.995851460549477,
      0.995900581393214,
      0.9959500417524177,
      0.9959998970393619,
      0.9960501963701193,
      0.9961009826890912,
      0.9961522928735035,
      0.9962041578220028,
      0.9962566025313547,
      0.9963096461651239,
      0.9963633021180907,
      0.9964175780800563,
      0.9964724761025554,
      0.9965279926718591,
      0.9965841187914946,
      0.9966408400773236,
      0.9966981368680085,
      0.996755984353444,
      0.9968143527234529,
      0.9968732073387216,
      0.9969325089255864,
      0.9969922137958904,
      0.9970522740926961,
      0.9971126380621789,
      0.997173250351539,
      0.9972340523322684,
      0.9972949824475935,
      0.9973559765824095,
      0.9974169684535124,
      0.9974778900174659,
      0.9975386718929902,
      0.9975992437943606,
      0.9976595349719651,
      0.9977194746558855,
      0.9977789924981708,
      0.9978380190093411,
      0.9978964859846376,
      0.9979543269155748,
      0.9980114773825037,
      0.9980678754241255,
      0.9981234618802001,
      0.9981781807040967,
      0.9982319792422725,
      0.9982848084782857,
      0.9983366232394963,
      0.9983873823651841,
      0.9984370488354072,
      0.9984855898605178,
      0.9985329769318191,
      0.9985791858344039,
      0.9986241966237136,
      0.9986679935678175,
      0.9987105650578062,
      0.9987519034890263,
      0.9987920051161432,
      0.998830869885217,
      0.9988685012460914,
      0.9989049059484507,
      0.9989400938248905,
      0.998974077564275,
      0.999006872478531,
      0.9990384962658635,
      0.9990689687731683,
      0.9990983117601856,
      0.9991265486676825,
      0.9991537043916788,
      0.9991798050654612,
      0.9992048778508476,
      0.9992289507398964,
      0.9992520523679979,
      0.9992742118390316,
      0.9992954585630538,
      0.9993158221067665,
      0.9993353320568344,
      0.9993540178959484,
      0.9993719088914002,
      0.9993890339957994,
      0.9994054217594803,
      0.999421100254052,
      0.9994360970064968,
      0.9994504389431691,
      0.9994641523430241,
      0.9994772627993888,
      0.9994897951895814,
      0.9995017736516975,
      0.999513221567891,
      0.9995241615535014,
      0.9995346154514064,
      0.9995446043310069,
      0.9995541484912909,
      0.9995632674674523,
      0.999571980040581,
      0.9995803042499776,
      0.999588257407684,
      0.9995958561148525,
      0.99960311627962,
      0.9996100531361767,
