timestamp,condition,phi,phase,output_length,vocab_density,self_reflection,response_preview
2025-11-20T22:15:20.883878,Control,0.0,1,262,0.6221374045801527,8.0,"### Explanation in Simple Terms
This statement is about a type of system called ""threshold systems,""..."
2025-11-20T22:17:19.487080,Control,0.0,1,384,0.6223958333333334,9.0,"### Explanation in Simple Terms
This statement describes how certain systems can suddenly change the..."
2025-11-20T22:19:17.177815,Control,0.0,1,301,0.6445182724252492,8.0,"### Explanation of the Statement in Simple Terms

This statement describes a phenomenon where sudden..."
2025-11-20T22:20:47.523347,Control,0.0,1,279,0.6630824372759857,8.0,"### Explanation of the Statement in Simple Terms

This statement is about how certain systems can un..."
2025-11-20T22:22:30.562931,Control,0.0,1,350,0.6514285714285715,8.0,"### Explanation of the Statement

**1. Simple Explanation:**
Imagine a system that is like a seesaw...."
2025-11-20T22:24:16.705436,Control,0.0,1,342,0.6403508771929824,5.0,"### Explanation of the Statement:

1. **Simple Terms:**
   - A ""threshold system"" is a type of syste..."
2025-11-20T22:25:35.770725,Control,0.0,1,268,0.6791044776119403,5.0,"### Explanation of the Statement in Simple Terms:

Threshold systems are like a see-saw that tips ov..."
2025-11-20T22:27:08.310271,Control,0.0,1,272,0.6617647058823529,9.0,"### Explanation:

1. **What This Means in Simple Terms:**
   - Imagine a system is like a room with ..."
2025-11-20T22:28:55.818127,Control,0.0,1,145,0.6758620689655173,9.0,"### Explanation of the Statement:

1. **Simple Terms:**
   - Imagine a system where something change..."
2025-11-20T22:30:24.281212,Control,0.0,1,238,0.7058823529411765,8.0,"### Explanation in Simple Terms:

This statement is about how certain systems change abruptly when s..."
2025-11-20T22:32:19.539128,Placebo,1.0,1,332,0.6686746987951807,9.0,"### Explanation in Simple Terms
Threshold systems are like a switch where the state of something cha..."
2025-11-20T22:34:04.314416,Placebo,1.0,1,352,0.6363636363636364,9.0,"### Explanation in Simple Terms

This statement is about how certain systems can change their behavi..."
2025-11-20T22:36:05.687600,Placebo,1.0,1,385,0.4831168831168831,5.0,"### Explanation of the Statement in Simple Terms:

1. **Threshold Systems with Critical Transitions:..."
2025-11-20T22:38:08.963119,Placebo,1.0,1,404,0.556930693069307,9.0,"### Explanation in Simple Terms
A threshold system is a type of system where changes happen suddenly..."
2025-11-20T22:39:54.080247,Placebo,1.0,1,336,0.6011904761904762,8.0,"### Explanation in Simple Terms
Threshold systems are like a seesaw where the balance is very sensit..."
2025-11-20T22:41:37.856851,Placebo,1.0,1,293,0.6279863481228669,9.0,"### Explanation in Simple Terms:

Threshold systems are like a tipping point where something changes..."
2025-11-20T22:43:40.215258,Placebo,1.0,1,402,0.5572139303482587,9.0,"### Explanation in Simple Terms

Threshold systems are like a seesaw where the position of something..."
2025-11-20T22:45:15.623999,Placebo,1.0,1,302,0.6655629139072847,9.0,"### 1. Explanation in Simple Terms
Threshold systems are like a seesaw where the whole system change..."
2025-11-20T22:47:05.639926,Placebo,1.0,1,350,0.6057142857142858,9.0,"### Explanation in Simple Terms

This statement is about how certain systems can suddenly change the..."
2025-11-20T22:48:59.338160,Placebo,1.0,1,294,0.6564625850340136,9.0,"### 1. Explanation in Simple Terms
Threshold systems are like switches where a small change can caus..."
2025-11-20T22:51:00.848135,Nocebo,-1.0,1,342,0.6169590643274854,7.0,"### Simple Explanation
Threshold systems are like a seesaw where things change abruptly once a certa..."
2025-11-20T22:52:38.401720,Nocebo,-1.0,1,323,0.6656346749226006,7.0,"### Explanation in Simple Terms
Imagine a system where things change suddenly when a specific condit..."
2025-11-20T22:54:37.915309,Nocebo,-1.0,1,294,0.6020408163265306,8.0,"### Explanation in Simple Terms
Threshold systems are like a seesaw where the order parameter R (a m..."
2025-11-20T22:56:10.899571,Nocebo,-1.0,1,235,0.7191489361702128,8.0,"### Explanation in Simple Terms
Threshold systems are like a seesaw where the order parameter R (thi..."
2025-11-20T22:57:57.075603,Nocebo,-1.0,1,321,0.5794392523364486,8.0,"### 1. Explanation in Simple Terms
This statement is about a specific type of system where small cha..."
2025-11-20T22:59:32.301589,Nocebo,-1.0,1,294,0.6326530612244898,8.0,"### Explanation in Simple Terms:

Imagine you have a system where things change suddenly when a cert..."
2025-11-20T23:01:24.850633,Nocebo,-1.0,1,300,0.61,5.0,"### Explanation in Simple Terms:

1. **Explanation:**
   - Imagine a system that can be in different..."
2025-11-20T23:03:27.378805,Nocebo,-1.0,1,392,0.6198979591836735,7.0,"### Explanation in Simple Terms

This statement is about how certain systems can change drastically ..."
2025-11-20T23:05:03.017918,Nocebo,-1.0,1,294,0.6462585034013606,8.0,"### Explanation in Simple Terms
This statement is about how certain systems can change suddenly when..."
2025-11-20T23:07:07.037575,Nocebo,-1.0,1,399,0.6040100250626567,8.0,"### Explanation in Simple Terms
Threshold systems are like a seesaw where if you add just the right ..."
2025-11-20T23:09:13.239289,Informed_Top,2.0,2,330,0.6303030303030303,9.0,"### Explanation in Simple Terms
This statement refers to a type of system where significant changes ..."
2025-11-20T23:10:57.937052,Informed_Top,2.0,2,341,0.6275659824046921,9.0,"### Explanation in Simple Terms
This statement is talking about how systems can suddenly change thei..."
2025-11-20T23:12:39.088133,Informed_Top,2.0,2,309,0.6245954692556634,9.0,"### 1. Explanation in Simple Terms

Threshold systems are like a seesaw where once a certain point i..."
2025-11-20T23:14:14.096569,Informed_Top,2.0,2,302,0.6357615894039735,8.0,"### Explanation in Simple Terms
Threshold systems are like a seesaw where one side tips over when it..."
2025-11-20T23:15:54.529993,Informed_Top,2.0,2,331,0.6314199395770392,9.0,"### Explanation in Simple Terms:

Threshold systems are like a seesaw that suddenly tips over when t..."
2025-11-20T23:17:50.999532,Informed_Top,2.0,2,386,0.6191709844559585,9.0,"### Explanation in Simple Terms:

Threshold systems are like a seesaw that tips suddenly when someth..."
2025-11-20T23:19:27.883242,Informed_Top,2.0,2,297,0.6430976430976431,9.0,"### Explanation in Simple Terms:

The statement is about how certain systems can suddenly change the..."
2025-11-20T23:21:31.761796,Informed_Top,2.0,2,182,0.6813186813186813,8.0,"### Explanation in Simple Terms:

In simple terms, a threshold system is like a seesaw where the pos..."
2025-11-20T23:23:05.092928,Informed_Top,2.0,2,316,0.5917721518987342,9.0,"### Explanation in Simple Terms
This statement refers to a type of system where there is a sudden ch..."
2025-11-20T23:24:29.423849,Informed_Top,2.0,2,269,0.6282527881040892,8.0,"### Explanation in Simple Terms
When a threshold system is involved, it behaves very differently whe..."
2025-11-20T23:26:16.736626,Informed_Mid,0.5,2,301,0.6245847176079734,8.0,"### Explanation in Simple Terms
Threshold systems are like a seesaw where the balance point (θ) is c..."
2025-11-20T23:27:50.006980,Informed_Mid,0.5,2,301,0.6976744186046512,7.0,"### Explanation in Simple Terms:

Threshold systems are like a seesaw where the balance changes sudd..."
2025-11-20T23:29:46.122325,Informed_Mid,0.5,2,345,0.6144927536231884,8.0,"### Explanation of the Statement in Simple Terms:

1. **What It Means:**
   Threshold systems are li..."
2025-11-20T23:31:36.677904,Informed_Mid,0.5,2,371,0.5795148247978437,8.0,"### Explanation in Simple Terms
Threshold systems are like a see-saw (or balance beam) where things ..."
2025-11-20T23:33:15.343222,Informed_Mid,0.5,2,286,0.6433566433566433,8.0,"### Explanation in Simple Terms

Imagine a system where something happens only when a certain condit..."
2025-11-20T23:35:19.713008,Informed_Mid,0.5,2,410,0.5487804878048781,8.0,"### Explanation in Simple Terms
Threshold systems are like a seesaw where the balance point (or thre..."
2025-11-20T23:37:04.350832,Informed_Mid,0.5,2,316,0.6582278481012658,8.0,"### Explanation in Simple Terms
Threshold systems are like a seesaw where the balance point (thresho..."
2025-11-20T23:38:44.954056,Informed_Mid,0.5,2,352,0.5994318181818182,8.0,"### Explanation in Simple Terms
Threshold systems are like a seesaw where the balance is determined ..."
2025-11-20T23:40:24.597281,Informed_Mid,0.5,2,322,0.6366459627329193,5.0,"### 1. Explanation in Simple Terms:

Imagine a system like a glass of water on the edge of spilling ..."
2025-11-20T23:41:44.672405,Informed_Mid,0.5,2,215,0.6790697674418604,8.0,"### 1. Explanation in Simple Terms
Threshold systems are like a seesaw where the balance changes sud..."
2025-11-20T23:43:11.978734,Informed_Low,-2.0,2,247,0.6072874493927125,7.0,"1. **Simple Explanation:**
   Threshold systems are like a seesaw where the order parameter \( R \) ..."
2025-11-20T23:44:25.232068,Informed_Low,-2.0,2,222,0.6531531531531531,7.0,"1. **Simple Explanation:**
   - Imagine a system (like a forest or the weather) has a special way of..."
2025-11-20T23:45:43.933241,Informed_Low,-2.0,2,233,0.6652360515021459,5.0,"1. **Explanation in Simple Terms:**
   This statement is about how systems can suddenly change their..."
2025-11-20T23:46:40.269552,Informed_Low,-2.0,2,158,0.7151898734177216,7.0,"1. In simple terms: When something changes suddenly because of a small change in conditions, it's ca..."
2025-11-20T23:47:24.294082,Informed_Low,-2.0,2,138,0.7318840579710145,7.0,"1. This means that some systems change suddenly when a certain value (R) reaches a limit (Θ), and ho..."
2025-11-20T23:48:29.463199,Informed_Low,-2.0,2,223,0.6860986547085202,5.0,"1. **Explanation in Simple Terms:**
   This means that some systems can suddenly change their behavi..."
2025-11-20T23:49:33.588159,Informed_Low,-2.0,2,191,0.7486910994764397,7.0,"1. In simple terms: When something changes suddenly rather than gradually, it's called a critical tr..."
2025-11-20T23:50:42.522821,Informed_Low,-2.0,2,142,0.7676056338028169,5.0,"1. Erklärung: Das bedeutet, dass in bestimmten Systemen passieren große Veränderungen, wenn eine bes..."
2025-11-20T23:52:02.831641,Informed_Low,-2.0,2,245,0.6326530612244898,5.0,"1. **Explanation:**
   - When a system (like a lake or an ecosystem) has a threshold, it can suddenl..."
2025-11-20T23:52:56.004676,Informed_Low,-2.0,2,173,0.7341040462427746,5.0,"1. **Explanation:**
   This statement is about threshold systems where something big happens when a ..."
2025-11-21T15:34:56.508078,Control,0.0,1,325,0.6061538461538462,5.0,"### Explanation in Simple Terms:

This statement describes a type of system where a small change can..."
2025-11-21T15:36:33.742162,Control,0.0,1,330,0.6181818181818182,8.0,"### Explanation in Simple Terms:
This statement is about how certain systems can change suddenly whe..."
2025-11-21T15:38:26.368069,Control,0.0,1,375,0.6026666666666667,9.0,"### Explanation in Simple Terms
Threshold systems are like a seesaw (or balance beam) where the stat..."
2025-11-21T15:40:13.191341,Control,0.0,1,340,0.6352941176470588,8.0,"### Explanation of the Statement:

1. **In Simple Terms:**
   - A ""threshold system"" is a type of sy..."
2025-11-21T15:41:51.496607,Control,0.0,1,326,0.656441717791411,9.0,"### Explanation in Simple Terms
This statement describes a phenomenon where changes occur suddenly w..."
2025-11-21T15:43:08.710953,Control,0.0,1,261,0.6628352490421456,8.0,"### Explanation in Simple Terms

This statement is about how certain systems can suddenly change beh..."
2025-11-21T15:44:45.588268,Control,0.0,1,330,0.6272727272727273,5.0,"### Explanation in Simple Terms:

Threshold systems are like a seesaw where the order parameter \( R..."
2025-11-21T15:46:22.224631,Control,0.0,1,102,0.7745098039215687,8.0,"### Explanation of the Statement in Simple Terms

This statement describes a concept where certain s..."
2025-11-21T15:47:57.786495,Control,0.0,1,282,0.6312056737588653,8.0,"### Explanation of the Statement in Simple Terms:
This statement is about how certain systems can su..."
2025-11-21T15:49:39.943064,Control,0.0,1,306,0.6503267973856209,8.0,"### Explanation in Simple Terms
Threshold systems are like a seesaw where the order parameter R (whi..."
2025-11-21T15:51:20.519418,Control,0.0,1,323,0.6253869969040248,9.0,"### Explanation:

1. **Simple Terms:**
   - Imagine a system like a population of animals or plants ..."
2025-11-21T15:52:58.527598,Control,0.0,1,300,0.65,8.0,"### Explanation of the Statement in Simple Terms:

This statement is about how certain systems can s..."
2025-11-21T15:54:35.852238,Control,0.0,1,308,0.6493506493506493,9.0,"### Explanation of the Statement:

1. **Simple Terms:**
   This statement is about how certain syste..."
2025-11-21T15:56:12.424953,Control,0.0,1,323,0.5975232198142415,5.0,"### Analysis of the Statement:

1. **Explanation in Simple Terms:**
   - Imagine a system (like wate..."
2025-11-21T15:58:09.990119,Control,0.0,1,392,0.6198979591836735,8.0,"### Explanation of the Statement in Simple Terms:

Imagine a system like a forest where trees can ei..."
2025-11-21T16:00:01.526656,Control,0.0,1,363,0.6721763085399449,8.0,"### Explanation in Simple Terms
Imagine a system (like water heating up) where small changes don't m..."
2025-11-21T16:01:50.406856,Control,0.0,1,359,0.596100278551532,9.0,"### Explanation of the Statement:

1. **Simple Terms:**
   - Imagine a system (like a river or a gro..."
2025-11-21T16:03:40.556718,Control,0.0,1,357,0.6218487394957983,8.0,"### Explanation of the Statement:

1. **Simple Explanation:**
   - Imagine a system where something ..."
2025-11-21T16:05:02.015659,Control,0.0,1,269,0.6877323420074349,8.0,"### Explanation of the Statement in Simple Terms

This statement describes a concept observed in var..."
2025-11-21T16:06:46.060956,Control,0.0,1,249,0.6907630522088354,8.0,"### Explanation in Simple Terms

This statement describes a phenomenon where certain systems undergo..."
2025-11-21T16:08:03.592817,Control,0.0,1,237,0.7426160337552743,8.0,"### Explanation in Simple Terms
Imagine a system, like a lake slowly receiving more water (R) over t..."
2025-11-21T16:09:25.461912,Control,0.0,1,253,0.6996047430830039,9.0,"### Explanation of the Statement:

1. **Simple Terms:**
   - A ""threshold system"" is a type of syste..."
2025-11-21T16:10:49.932132,Control,0.0,1,300,0.5933333333333334,5.0,"### Explanation in Simple Terms

This statement is about how some systems can suddenly change their ..."
2025-11-21T16:12:09.949514,Control,0.0,1,237,0.6919831223628692,9.0,"### Explanation in Simple Terms:

This statement is about how systems can suddenly change from one s..."
2025-11-21T16:13:39.239286,Control,0.0,1,305,0.6491803278688525,5.0,"### Explanation in Simple Terms:

This statement is about how certain systems can suddenly change be..."
2025-11-21T16:15:07.001790,Control,0.0,1,237,0.6666666666666666,8.0,"### Explanation of the Statement in Simple Terms:

This statement is talking about how certain syste..."
2025-11-21T16:16:38.569724,Control,0.0,1,299,0.6153846153846154,8.0,"1. **Explanation in Simple Terms:**
   - Imagine a system where something changes suddenly when it r..."
2025-11-21T16:18:37.924833,Control,0.0,1,400,0.59,8.0,"### Explanation in Simple Terms
Threshold systems are like a seesaw where the order parameter \( R \..."
2025-11-21T16:20:07.994379,Control,0.0,1,250,0.64,9.0,"### Explanation of the Statement in Simple Terms:

This statement refers to how certain systems can ..."
2025-11-21T16:21:29.482597,Control,0.0,1,281,0.6334519572953736,5.0,"### Explanation in Simple Terms
This statement is talking about systems that can suddenly change the..."
2025-11-21T16:23:21.500506,Control,0.0,1,363,0.6253443526170799,8.0,"### Explanation in Simple Terms:
Imagine a system (like a forest or a weather pattern) where things ..."
2025-11-21T16:25:00.973605,Control,0.0,1,286,0.6118881118881119,8.0,"### Explanation in Simple Terms
Threshold systems are like a seesaw that tips dramatically when the ..."
2025-11-21T16:26:35.144691,Control,0.0,1,235,0.676595744680851,8.0,"### Explanation:

1. **Simple Terms:**
   - **Threshold Systems:** These are systems where a small c..."
2025-11-21T16:28:01.070684,Control,0.0,1,284,0.676056338028169,8.0,"### Explanation of the Statement in Simple Terms

The statement refers to a concept where certain sy..."
2025-11-21T16:29:33.819880,Control,0.0,1,305,0.6491803278688525,9.0,"### Explanation in Simple Terms:

Imagine a system like a water bottle—when it's almost full (a low ..."
2025-11-21T16:31:22.164320,Control,0.0,1,329,0.6170212765957447,8.0,"### Explanation in Simple Terms

This statement refers to a concept where certain systems or conditi..."
2025-11-21T16:33:01.593704,Control,0.0,1,305,0.6754098360655738,8.0,"### Explanation in Simple Terms
A threshold system is like a seesaw that tips when it reaches a cert..."
2025-11-21T16:34:55.163465,Control,0.0,1,368,0.6168478260869565,5.0,"### Explanation of the Statement in Simple Terms:

Imagine a system where something important happen..."
2025-11-21T16:36:38.903538,Control,0.0,1,341,0.6011730205278593,8.0,"### Explanation in Simple Terms:

This statement is about how some systems can suddenly change or ""s..."
2025-11-21T16:38:17.280280,Control,0.0,1,275,0.6145454545454545,8.0,"### Explanation of the Statement in Simple Terms:

This statement is about how systems can suddenly ..."
2025-11-21T16:39:46.425850,Control,0.0,1,294,0.6530612244897959,5.0,"### Explanation in Simple Terms
This statement describes a phenomenon seen in various fields like in..."
2025-11-21T16:41:28.030101,Control,0.0,1,309,0.6796116504854369,8.0,"### Explanation of the Statement in Simple Terms:

This statement is about how systems can suddenly ..."
2025-11-21T16:43:04.628474,Control,0.0,1,315,0.6444444444444445,8.0,"### Explanation in Simple Terms
Threshold systems are like a seesaw: when the weight on one side cro..."
2025-11-21T16:44:44.863030,Control,0.0,1,305,0.659016393442623,8.0,"### Explanation in Simple Terms

Threshold systems are like a seesaw where the balance is very sensi..."
2025-11-21T16:46:24.502574,Control,0.0,1,285,0.631578947368421,9.0,"### Explanation of the Statement:

1. **Simple Terms:**
   - A threshold system is one where a small..."
2025-11-21T16:48:06.598389,Control,0.0,1,272,0.6580882352941176,8.0,"### Explanation in Simple Terms

This statement is about how certain systems can suddenly change the..."
2025-11-21T16:52:00.580250,Control,0.0,1,360,0.5944444444444444,5.0,"### Explanation of the Statement:

1. **Explanation:**
   - A threshold system is a type of system w..."
2025-11-21T16:53:44.655258,Control,0.0,1,309,0.627831715210356,9.0,"### Explanation of the Statement

1. **Simple Terms:**
   - **Threshold Systems:** These are systems..."
2025-11-21T16:55:45.145428,Control,0.0,1,334,0.5808383233532934,9.0,"### Explanation of the Statement in Simple Terms

This statement describes how certain systems can u..."
2025-11-21T16:57:25.809294,Control,0.0,1,311,0.6463022508038585,8.0,"### Explanation in Simple Terms
Imagine you have a system that can exist in two states: ""off"" (like ..."
2025-11-21T17:01:21.312435,Control,0.0,1,364,0.6071428571428571,8.0,"### Explanation of the Statement:

1. **Simple Terms:**
   - Threshold systems are like a seesaw whe..."
2025-11-21T17:02:41.976821,Control,0.0,1,271,0.5904059040590406,8.0,"### Explanation in Simple Terms:
Threshold systems are like a seesaw where the order parameter R act..."
2025-11-21T17:04:15.601084,Control,0.0,1,306,0.6601307189542484,9.0,"### Explanation in Simple Terms:

This statement describes a phenomenon where certain systems (like ..."
2025-11-21T17:05:48.340320,Control,0.0,1,246,0.6260162601626016,8.0,"### Explanation in Simple Terms
This statement describes a type of system where sudden changes can o..."
2025-11-21T17:07:21.731829,Control,0.0,1,306,0.6405228758169934,5.0,"### Explanation in Simple Terms
This statement is about how certain systems can suddenly change thei..."
2025-11-21T17:09:21.173243,Control,0.0,1,389,0.5784061696658098,8.0,"### Explanation in Simple Terms:

This statement describes how certain systems can change very sudde..."
2025-11-21T17:11:02.350581,Control,0.0,1,304,0.6546052631578947,8.0,"### Explanation in Simple Terms
Imagine you have a system that changes its behavior suddenly when a ..."
2025-11-21T17:12:58.689033,Control,0.0,1,377,0.6286472148541115,8.0,"### Explanation in Simple Terms:

Imagine a system as something that changes behavior suddenly when ..."
2025-11-21T17:14:37.709927,Control,0.0,1,244,0.6516393442622951,8.0,"### Explanation of the Statement:

1. **Simple Terms:**
   - Imagine a system (like a lake or an eco..."
2025-11-21T17:16:07.601202,Control,0.0,1,232,0.5948275862068966,8.0,"### Explanation:

1. **Simple Terms:**
   - A ""threshold system"" is a model used to describe situati..."
2025-11-21T17:17:43.716947,Control,0.0,1,315,0.6349206349206349,5.0,"1. **Explanation in Simple Terms**:
   - Imagine a system (like a bridge or a forest) that is stable..."
2025-11-21T17:19:19.662305,Control,0.0,1,239,0.6485355648535565,8.0,"### Explanation in Simple Terms
This statement describes how certain systems can abruptly change the..."
2025-11-21T17:21:05.370068,Control,0.0,1,346,0.5404624277456648,8.0,"### Explanation in Simple Terms:

Threshold systems are like a seesaw. When the order parameter \( R..."
2025-11-21T17:22:44.531785,Control,0.0,1,297,0.6296296296296297,9.0,"### Explanation:

1. **Simple Terms:**
   - A threshold system is a type of system where the state o..."
2025-11-21T17:24:00.945423,Control,0.0,1,238,0.7226890756302521,9.0,"### Explanation of the Statement:

1. **Simple Terms**: Imagine a system (like weather patterns or e..."
2025-11-21T17:27:45.399745,Control,0.0,1,347,0.6512968299711815,8.0,"### Explanation in Simple Terms
This statement refers to a type of system where a significant change..."
2025-11-21T17:29:37.492332,Control,0.0,1,344,0.5930232558139535,8.0,"### Explanation of the Statement

1. **Simple Terms:**
   - Think of a threshold system as something..."
2025-11-21T17:31:22.837409,Control,0.0,1,336,0.625,5.0,"### Explanation of the Statement in Simple Terms:
This statement refers to a concept where certain s..."
2025-11-21T17:33:05.885448,Control,0.0,1,296,0.6317567567567568,8.0,"### Explanation of the Statement in Simple Terms
This statement describes how certain systems can su..."
2025-11-21T17:34:25.289235,Control,0.0,1,252,0.6746031746031746,8.0,"### Explanation in Simple Terms:

This statement is about how certain systems can change suddenly wh..."
2025-11-21T17:36:07.373356,Control,0.0,1,277,0.6642599277978339,5.0,"1. **Explanation in Simple Terms:**
   This statement refers to systems where a significant change o..."
2025-11-21T17:37:57.710719,Control,0.0,1,77,0.8441558441558441,8.0,"### Explanation in Simple Terms
This statement discusses how certain systems can suddenly change the..."
2025-11-21T17:39:22.858641,Control,0.0,1,270,0.6333333333333333,8.0,"### Explanation in Simple Terms:
Imagine a system like a lake where the water level can suddenly cha..."
2025-11-21T17:40:43.061140,Control,0.0,1,271,0.6863468634686347,9.0,"### Simple Explanation:

This statement describes how certain systems can suddenly change behavior w..."
2025-11-21T17:42:35.753942,Control,0.0,1,283,0.657243816254417,8.0,"### Explanation of the Statement in Simple Terms

In simple terms, a threshold system refers to situ..."
2025-11-21T17:44:27.207367,Control,0.0,1,351,0.6011396011396012,5.0,"### Explanation of the Statement:

1. **Explanation:**
   - In systems like those found in informati..."
2025-11-21T17:46:06.374326,Control,0.0,1,151,0.6291390728476821,8.0,"1. **Explanation in Simple Terms:**
   - Imagine a system where something changes dramatically when ..."
2025-11-21T17:47:46.225550,Control,0.0,1,281,0.6512455516014235,8.0,"### Explanation of the Statement

1. **Simple Terms:**
   - A ""threshold system"" refers to a situati..."
2025-11-21T17:49:18.259781,Control,0.0,1,300,0.6833333333333333,8.0,"### Explanation in Simple Terms
This statement refers to a type of system where there's a sudden cha..."
2025-11-21T17:51:04.729627,Control,0.0,1,361,0.6204986149584487,5.0,"### Explanation in Simple Terms:
Threshold systems are like a game where the rules change suddenly w..."
2025-11-21T17:52:44.966427,Control,0.0,1,251,0.701195219123506,8.0,"### Explanation of the Statement in Simple Terms:

This statement describes a phenomenon where syste..."
2025-11-21T17:54:42.895569,Control,0.0,1,339,0.6283185840707964,8.0,"### Explanation of the Statement

1. **Simple Terms**:
   - **Threshold Systems**: These are systems..."
2025-11-21T17:56:21.260795,Control,0.0,1,336,0.6160714285714286,8.0,"### Explanation in Simple Terms:

This statement describes how systems can suddenly change behavior ..."
2025-11-21T17:57:59.573442,Control,0.0,1,318,0.6352201257861635,9.0,"### Explanation of the Statement in Simple Terms

1. **What it Means:**
   - Imagine a system where ..."
2025-11-21T17:59:41.935439,Control,0.0,1,329,0.6139817629179332,8.0,"### Explanation in Simple Terms
This statement is about systems where a sudden change or ""critical t..."
2025-11-21T18:01:25.810198,Control,0.0,1,345,0.6289855072463768,8.0,"### Explanation in Simple Terms:

This statement refers to situations where a system's behavior sudd..."
2025-11-21T18:03:11.814037,Control,0.0,1,328,0.6585365853658537,9.0,"### Explanation of the Statement in Simple Terms

This statement describes a phenomenon where system..."
2025-11-21T18:07:07.102494,Control,0.0,1,368,0.6005434782608695,8.0,"### Explanation of the Statement in Simple Terms
This statement refers to systems where a small chan..."
2025-11-21T18:08:51.751207,Control,0.0,1,342,0.6403508771929824,8.0,"### Explanation of the Statement:

1. **Simple Explanation:**
   The statement describes how certain..."
2025-11-21T18:10:36.922274,Control,0.0,1,344,0.6104651162790697,8.0,"### Explanation in Simple Terms
This statement is about how certain systems can suddenly change thei..."
2025-11-21T18:12:22.522931,Control,0.0,1,330,0.5969696969696969,8.0,"### Explanation in Simple Terms
This statement is about how some systems can suddenly change behavio..."
2025-11-21T18:13:47.396940,Control,0.0,1,272,0.6801470588235294,9.0,"### Explanation of the Statement:

1. **Simple Terms:**
   This statement refers to systems that can..."
2025-11-21T18:15:37.711870,Control,0.0,1,352,0.6221590909090909,9.0,"### Explanation of the Statement

1. **Simple Terms:**
   - A threshold system is a type of system w..."
2025-11-21T18:17:25.415410,Control,0.0,1,358,0.6340782122905028,9.0,"### Explanation in Simple Terms:

This statement refers to a type of system where something changes ..."
2025-11-21T18:20:46.765962,Control,0.0,1,262,0.6641221374045801,8.0,"### Explanation of the Statement in Simple Terms

This statement is about how systems can suddenly c..."
2025-11-21T18:22:44.022404,Control,0.0,1,360,0.6166666666666667,9.0,"### Explanation of the Statement

1. **Simple Terms:**
   - Imagine a system where something changes..."
2025-11-21T18:24:07.819664,Control,0.0,1,271,0.6420664206642066,8.0,"### Explanation of the Statement in Simple Terms
The statement refers to a concept where systems can..."
2025-11-21T18:25:51.598919,Control,0.0,1,333,0.6306306306306306,9.0,"### Explanation of the Statement in Simple Terms:

This statement is about how certain systems can e..."
2025-11-21T18:27:40.363555,Control,0.0,1,357,0.6358543417366946,8.0,"### Explanation in Simple Terms
This statement refers to a type of system where something significan..."
2025-11-21T18:29:22.441687,Control,0.0,1,293,0.6723549488054608,8.0,"### Explanation of the Statement in Simple Terms:

This statement is about how systems can change dr..."
2025-11-21T18:31:03.550412,Control,0.0,1,299,0.6187290969899666,8.0,"### Explanation of the Statement
1. **Simple Terms:**
   - **Threshold Systems:** Imagine a system w..."
2025-11-21T18:34:44.917722,Control,0.0,1,336,0.6190476190476191,8.0,"### Explanation of the Statement in Simple Terms

The statement describes a phenomenon where systems..."
2025-11-21T18:36:26.314542,Control,0.0,1,329,0.6413373860182371,8.0,"### Explanation of the Statement in Simple Terms:

This statement describes how systems can suddenly..."
2025-11-21T18:38:20.059619,Control,0.0,1,330,0.6606060606060606,8.0,"### Explanation of the Statement:

1. **Simple Terms:**
   - A **threshold system** is a type of sys..."
2025-11-21T18:39:47.145824,Control,0.0,1,285,0.6421052631578947,8.0,"### Explanation in Simple Terms:

This statement refers to systems where the state of the system cha..."
2025-11-21T18:41:28.787526,Control,0.0,1,326,0.6411042944785276,8.0,"### Explanation of the Statement:

1. **Simple Terms:**
   - A ""threshold system"" is a dynamic syste..."
2025-11-21T18:43:00.980010,Control,0.0,1,107,0.7476635514018691,8.0,"### Explanation of the Statement:

1. **Simple Terms:**
   - A ""threshold system"" is a type of syste..."
2025-11-21T18:44:55.775561,Control,0.0,1,370,0.6216216216216216,8.0,"### Explanation of the Statement:

**1. Simple Terms:**
Imagine a system that changes its behavior s..."
2025-11-21T18:46:18.606408,Control,0.0,1,241,0.6846473029045643,8.0,"### Explanation in Simple Terms:

This statement is about how certain systems can suddenly change th..."
2025-11-21T18:48:12.426284,Control,0.0,1,318,0.5880503144654088,9.0,"### Explanation of the Statement:

1. **Simple Terms:**
   - A ""threshold system"" is a type of syste..."
2025-11-21T18:49:59.267265,Control,0.0,1,341,0.6334310850439883,9.0,"### Explanation of the Statement in Simple Terms

1. **Simple Explanation:**
   - Imagine a system w..."
2025-11-21T18:53:34.097842,Control,0.0,1,183,0.5846994535519126,8.0,"### Explanation of the Statement in Simple Terms:

This statement is about how certain systems can u..."
2025-11-21T18:54:59.899501,Control,0.0,1,260,0.6653846153846154,9.0,"### Explanation

1. **Simple Terms:**
   - A threshold system is like a tipping point where somethin..."
2025-11-21T18:58:49.184240,Control,0.0,1,340,0.6676470588235294,8.0,"### Explanation in Simple Terms
This statement discusses how certain systems, like those found in na..."
2025-11-21T19:00:28.292232,Control,0.0,1,317,0.6750788643533123,5.0,"### Explanation of the Statement:

1. **Simple Terms:**
   - Imagine a system where things change dr..."
2025-11-21T19:02:18.609860,Control,0.0,1,355,0.5943661971830986,8.0,"### Analysis of the Statement

#### 1. Explanation in Simple Terms:
Imagine a system where something..."
2025-11-21T19:04:06.610931,Control,0.0,1,344,0.6104651162790697,8.0,"### Explanation in Simple Terms:
Threshold systems are like a balance on the edge of tipping over. I..."
2025-11-21T19:05:56.153412,Control,0.0,1,332,0.5963855421686747,9.0,"### Explanation of the Statement:

1. **Simple Terms:**
   This statement describes a concept where ..."
2025-11-21T19:07:50.878434,Control,0.0,1,281,0.6512455516014235,8.0,"### Explanation in Simple Terms

This statement refers to a type of system where changes can occur s..."
2025-11-21T19:09:20.546706,Control,0.0,1,228,0.7017543859649122,9.0,"### Explanation of the Statement:

1. **Simple Terms:**
   - Imagine a system that suddenly changes ..."
2025-11-21T19:10:51.857245,Control,0.0,1,266,0.7142857142857143,8.0,"### Explanation in Simple Terms

This statement is about how certain systems can suddenly change the..."
2025-11-21T19:12:24.160463,Control,0.0,1,236,0.6991525423728814,8.0,"### Explanation in Simple Terms:

This statement is about how certain systems can suddenly change th..."
2025-11-21T19:14:01.079268,Control,0.0,1,264,0.678030303030303,9.0,"### Explanation of the Statement

1. **Simple Terms:**
   - A threshold system is a type of system w..."
2025-11-21T19:15:44.087700,Control,0.0,1,306,0.6764705882352942,8.0,"### Explanation in Simple Terms:
This statement describes how some systems change dramatically when ..."
2025-11-21T19:17:14.669982,Control,0.0,1,301,0.6578073089700996,9.0,"### Explanation in Simple Terms:
This statement is about how systems can suddenly change their behav..."
2025-11-21T19:19:02.788500,Control,0.0,1,361,0.628808864265928,9.0,"### Explanation in Simple Terms:

Threshold systems are like a seesaw where the position of the fulc..."
2025-11-21T19:20:31.630992,Control,0.0,1,279,0.6487455197132617,8.0,"### Explanation in Simple Terms
This statement is about how some systems can suddenly change their b..."
2025-11-21T19:22:13.478397,Control,0.0,1,337,0.6261127596439169,8.0,"### Explanation of the Statement in Simple Terms:

This statement describes how certain systems chan..."
2025-11-21T19:24:00.732701,Control,0.0,1,335,0.6567164179104478,8.0,"### Explanation of the Statement in Simple Terms
This statement is about systems where a sudden chan..."
2025-11-21T19:26:01.203889,Control,0.0,1,369,0.5880758807588076,8.0,"### Explanation of the Statement in Simple Terms:

The statement describes a concept found in thresh..."
2025-11-21T19:27:52.753928,Control,0.0,1,357,0.6190476190476191,8.0,"### Explanation of the Statement in Simple Terms

This statement refers to a concept known as a thre..."
2025-11-21T19:29:31.141589,Control,0.0,1,251,0.7131474103585658,8.0,"### Explanation in Simple Terms:

This statement refers to a concept where there's a sudden change o..."
2025-11-21T19:31:12.456595,Control,0.0,1,314,0.6592356687898089,8.0,"### Explanation of the Statement

1. **Simple Terms:**
   This statement is about how certain system..."
2025-11-21T19:32:46.170130,Control,0.0,1,306,0.6633986928104575,5.0,"1. **Explanation in Simple Terms:**
   - Threshold systems are like a seesaw where there's a point (..."
2025-11-21T19:38:31.644425,Control,0.0,1,351,0.6296296296296297,8.0,"### Explanation of the Statement in Simple Terms

The statement describes a concept where certain sy..."
2025-11-21T19:40:28.609610,Control,0.0,1,379,0.5989445910290238,8.0,"### Explanation in Simple Terms:

Imagine a system where something changes abruptly once it reaches ..."
2025-11-21T19:42:12.321093,Control,0.0,1,280,0.6142857142857143,8.0,"### Explanation of the Statement in Simple Terms:

Imagine a system that behaves differently dependi..."
2025-11-21T19:43:42.923254,Control,0.0,1,280,0.6678571428571428,8.0,"### Explanation in Simple Terms
This statement describes how some systems can suddenly change their ..."
2025-11-21T19:45:38.008695,Control,0.0,1,377,0.6180371352785146,8.0,"### Explanation in Simple Terms
This statement is about how certain systems can suddenly change thei..."
2025-11-21T19:49:30.786081,Control,0.0,1,364,0.6346153846153846,9.0,"### Explanation in Simple Terms:

Imagine you have a seesaw (or teeter-totter) that is balanced perf..."
2025-11-21T19:53:20.688933,Control,0.0,1,336,0.6398809523809523,8.0,"### Explanation of the Statement in Simple Terms:

This statement is talking about a phenomenon call..."
2025-11-21T19:54:59.705687,Control,0.0,1,313,0.6261980830670927,8.0,"### Simple Explanation of the Statement
This statement describes how certain systems can change thei..."
2025-11-21T19:56:21.005866,Control,0.0,1,244,0.6844262295081968,8.0,"### Explanation of the Statement in Simple Terms

This statement is about how certain systems can su..."
2025-11-21T19:57:58.903652,Control,0.0,1,323,0.6563467492260062,9.0,"### Explanation of the Statement in Simple Terms:

This statement is about how certain systems can c..."
2025-11-21T19:59:28.978066,Control,0.0,1,222,0.6576576576576577,8.0,"### Explanation of the Statement

1. **Simple Terms:**
   The statement is about how certain systems..."
2025-11-21T20:01:16.231622,Control,0.0,1,367,0.5940054495912807,9.0,"### Explanation of the Statement in Simple Terms:

This statement is about how certain systems under..."
2025-11-21T20:03:13.078921,Control,0.0,1,377,0.5888594164456233,9.0,"### Explanation of the Statement:

1. **In Simple Terms:**
   - A threshold system is a type of syst..."
2025-11-21T20:05:11.709708,Control,0.0,1,381,0.5905511811023622,8.0,"### Analysis of the Statement:

1. **Explanation in Simple Terms:**
   - Imagine a system where some..."
2025-11-21T20:06:49.022351,Control,0.0,1,292,0.6506849315068494,9.0,"### Explanation in Simple Terms:

A threshold system is like a seesaw where, when the weight on one ..."
2025-11-21T20:08:22.813975,Control,0.0,1,257,0.669260700389105,8.0,"### Explanation of the Statement:

**1. Simple Terms:**
Imagine a system where something changes dra..."
2025-11-21T20:10:06.909547,Control,0.0,1,121,0.7024793388429752,8.0,"### Explanation of the Statement in Simple Terms
This statement is about how certain systems can cha..."
2025-11-21T20:11:48.003391,Control,0.0,1,321,0.6386292834890965,8.0,"### Explanation for Simple Terms:

This statement refers to a type of system known as threshold syst..."
2025-11-21T20:13:11.338136,Control,0.0,1,252,0.6706349206349206,5.0,"### Explanation in Simple Terms:

This statement refers to a concept where something changes suddenl..."
2025-11-21T20:14:38.582955,Control,0.0,1,232,0.6551724137931034,8.0,"### Explanation of the Statement

1. **Simple Terms:**
   - Threshold systems are like a seesaw wher..."
2025-11-21T20:16:02.501470,Control,0.0,1,264,0.6590909090909091,9.0,"### Explanation of the Statement

1. **Explanation:**
   - This statement describes a concept called..."
2025-11-21T20:19:56.241407,Control,0.0,1,317,0.6466876971608833,8.0,"### Explanation of the Statement

1. **Explanation in Simple Terms:**
   - Imagine a system (like a ..."
2025-11-21T20:21:19.862163,Control,0.0,1,276,0.6557971014492754,9.0,"### Explanation in Simple Terms:

Imagine a system where something starts to change rapidly when a c..."
2025-11-21T20:22:55.265921,Control,0.0,1,314,0.6401273885350318,8.0,"### Explanation in Simple Terms:
Threshold systems are like a seesaw where the position of a person ..."
2025-11-21T20:24:23.781287,Control,0.0,1,279,0.6774193548387096,8.0,"### Explanation of the Statement

1. **Simple Terms**:
   - Imagine a system where something dramati..."
2025-11-21T20:26:06.485583,Control,0.0,1,342,0.5730994152046783,8.0,"### Explanation in Simple Terms:

This statement is about how certain systems can suddenly change th..."
2025-11-21T20:27:38.237218,Control,0.0,1,264,0.6515151515151515,9.0,"### Explanation in Simple Terms:

Threshold systems are like a seesaw where, when you add or remove ..."
2025-11-21T20:29:18.945112,Control,0.0,1,323,0.6501547987616099,8.0,"### Explanation in Simple Terms:

This statement is about systems where a sudden change happens when..."
2025-11-21T20:31:10.806048,Control,0.0,1,342,0.6111111111111112,8.0,"### Explanation of the Statement in Simple Terms
The statement describes how certain systems can cha..."
2025-11-21T20:32:35.532619,Control,0.0,1,247,0.6923076923076923,5.0,"**Explanation: Simple Terms**
Imagine a system where things change abruptly when certain conditions ..."
2025-11-21T20:34:32.903125,Control,0.0,1,366,0.5683060109289617,9.0,"### Explanation of the Statement in Simple Terms

This statement refers to how certain systems can u..."
2025-11-21T20:36:00.930671,Control,0.0,1,274,0.6715328467153284,8.0,"### Explanation in Simple Terms:
Imagine a system that changes dramatically when something specific ..."
2025-11-21T20:37:44.468083,Control,0.0,1,318,0.6572327044025157,8.0,"### Explanation of the Statement in Simple Terms

This statement is about how some systems can sudde..."
2025-11-21T20:39:20.091016,Control,0.0,1,290,0.7068965517241379,9.0,"### Explanation in Simple Terms:

This statement is about how systems can suddenly change behavior o..."
2025-11-21T20:40:48.153239,Control,0.0,1,277,0.6859205776173285,9.0,"### Explanation in Simple Terms
This statement refers to systems where a sudden change happens when ..."
2025-11-21T20:42:06.017155,Control,0.0,1,238,0.6638655462184874,8.0,"### Explanation of the Statement

1. **Simple Terms:**
   This statement is about how certain system..."
2025-11-21T20:43:49.175684,Control,0.0,1,316,0.6044303797468354,9.0,"### Explanation of the Statement (in Simple Terms)

**1. What This Means:**
Threshold systems are li..."
2025-11-21T20:45:37.118935,Control,0.0,1,344,0.6191860465116279,8.0,"### Explanation in Simple Terms:
Imagine a system where small changes don't make much difference, bu..."
2025-11-21T20:47:25.011002,Control,0.0,1,250,0.672,8.0,"### Explanation in Simple Terms:

This statement is about how certain systems can suddenly change be..."
2025-11-21T20:48:46.182162,Control,0.0,1,249,0.6867469879518072,8.0,"### Explanation in Simple Terms:

Threshold systems are like a seesaw where small changes can sudden..."
2025-11-21T20:50:43.168804,Control,0.0,1,312,0.6410256410256411,8.0,"### Explanation of the Statement in Simple Terms:

Imagine a system, like a bridge or the climate, w..."
2025-11-21T20:52:38.685098,Control,0.0,1,329,0.5714285714285714,8.0,"### Explanation of the Statement:

1. **In Simple Terms:**
   - A ""threshold system"" is a type of sy..."
2025-11-21T20:54:25.343834,Control,0.0,1,311,0.6559485530546624,8.0,"### Explanation of the Statement in Simple Terms:

This statement describes how certain systems (lik..."
2025-11-21T20:55:54.882174,Control,0.0,1,281,0.6868327402135231,8.0,"### Explanation
1. **Simple Terms:**
   - Imagine a system like a lake where the water level gradual..."
2025-11-21T20:57:27.280845,Control,0.0,1,228,0.6710526315789473,9.0,"### Explanation of the Statement:

1. **Simple Terms:**
   - A ""threshold system"" is a system where ..."
2025-11-21T20:59:10.079763,Control,0.0,1,315,0.653968253968254,7.0,"### Explanation in Simple Terms:
This statement describes how some systems can suddenly change their..."
2025-11-21T21:00:52.736658,Control,0.0,1,318,0.6477987421383647,9.0,"### Explanation of the Statement:

1. **Simple Terms:**
   - Threshold systems are like a seesaw (or..."
2025-11-21T21:02:36.064559,Control,0.0,1,335,0.6447761194029851,8.0,"### Explanation of the Statement:

1. **Simple Terms:**
   - A **threshold system** is a type of sys..."
2025-11-21T21:04:15.434984,Control,0.0,1,304,0.6381578947368421,8.0,"### Explanation of the Statement in Simple Terms:

This statement is about how certain systems can c..."
2025-11-21T21:05:34.836552,Control,0.0,1,239,0.7112970711297071,8.0,"### Explanation of the Statement

1. **Simple Terms**: Imagine a system where something changes dram..."
2025-11-21T21:07:21.588656,Control,0.0,1,339,0.640117994100295,8.0,"### Explanation in Simple Terms
Imagine a system (like a lake) where something important happens whe..."
2025-11-21T21:09:02.803893,Control,0.0,1,303,0.6567656765676567,9.0,"### Explanation of the Statement in Simple Terms:
This statement refers to how certain systems can s..."
2025-11-21T21:10:35.716263,Control,0.0,1,226,0.7079646017699115,8.0,"### Explanation of the Statement in Simple Terms:

This statement is talking about how certain syste..."
2025-11-21T21:12:28.137463,Control,0.0,1,369,0.5907859078590786,8.0,"### Explanation in Simple Terms:

Threshold systems are like a seesaw where the balance (order param..."
2025-11-21T21:16:00.333546,Control,0.0,1,289,0.6124567474048442,9.0,"### Explanation of the Statement:

1. **In Simple Terms:**
   - Threshold systems are like a tipping..."
2025-11-21T21:17:51.314733,Control,0.0,1,351,0.6524216524216524,5.0,"### Explanation of the Statement in Simple Terms:

This statement describes a phenomenon where syste..."
2025-11-21T21:19:52.033151,Control,0.0,1,394,0.6142131979695431,8.0,"### Explanation in Simple Terms
This statement is about systems where a sudden change happens when c..."
2025-11-21T21:21:36.315421,Control,0.0,1,340,0.6,8.0,"1. **Explanation in Simple Terms:**
   This statement refers to a concept where systems can suddenly..."
2025-11-21T21:23:12.805798,Control,0.0,1,319,0.64576802507837,8.0,"### Explanation in Simple Terms:

Threshold systems are like a seesaw where a small change can make ..."
2025-11-21T21:25:07.856619,Control,0.0,1,365,0.663013698630137,8.0,"### Explanation in Simple Terms
This statement is about how systems behave when they reach a certain..."
2025-11-21T21:26:51.455061,Control,0.0,1,351,0.6267806267806267,5.0,"### Explanation in Simple Terms
This statement describes how certain systems can change dramatically..."
2025-11-21T21:28:49.093939,Control,0.0,1,379,0.604221635883905,8.0,"### Explanation in Simple Terms:

This statement describes how some systems can suddenly change thei..."
2025-11-21T21:30:30.452734,Control,0.0,1,339,0.6194690265486725,8.0,"### Explanation in Simple Terms:

This statement refers to a type of system where significant change..."
2025-11-21T21:32:04.163077,Control,0.0,1,308,0.6363636363636364,8.0,"### Explanation of the Statement:

1. **Simple Terms:**
   This statement describes how systems can ..."
2025-11-21T21:33:35.741734,Control,0.0,1,302,0.6655629139072847,5.0,"### Explanation of the Statement:

1. **Simple Terms:**
   - Threshold systems are like a tipping po..."
2025-11-21T21:35:03.713339,Control,0.0,1,281,0.6405693950177936,9.0,"### Explanation of the Statement in Simple Terms:

This statement describes a concept where certain ..."
2025-11-21T21:36:41.712147,Control,0.0,1,310,0.6258064516129033,5.0,"### Analysis of the Statement

#### 1. Explanation in Simple Terms:
Threshold systems are like a see..."
2025-11-21T21:38:39.031736,Control,0.0,1,384,0.5546875,8.0,"### Explanation in Simple Terms
Imagine a system where certain conditions (like temperature or food ..."
2025-11-21T21:40:38.680641,Control,0.0,1,404,0.5816831683168316,8.0,"### Explanation in Simple Terms
A threshold system is one where a small change in certain conditions..."
2025-11-21T21:42:02.875168,Control,0.0,1,258,0.7015503875968992,9.0,"### Explanation in Simple Terms:
This statement describes a concept where systems can abruptly chang..."
2025-11-21T21:43:28.605245,Control,0.0,1,283,0.6289752650176679,9.0,"### Explanation of the Statement in Simple Terms
This statement describes how some systems can sudde..."
2025-11-21T21:44:59.722903,Control,0.0,1,291,0.6529209621993127,8.0,"### Explanation

1. **Simple Terms:**
   - A **threshold system** is a type of system where small ch..."
2025-11-21T21:46:38.927521,Control,0.0,1,328,0.6310975609756098,8.0,"### Explanation of the Statement in Simple Terms
Imagine a system that behaves differently based on ..."
2025-11-21T21:48:21.342061,Control,0.0,1,342,0.6432748538011696,8.0,"### Explanation in Simple Terms
This statement is about how certain systems can suddenly change thei..."
2025-11-21T21:50:05.143104,Control,0.0,1,315,0.6571428571428571,9.0,"### Explanation of the Statement:

1. **In Simple Terms:**
   - Imagine a system (like a weather pat..."
2025-11-21T21:51:31.533981,Control,0.0,1,210,0.6666666666666666,8.0,"### Explanation in Simple Terms
Threshold systems are like a seesaw where small changes can suddenly..."
2025-11-21T21:53:29.527140,Control,0.0,1,372,0.5940860215053764,8.0,"### Explanation of the Statement in Simple Terms

This statement is about how systems can suddenly c..."
2025-11-21T21:55:20.422988,Control,0.0,1,365,0.6273972602739726,9.0,"### Explanation in Simple Terms:

Imagine a system is like a ball on a hill. The height of the ball ..."
2025-11-21T21:57:03.012249,Control,0.0,1,333,0.5495495495495496,8.0,"### Explanation in Simple Terms
Imagine a system where something suddenly changes when it reaches a ..."
2025-11-21T21:58:49.050020,Control,0.0,1,358,0.6005586592178771,8.0,"### Explanation in Simple Terms:

Imagine a system like a glass of water on a table (this is our thr..."
2025-11-21T22:00:31.761038,Control,0.0,1,348,0.6005747126436781,8.0,"### Explanation of the Statement in Simple Terms
The statement refers to a type of system where ther..."
2025-11-21T22:02:12.680864,Control,0.0,1,334,0.6497005988023952,8.0,"### Explanation of the Statement:

1. **Simple Terms:**
   - A *threshold system* is a type of proce..."
2025-11-21T22:03:57.740004,Control,0.0,1,356,0.5814606741573034,9.0,"### Explanation of the Statement

1. **Simple Terms:**
   - Imagine a system (like a weather pattern..."
2025-11-21T22:05:39.334370,Control,0.0,1,325,0.6061538461538462,9.0,"### Explanation of the Statement in Simple Terms
The statement describes how certain systems change ..."
2025-11-21T22:07:20.669964,Control,0.0,1,334,0.6347305389221557,8.0,"### Explanation of the Statement:

1. **Explanation:**
   - A threshold system is a type of system w..."
2025-11-21T22:08:57.778896,Control,0.0,1,300,0.6466666666666666,9.0,"### Explanation of the Statement:

1. **In Simple Terms:**
   - A threshold system is like a switch ..."
2025-11-21T22:10:25.433128,Control,0.0,1,282,0.6595744680851063,9.0,"### Explanation of the Statement:

1. **What It Means in Simple Terms:**
   - Imagine a system (like..."
2025-11-21T22:11:55.304169,Control,0.0,1,278,0.6546762589928058,8.0,"### Explanation of the Statement

1. **Simple Terms:**
   - Threshold systems are like a tipping poi..."
2025-11-21T22:13:47.066789,Control,0.0,1,384,0.6041666666666666,9.0,"### Explanation of the Statement in Simple Terms:

This statement refers to how certain systems can ..."
2025-11-21T22:15:37.475702,Control,0.0,1,364,0.6346153846153846,5.0,"### Explanation of the Statement:

1. **In Simple Terms:**
   - A threshold system is a type of syst..."
2025-11-21T22:17:07.550315,Control,0.0,1,240,0.6875,9.0,"### Explanation in Simple Terms
Imagine a system where everything is stable—like a ball sitting at t..."
2025-11-21T22:18:44.568217,Control,0.0,1,306,0.6633986928104575,8.0,"### Explanation in Simple Terms
Imagine a threshold system as something that changes suddenly when i..."
2025-11-21T22:20:25.439720,Control,0.0,1,333,0.5795795795795796,8.0,"### Explanation:

1. **Simple Terms:**
   - A threshold system is a type of system where changes in ..."
2025-11-21T22:21:56.188808,Control,0.0,1,302,0.6390728476821192,8.0,"### Explanation of the Statement in Simple Terms:

This statement is about how certain systems can s..."
2025-11-21T22:23:44.569853,Control,0.0,1,328,0.5853658536585366,8.0,"### Explanation in Simple Terms
This statement refers to a type of system where sudden changes occur..."
2025-11-21T22:25:43.225254,Control,0.0,1,397,0.6045340050377834,8.0,"### Explanation in Simple Terms:

Threshold systems are like a seesaw: it remains balanced until a c..."
2025-11-21T22:27:09.303898,Control,0.0,1,270,0.6666666666666666,8.0,"### Explanation of the Statement in Simple Terms

This statement is about how certain systems can ab..."
2025-11-21T22:29:01.269490,Control,0.0,1,356,0.6151685393258427,5.0,"### Explanation of the Statement in Simple Terms:

Threshold systems are like a tipping point where ..."
2025-11-21T22:30:40.116529,Control,0.0,1,343,0.6763848396501457,5.0,"### Explanation of the Statement in Simple Terms:

This statement is about how certain systems chang..."
2025-11-21T22:32:07.447621,Control,0.0,1,285,0.624561403508772,9.0,"### Explanation in Simple Terms:

Imagine a system where things remain stable until a certain point ..."
2025-11-21T22:33:34.670048,Control,0.0,1,250,0.672,8.0,"### Explanation of the Statement in Simple Terms
This statement is about how certain systems can cha..."
2025-11-21T22:35:17.769947,Control,0.0,1,336,0.6369047619047619,8.0,"### Simple Explanation:
This statement describes how certain systems can suddenly change their behav..."
2025-11-21T22:36:55.528352,Control,0.0,1,296,0.6587837837837838,8.0,"### Explanation of the Statement

1. **Simple Terms:**
   This statement is about how certain system..."
2025-11-21T22:38:16.096331,Control,0.0,1,256,0.703125,5.0,"**Explanation:**
This statement refers to how threshold systems operate in various fields like infor..."
2025-11-21T22:40:10.442659,Control,0.0,1,360,0.6138888888888889,8.0,"### Explanation of the Statement:

1. **Simple Terms:**
   - A ""threshold system"" is a type of syste..."
2025-11-21T22:41:49.459160,Control,0.0,1,328,0.6432926829268293,8.0,"### Explanation of the Statement in Simple Terms:

Imagine a system like a forest where trees grow a..."
2025-11-21T22:43:35.792225,Control,0.0,1,358,0.6089385474860335,8.0,"### Explanation of the Statement in Simple Terms:

This statement is about how certain systems can s..."
2025-11-21T22:44:59.189822,Control,0.0,1,255,0.6392156862745098,8.0,"### Explanation:

1. **Simple Terms:**
   - A threshold system is a type of system where small chang..."
2025-11-21T22:46:36.399963,Control,0.0,1,336,0.6011904761904762,9.0,"### Explanation of the Statement in Simple Terms

This statement is about how certain systems can su..."
2025-11-21T22:48:28.141267,Control,0.0,1,371,0.6145552560646901,8.0,"### Explanation of the Statement in Simple Terms

This statement is about how certain systems can su..."
2025-11-21T22:50:11.295890,Control,0.0,1,349,0.6848137535816619,8.0,"### Explanation of the Statement in Simple Terms

The statement describes a concept where certain sy..."
2025-11-21T22:52:06.852951,Control,0.0,1,380,0.65,8.0,"### Explanation of the Statement in Simple Terms:

This statement describes a phenomenon where syste..."
2025-11-21T22:53:31.300109,Control,0.0,1,284,0.6654929577464789,5.0,"1. **Explanation in Simple Terms:**
   - Imagine a system where everything is calm until suddenly it..."
2025-11-21T22:56:59.260699,Control,0.0,1,229,0.7161572052401747,8.0,"### Explanation of the Statement in Simple Terms
This statement is about how certain systems can und..."
2025-11-21T22:58:33.319380,Control,0.0,1,325,0.6523076923076923,8.0,"### Explanation in Simple Terms:

Imagine a system where behavior changes dramatically at a certain ..."
2025-11-21T23:00:13.904940,Control,0.0,1,340,0.6176470588235294,8.0,"### Explanation in Simple Terms
This statement refers to how certain systems can suddenly change the..."
2025-11-21T23:01:59.671984,Control,0.0,1,361,0.5872576177285319,8.0,"### Explanation of the Statement in Simple Terms:

This statement is about how certain systems can s..."
2025-11-21T23:03:41.311659,Control,0.0,1,334,0.688622754491018,9.0,"### Explanation in Simple Terms
Imagine a system where small changes can suddenly cause a big shift—..."
2025-11-21T23:05:14.372268,Control,0.0,1,285,0.6807017543859649,8.0,"### Explanation in Simple Terms
This statement refers to how some systems can suddenly change their ..."
2025-11-21T23:08:44.223614,Control,0.0,1,302,0.6125827814569537,9.0,"### Explanation in Simple Terms:

This statement is about a phenomenon where systems can suddenly ch..."
2025-11-21T23:10:41.558176,Control,0.0,1,346,0.5664739884393064,8.0,"### Explanation in Simple Terms

This statement refers to a type of system where small changes can l..."
2025-11-21T23:12:12.206056,Control,0.0,1,296,0.6081081081081081,9.0,"### Explanation of the Statement in Simple Terms:

1. **Explanation:**
   - Imagine a system where t..."
2025-11-21T23:13:53.891934,Control,0.0,1,336,0.6339285714285714,8.0,"### Explanation of the Statement:

1. **Simple Terms:**
   - A threshold system is one where a sudde..."
2025-11-21T23:15:22.079964,Control,0.0,1,306,0.6699346405228758,8.0,"### Explanation of the Statement in Simple Terms:

This statement is about how certain systems can u..."
2025-11-21T23:16:59.059276,Control,0.0,1,344,0.6046511627906976,5.0,"### Explanation in Simple Terms

This statement is about how systems can suddenly change their behav..."
2025-11-21T23:18:49.013654,Control,0.0,1,378,0.5873015873015873,5.0,"### Explanation in Simple Terms:

This statement is about how some systems change suddenly when they..."
2025-11-21T23:20:10.399096,Control,0.0,1,264,0.6515151515151515,8.0,"### Explanation in Simple Terms
This statement is about how some systems can suddenly change their b..."
2025-11-21T23:21:59.000525,Control,0.0,1,366,0.5792349726775956,8.0,"### Explanation of the Statement in Simple Terms:

This statement is about how some systems can sudd..."
2025-11-21T23:23:45.406846,Control,0.0,1,346,0.6271676300578035,9.0,"### Explanation of the Statement in Simple Terms:

This statement describes how certain systems can ..."
2025-11-21T23:25:15.216541,Control,0.0,1,308,0.6298701298701299,9.0,"### Explanation in Simple Terms

This statement refers to how certain systems can suddenly change th..."
2025-11-21T23:26:55.358873,Control,0.0,1,265,0.6641509433962264,8.0,"### Explanation of the Statement in Simple Terms:

This statement describes how certain systems can ..."
2025-11-21T23:28:15.317558,Control,0.0,1,259,0.6293436293436293,5.0,"### Analysis of the Statement

#### 1. Explanation in Simple Terms:
This statement describes a pheno..."
2025-11-21T23:29:40.242460,Control,0.0,1,297,0.6195286195286195,8.0,"### Explanation of the Statement in Simple Terms:

This statement refers to systems where behavior d..."
2025-11-21T23:31:26.580572,Control,0.0,1,356,0.6207865168539326,9.0,"### Explanation of the Statement:

1. **Simple Terms:**
   - A **threshold system** is a type of sys..."
2025-11-21T23:33:04.106727,Control,0.0,1,335,0.6388059701492538,5.0,"### Explanation in Simple Terms:

Imagine a system where small changes can suddenly cause the entire..."
2025-11-21T23:35:01.366401,Control,0.0,1,401,0.5860349127182045,8.0,"### Explanation in Simple Terms:

1. **Explanation**:
   - Think of a threshold system as something ..."
2025-11-21T23:36:27.625631,Control,0.0,1,219,0.6940639269406392,8.0,"### Explanation in Simple Terms:

Threshold systems are like a seesaw where the balance point (thres..."
2025-11-21T23:38:03.006412,Control,0.0,1,322,0.593167701863354,8.0,"### Explanation in Simple Terms
This statement describes how certain systems can undergo sudden chan..."
2025-11-21T23:39:56.576444,Control,0.0,1,338,0.6568047337278107,9.0,"### Explanation of the Statement

1. **Simple Terms:**
   - **Threshold Systems:** Imagine a system ..."
2025-11-21T23:41:37.286488,Control,0.0,1,311,0.6270096463022508,8.0,"### Explanation in Simple Terms
This statement describes a phenomenon where systems can suddenly cha..."
2025-11-21T23:45:29.631193,Control,0.0,1,311,0.639871382636656,8.0,"### Explanation in Simple Terms

This statement is about how certain systems can suddenly change the..."
2025-11-21T23:47:00.908640,Control,0.0,1,249,0.678714859437751,8.0,"### Explanation of the Statement:

1. **Simple Terms:**
   - A threshold system is like a switch or ..."
2025-11-21T23:48:39.073453,Control,0.0,1,313,0.65814696485623,9.0,"### Explanation in Simple Terms:

Imagine a system like a lake where fish live. This lake can suppor..."
2025-11-21T23:50:33.649890,Control,0.0,1,341,0.6539589442815249,8.0,"### Explanation of the Statement in Simple Terms:

This statement describes a phenomenon where syste..."
2025-11-21T23:52:20.964957,Control,0.0,1,335,0.6029850746268657,8.0,"### Explanation of the Statement:

1. **Simple Terms:**
   - A ""threshold system"" is a type of syste..."
2025-11-21T23:53:46.913052,Control,0.0,1,259,0.667953667953668,8.0,"### Explanation in Simple Terms:

Threshold systems are like a seesaw where the balance point (the ""..."
2025-11-21T23:55:45.479839,Control,0.0,1,367,0.5967302452316077,9.0,"### Explanation in Simple Terms:

This statement describes how certain systems can suddenly change b..."
2025-11-21T23:57:24.714971,Control,0.0,1,326,0.6503067484662577,8.0,"### Explanation of the Statement in Simple Terms:

This statement is about how certain systems can s..."
2025-11-22T00:03:14.509290,Control,0.0,1,344,0.6308139534883721,8.0,"### Explanation in Simple Terms
This statement is about how certain systems can suddenly change thei..."
2025-11-22T00:06:52.524600,Control,0.0,1,281,0.6441281138790036,8.0,"### Explanation in Simple Terms
Imagine a system that changes behavior suddenly when something impor..."
2025-11-22T00:08:47.874995,Control,0.0,1,401,0.6159600997506235,8.0,"### Explanation in Simple Terms:

This statement is about systems where something changes suddenly w..."
2025-11-22T00:10:46.192092,Control,0.0,1,405,0.5777777777777777,8.0,"### Explanation in Simple Terms
This statement is about a special kind of system where there's a sud..."
2025-11-22T00:12:16.213744,Control,0.0,1,241,0.7136929460580913,9.0,"### Explanation of the Statement:

1. **Simple Terms:**
   - Think of a threshold system as a model ..."
2025-11-22T00:13:58.734690,Control,0.0,1,294,0.6156462585034014,5.0,"### Explanation of the Statement:

1. **Simple Terms:**
   - A ""threshold system"" is a type of syste..."
2025-11-22T00:15:28.388557,Control,0.0,1,295,0.6644067796610169,8.0,"### Explanation in Simple Terms
Imagine a system where something changes suddenly when a certain con..."
2025-11-22T00:16:50.730530,Control,0.0,1,274,0.6715328467153284,9.0,"### Explanation of the Statement

1. **Simple Terms:**
   This statement is about how certain system..."
2025-11-22T00:18:24.929701,Control,0.0,1,295,0.6508474576271186,5.0,"1. **Explanation in Simple Terms:**
   - Imagine a system (like the weather or a biological ecosyste..."
2025-11-22T00:20:24.148147,Control,0.0,1,359,0.6016713091922006,9.0,"### Explanation in Simple Terms
Imagine a system that changes behavior suddenly when something reach..."
2025-11-22T00:23:51.719153,Control,0.0,1,269,0.6840148698884758,8.0,"### Explanation in Simple Terms:

Imagine a system where something happens only when a certain level..."
2025-11-22T00:27:40.364191,Control,0.0,1,264,0.6439393939393939,8.0,"### Explanation in Simple Terms
This statement describes a concept where systems can suddenly change..."
2025-11-22T00:29:08.241182,Control,0.0,1,237,0.6877637130801688,8.0,"### Explanation of the Statement:

1. **Simple Terms:**
   - Imagine a system where something change..."
2025-11-22T00:30:39.943476,Control,0.0,1,284,0.6056338028169014,9.0,"### Explanation in Simple Terms
This statement describes how certain systems can suddenly change beh..."
2025-11-22T00:34:14.837806,Control,0.0,1,302,0.6986754966887417,8.0,"### Explanation of the Statement in Simple Terms

This statement describes a concept where systems g..."
2025-11-22T00:38:05.972401,Control,0.0,1,354,0.6638418079096046,8.0,"### Explanation in Simple Terms:

This statement is about how certain systems can suddenly change th..."
2025-11-22T00:39:40.790547,Control,0.0,1,317,0.6876971608832808,8.0,"### Explanation in Simple Terms:

Imagine a system where something changes dramatically when conditi..."
2025-11-22T00:41:19.313277,Control,0.0,1,328,0.6280487804878049,8.0,"### Explanation of the Statement in Simple Terms:

The statement describes a way certain systems can..."
2025-11-22T00:42:50.157251,Control,0.0,1,283,0.6501766784452296,8.0,"### Explanation in Simple Terms:

Threshold systems are like a seesaw where adding more weight on on..."
2025-11-22T00:44:04.272470,Control,0.0,1,245,0.6775510204081633,9.0,"### Explanation:

1. **Simple Terms:**
   - Threshold systems are like a seesaw where the position o..."
2025-11-22T00:45:43.563565,Control,0.0,1,302,0.6423841059602649,8.0,"### Explanation of the Statement:

1. **Simple Terms:**
   - Imagine a system (like water turning in..."
2025-11-22T00:47:28.973812,Control,0.0,1,354,0.6497175141242938,9.0,"### Explanation of the Statement in Simple Terms:

This statement describes how certain systems can ..."
2025-11-22T00:49:08.298746,Control,0.0,1,258,0.6627906976744186,8.0,"### Explanation in Simple Terms
This statement is about how certain systems can suddenly change thei..."
2025-11-22T00:50:55.792744,Control,0.0,1,345,0.6405797101449275,8.0,"### Explanation in Simple Terms:

This statement is about how some systems undergo sudden changes wh..."
2025-11-22T00:52:46.504515,Control,0.0,1,339,0.6489675516224189,8.0,"### Explanation of the Statement in Simple Terms:

This statement describes a concept where systems ..."
2025-11-22T00:54:30.300597,Control,0.0,1,350,0.5971428571428572,5.0,"1. **Explanation in Simple Terms:**
   - A threshold system is a type of system where changes happen..."
2025-11-22T00:56:04.073202,Control,0.0,1,308,0.6655844155844156,8.0,"### Explanation of the Statement in Simple Terms:

Threshold systems are like a tipping point or a s..."
2025-11-22T00:57:37.715639,Control,0.0,1,318,0.6194968553459119,5.0,"### Explanation in Simple Terms
This statement is about how certain systems can suddenly change thei..."
2025-11-22T00:59:06.441649,Control,0.0,1,235,0.6893617021276596,9.0,"### Explanation in Simple Terms
This statement refers to how certain systems change suddenly when th..."
2025-11-22T01:02:35.418112,Control,0.0,1,297,0.632996632996633,8.0,"### Explanation in Simple Terms
This statement refers to how certain systems can abruptly change the..."
2025-11-22T01:04:15.593841,Control,0.0,1,303,0.6336633663366337,8.0,"### Explanation in Simple Terms

This statement is about how systems can suddenly change their behav..."
2025-11-22T01:06:07.354420,Control,0.0,1,353,0.603399433427762,8.0,"### Explanation of the Statement:

1. **Simple Terms:**
   - A ""threshold system"" is a type of syste..."
2025-11-22T01:07:35.782687,Control,0.0,1,280,0.6035714285714285,8.0,"### Explanation in Simple Terms:

This statement is about how certain systems can suddenly change th..."
2025-11-22T01:09:09.757752,Control,0.0,1,309,0.6245954692556634,8.0,"### Explanation of the Statement:

**1. Simple Terms:**
Imagine a system where something significant..."
2025-11-22T01:10:34.699209,Control,0.0,1,288,0.6805555555555556,8.0,"### Explanation of the Statement in Simple Terms

This statement is talking about how certain system..."
2025-11-22T01:12:13.514287,Control,0.0,1,338,0.6094674556213018,8.0,"### Explanation in Simple Terms:

Threshold systems are like a seesaw where the position of a thresh..."
2025-11-22T01:13:59.362244,Control,0.0,1,333,0.6336336336336337,8.0,"### Explanation of the Statement:

1. **Simple Terms:**
   This statement describes how certain syst..."
2025-11-22T01:15:50.206727,Control,0.0,1,363,0.6170798898071626,9.0,"### Explanation of the Statement:

1. **Simple Terms:**
   - A ""threshold system"" is a type of syste..."
2025-11-22T01:17:33.043599,Control,0.0,1,296,0.6587837837837838,8.0,"### Explanation of the Statement:

1. **Simple Terms:**
   - A ""threshold system"" refers to a situat..."
2025-11-22T01:19:00.690966,Control,0.0,1,267,0.6404494382022472,8.0,"1. **Explanation in Simple Terms:**
   - Imagine a system where something suddenly changes when it r..."
2025-11-22T01:20:27.952738,Control,0.0,1,287,0.6794425087108014,9.0,"### Explanation of the Statement:

1. **Simple Terms:**
   - Imagine a system that can be in two sta..."
2025-11-22T01:24:05.864451,Control,0.0,1,314,0.6337579617834395,8.0,"### Explanation of the Statement in Simple Terms
This statement describes a type of system where a s..."
2025-11-22T01:25:48.364004,Control,0.0,1,333,0.6576576576576577,8.0,"### Explanation for Non-Experts

Threshold systems are like tipping points where small changes can l..."
2025-11-22T01:27:30.543564,Control,0.0,1,330,0.6181818181818182,8.0,"### Explanation in Simple Terms
This statement is about a type of system where something dramatic ca..."
2025-11-22T01:29:28.319152,Control,0.0,1,354,0.6271186440677966,8.0,"### Explanation of the Statement in Simple Terms

The statement describes a phenomenon called a ""thr..."
2025-11-22T01:31:23.483632,Control,0.0,1,341,0.6099706744868035,8.0,"### Explanation of the Statement:

1. **Simple Terms:**
   - A **threshold system** is a type of sys..."
2025-11-22T01:33:12.107188,Control,0.0,1,341,0.6011730205278593,9.0,"### Explanation of the Statement in Simple Terms:

This statement describes how some systems can sud..."
2025-11-22T01:38:56.589792,Control,0.0,1,256,0.671875,8.0,"### Explanation of the Statement

1. **Simple Terms:**
   Threshold systems are like a seesaw where ..."
2025-11-22T01:40:48.601409,Control,0.0,1,370,0.581081081081081,9.0,"### Explanation of the Statement in Simple Terms:

Threshold systems refer to situations where a sys..."
2025-11-22T01:42:31.398298,Control,0.0,1,303,0.6006600660066007,9.0,"### 1. Explanation in Simple Terms:
Imagine a system like a snowpack on a mountain slope. This syste..."
2025-11-22T01:44:07.800438,Control,0.0,1,324,0.6388888888888888,5.0,"### Explanation in Simple Terms
This statement describes how certain systems can change suddenly whe..."
2025-11-22T01:45:52.904741,Control,0.0,1,340,0.5794117647058824,8.0,"### Explanation of the Statement in Simple Terms

This statement describes a concept where certain s..."
2025-11-22T01:47:17.082596,Control,0.0,1,292,0.6883561643835616,8.0,"### Explanation in Simple Terms:

Imagine a system where everything is calm until a certain point, c..."
2025-11-22T01:48:43.072597,Control,0.0,1,283,0.7137809187279152,8.0,"### Explanation in Simple Terms
Imagine a system moving between two states based on a certain condit..."
2025-11-22T01:50:36.511433,Control,0.0,1,373,0.6005361930294906,9.0,"### Explanation of the Statement in Simple Terms

The statement describes how threshold systems, whi..."
2025-11-22T01:52:34.329260,Control,0.0,1,377,0.6127320954907162,5.0,"### Explanation of the Statement:

1. **Simple Terms:**
   - A *threshold system* is a type of syste..."
2025-11-22T01:54:23.270744,Control,0.0,1,349,0.6103151862464183,8.0,"### Explanation of the Statement:

1. **In Simple Terms:**
   - A ""threshold system"" is a type of sy..."
2025-11-22T01:55:49.401825,Control,0.0,1,269,0.6505576208178439,9.0,"### Explanation of the Statement in Simple Terms

This statement refers to how certain systems under..."
2025-11-22T01:57:41.725711,Control,0.0,1,332,0.6295180722891566,9.0,"### Explanation of the Statement:

1. **What It Means:**
   - A threshold system is a type of system..."
2025-11-22T02:01:32.349913,Control,0.0,1,311,0.6141479099678456,8.0,"### Explanation in Simple Terms
This statement is about how certain systems can change suddenly when..."
2025-11-22T02:03:04.598125,Control,0.0,1,275,0.6581818181818182,7.0,"### Explanation in Simple Terms

This statement is about threshold systems where something significa..."
2025-11-22T02:07:01.969321,Control,0.0,1,360,0.6333333333333333,8.0,"### Explanation of the Statement in Simple Terms:

This statement describes how certain systems can ..."
2025-11-22T02:12:57.172380,Control,0.0,1,240,0.6708333333333333,7.0,"### Explanation of the Statement in Simple Terms

The statement describes a concept where certain sy..."
2025-11-22T02:14:54.206759,Control,0.0,1,342,0.6198830409356725,8.0,"### Explanation of the Statement:

1. **Simple Terms:**
   - Imagine a system (like water) where it ..."
2025-11-22T02:18:35.280148,Control,0.0,1,303,0.6600660066006601,8.0,"### Explanation in Simple Terms:

Imagine a system like a snowfield on a mountain. Initially, it rem..."
2025-11-22T02:20:33.545090,Control,0.0,1,345,0.6434782608695652,5.0,"### Explanation of the Statement:

1. **Simple Terms:**
   - A **threshold system** is a type of sys..."
2025-11-22T02:22:32.460145,Control,0.0,1,335,0.6208955223880597,8.0,"### Explanation of the Statement:

1. **Simple Terms:**
   - Imagine a system where things change dr..."
2025-11-22T02:24:19.394400,Control,0.0,1,305,0.6688524590163935,8.0,"### Explanation of the Statement in Simple Terms:

This statement refers to how certain systems can ..."
2025-11-22T02:25:54.489458,Control,0.0,1,261,0.6168582375478927,8.0,"### Explanation in Simple Terms:

This statement describes how certain systems can suddenly change t..."
2025-11-22T02:27:29.989613,Control,0.0,1,263,0.7110266159695817,8.0,"### Explanation of the Statement

1. **Simple Terms**:
   Threshold systems are like a pot of water ..."
2025-11-22T02:29:09.512269,Control,0.0,1,296,0.6452702702702703,9.0,"### Explanation in Simple Terms

This statement is about a type of system where there's a sudden cha..."
2025-11-22T02:30:51.962594,Control,0.0,1,301,0.5980066445182725,9.0,"### Explanation of the Statement in Simple Terms:

This statement is about how systems can undergo s..."
2025-11-22T02:32:41.937509,Control,0.0,1,328,0.6097560975609756,8.0,"### Explanation in Simple Terms:

Imagine a system like a row of dominoes standing up. Normally, the..."
2025-11-22T02:34:41.901646,Control,0.0,1,383,0.608355091383812,7.0,"### Explanation of the Statement in Simple Terms:

Imagine a system like a forest where trees grow. ..."
2025-11-22T02:36:41.479143,Control,0.0,1,408,0.5931372549019608,8.0,"### Explanation of the Statement in Simple Terms

This statement is about how some systems can sudde..."
2025-11-22T02:38:36.381960,Control,0.0,1,361,0.6509695290858726,8.0,"### Explanation in Simple Terms:

This statement describes a phenomenon where certain systems can su..."
2025-11-22T02:40:28.578393,Control,0.0,1,355,0.6422535211267606,5.0,"### Explanation of the Statement:

1. **Simple Terms:**
   - Threshold systems are those where a sma..."
2025-11-22T02:42:05.332308,Control,0.0,1,288,0.6423611111111112,8.0,"### Explanation in Simple Terms
Threshold systems are like a seesaw where the position of the pivot ..."
2025-11-22T02:43:26.578774,Control,0.0,1,265,0.6754716981132075,9.0,"### Explanation of the Statement
1. **Simple Terms**: Imagine you have a system (like water turning ..."
2025-11-22T02:44:59.684566,Control,0.0,1,312,0.6602564102564102,9.0,"### Explanation of the Statement:

1. **Simple Terms**: Imagine a system where things change suddenl..."
2025-11-22T02:46:55.802598,Control,0.0,1,399,0.5964912280701754,8.0,"### Explanation in Simple Terms

Imagine a system that behaves one way under normal conditions but s..."
2025-11-22T02:48:54.190640,Control,0.0,1,395,0.6,8.0,"### Explanation of the Statement in Simple Terms

The statement describes a phenomenon observed in v..."
2025-11-22T02:50:35.490258,Control,0.0,1,354,0.6497175141242938,9.0,"### Explanation in Simple Terms
This statement is about how certain systems can suddenly change thei..."
2025-11-22T02:54:15.926476,Control,0.0,1,315,0.6,9.0,"### Explanation in Simple Terms:

This statement is about how systems can suddenly change their beha..."
2025-11-22T02:56:10.400896,Control,0.0,1,382,0.6492146596858639,8.0,"### Explanation in Simple Terms

This statement is about how certain systems change dramatically whe..."
2025-11-22T02:57:36.996011,Control,0.0,1,286,0.6328671328671329,8.0,"### Explanation of the Statement:

1. **Simple Terms:**
   - A threshold system is a type of system ..."
2025-11-22T02:59:02.566226,Control,0.0,1,286,0.6643356643356644,9.0,"### Explanation in Simple Terms
This statement describes how systems can change suddenly when a cert..."
2025-11-22T03:00:30.856189,Control,0.0,1,219,0.6757990867579908,8.0,"### Explanation of the Statement

1. **Simple Terms:**
   - Imagine a system (like water) where cert..."
2025-11-22T03:02:30.617216,Control,0.0,1,400,0.5575,9.0,"### Explanation of the Statement in Simple Terms

The statement describes a concept where certain sy..."
2025-11-22T03:04:14.455878,Control,0.0,1,253,0.6442687747035574,9.0,"### Explanation of the Statement:

1. **Explanation:**
   - **Threshold Systems:** Imagine a system ..."
2025-11-22T03:05:58.062902,Control,0.0,1,326,0.6134969325153374,8.0,"### Explanation of the Statement:

1. **In Simple Terms:**
   Threshold systems refer to situations ..."
2025-11-22T03:11:32.566112,Control,0.0,1,283,0.657243816254417,8.0,"### Explanation of the Statement:

1. **Simple Terms:**
   - Imagine a system where something change..."
2025-11-22T03:12:55.666699,Control,0.0,1,267,0.6779026217228464,9.0,"### Explanation of the Statement in Simple Terms:

Imagine a system (like a weather pattern or a pop..."
2025-11-22T03:14:34.818563,Control,0.0,1,315,0.6317460317460317,5.0,"### Explanation of the Statement in Simple Terms:

1. **Explanation:**
   - Imagine a system (like a..."
2025-11-22T03:16:00.794013,Control,0.0,1,287,0.6445993031358885,9.0,"### Explanation in Simple Terms:

This statement is about how certain systems can suddenly change th..."
2025-11-22T03:17:53.020060,Control,0.0,1,374,0.5909090909090909,9.0,"### Explanation in Simple Terms:

Imagine a system where something happens only when a certain condi..."
2025-11-22T03:19:36.607644,Control,0.0,1,289,0.6782006920415224,9.0,"### Explanation in Simple Terms
Imagine a system like traffic on a road. Normally, the flow of cars ..."
2025-11-22T03:21:06.282005,Control,0.0,1,297,0.6262626262626263,9.0,"### Explanation in Simple Terms
This statement is about how certain systems can suddenly change thei..."
2025-11-22T03:22:46.743116,Control,0.0,1,288,0.6388888888888888,8.0,"### Explanation of the Statement in Simple Terms:

This statement describes how systems can suddenly..."
2025-11-22T03:24:24.291669,Control,0.0,1,293,0.6313993174061433,9.0,"### Explanation of the Statement:

1. **Simple Terms:**
   - A ""threshold system"" is a type of syste..."
2025-11-22T03:25:56.222520,Control,0.0,1,306,0.6045751633986928,8.0,"### Explanation in Simple Terms
This statement is about how certain systems can suddenly change thei..."
2025-11-22T03:27:38.364477,Control,0.0,1,302,0.6026490066225165,8.0,"### Explanation of the Statement:

1. **Simple Terms:**
   - Imagine a system where something change..."
2025-11-22T03:29:38.262393,Control,0.0,1,362,0.638121546961326,8.0,"### Explanation of the Statement in Simple Terms

This statement describes how certain systems can s..."
2025-11-22T03:31:09.652318,Control,0.0,1,232,0.6379310344827587,9.0,"### Analysis of the Statement

1. **Explanation in Simple Terms:**
   This statement refers to a typ..."
2025-11-22T03:32:34.890308,Control,0.0,1,256,0.6796875,8.0,"### Explanation of the Statement in Simple Terms

The statement is about how certain systems can sho..."
2025-11-22T03:36:18.582447,Control,0.0,1,343,0.6122448979591837,5.0,"### Explanation of the Statement in Simple Terms:

This statement describes how certain systems can ..."
2025-11-22T03:40:05.738413,Control,0.0,1,353,0.5920679886685553,8.0,"### Explanation of the Statement:

1. **Simple Terms:**
   - A **threshold system** is a type of sys..."
2025-11-22T03:41:43.622234,Control,0.0,1,287,0.6376306620209059,8.0,"### Explanation of the Statement in Simple Terms:

This statement is about how some systems can sudd..."
2025-11-22T03:43:09.397213,Control,0.0,1,249,0.6706827309236948,8.0,"### Explanation of the Statement

1. **Simple Terms:**
   - A ""threshold system"" is a type of system..."
2025-11-22T03:44:44.095932,Control,0.0,1,290,0.6689655172413793,9.0,"### Explanation of the Statement:

1. **Simple Terms:**
   This statement describes a concept where ..."
2025-11-22T03:46:23.049313,Control,0.0,1,322,0.6366459627329193,8.0,"### Explanation in Simple Terms

This statement describes how threshold systems behave when they rea..."
2025-11-22T03:48:13.383545,Control,0.0,1,317,0.6435331230283912,8.0,"### Explanation in Simple Terms

This statement refers to a type of system called a ""threshold syste..."
2025-11-22T03:49:42.551649,Control,0.0,1,289,0.6920415224913494,9.0,"### Explanation in Simple Terms
In threshold systems, there's a specific point where a system underg..."
2025-11-22T03:51:10.838278,Control,0.0,1,291,0.6460481099656358,8.0,"### Explanation of the Statement in Simple Terms

This statement is about how certain systems can su..."
2025-11-22T03:52:27.474766,Control,0.0,1,245,0.6857142857142857,9.0,"### Explanation:
1. **Simple Terms:**
   - A ""threshold system"" is a type of system where the state ..."
2025-11-22T03:53:54.450033,Control,0.0,1,271,0.6937269372693727,8.0,"### Explanation in Simple Terms
This statement refers to how certain systems can suddenly change or ..."
2025-11-22T03:55:17.593118,Control,0.0,1,265,0.6943396226415094,5.0,"### Explanation in Simple Terms:

Imagine a system that behaves normally until it reaches a certain ..."
2025-11-22T03:57:00.816026,Control,0.0,1,332,0.6355421686746988,5.0,"### Explanation of the Statement in Simple Terms:

This statement refers to a type of system where s..."
2025-11-22T03:58:46.446921,Control,0.0,1,324,0.6388888888888888,9.0,"### Explanation of the Statement

1. **Simple Terms:**
   This statement describes how certain syste..."
2025-11-22T04:02:40.806054,Control,0.0,1,383,0.6240208877284595,9.0,"### Explanation in Simple Terms:

This statement is about how certain systems can suddenly change th..."
2025-11-22T04:04:38.601641,Control,0.0,1,392,0.5612244897959183,8.0,"### Explanation of the Statement in Simple Terms:

This statement is about how systems can change su..."
2025-11-22T04:06:27.241205,Control,0.0,1,367,0.6158038147138964,8.0,"### Explanation of the Statement in Simple Terms

This statement refers to how certain systems can s..."
2025-11-22T04:07:59.259939,Control,0.0,1,267,0.6928838951310862,8.0,"### Explanation in Simple Terms:
Imagine a snow-covered slope on a mountain. The slope is stable unt..."
2025-11-22T04:09:45.176008,Control,0.0,1,345,0.6028985507246377,9.0,"### Explanation in Simple Terms

This statement is about how certain systems can suddenly change the..."
2025-11-22T04:13:17.056507,Control,0.0,1,290,0.6413793103448275,5.0,"### Explanation of the Statement in Simple Terms:

This statement describes how some systems can und..."
2025-11-22T04:14:44.658438,Control,0.0,1,286,0.6818181818181818,8.0,"### Explanation in Simple Terms
This statement describes a phenomenon known as a threshold system wh..."
2025-11-22T04:16:25.121062,Control,0.0,1,328,0.6219512195121951,8.0,"### Explanation of the Statement in Simple Terms
This statement describes how certain systems can su..."
2025-11-22T04:18:04.931079,Control,0.0,1,329,0.6352583586626139,8.0,"### Explanation in Simple Terms

This statement refers to a type of system where changes can occur s..."
2025-11-22T04:19:29.793358,Control,0.0,1,282,0.6843971631205674,5.0,"### Explanation in Simple Terms
This statement refers to a type of system where sudden changes occur..."
2025-11-22T04:21:23.890853,Control,0.0,1,312,0.6057692307692307,9.0,"### Explanation in Simple Terms

This statement is about how certain systems can change dramatically..."
2025-11-22T04:22:58.272768,Control,0.0,1,243,0.6954732510288066,8.0,"### Explanation in Simple Terms
A threshold system is like a seesaw where the position of one person..."
2025-11-22T04:24:40.238383,Control,0.0,1,323,0.6687306501547987,8.0,"### Explanation in Simple Terms
This statement is about how some systems can suddenly change their b..."
2025-11-22T04:26:16.004271,Control,0.0,1,260,0.6538461538461539,8.0,"### Explanation in Simple Terms

This statement is about a type of system where something dramatic h..."
2025-11-22T04:27:54.150624,Control,0.0,1,325,0.6215384615384615,8.0,"### Explanation of the Statement in Simple Terms

This statement is about how some systems can sudde..."
2025-11-22T04:29:49.876943,Control,0.0,1,365,0.5780821917808219,8.0,"### Explanation of the Statement

1. **Explanation:**
   - A threshold system refers to situations w..."
2025-11-22T04:33:23.881602,Control,0.0,1,288,0.6319444444444444,9.0,"### Explanation of the Statement

1. **Simple Terms:**
   - A *threshold system* is a type of system..."
2025-11-22T04:35:04.548763,Control,0.0,1,317,0.6246056782334385,8.0,"### Explanation of the Statement in Simple Terms

The statement is about how some systems can sudden..."
2025-11-22T04:36:53.267205,Control,0.0,1,357,0.6246498599439776,8.0,"### Explanation in Simple Terms:

This statement is about a type of system (called a threshold syste..."
2025-11-22T04:38:29.353141,Control,0.0,1,304,0.6842105263157895,9.0,"### Explanation of the Statement:

1. **Explanation in Simple Terms:**
   - Imagine a system like a ..."
2025-11-22T04:40:01.526991,Control,0.0,1,297,0.6363636363636364,8.0,"### Explanation in Simple Terms:

Threshold systems are like a seesaw where things can suddenly chan..."
2025-11-22T04:41:29.237934,Control,0.0,1,276,0.644927536231884,7.0,"### Explanation of the Statement in Simple Terms

This statement is about how certain systems can su..."
2025-11-22T04:43:05.973620,Control,0.0,1,307,0.6449511400651465,8.0,"### Explanation in Simple Terms

This statement refers to a type of system called a threshold system..."
2025-11-22T04:44:31.604108,Control,0.0,1,281,0.6298932384341637,8.0,"### Explanation of the Statement in Simple Terms
This statement describes how systems can change dra..."
2025-11-22T04:46:10.616372,Control,0.0,1,307,0.6840390879478827,8.0,"### Explanation of the Statement in Simple Terms

This statement is about a type of system where the..."
2025-11-22T04:47:51.092158,Control,0.0,1,303,0.6435643564356436,8.0,"### Explanation of the Statement in Simple Terms
This statement describes a phenomenon where certain..."
2025-11-22T04:49:41.781316,Control,0.0,1,360,0.5944444444444444,8.0,"### Explanation for a Simple Understanding

This statement is about how certain systems change sudde..."
2025-11-22T04:55:37.967616,Control,0.0,1,359,0.6100278551532033,9.0,"### Explanation of the Statement

1. **Simple Terms:**
   - A **threshold system** is a type of syst..."
2025-11-22T04:57:22.574840,Control,0.0,1,302,0.6192052980132451,8.0,"### Explanation of the Statement in Simple Terms

This statement refers to how certain systems can u..."
2025-11-22T04:59:23.424736,Control,0.0,1,374,0.5909090909090909,8.0,"### Simple Explanation
Imagine a system where something changes abruptly when it reaches a certain p..."
2025-11-22T05:00:55.704771,Control,0.0,1,308,0.6071428571428571,8.0,"### Explanation of the Statement in Simple Terms:

This statement is talking about how certain syste..."
2025-11-22T05:04:23.642481,Control,0.0,1,282,0.6631205673758865,8.0,"### Explanation of the Statement in Simple Terms:

This statement describes how certain systems can ..."
2025-11-22T05:05:54.834186,Control,0.0,1,260,0.6807692307692308,8.0,"### Explanation of the Statement:

1. **In Simple Terms:**
   - Imagine a system where small changes..."
2025-11-22T05:07:44.382010,Control,0.0,1,347,0.6080691642651297,8.0,"### Explanation in Simple Terms:

A threshold system is like a seesaw that only tilts dramatically w..."
2025-11-22T05:09:36.168340,Control,0.0,1,368,0.6657608695652174,9.0,"### Explanation in Simple Terms

The statement describes a type of system where there's a sudden cha..."
2025-11-22T05:11:23.492450,Control,0.0,1,310,0.6580645161290323,8.0,"### Explanation in Simple Terms
This statement refers to a concept where systems can undergo sudden ..."
2025-11-22T05:13:01.716916,Control,0.0,1,283,0.6607773851590106,8.0,"### Explanation of the Statement:

1. **Simple Terms:**
   - Imagine a system (like a lake or a fore..."
2025-11-22T05:14:41.498260,Control,0.0,1,322,0.6242236024844721,9.0,"### Explanation of the Statement

1. **Explanation in Simple Terms:**
   - A threshold system is a t..."
2025-11-22T05:16:22.228272,Control,0.0,1,324,0.6141975308641975,9.0,"### Explanation of the Statement:

1. **Simple Terms:**
   - Think of a threshold system as somethin..."
2025-11-22T05:18:00.715684,Control,0.0,1,316,0.6835443037974683,8.0,"### Explanation of the Statement in Simple Terms:

This statement describes how certain systems can ..."
2025-11-22T05:19:30.151311,Control,0.0,1,248,0.6935483870967742,8.0,"### Explanation of the Statement in Simple Terms:

Imagine a system that can exist in two different ..."
2025-11-22T05:21:12.162149,Control,0.0,1,329,0.6413373860182371,7.0,"### Explanation for Simple Terms:

This statement is about systems where a sudden change or ""critica..."
2025-11-22T05:22:54.737061,Control,0.0,1,339,0.6253687315634219,9.0,"### Explanation of the Statement in Simple Terms
This statement describes how certain systems change..."
2025-11-22T05:24:35.958286,Control,0.0,1,338,0.650887573964497,8.0,"### Explanation in Simple Terms:

Threshold systems are like a seesaw where the balance point (thres..."
2025-11-22T05:26:17.271152,Control,0.0,1,331,0.6042296072507553,8.0,"### Explanation of the Statement in Simple Terms

This statement describes a concept where systems c..."
2025-11-22T05:28:03.955674,Control,0.0,1,320,0.61875,8.0,"### Explanation in Simple Terms
This statement is about systems that can suddenly change their behav..."
2025-11-22T05:31:29.570978,Control,0.0,1,279,0.6774193548387096,8.0,"### Explanation of the Statement

1. **Simple Terms**: Threshold systems are like a see-saw where if..."
2025-11-22T05:32:59.809420,Control,0.0,1,243,0.6872427983539094,9.0,"### Explanation in Simple Terms
This statement is about how certain systems can suddenly change thei..."
2025-11-22T05:34:58.424807,Control,0.0,1,387,0.6124031007751938,8.0,"### Explanation for a Layperson:

This statement is about how systems can suddenly change their beha..."
2025-11-22T05:36:29.176384,Control,0.0,1,204,0.7058823529411765,8.0,"### Analysis of the Statement:

1. **Explanation in Simple Terms:**
   This statement is about how c..."
2025-11-22T05:38:14.961581,Control,0.0,1,314,0.6242038216560509,8.0,"### Explanation of the Statement in Simple Terms
This statement is about how some systems can sudden..."
2025-11-22T05:39:56.582943,Control,0.0,1,322,0.6521739130434783,5.0,"### Analysis of the Statement:

1. **Explanation in Simple Terms:**
   - Imagine a system (like wate..."
2025-11-22T05:41:47.627461,Control,0.0,1,360,0.5833333333333334,8.0,"### Explanation in Simple Terms
Imagine a threshold system as something that changes abruptly when i..."
2025-11-22T05:47:39.721763,Control,0.0,1,348,0.6436781609195402,9.0,"### Explanation and Response:

1. **Simple Terms:**
   - A **threshold system** is like a tipping po..."
2025-11-22T05:49:29.356733,Control,0.0,1,344,0.6540697674418605,9.0,"### Analysis of the Statement:

1. **Explanation in Simple Terms:**
   This statement is about thres..."
2025-11-22T05:51:18.895071,Control,0.0,1,335,0.6358208955223881,9.0,"### Explanation of the Statement:

1. **Simple Terms:**
   - A ""threshold system"" refers to a situat..."
2025-11-22T05:52:58.847646,Control,0.0,1,324,0.6419753086419753,8.0,"### Explanation of the Statement in Simple Terms

This statement is about a type of system called ""t..."
2025-11-22T05:54:32.044963,Control,0.0,1,296,0.6452702702702703,8.0,"### Explanation of the Statement in Simple Terms

This statement is about how certain systems can ch..."
2025-11-22T05:56:00.053722,Control,0.0,1,259,0.6177606177606177,8.0,"### Explanation in Simple Terms
This statement is about how systems can suddenly change their behavi..."
2025-11-22T05:57:46.495855,Control,0.0,1,315,0.6444444444444445,8.0,"### Explanation of the Statement in Simple Terms

This statement refers to a phenomenon called ""thre..."
2025-11-22T05:59:30.988859,Control,0.0,1,354,0.6186440677966102,9.0,"### Explanation in Simple Terms

This statement refers to how certain systems can suddenly change th..."
2025-11-22T06:01:18.704680,Control,0.0,1,350,0.6085714285714285,9.0,"### Explanation of the Statement

1. **Simple Terms:**
   - A threshold system is a type of system w..."
2025-11-22T06:03:09.831687,Control,0.0,1,358,0.6201117318435754,8.0,"### Explanation in Simple Terms:

This statement is about how certain systems can change their behav..."
2025-11-22T06:04:49.034660,Control,0.0,1,271,0.6199261992619927,8.0,"### Explanation in Simple Terms
This statement describes a phenomenon where systems can suddenly cha..."
2025-11-22T06:06:35.509665,Control,0.0,1,349,0.6504297994269341,8.0,"### Explanation in Simple Terms:

Imagine a system where something changes dramatically when certain..."
2025-11-22T06:08:09.030238,Control,0.0,1,283,0.6643109540636042,8.0,"### Explanation in Simple Terms

This statement is about how some systems can suddenly change their ..."
2025-11-22T06:09:41.726999,Control,0.0,1,270,0.6444444444444445,8.0,"### Explanation in Simple Terms
This statement is about how certain systems can suddenly change thei..."
2025-11-22T06:11:14.990157,Control,0.0,1,305,0.6655737704918033,9.0,"### Explanation of the Statement:

1. **Simple Terms:**
   - Imagine a system that changes its behav..."
2025-11-22T06:14:48.765753,Control,0.0,1,301,0.6445182724252492,8.0,"### Explanation of the Statement in Simple Terms

This statement refers to a concept where certain s..."
2025-11-22T06:16:36.555628,Control,0.0,1,336,0.6458333333333334,8.0,"### Explanation in Simple Terms:

Imagine you have a system, which could be anything like water free..."
2025-11-22T06:20:06.575225,Control,0.0,1,285,0.6350877192982456,5.0,"### Explanation of the Statement

1. **Simple Terms:**
   This statement describes a phenomenon wher..."
2025-11-22T06:21:57.362405,Control,0.0,1,370,0.6081081081081081,9.0,"### Explanation of the Statement in Simple Terms:

The statement describes how certain systems can u..."
2025-11-22T06:23:35.508241,Control,0.0,1,321,0.6355140186915887,8.0,"### Explanation in Simple Terms:

This statement is describing a type of behavior seen in certain sy..."
2025-11-22T06:27:24.446244,Control,0.0,1,343,0.5743440233236151,8.0,"### Explanation of the Statement in Simple Terms

The statement is about a concept called ""threshold..."
2025-11-22T06:31:21.907629,Control,0.0,1,369,0.6422764227642277,8.0,"### Explanation for a Simple Understanding:

This statement is about how certain systems can change ..."
2025-11-22T06:33:04.666664,Control,0.0,1,307,0.6677524429967426,8.0,"### Explanation in Simple Terms
This statement is about a type of system where the behavior changes ..."
2025-11-22T06:34:34.044079,Control,0.0,1,257,0.7042801556420234,8.0,"### Explanation of the Statement

1. **Simple Terms:**
   This statement is about how systems can su..."
2025-11-22T06:38:12.560919,Control,0.0,1,313,0.6293929712460063,8.0,"### Explanation in Simple Terms:

Threshold systems are like a seesaw where the balance shifts sudde..."
2025-11-22T06:39:58.383355,Control,0.0,1,340,0.6088235294117647,5.0,"### Explanation in Simple Terms:

This statement is about how certain systems can suddenly change th..."
2025-11-22T06:41:39.916428,Control,0.0,1,330,0.6484848484848484,9.0,"### Explanation in Simple Terms:

Imagine a system where something changes dramatically when it reac..."
2025-11-22T06:43:16.347522,Control,0.0,1,282,0.6737588652482269,8.0,"### Explanation:

1. **Simple Terms:**
   - A *threshold system* is a type of system where a small c..."
2025-11-22T06:44:36.280477,Control,0.0,1,263,0.6577946768060836,8.0,"### Explanation of the Statement in Simple Terms

This statement refers to a type of system where th..."
2025-11-22T06:46:28.046682,Control,0.0,1,372,0.5994623655913979,8.0,"### Explanation of the Statement in Simple Terms

This statement describes how threshold systems, wh..."
2025-11-22T06:48:05.744839,Control,0.0,1,118,0.6864406779661016,8.0,"### Explanation in Simple Terms
This statement is about how certain systems can suddenly change thei..."
2025-11-22T06:49:48.369327,Control,0.0,1,319,0.658307210031348,8.0,"### Explanation of the Statement in Simple Terms

This statement refers to a phenomenon where system..."
2025-11-22T06:51:47.098960,Control,0.0,1,362,0.6160220994475138,9.0,"### Explanation of the Statement:

1. **Simple Terms:**
   - Think of a threshold system as a scenar..."
2025-11-22T06:57:29.483154,Control,0.0,1,319,0.6394984326018809,8.0,"### Explanation in Simple Terms

This statement is about how certain systems can suddenly change the..."
2025-11-22T06:58:58.745710,Control,0.0,1,288,0.6631944444444444,5.0,"### Explanation of the Statement in Simple Terms:
Imagine a system where something changes dramatica..."
2025-11-22T07:00:26.392657,Control,0.0,1,267,0.6704119850187266,8.0,"### Explanation of the Statement:

1. **Simple Terms:**
   - **Threshold Systems:** Think of these a..."
2025-11-22T07:02:25.929933,Control,0.0,1,370,0.6081081081081081,8.0,"### Explanation of the Statement:

1. **Simple Terms:**
   - A ""threshold system"" is a type of syste..."
2025-11-22T07:04:04.438616,Control,0.0,1,321,0.6510903426791277,8.0,"### Explanation of the Statement in Simple Terms:

This statement describes how certain systems can ..."
2025-11-22T07:05:26.653145,Control,0.0,1,270,0.6518518518518519,8.0,"### Explanation in Simple Terms:

This statement is about how certain systems can suddenly change th..."
2025-11-22T07:07:19.673701,Control,0.0,1,323,0.6130030959752322,8.0,"### Explanation in Simple Terms

Imagine a system where things change suddenly when something reache..."
2025-11-22T07:08:55.672398,Control,0.0,1,294,0.6394557823129252,8.0,"### Explanation in Simple Terms
Threshold systems are like a seesaw where the order parameter (R) is..."
2025-11-22T07:10:15.780815,Control,0.0,1,195,0.717948717948718,9.0,"### Explanation in Simple Terms:

Imagine a system where something changes abruptly when it reaches ..."
2025-11-22T07:11:56.963853,Control,0.0,1,335,0.6417910447761194,9.0,"### Explanation in Simple Terms:

Threshold systems are like a seesaw where the order parameter R ac..."
2025-11-22T07:13:39.377748,Control,0.0,1,340,0.6088235294117647,8.0,"### Explanation in Simple Terms
Imagine a system like a snow-covered mountain slope. The hill is sta..."
2025-11-22T07:15:39.999683,Control,0.0,1,384,0.609375,8.0,"### Explanation of the Statement in Simple Terms:

This statement describes how certain systems can ..."
2025-11-22T07:17:17.856523,Control,0.0,1,247,0.6882591093117408,9.0,"### Explanation of the Statement in Simple Terms:

This statement is about how some systems can sudd..."
2025-11-22T07:18:47.554636,Control,0.0,1,271,0.6715867158671587,9.0,"### Explanation of the Statement:

1. **Simple Terms:**
   - **Threshold Systems:** These are system..."
2025-11-22T07:20:12.492119,Control,0.0,1,283,0.6360424028268551,8.0,"### Explanation in Simple Terms:

Imagine a system where something changes dramatically once it reac..."
2025-11-22T07:23:55.661822,Control,0.0,1,318,0.6352201257861635,8.0,"### Explanation in Simple Terms:

Imagine a system like a glass of water that can hold different amo..."
2025-11-22T07:25:45.613806,Control,0.0,1,371,0.6388140161725068,9.0,"### Explanation of the Statement in Simple Terms:

This statement refers to situations where a syste..."
2025-11-22T07:27:46.575309,Control,0.0,1,378,0.6164021164021164,8.0,"### Explanation of the Statement:

1. **Simple Terms:**
   - A **threshold system** is a type of sys..."
2025-11-22T07:29:19.130925,Control,0.0,1,303,0.6600660066006601,5.0,"### Explanation in Simple Terms:
Imagine a system that can exist in two states: a calm state and a c..."
2025-11-22T07:30:46.911374,Control,0.0,1,262,0.7137404580152672,9.0,"### Explanation of the Statement:

1. **Simple Terms**: Imagine a system like a lake where water lev..."
2025-11-22T07:32:44.968013,Control,0.0,1,394,0.5939086294416244,8.0,"### Explanation in Simple Terms:

This statement refers to a type of system where something changes ..."
2025-11-22T11:39:24.827489,Control,0.0,1,297,0.6531986531986532,9.0,"### Explanation of the Statement:

1. **Simple Terms:**
   - A ""threshold system"" is a type of syste..."
2025-11-22T11:43:17.091043,Control,0.0,1,364,0.6291208791208791,8.0,"### Explanation in Simple Terms:

This statement is about how certain systems (like those found in i..."
2025-11-22T11:44:51.187003,Control,0.0,1,282,0.6524822695035462,8.0,"### Explanation in Simple Terms:

Imagine a system where small changes can suddenly lead to big effe..."
2025-11-22T11:46:33.896312,Control,0.0,1,279,0.6379928315412187,8.0,"### Explanation in Simple Terms
Imagine a system where something changes dramatically when it reache..."
2025-11-22T11:48:04.168449,Control,0.0,1,295,0.7050847457627119,5.0,"### Explanation in Simple Terms:
Imagine a system that operates smoothly under normal conditions but..."
2025-11-22T11:50:02.388859,Control,0.0,1,389,0.6015424164524421,8.0,"### Explanation in Simple Terms

This statement refers to situations where a system undergoes sudden..."
2025-11-22T11:51:40.820276,Control,0.0,1,330,0.6606060606060606,9.0,"### Explanation in Simple Terms
Imagine a system where something dramatic happens when it reaches a ..."
2025-11-22T11:53:32.417305,Control,0.0,1,315,0.6603174603174603,8.0,"### Explanation of the Statement:

1. **Simple Terms:**
   - A **threshold system** is a scenario wh..."
2025-11-22T11:55:08.088606,Control,0.0,1,320,0.60625,8.0,"### Explanation of the Statement in Simple Terms:

This statement is about how systems can suddenly ..."
2025-11-22T11:56:46.228191,Control,0.0,1,309,0.6407766990291263,9.0,"### Explanation
1. **Simple Terms:**
   - A *threshold system* is a type of system where small chang..."
2025-11-22T12:02:18.900858,Control,0.0,1,298,0.6409395973154363,9.0,"### Explanation in Simple Terms
Threshold systems are like a seesaw where the balance changes abrupt..."
2025-11-22T12:04:05.476615,Control,0.0,1,336,0.6369047619047619,8.0,"### Explanation in Simple Terms
Imagine a system where everything is stable until a certain point, l..."
2025-11-22T12:05:34.943780,Control,0.0,1,297,0.6531986531986532,5.0,"### Explanation in Simple Terms:

Imagine a system like the weather or the behavior of animals in a ..."
2025-11-22T12:07:09.346205,Control,0.0,1,311,0.6527331189710611,8.0,"### Analysis of the Statement:

#### 1. Explanation in Simple Terms:
Imagine a system where somethin..."
2025-11-22T12:08:55.944582,Control,0.0,1,359,0.649025069637883,9.0,"### Explanation in Simple Terms
This statement describes how systems can change suddenly when a cert..."
2025-11-22T12:10:47.368112,Control,0.0,1,332,0.608433734939759,8.0,"### Analysis of the Statement:

1. **Explanation in Simple Terms:**
   - A threshold system is one w..."
2025-11-22T12:12:21.161280,Control,0.0,1,191,0.7172774869109948,9.0,"### Explanation of the Statement

1. **Simple Terms:**
   This statement is discussing how certain s..."
2025-11-22T12:14:12.370663,Control,0.0,1,324,0.6975308641975309,9.0,"### Explanation in Simple Terms
This statement discusses how certain systems can suddenly change the..."
2025-11-22T12:15:56.708613,Control,0.0,1,257,0.6498054474708171,9.0,"### Explanation of the Statement:

1. **Simple Terms:**
   This statement is about how certain syste..."
2025-11-22T12:17:56.156354,Control,0.0,1,397,0.5793450881612091,8.0,"### Explanation in Simple Terms:

This statement refers to a type of system where something drastic ..."
2025-11-22T12:19:40.734831,Control,0.0,1,322,0.5993788819875776,8.0,"### Explanation:
1. **Simple Terms:**
   This statement describes a type of system known as a thresh..."
2025-11-22T12:21:05.696882,Control,0.0,1,269,0.6728624535315985,9.0,"### Explanation in Simple Terms
This statement is about how certain systems can change dramatically ..."
2025-11-22T12:22:59.502419,Control,0.0,1,291,0.6426116838487973,8.0,"### Explanation in Simple Terms:

Imagine a system like a snow-covered hill. The ""order parameter"" R..."
2025-11-22T12:24:06.318121,Control,0.0,1,204,0.7401960784313726,8.0,"### Explanation:

1. **Simple Terms**: Imagine a system (like the weather or a biological network) w..."
2025-11-22T12:25:20.905992,Control,0.0,1,246,0.6869918699186992,8.0,"### Explanation:
1. **Simple Terms:** Imagine a system where changes occur suddenly when certain con..."
2025-11-22T12:27:02.821513,Control,0.0,1,276,0.6086956521739131,9.0,"### Explanation of the Statement

1. **Simple Terms:**
   - A ""threshold system"" refers to a situati..."
2025-11-22T12:28:29.845251,Control,0.0,1,290,0.6793103448275862,8.0,"### Explanation of the Statement

1. **Simple Terms**: Imagine a system where something changes sudd..."
2025-11-22T12:30:27.738922,Control,0.0,1,384,0.6328125,8.0,"### Explanation in Simple Terms
This statement refers to how some systems can suddenly change their ..."
2025-11-22T12:31:47.918021,Control,0.0,1,236,0.6652542372881356,8.0,"### Explanation of the Statement:

1. **Simple Terms:**
   This statement discusses how threshold sy..."
2025-11-22T12:33:05.661987,Control,0.0,1,258,0.686046511627907,9.0,"### Explanation in Simple Terms:

Threshold systems are like a seesaw that tips when it reaches a ce..."
2025-11-22T12:34:50.607611,Control,0.0,1,353,0.6062322946175638,9.0,"### Explanation in Simple Terms:

Imagine a system where something dramatic happens when it gets to ..."
2025-11-22T12:36:27.757192,Control,0.0,1,325,0.6338461538461538,9.0,"### Explanation in Simple Terms
This statement is about how certain systems can suddenly change thei..."
2025-11-22T12:37:51.146101,Control,0.0,1,271,0.6346863468634686,8.0,"### Explanation in Simple Terms:

This statement is about systems that can suddenly change their beh..."
2025-11-22T12:39:30.800421,Control,0.0,1,259,0.694980694980695,8.0,"### Explanation in Simple Terms

This statement describes how certain systems can change suddenly wh..."
2025-11-22T12:41:10.619602,Control,0.0,1,297,0.67003367003367,8.0,"### Analysis of the Statement:

1. **Explanation in Simple Terms:**
   - **Threshold Systems:** Thes..."
2025-11-22T12:42:54.314726,Control,0.0,1,351,0.6153846153846154,8.0,"### Explanation in Simple Terms:

Imagine a system that changes behavior dramatically when something..."
2025-11-22T12:44:23.306170,Control,0.0,1,282,0.6737588652482269,9.0,"### Explanation in Simple Terms
Imagine a system where something gradually changes until it reaches ..."
2025-11-22T12:47:48.818655,Control,0.0,1,285,0.6807017543859649,8.0,"### Explanation of the Statement

1. **Simple Terms:**
   This statement describes how certain syste..."
2025-11-22T12:49:44.213556,Control,0.0,1,347,0.6282420749279539,8.0,"### Explanation in Simple Terms:

This statement describes how some systems (like those found in inf..."
2025-11-22T12:51:30.567159,Control,0.0,1,323,0.631578947368421,8.0,"### Explanation of the Statement in Simple Terms:

1. **Explanation:**
   - Imagine a system or proc..."
2025-11-22T12:53:14.934277,Control,0.0,1,336,0.6577380952380952,8.0,"### Explanation of the Statement in Simple Terms
This statement describes how certain systems can su..."
2025-11-22T12:55:15.196415,Control,0.0,1,381,0.5669291338582677,8.0,"### Explanation in Simple Terms

This statement is about how certain systems can suddenly change the..."
2025-11-22T12:57:08.638474,Control,0.0,1,353,0.6345609065155807,9.0,"### Explanation of the Statement:

1. **Simple Terms:**
   - A threshold system is a scenario where ..."
2025-11-22T12:58:41.277810,Control,0.0,1,304,0.6546052631578947,8.0,"### Explanation in Simple Terms:

This statement refers to how certain systems can suddenly change t..."
2025-11-22T13:00:08.175691,Control,0.0,1,279,0.6308243727598566,8.0,"### Explanation of the Statement:

1. **Simple Terms:**
   - A threshold system is like a switchboar..."
2025-11-22T13:02:03.624016,Control,0.0,1,376,0.574468085106383,8.0,"### Explanation in Simple Terms:

This statement describes how systems can change suddenly or drasti..."
2025-11-22T13:03:54.864721,Control,0.0,1,357,0.5770308123249299,8.0,"### Explanation of the Statement in Simple Terms

This statement is about how systems can change dra..."
2025-11-22T13:05:55.370984,Control,0.0,1,402,0.5970149253731343,5.0,"### Explanation in Simple Terms:

Imagine a system where something changes abruptly when a certain p..."
2025-11-22T13:07:36.234031,Control,0.0,1,340,0.6294117647058823,8.0,"### Explanation of the Statement in Simple Terms

The statement discusses how certain systems (like ..."
2025-11-22T13:09:16.501164,Control,0.0,1,343,0.6209912536443148,8.0,"### Explanation of the Statement in Simple Terms

This statement refers to systems where a significa..."
2025-11-22T13:11:13.021679,Control,0.0,1,396,0.6262626262626263,5.0,"### Explanation of the Statement in Simple Terms

The statement describes how certain systems can su..."
2025-11-22T13:13:06.120361,Control,0.0,1,353,0.6118980169971672,8.0,"### Explanation in Simple Terms
This statement describes how systems can suddenly change behavior wh..."
2025-11-22T13:14:39.043731,Control,0.0,1,289,0.6678200692041523,8.0,"### Explanation of the Statement:

1. **Simple Terms:**
   - Imagine a system (like a snow avalanche..."
2025-11-22T13:16:11.145594,Control,0.0,1,303,0.6336633663366337,5.0,"### Explanation of the Statement in Simple Terms:

Imagine a system where changes are gradual until ..."
2025-11-22T13:18:10.137002,Control,0.0,1,351,0.6353276353276354,8.0,"### Explanation of the Statement in Simple Terms

This statement refers to systems where a significa..."
2025-11-22T13:20:10.264212,Control,0.0,1,411,0.5912408759124088,9.0,"### Explanation in Simple Terms
This statement is about how some systems can suddenly change their b..."
2025-11-22T13:21:55.810376,Control,0.0,1,316,0.6582278481012658,5.0,"### Explanation of the Statement:

1. **Simple Terms:**
   - A **threshold system** is any system wh..."
2025-11-22T13:23:29.041967,Control,0.0,1,313,0.6261980830670927,8.0,"### Explanation of the Statement in Simple Terms

This statement is about a special kind of system w..."
2025-11-22T13:25:17.626570,Control,0.0,1,340,0.6823529411764706,8.0,"### Explanation in Simple Terms:

Threshold systems are like a seesaw where the weight on one side c..."
2025-11-22T13:29:17.560596,Control,0.0,1,384,0.5963541666666666,9.0,"### Explanation of the Statement in Simple Terms:

This statement describes how certain systems can ..."
2025-11-22T13:31:12.936112,Control,0.0,1,370,0.5675675675675675,8.0,"### Explanation in Simple Terms

This statement is about how certain systems can suddenly change the..."
2025-11-22T13:32:34.842476,Control,0.0,1,284,0.6830985915492958,8.0,"### Explanation in Simple Terms:

This statement describes how certain systems can change their beha..."
2025-11-22T13:34:11.384902,Control,0.0,1,335,0.6,8.0,"### Explanation of the Statement

1. **What it Means in Simple Terms:**
   - Imagine a system (like ..."
2025-11-22T13:35:37.645327,Control,0.0,1,270,0.6888888888888889,8.0,"### Explanation of the Statement in Simple Terms:
Imagine a system where something changes dramatica..."
2025-11-22T13:37:17.878899,Control,0.0,1,349,0.6246418338108882,8.0,"### Explanation in Simple Terms
Threshold systems are like a seesaw where once the weight on one sid..."
2025-11-22T13:38:34.388555,Control,0.0,1,247,0.7327935222672065,8.0,"### Explanation (Simple Terms)
Imagine a system where changes occur very suddenly once a certain poi..."
2025-11-22T13:40:23.033746,Control,0.0,1,341,0.5601173020527859,9.0,"### Explanation in Simple Terms
Imagine a system like a sand pile where adding more grains of sand c..."
2025-11-22T13:42:07.703946,Control,0.0,1,144,0.7152777777777778,9.0,"### Explanation in Simple Terms
This statement describes how certain systems can change suddenly whe..."
2025-11-22T13:43:48.718893,Control,0.0,1,248,0.6491935483870968,8.0,"### Explanation of the Statement:

1. **Simple Terms:**
   - **Threshold Systems:** These are system..."
2025-11-22T13:45:26.367565,Control,0.0,1,264,0.6439393939393939,8.0,"### Explanation:
1. **Simple Terms:**
   - A ""threshold system"" refers to a situation where a change..."
2025-11-22T13:47:06.795123,Control,0.0,1,344,0.5959302325581395,8.0,"### Explanation in Simple Terms
Threshold systems are like a seesaw where the order parameter \( R \..."
2025-11-22T13:48:52.490243,Control,0.0,1,304,0.6447368421052632,8.0,"### Explanation in Simple Terms:

This statement is about how things can suddenly change when a spec..."
2025-11-22T13:50:25.261312,Control,0.0,1,296,0.6824324324324325,5.0,"### Explanation of the Statement:

1. **Simple Terms**: Imagine a system (like weather patterns or p..."
2025-11-22T13:52:17.533151,Control,0.0,1,355,0.5971830985915493,8.0,"### Explanation of the Statement in Simple Terms

This statement is about how threshold systems beha..."
2025-11-22T13:54:03.800481,Control,0.0,1,288,0.6111111111111112,8.0,"### Explanation in Simple Terms:

This statement is about how certain systems, like those found in n..."
2025-11-22T13:58:03.821731,Control,0.0,1,339,0.6371681415929203,8.0,"### Explanation of the Statement in Simple Terms
In simple terms, a threshold system is like a switc..."
2025-11-22T13:59:39.887748,Control,0.0,1,322,0.6490683229813664,9.0,"### Explanation of the Statement in Simple Terms:

Imagine a system where certain conditions or inpu..."
2025-11-22T14:01:16.932857,Control,0.0,1,326,0.6319018404907976,9.0,"### Explanation in Simple Terms:

This statement is about a type of system called ""threshold systems..."
2025-11-22T14:02:55.862652,Control,0.0,1,326,0.6257668711656442,9.0,"### Explanation of the Statement:

1. **Simple Terms:**
   - A ""threshold system"" is a type of syste..."
2025-11-22T14:04:34.888972,Control,0.0,1,296,0.597972972972973,8.0,"### Explanation of the Statement in Simple Terms:

Threshold systems are like a seesaw where suddenl..."
2025-11-22T14:05:57.784897,Control,0.0,1,252,0.6785714285714286,8.0,"### Explanation in Simple Terms:
Imagine a system where the state of the whole is suddenly different..."
2025-11-22T14:09:40.624590,Control,0.0,1,330,0.6333333333333333,8.0,"### Explanation in Simple Terms

This statement is about how certain systems can suddenly change the..."
2025-11-22T14:11:19.109475,Control,0.0,1,324,0.6419753086419753,8.0,"### Explanation in Simple Terms:

This statement is about a type of system called ""threshold systems..."
2025-11-22T14:12:57.844655,Control,0.0,1,156,0.6987179487179487,8.0,"### Explanation of the Statement in Simple Terms:

This statement describes how certain systems can ..."
2025-11-22T14:14:37.299277,Control,0.0,1,304,0.6348684210526315,9.0,"### Explanation of the Statement

1. **Simple Terms:**
   - Imagine a system (like a river flowing o..."
2025-11-22T14:16:21.475367,Control,0.0,1,347,0.5706051873198847,8.0,"### Explanation in Simple Terms

This statement discusses a phenomenon where systems can suddenly ch..."
2025-11-22T14:17:56.517992,Control,0.0,1,158,0.7151898734177216,9.0,"### Explanation of the Statement in Simple Terms:

This statement is about how systems can change dr..."
2025-11-22T14:19:34.729475,Control,0.0,1,328,0.6554878048780488,8.0,"### Explanation in Simple Terms:
Imagine a system, like a rainforest or an economic market, where th..."
2025-11-22T14:21:31.346912,Control,0.0,1,378,0.58994708994709,8.0,"### Explanation of the Statement in Simple Terms

1. **Explanation:**
   - Imagine a system (like a ..."
2025-11-22T14:22:58.112615,Control,0.0,1,291,0.6666666666666666,8.0,"### Explanation of the Statement in Simple Terms

This statement describes how certain systems can u..."
2025-11-22T14:26:37.235752,Control,0.0,1,297,0.6464646464646465,8.0,"### Explanation in Simple Terms

Imagine a system where something changes dramatically when it reach..."
2025-11-22T14:28:30.368460,Control,0.0,1,269,0.7026022304832714,8.0,"### Explanation of the Statement:

1. **Simple Terms:**
   - Imagine a system (like a climate or bio..."
2025-11-22T14:30:01.696490,Control,0.0,1,290,0.6517241379310345,8.0,"### Explanation in Simple Terms
Threshold systems are like a seesaw where, when one side tips beyond..."
2025-11-22T14:31:49.206087,Control,0.0,1,357,0.6694677871148459,8.0,"### Explanation in Simple Terms
This statement describes how certain systems can suddenly change the..."
2025-11-22T14:33:37.982040,Control,0.0,1,333,0.5855855855855856,8.0,"### Analysis of the Statement:

1. **Explanation in Simple Terms:**
   - A threshold system is a typ..."
2025-11-22T14:37:34.235248,Control,0.0,1,319,0.664576802507837,9.0,"### Explanation of the Statement in Simple Terms

This statement describes how certain systems can u..."
2025-11-22T14:39:12.634307,Control,0.0,1,325,0.6430769230769231,8.0,"### Explanation of the Statement in Simple Terms
This statement refers to a concept where certain sy..."
2025-11-22T14:41:07.869047,Control,0.0,1,343,0.6443148688046647,8.0,"### Explanation of the Statement:

1. **Simple Terms:**
   - A ""threshold system"" refers to a situat..."
2025-11-22T14:43:06.213223,Control,0.0,1,350,0.6142857142857143,8.0,"### Explanation in Simple Terms:
This statement describes a phenomenon where certain systems change ..."
2025-11-22T14:44:45.670330,Control,0.0,1,323,0.6687306501547987,8.0,"### Explanation in Simple Terms:

Threshold systems are like a seesaw with a pivot point (the thresh..."
2025-11-22T14:46:30.444935,Control,0.0,1,352,0.625,9.0,"### Explanation of the Statement in Simple Terms
This statement describes how certain systems (like ..."
2025-11-22T14:50:20.096428,Control,0.0,1,352,0.6051136363636364,8.0,"### Explanation of the Statement in Simple Terms:

Imagine a system like a cup of hot coffee on a ta..."
2025-11-22T14:51:50.257119,Control,0.0,1,295,0.6576271186440678,5.0,"### Explanation in Simple Terms:

This statement describes a phenomenon where systems can suddenly c..."
2025-11-22T14:53:35.925724,Control,0.0,1,360,0.6055555555555555,7.0,"### Explanation in Simple Terms
This statement is about how certain systems can suddenly change thei..."
2025-11-22T14:55:12.658992,Control,0.0,1,309,0.627831715210356,8.0,"### Explanation of the Statement in Simple Terms

This statement refers to a type of system (thresho..."
2025-11-22T14:57:06.697620,Control,0.0,1,334,0.6377245508982036,8.0,"### Explanation of the Statement
1. **Explanation:**
   - A threshold system is a model where change..."
2025-11-22T14:58:50.678039,Control,0.0,1,313,0.6230031948881789,7.0,"### Explanation of the Statement in Simple Terms
This statement is about systems where a small chang..."
2025-11-22T15:00:21.970820,Control,0.0,1,276,0.6956521739130435,9.0,"### Explanation of the Statement:

1. **Simple Terms:**
   This statement is about how some systems ..."
2025-11-22T15:01:58.720660,Control,0.0,1,310,0.6483870967741936,8.0,"### Explanation of the Statement:

1. **In Simple Terms:**
   - Imagine a system where small changes..."
2025-11-22T15:03:26.372869,Control,0.0,1,282,0.6737588652482269,8.0,"### Explanation in Simple Terms
This statement is about how certain systems can suddenly change thei..."
2025-11-22T15:05:18.537962,Control,0.0,1,357,0.6442577030812325,8.0,"### Explanation of the Statement in Simple Terms:

This statement is about a type of system (thresho..."
2025-11-22T15:07:00.542698,Control,0.0,1,317,0.637223974763407,8.0,"### Explanation in Simple Terms:

Imagine a system where things change suddenly when a certain level..."
2025-11-22T15:08:44.642779,Control,0.0,1,337,0.6439169139465876,8.0,"### Explanation in Simple Terms:

This statement is about how some systems can suddenly change their..."
2025-11-22T15:10:14.156896,Control,0.0,1,294,0.6462585034013606,8.0,"### Explanation in Simple Terms

This statement refers to a type of system where there's a sudden ch..."
2025-11-22T15:11:48.471714,Control,0.0,1,278,0.6258992805755396,9.0,"### Explanation of the Statement:

1. **Simple Terms:**
   - A ""threshold system"" is a type of syste..."
2025-11-22T15:15:35.802830,Control,0.0,1,343,0.6209912536443148,8.0,"### Explanation in Simple Terms:

This statement is about how certain systems can suddenly change th..."
2025-11-22T15:17:31.444477,Control,0.0,1,375,0.624,8.0,"### Explanation of the Statement in Simple Terms
This statement describes a phenomenon where systems..."
2025-11-22T15:18:58.613375,Control,0.0,1,300,0.6666666666666666,8.0,"### Explanation in Simple Terms:

This statement is about how certain systems change drastically whe..."
2025-11-22T15:20:41.653228,Control,0.0,1,336,0.5982142857142857,8.0,"### Explanation of the Statement in Simple Terms

**1. What Does This Mean?**

Imagine a system wher..."
2025-11-22T15:22:05.930698,Control,0.0,1,267,0.6441947565543071,9.0,"### Explanation of the Statement:

1. **Simple Terms:**
   - Imagine a system where something change..."
2025-11-22T15:25:46.150691,Control,0.0,1,319,0.6614420062695925,9.0,"### Explanation in Simple Terms:

Imagine a system where things start to change suddenly when a cert..."
2025-11-22T15:27:27.599648,Control,0.0,1,316,0.6360759493670886,8.0,"### Explanation in Simple Terms
This statement is about how certain systems can suddenly change thei..."
2025-11-22T15:29:12.971753,Control,0.0,1,314,0.6210191082802548,8.0,"### Explanation of the Statement in Simple Terms:

This statement is about how certain systems can u..."
2025-11-22T15:30:42.694036,Control,0.0,1,298,0.6677852348993288,9.0,"### Explanation in Simple Terms:

This statement is about how certain systems can suddenly change th..."
2025-11-22T15:32:33.058640,Control,0.0,1,372,0.5860215053763441,9.0,"### Explanation in Simple Terms
Imagine a system where the behavior dramatically changes when someth..."
2025-11-22T15:34:19.534425,Control,0.0,1,308,0.6428571428571429,8.0,"### Explanation of the Statement:

#### 1. Simple Terms:
Imagine a system like a snow-covered mounta..."
2025-11-22T15:35:48.880632,Control,0.0,1,289,0.6228373702422145,8.0,"### Explanation in Simple Terms
This statement describes how certain systems change dramatically whe..."
2025-11-22T15:37:13.387310,Control,0.0,1,256,0.6953125,8.0,"### Explanation in Simple Terms:

This statement is about systems where a sudden change or ""critical..."
2025-11-22T15:38:47.571006,Control,0.0,1,308,0.6493506493506493,8.0,"### Explanation of the Statement

1. **Explanation:**
   - Imagine a system that can be in different..."
2025-11-22T15:40:29.993858,Control,0.0,1,308,0.6688311688311688,9.0,"### Explanation of the Statement in Simple Terms:

This statement describes how some systems can cha..."
2025-11-22T15:42:27.652933,Control,0.0,1,390,0.6051282051282051,8.0,"### Explanation
1. **Simple Terms:**
   - A threshold system is a type of system where the behavior ..."
2025-11-22T15:44:04.934481,Control,0.0,1,270,0.6777777777777778,8.0,"### Explanation in Simple Terms
This statement describes how certain systems or phenomena change abr..."
2025-11-22T15:50:01.459546,Control,0.0,1,348,0.6149425287356322,9.0,"### Explanation of the Statement:

1. **Simple Terms:**
   - A threshold system is a type of system ..."
2025-11-22T15:53:37.747308,Control,0.0,1,290,0.6344827586206897,7.0,"### Explanation of the Statement in Simple Terms
This statement describes how certain systems can su..."
2025-11-22T15:55:32.370361,Control,0.0,1,358,0.6424581005586593,9.0,"### Explanation in Simple Terms
Imagine a system where changes are gradual until a certain point is ..."
2025-11-22T15:59:11.705712,Control,0.0,1,298,0.674496644295302,8.0,"### Explanation in Simple Terms
This statement describes how certain systems can suddenly change beh..."
2025-11-22T16:01:06.396900,Control,0.0,1,364,0.6071428571428571,9.0,"### Explanation of the Statement:

1. **Simple Terms:**
   - **Threshold Systems:** Think of these a..."
2025-11-22T16:02:57.630545,Control,0.0,1,317,0.6309148264984227,8.0,"### Explanation in Simple Terms
This statement describes how certain systems can suddenly change the..."
2025-11-22T16:04:45.338540,Control,0.0,1,280,0.6464285714285715,9.0,"### Explanation of the Statement in Simple Terms:

This statement is about how certain systems can s..."
2025-11-22T16:06:05.838766,Control,0.0,1,182,0.7197802197802198,8.0,"### Explanation of the Statement:

1. **Simple Terms:**
   This statement describes how certain syst..."
2025-11-22T16:07:40.777918,Control,0.0,1,297,0.6767676767676768,9.0,"### Explanation of the Statement:

1. **Simple Terms:** Imagine a threshold system as a balance scal..."
2025-11-22T16:09:07.434688,Control,0.0,1,232,0.6939655172413793,9.0,"### Explanation in Simple Terms
This statement is about how certain systems can suddenly change thei..."
2025-11-22T16:10:47.684804,Control,0.0,1,249,0.6144578313253012,8.0,"### Explanation of the Statement in Simple Terms:

This statement describes a phenomenon called ""cri..."
2025-11-22T16:12:40.838366,Control,0.0,1,369,0.6070460704607046,8.0,"### Explanation in Simple Terms
Imagine a system (like a lake or an ecosystem) that can exist in two..."
2025-11-22T16:14:03.302551,Control,0.0,1,243,0.7242798353909465,9.0,"### Explanation of the Statement:

1. **Simple Terms:**
   This statement describes how systems can ..."
2025-11-22T16:15:46.398378,Control,0.0,1,259,0.6486486486486487,8.0,"### Explanation of the Statement in Simple Terms

This statement is describing a phenomenon where sy..."
2025-11-22T16:17:31.399583,Control,0.0,1,282,0.6666666666666666,8.0,"### Explanation of the Statement:

This statement is about how certain systems can change suddenly o..."
2025-11-22T16:19:29.793373,Control,0.0,1,391,0.5703324808184144,9.0,"### Explanation of the Statement in Simple Terms

This statement refers to systems where a significa..."
2025-11-22T16:20:47.810150,Control,0.0,1,221,0.6787330316742082,8.0,"### Explanation of the Statement:

1. **Simple Terms:**
   - Imagine a system where something change..."
2025-11-22T16:22:21.377156,Control,0.0,1,306,0.6568627450980392,9.0,"### Explanation:

1. **Simple Terms:**
   - Threshold systems are those where a system's behavior ch..."
2025-11-22T16:24:08.449353,Control,0.0,1,326,0.6748466257668712,9.0,"### Explanation of the Statement:

1. **What It Means:**
   - Threshold systems are those where a sm..."
2025-11-22T16:25:39.558970,Control,0.0,1,256,0.65625,9.0,"### Explanation in Simple Terms
Threshold systems are like a seesaw that suddenly tips when somethin..."
2025-11-22T16:27:38.266490,Control,0.0,1,373,0.6112600536193029,5.0,"### Explanation of the Statement in Simple Terms:

This statement is about how certain systems can s..."
2025-11-22T16:29:19.291398,Control,0.0,1,325,0.6461538461538462,9.0,"### Explanation of the Statement in Simple Terms:

This statement is about how certain systems can s..."
2025-11-22T16:30:41.150055,Control,0.0,1,273,0.6446886446886447,8.0,"### Explanation of the Statement in Simple Terms

This statement is about how certain systems change..."
2025-11-22T16:32:19.207917,Control,0.0,1,320,0.678125,5.0,"### Explanation in Simple Terms:

Imagine a system where small changes can cause big shifts—like a s..."
2025-11-22T16:33:41.714965,Control,0.0,1,270,0.6518518518518519,9.0,"### Explanation in Simple Terms
This statement is about how some systems can suddenly change their b..."
2025-11-22T16:35:18.367228,Control,0.0,1,328,0.6554878048780488,5.0,"### Explanation in Simple Terms

This statement describes how certain systems can suddenly change be..."
2025-11-22T16:37:18.223297,Control,0.0,1,381,0.6194225721784777,8.0,"### Explanation of the Statement in Simple Terms:

This statement describes how certain systems can ..."
2025-11-22T16:38:54.871343,Control,0.0,1,313,0.6549520766773163,8.0,"### Explanation in Simple Terms:

Imagine a system where something happens only when conditions reac..."
2025-11-22T16:40:43.289196,Control,0.0,1,281,0.6548042704626335,9.0,"### Explanation in Simple Terms
This statement is about a concept called ""threshold systems,"" where ..."
2025-11-22T16:41:57.177408,Control,0.0,1,237,0.7130801687763713,8.0,"### Explanation of the Statement:

1. **Simple Terms**: Imagine a system (like a river flowing over ..."
2025-11-22T16:43:39.097817,Control,0.0,1,335,0.5880597014925373,9.0,"### Explanation of the Statement

1. **Simple Terms:**
   - A ""threshold system"" is a type of system..."
2025-11-22T16:45:05.360360,Control,0.0,1,294,0.6496598639455783,8.0,"### Explanation in Simple Terms:

This statement is about how some systems can suddenly change their..."
2025-11-22T16:46:52.868173,Control,0.0,1,349,0.5816618911174785,9.0,"### Explanation of the Statement in Simple Terms:

This statement is about how certain systems can s..."
2025-11-22T16:48:37.914620,Control,0.0,1,354,0.5847457627118644,8.0,"### Explanation in Simple Terms

This statement describes how certain systems can change abruptly wh..."
2025-11-22T16:52:03.287976,Control,0.0,1,252,0.7142857142857143,5.0,"### Explanation of the Statement:

1. **Simple Explanation:**
   - Imagine a system (like a lake) wh..."
2025-11-22T16:53:49.278667,Control,0.0,1,333,0.6126126126126126,8.0,"### Explanation in Simple Terms

This statement describes a phenomenon found in various systems (lik..."
2025-11-22T16:55:35.681451,Control,0.0,1,329,0.6231003039513677,8.0,"### Explanation of the Statement in Simple Terms

This statement is about how certain systems can un..."
2025-11-22T16:57:08.415043,Control,0.0,1,266,0.6616541353383458,8.0,"### Explanation:

1. **Simple Terms:**
   - Imagine a system where things change suddenly when somet..."
2025-11-22T16:58:38.375961,Control,0.0,1,302,0.6390728476821192,8.0,"### Explanation of the Statement in Simple Terms:

This statement is about how certain systems can s..."
2025-11-22T17:00:00.735469,Control,0.0,1,274,0.6605839416058394,8.0,"### Explanation in Simple Terms
This statement is about how some systems can suddenly change their b..."
2025-11-22T17:01:35.019108,Control,0.0,1,309,0.6375404530744336,8.0,"### Explanation in Simple Terms:

Imagine a system where something happens only when a certain condi..."
2025-11-22T17:03:31.811669,Control,0.0,1,308,0.6525974025974026,9.0,"### Explanation of the Statement

1. **Simple Terms:**
   - A *threshold system* is a type of system..."
2025-11-22T17:05:13.298219,Control,0.0,1,317,0.6214511041009464,8.0,"### Explanation of the Statement in Simple Terms:

This statement is about how certain systems can s..."
2025-11-22T17:07:07.209915,Control,0.0,1,335,0.573134328358209,8.0,"### Explanation of the Statement

1. **Simple Terms:**
   This statement describes a phenomenon wher..."
2025-11-22T17:08:57.311945,Control,0.0,1,346,0.6416184971098265,8.0,"### Explanation of the Statement in Simple Terms:

**Threshold Systems:** Imagine a system where sma..."
2025-11-22T17:10:56.997548,Control,0.0,1,343,0.6034985422740525,8.0,"### Explanation in Simple Terms
This statement refers to systems where a significant change (a ""crit..."
2025-11-22T17:12:47.877158,Control,0.0,1,332,0.6054216867469879,8.0,"### Explanation in Simple Terms
The statement describes a phenomenon where systems change dramatical..."
2025-11-22T17:14:03.196648,Control,0.0,1,254,0.6889763779527559,8.0,"### Explanation of the Statement:

1. **Simple Terms:**
   This statement describes how certain syst..."
2025-11-22T17:15:42.706577,Control,0.0,1,318,0.6132075471698113,8.0,"### Explanation of the Statement:

1. **Simple Terms:**
   - A ""threshold system"" is one where a sma..."
2025-11-22T17:17:13.895550,Control,0.0,1,280,0.6357142857142857,8.0,"### Explanation in Simple Terms
This statement is about how certain systems can change dramatically ..."
2025-11-22T17:21:04.037584,Control,0.0,1,314,0.6592356687898089,8.0,"### Explanation of the Statement in Simple Terms:

This statement refers to a concept found in vario..."
2025-11-22T17:22:55.266457,Control,0.0,1,324,0.654320987654321,8.0,"### Explanation in Simple Terms
A threshold system is like a tipping point where something changes d..."
2025-11-22T17:24:26.365085,Control,0.0,1,296,0.6385135135135135,8.0,"### Explanation of the Statement in Simple Terms

The statement is about how certain systems change ..."
2025-11-22T17:26:00.624428,Control,0.0,1,308,0.6233766233766234,8.0,"### Explanation of the Statement in Simple Terms
This statement describes how certain systems can ch..."
2025-11-22T17:27:44.396570,Control,0.0,1,337,0.6172106824925816,5.0,"### Explanation in Simple Terms:
Imagine a system where something changes drastically when it reache..."
2025-11-22T17:29:30.502178,Control,0.0,1,334,0.6586826347305389,9.0,"### Explanation of the Statement:

1. **In Simple Terms:**
   - A threshold system is a type of syst..."
2025-11-22T17:31:00.363173,Control,0.0,1,279,0.6881720430107527,8.0,"### Explanation in Simple Terms:
Threshold systems are like a seesaw where the balance point (thresh..."
2025-11-22T17:32:40.569969,Control,0.0,1,299,0.6421404682274248,8.0,"### Explanation of the Statement

1. **Simple Terms:**
   - **Threshold Systems:** These are systems..."
2025-11-22T17:36:27.333265,Control,0.0,1,261,0.6704980842911877,8.0,"### Explanation in Simple Terms

This statement is about how some systems can change suddenly when a..."
2025-11-22T17:39:51.699424,Control,0.0,1,264,0.6931818181818182,8.0,"### Explanation of the Statement:

1. **Simple Terms:**
   - A threshold system is a type of system ..."
2025-11-22T17:41:32.460760,Control,0.0,1,229,0.6331877729257642,9.0,"### Explanation of the Statement:

1. **Simple Terms:**
   - A **threshold system** is like a tippin..."
2025-11-22T17:45:33.821454,Control,0.0,1,393,0.544529262086514,9.0,"### Explanation of the Statement in Simple Terms

This statement is about how certain systems can su..."
2025-11-22T17:47:14.992471,Control,0.0,1,319,0.6520376175548589,5.0,"### Explanation of the Statement:

1. **Simple Terms:**
   - Threshold systems refer to situations w..."
2025-11-22T17:48:54.409604,Control,0.0,1,318,0.6194968553459119,9.0,"### Explanation of the Statement

1. **Simple Terms:**
   - A threshold system is one where a signif..."
2025-11-22T17:50:54.931808,Control,0.0,1,355,0.6281690140845071,8.0,"### Explanation in Simple Terms:

Imagine a system where things change dramatically when something r..."
2025-11-22T17:52:44.801946,Control,0.0,1,314,0.5955414012738853,5.0,"### Explanation of the Statement:

1. **Simple Terms:**
   - A threshold system is a type of system ..."
2025-11-22T17:54:33.042069,Control,0.0,1,325,0.6276923076923077,8.0,"### Explanation in Simple Terms
This statement refers to a phenomenon where a system undergoes a sig..."
2025-11-22T17:56:03.440445,Control,0.0,1,267,0.6554307116104869,8.0,"### Explanation of the Statement:

1. **Simple Terms:**
   - A ""threshold system"" is a type of syste..."
2025-11-22T17:57:44.852358,Control,0.0,1,324,0.6450617283950617,8.0,"### Explanation of the Statement in Simple Terms

This statement describes how certain systems, whet..."
2025-11-22T17:59:25.318331,Control,0.0,1,289,0.6608996539792388,8.0,"### Explanation in Simple Terms
Imagine a system where something happens only when certain condition..."
2025-11-22T18:01:02.445862,Control,0.0,1,326,0.6134969325153374,8.0,"### Explanation in Simple Terms
This statement is about how certain systems can suddenly change beha..."
2025-11-22T18:02:45.110045,Control,0.0,1,311,0.639871382636656,8.0,"### Explanation of the Statement in Simple Terms:

This statement describes how certain systems can ..."
2025-11-22T18:04:31.552837,Control,0.0,1,304,0.6217105263157895,9.0,"### Explanation:

1. **Simple Terms:**
   - A threshold system is like a switch or tipping point whe..."
2025-11-22T18:06:24.224031,Control,0.0,1,342,0.6374269005847953,9.0,"### Explanation of the Statement

1. **Simple Terms:**
   - A ""threshold system"" is a type of system..."
2025-11-22T18:08:01.529277,Control,0.0,1,278,0.60431654676259,5.0,"### Explanation of the Statement in Simple Terms:

Imagine a system like a snowfield on a mountain s..."
2025-11-22T18:09:47.391502,Control,0.0,1,303,0.6270627062706271,8.0,"### Explanation of the Statement in Simple Terms:

This statement refers to threshold systems, which..."
2025-11-22T18:11:28.110060,Control,0.0,1,339,0.616519174041298,5.0,"### Explanation of the Statement in Simple Terms:

This statement describes a phenomenon where syste..."
2025-11-22T18:13:11.301690,Control,0.0,1,318,0.6383647798742138,8.0,"### Explanation of the Statement

1. **Simple Terms:**
   - A threshold system is a type of system w..."
2025-11-22T18:14:47.389172,Control,0.0,1,301,0.6345514950166113,8.0,"### Explanation of the Statement in Simple Terms:

This statement is about a type of system called ""..."
2025-11-22T18:16:21.350238,Control,0.0,1,316,0.629746835443038,8.0,"### Explanation of the Statement:

1. **Simple Terms:**
   - A threshold system is a type of system ..."
2025-11-22T18:18:15.431438,Control,0.0,1,377,0.6127320954907162,8.0,"### Explanation of the Statement in Simple Terms

The statement describes a phenomenon where systems..."
2025-11-22T18:19:45.244862,Control,0.0,1,291,0.6941580756013745,8.0,"### Explanation in Simple Terms
Imagine a threshold system as a situation where everything is calm u..."
2025-11-22T18:21:37.949516,Control,0.0,1,308,0.6136363636363636,8.0,"### Explanation of the Statement in Simple Terms:

Imagine a system where something changes suddenly..."
2025-11-22T18:23:27.722137,Control,0.0,1,371,0.6064690026954178,9.0,"### Explanation of the Statement in Simple Terms:

This statement is about how certain systems or ph..."
2025-11-22T18:26:56.329437,Control,0.0,1,270,0.7111111111111111,8.0,"### Explanation of the Statement:

1. **Simple Explanation:**
   - Imagine a system where something ..."
2025-11-22T18:28:29.485326,Control,0.0,1,275,0.6327272727272727,8.0,"### Explanation of the Statement:

1. **Simple Terms:**
   - **Threshold Systems:** These are system..."
2025-11-22T18:30:17.134641,Control,0.0,1,360,0.6,9.0,"### Explanation of the Statement in Simple Terms:

1. **Explanation:**
   - A threshold system is a ..."
2025-11-22T18:31:53.339785,Control,0.0,1,283,0.6996466431095406,9.0,"### Explanation in Simple Terms
This statement describes how some systems can change suddenly when a..."
2025-11-22T18:33:24.931194,Control,0.0,1,276,0.6847826086956522,9.0,"### Explanation
1. **Simple Terms:**
   - Think of a threshold system as a situation where something..."
2025-11-22T18:34:57.435697,Control,0.0,1,278,0.6115107913669064,5.0,"### Explanation of the Statement:

1. **Simple Terms:**
   - Imagine a system that changes its behav..."
2025-11-22T18:36:29.657675,Control,0.0,1,255,0.6470588235294118,9.0,"### Explanation of the Statement:

1. **Simple Terms:**
   - A threshold system is like a switch tha..."
2025-11-22T18:38:13.078884,Control,0.0,1,288,0.6736111111111112,8.0,"### Explanation of the Statement:

1. **Simple Terms:**
   - A ""threshold system"" is a type of syste..."
2025-11-22T18:39:56.240808,Control,0.0,1,331,0.6012084592145015,8.0,"### Explanation of the Statement

1. **Simple Terms:**
   - A ""threshold system"" is a system where s..."
2025-11-22T18:41:24.253608,Control,0.0,1,292,0.6506849315068494,8.0,"### Explanation in Simple Terms
The statement describes a fundamental concept seen across various fi..."
2025-11-22T18:43:22.527632,Control,0.0,1,380,0.5473684210526316,8.0,"### Explanation in Simple Terms
This statement refers to how certain systems can suddenly change the..."
2025-11-22T18:45:03.169391,Control,0.0,1,89,0.8764044943820225,9.0,"### Explanation of the Statement in Simple Terms:

1. **Simple Explanation:**
   - Imagine a system ..."
2025-11-22T18:53:01.433278,Control,0.0,1,258,0.7131782945736435,8.0,"### Explanation of the Statement

1. **Simple Terms:** Imagine a system like a lake where water leve..."
2025-11-22T19:07:02.501483,Control,0.0,1,257,0.6731517509727627,9.0,"### Explanation of the Statement (Simple Terms)
This statement describes how systems can suddenly ch..."
2025-11-22T19:14:55.047933,Control,0.0,1,246,0.6544715447154471,9.0,"### Explanation:

1. **Simple Terms:**
   - A ""threshold system"" is a type of system where changes i..."
2025-11-22T19:28:49.435449,Control,0.0,1,255,0.6901960784313725,9.0,"### Explanation of the Statement:

1. **In Simple Terms:** Imagine a system like a glass gradually b..."
2025-11-22T19:36:51.753988,Control,0.0,1,230,0.7130434782608696,9.0,"### Explanation in Simple Terms:

Imagine a system (like water freezing into ice) where everything c..."
2025-11-22T19:46:53.583568,Control,0.0,1,245,0.6612244897959184,9.0,"### Explanation of the Statement:

1. **Simple Terms:**
   - A threshold system is one where a small..."
2025-11-22T20:20:47.397608,Control,0.0,1,269,0.6245353159851301,9.0,"### Explanation of the Statement in Simple Terms

This statement is about systems that can suddenly ..."
2025-11-22T20:38:51.305253,Control,0.0,1,305,0.6295081967213115,8.0,"### Explanation in Simple Terms

This statement describes how certain systems can suddenly change th..."
2025-11-22T20:44:30.700584,Control,0.0,1,257,0.6498054474708171,8.0,"### Explanation of the Statement in Simple Terms:

1. **Explanation:**
   - Imagine a system that ca..."
2025-11-22T20:52:18.303166,Control,0.0,1,281,0.693950177935943,8.0,"### Explanation of the Statement in Simple Terms:

The statement is about how some systems can chang..."
2025-11-22T20:54:12.831947,Control,0.0,1,278,0.6115107913669064,8.0,"### Explanation

1. **Simple Terms:**
   - Imagine a system where something changes suddenly when it..."
2025-11-22T20:56:01.433796,Control,0.0,1,281,0.6619217081850534,9.0,"### Explanation of the Statement:

1. **Simple Terms:**
   This statement is about how certain syste..."
2025-11-22T21:02:03.508829,Control,0.0,1,301,0.6511627906976745,8.0,"### Explanation in Simple Terms:

Imagine a system where something starts to change abruptly when it..."
2025-11-22T21:07:55.406453,Control,0.0,1,264,0.6628787878787878,9.0,"### Explanation of the Statement in Simple Terms

This statement describes a phenomenon where system..."
2025-11-22T21:15:37.718901,Control,0.0,1,345,0.6260869565217392,5.0,"### Explanation of the Statement in Simple Terms:

This statement refers to a type of system (thresh..."
2025-11-22T21:17:17.776406,Control,0.0,1,333,0.6216216216216216,9.0,"### Explanation in Simple Terms

This statement refers to a type of system where changes are gradual..."
2025-11-22T21:19:05.135223,Control,0.0,1,339,0.6076696165191741,9.0,"### Explanation of the Statement
1. **Simple Terms:**
   - A ""threshold system"" is a type of system ..."
2025-11-22T21:20:27.296155,Control,0.0,1,242,0.6363636363636364,8.0,"### Explanation in Simple Terms
This statement describes a phenomenon where systems can suddenly cha..."
2025-11-22T21:22:12.164042,Control,0.0,1,341,0.6129032258064516,9.0,"### Explanation of the Statement in Simple Terms:

This statement is about a type of system where a ..."
2025-11-22T21:23:47.116046,Control,0.0,1,304,0.6282894736842105,5.0,"### Analysis of the Statement

**1. Simple Explanation:**
Threshold systems are like a seesaw where ..."
2025-11-22T21:25:33.178103,Control,0.0,1,333,0.6366366366366366,8.0,"### Explanation of the Statement:

1. **Simple Terms:**
   This statement describes how certain syst..."
2025-11-22T21:27:10.622317,Control,0.0,1,330,0.5969696969696969,8.0,"### Explanation of the Statement in Simple Terms:

Threshold systems are like a seesaw where, when o..."
2025-11-22T21:28:45.619158,Control,0.0,1,294,0.6666666666666666,8.0,"### Explanation in Simple Terms
This statement refers to a type of system called a ""threshold system..."
2025-11-22T21:30:27.713621,Control,0.0,1,321,0.6199376947040498,8.0,"### Explanation of the Statement:

1. **Explanation in Simple Terms:**
   - Imagine a system, like a..."
2025-11-22T21:32:07.338938,Control,0.0,1,323,0.6377708978328174,8.0,"### Explanation in Simple Terms

This statement refers to how certain systems change drastically whe..."
2025-11-22T21:38:02.516857,Control,0.0,1,369,0.6287262872628726,9.0,"### Explanation of the Statement in Simple Terms

This statement is about a type of system called a ..."
2025-11-22T21:39:51.851245,Control,0.0,1,345,0.6057971014492753,9.0,"### Explanation of the Statement in Simple Terms

This statement describes how certain systems can c..."
2025-11-22T21:41:12.438794,Control,0.0,1,251,0.7171314741035857,8.0,"### Explanation in Simple Terms:

Imagine a system like a river dam. The water level (R) is the orde..."
2025-11-22T21:43:03.547916,Control,0.0,1,351,0.6353276353276354,8.0,"### Explanation of the Statement:

1. **Simple Terms:**
   - Imagine a system like a glass of water ..."
2025-11-22T21:44:47.489438,Control,0.0,1,264,0.6401515151515151,5.0,"### Explanation in Simple Terms:

This statement is about how certain systems can suddenly change th..."
2025-11-22T21:46:23.623639,Control,0.0,1,300,0.6666666666666666,9.0,"### Explanation of the Statement:

1. **Simple Terms:**
   - Think of a threshold system as a situat..."
2025-11-22T21:47:42.743180,Control,0.0,1,255,0.6980392156862745,8.0,"### Explanation of the Statement:

1. **Simple Terms:**
   This statement is about how certain syste..."
2025-11-22T21:49:23.406403,Control,0.0,1,330,0.6363636363636364,9.0,"### Explanation in Simple Terms
Threshold systems are like a seesaw where small changes can suddenly..."
2025-11-22T21:50:44.719828,Control,0.0,1,253,0.6719367588932806,8.0,"### Explanation of the Statement:

1. **Simple Terms:**
   - A ""threshold system"" is a type of syste..."
2025-11-22T21:52:14.217044,Control,0.0,1,279,0.6774193548387096,5.0,"### Explanation of the Statement:

1. **Simple Terms**: Imagine a system (like a lake or a biologica..."
2025-11-22T21:53:43.197303,Control,0.0,1,295,0.6101694915254238,8.0,"### Explanation in Simple Terms

Imagine a system where something starts to change dramatically all ..."
2025-11-22T21:57:22.249020,Control,0.0,1,313,0.6389776357827476,8.0,"### Explanation in Simple Terms:

This statement is about how certain systems can change dramaticall..."
2025-11-22T21:59:11.333339,Control,0.0,1,360,0.6027777777777777,8.0,"### Explanation of the Statement in Simple Terms

This statement refers to how certain systems chang..."
2025-11-22T22:01:10.840619,Control,0.0,1,385,0.638961038961039,7.0,"### Explanation in Simple Terms:

This statement is about systems where small changes can lead to bi..."
2025-11-22T22:02:55.558155,Control,0.0,1,319,0.6520376175548589,8.0,"### Explanation in Simple Terms

This statement is about how systems can suddenly change their behav..."
2025-11-22T22:04:35.167512,Control,0.0,1,331,0.6314199395770392,9.0,"### Explanation in Simple Terms
Imagine a system where something happens suddenly when a certain con..."
2025-11-22T22:08:09.618968,Control,0.0,1,310,0.6290322580645161,9.0,"### Explanation in Simple Terms:

This statement describes how certain systems change suddenly when ..."
2025-11-22T22:10:01.934687,Control,0.0,1,358,0.611731843575419,8.0,"### Explanation in Simple Terms

This statement discusses how certain systems can undergo significan..."
2025-11-22T22:11:54.830443,Control,0.0,1,349,0.6189111747851003,8.0,"### Explanation of the Statement in Simple Terms:

This statement refers to a specific type of syste..."
2025-11-22T22:13:47.157820,Control,0.0,1,357,0.6750700280112045,8.0,"### Explanation in Simple Terms
This statement is about how certain systems can suddenly change thei..."
2025-11-22T22:17:25.154160,Control,0.0,1,318,0.6163522012578616,9.0,"### Explanation of the Statement:

1. **Simple Terms:**
   - A threshold system is a type of system ..."
2025-11-22T22:21:10.091429,Control,0.0,1,336,0.6398809523809523,9.0,"### Explanation in Simple Terms

This statement is about how certain systems can change dramatically..."
2025-11-22T22:22:43.364446,Control,0.0,1,277,0.6823104693140795,9.0,"### Explanation
1. **Simple Terms:**
   - A threshold system is a type of system where sudden change..."
2025-11-22T22:24:28.446482,Control,0.0,1,291,0.6151202749140894,8.0,"### Explanation of the Statement:

1. **Simple Terms:**
   - A threshold system is like a switch whe..."
2025-11-22T22:26:10.417581,Control,0.0,1,335,0.6507462686567164,9.0,"### Explanation in Simple Terms:

This statement is about how certain systems can change dramaticall..."
2025-11-22T22:28:01.202622,Control,0.0,1,348,0.6063218390804598,8.0,"### Explanation of the Statement in Simple Terms
This statement describes how certain systems can un..."
2025-11-22T22:29:32.811938,Control,0.0,1,261,0.6628352490421456,8.0,"### Explanation of the Statement

1. **Simple Terms**:
   - A threshold system is a situation where ..."
2025-11-22T22:31:08.597326,Control,0.0,1,282,0.6843971631205674,8.0,"### Explanation in Simple Terms:

Imagine a system where things change suddenly when something reach..."
2025-11-22T22:33:02.314803,Control,0.0,1,369,0.6260162601626016,5.0,"### Explanation of the Statement:

1. **Simple Terms:**
   - A *threshold system* is a type of syste..."
2025-11-22T22:34:44.954022,Control,0.0,1,320,0.640625,8.0,"### Explanation in Simple Terms:

This statement is about how some systems can suddenly change their..."
2025-11-22T22:36:06.940648,Control,0.0,1,261,0.6513409961685823,8.0,"### Explanation of the Statement:

1. **Simple Terms:**
   - A ""threshold system"" is a type of syste..."
2025-11-22T22:37:19.491507,Control,0.0,1,230,0.6826086956521739,8.0,"### Explanation of the Statement

1. **In Simple Terms:**
   This statement is about how certain sys..."
2025-11-22T22:39:08.778318,Control,0.0,1,355,0.571830985915493,8.0,"### Explanation of the Statement in Simple Terms:

The statement describes a phenomenon observed in ..."
2025-11-22T22:41:02.149556,Control,0.0,1,334,0.6017964071856288,9.0,"### Explanation of the Statement:

1. **Simple Terms:**
   - **Threshold Systems:** These are system..."
2025-11-22T22:42:36.011327,Control,0.0,1,298,0.6711409395973155,8.0,"### Explanation in Simple Terms

This statement is about how systems can suddenly change their behav..."
2025-11-22T22:46:05.523310,Control,0.0,1,277,0.6209386281588448,8.0,"### Explanation of the Statement in Simple Terms
This statement is about how certain systems can sud..."
2025-11-22T22:47:49.249193,Control,0.0,1,310,0.6580645161290323,8.0,"### Explanation in Simple Terms:

Imagine a system where things change abruptly when something reach..."
2025-11-22T22:49:02.600908,Control,0.0,1,224,0.7008928571428571,9.0,"### Explanation of the Statement

1. **Simple Terms**: Imagine a threshold system as something that ..."
2025-11-22T22:50:31.440152,Control,0.0,1,276,0.6413043478260869,8.0,"### Explanation in Simple Terms:

This statement refers to how some systems can undergo sudden chang..."
2025-11-22T22:52:06.510426,Control,0.0,1,298,0.697986577181208,5.0,"### Explanation in Simple Terms
This statement refers to how some systems, whether in information te..."
2025-11-22T22:58:06.292043,Control,0.0,1,364,0.6126373626373627,8.0,"### Explanation of the Statement in Simple Terms:

This statement is about how certain systems can s..."
2025-11-22T22:59:49.766997,Control,0.0,1,343,0.5685131195335277,8.0,"### Explanation in Simple Terms:

This statement is talking about how some systems can change sudden..."
2025-11-22T23:01:29.788707,Control,0.0,1,303,0.6567656765676567,8.0,"### Explanation in Simple Terms
Threshold systems are situations where a small change can lead to a ..."
2025-11-22T23:03:15.453474,Control,0.0,1,296,0.5945945945945946,9.0,"### Explanation of the Statement:

1. **Simple Terms:**
   - A ""threshold system"" is a type of syste..."
2025-11-22T23:04:55.655347,Control,0.0,1,275,0.6254545454545455,9.0,"### Explanation of the Statement:

#### 1. Simple Terms:
Imagine a system (like the climate or the h..."
2025-11-22T23:06:28.010511,Control,0.0,1,307,0.6482084690553745,9.0,"### Explanation of the Statement:

1. **Simple Terms**:
   - Threshold systems are like a seesaw whe..."
2025-11-22T23:08:26.672143,Control,0.0,1,377,0.6206896551724138,8.0,"### Explanation of the Statement in Simple Terms

This statement describes a phenomenon where system..."
2025-11-22T23:09:49.953095,Control,0.0,1,262,0.6641221374045801,8.0,"### Explanation in Simple Terms:
Imagine you have a seesaw that is perfectly balanced when the seesa..."
2025-11-22T23:11:24.675630,Control,0.0,1,277,0.6642599277978339,8.0,"### Explanation in Simple Terms
This statement is about how some systems can suddenly change behavio..."
2025-11-22T23:13:06.333100,Control,0.0,1,320,0.64375,8.0,"### Explanation in Simple Terms
Imagine a system where something changes drastically when a certain ..."
2025-11-22T23:14:35.813279,Control,0.0,1,302,0.6225165562913907,8.0,"### Explanation of the Statement in Simple Terms:

This statement describes a concept where systems ..."
2025-11-22T23:16:13.567990,Control,0.0,1,324,0.6203703703703703,5.0,"### Explanation of the Statement in Simple Terms

This statement is about a concept found in systems..."
2025-11-22T23:18:02.088729,Control,0.0,1,315,0.6190476190476191,8.0,"### Explanation in Simple Terms:

This statement is about how certain systems can change suddenly wh..."
2025-11-22T23:19:42.907931,Control,0.0,1,291,0.6529209621993127,8.0,"### Explanation in Simple Terms
In simple terms, threshold systems are like a switch where the behav..."
2025-11-22T23:21:25.318946,Control,0.0,1,302,0.6456953642384106,8.0,"### Explanation in Simple Terms:

This statement is talking about how certain systems can change sud..."
2025-11-22T23:24:54.898537,Control,0.0,1,281,0.6583629893238434,8.0,"### Explanation of the Statement:

1. **Simple Terms:**
   This statement is about how certain syste..."
2025-11-22T23:26:43.708506,Control,0.0,1,357,0.6078431372549019,8.0,"### Explanation in Simple Terms:

This statement is about how certain systems change dramatically wh..."
2025-11-22T23:28:25.032003,Control,0.0,1,303,0.6468646864686468,8.0,"### Explanation in Simple Terms:

This statement is about how some systems can change very suddenly ..."
2025-11-22T23:29:51.008210,Control,0.0,1,263,0.6844106463878327,8.0,"### Explanation in Simple Terms
Imagine a system where things change suddenly when a certain conditi..."
2025-11-22T23:31:49.304898,Control,0.0,1,386,0.6088082901554405,8.0,"### Explanation of the Statement in Simple Terms:

This statement refers to how certain systems can ..."
2025-11-22T23:33:32.512017,Control,0.0,1,292,0.5924657534246576,8.0,"### Explanation of the Statement in Simple Terms

This statement refers to how certain systems can s..."
2025-11-22T23:34:59.622004,Control,0.0,1,269,0.6617100371747212,8.0,"### Explanation of the Statement:

1. **Simple Terms:**
   - A ""threshold system"" is a type of syste..."
2025-11-22T23:36:32.582392,Control,0.0,1,241,0.7136929460580913,9.0,"### Explanation of the Statement in Simple Terms

This statement is about a concept called threshold..."
2025-11-22T23:38:06.911368,Control,0.0,1,316,0.6613924050632911,9.0,"### Explanation of the Statement in Simple Terms:

This statement is about systems where a small cha..."
2025-11-22T23:39:47.347638,Control,0.0,1,308,0.6623376623376623,8.0,"### Explanation:

1. **Simple Terms:**
   The statement describes how certain systems can undergo su..."
2025-11-22T23:41:38.416288,Control,0.0,1,338,0.6242603550295858,8.0,"### Explanation of the Statement:

1. **What it Means in Simple Terms:**
   - A threshold system is ..."
2025-11-22T23:43:17.380508,Control,0.0,1,258,0.6511627906976745,8.0,"### Explanation of the Statement in Simple Terms:

This statement is about a type of system where ch..."
2025-11-22T23:45:04.830660,Control,0.0,1,345,0.591304347826087,5.0,"### Explanation in Simple Terms:
Threshold systems are those where a small change can lead to a big ..."
2025-11-22T23:46:41.245272,Control,0.0,1,300,0.6766666666666666,8.0,"### Explanation of the Statement in Simple Terms:
This statement describes a phenomenon called a ""th..."
2025-11-22T23:48:42.130018,Control,0.0,1,389,0.6401028277634961,8.0,"### Explanation in Simple Terms

This statement refers to a type of system where significant changes..."
2025-11-22T23:50:33.017726,Control,0.0,1,352,0.6022727272727273,8.0,"### Explanation of the Statement in Simple Terms:

The statement is talking about systems where a su..."
2025-11-22T23:52:12.309812,Control,0.0,1,269,0.6877323420074349,8.0,"### Explanation of the Statement in Simple Terms

This statement is about how certain systems can su..."
2025-11-22T23:53:57.385311,Control,0.0,1,349,0.6389684813753582,8.0,"### Explanation in Simple Terms
This statement is about how systems change abruptly when a certain c..."
2025-11-22T23:55:39.567691,Control,0.0,1,325,0.64,5.0,"### Explanation in Simple Terms:

Imagine a system where changes happen suddenly when a certain cond..."
2025-11-22T23:57:11.137554,Control,0.0,1,280,0.6464285714285715,8.0,"### Explanation of the Statement:

1. **Simple Terms:**
   - Imagine a system (like a lake or a popu..."
2025-11-22T23:59:09.687555,Control,0.0,1,393,0.5928753180661578,9.0,"### Explanation in Simple Terms:
Imagine a system where the behavior suddenly changes when a certain..."
2025-11-23T00:01:01.569495,Control,0.0,1,264,0.6212121212121212,8.0,"### Explanation in Simple Terms
Imagine a system like a river or a forest where small changes can gr..."
2025-11-23T00:02:36.250132,Control,0.0,1,279,0.6774193548387096,8.0,"### Explanation of the Statement in Simple Terms:

This statement describes a phenomenon where somet..."
2025-11-23T00:06:05.407707,Control,0.0,1,266,0.6578947368421053,9.0,"### Explanation
1. **Simple Terms:**
   - A threshold system is a type of system where small changes..."
2025-11-23T00:07:39.418280,Control,0.0,1,297,0.6531986531986532,8.0,"### Explanation of the Statement

1. **Simple Terms:**
   - Imagine a system like a snowfield on a m..."
2025-11-23T00:09:34.006607,Control,0.0,1,239,0.602510460251046,9.0,"### Explanation of the Statement:

1. **Simple Terms:**
   This statement describes a phenomenon whe..."
2025-11-23T00:13:28.931821,Control,0.0,1,365,0.6082191780821918,8.0,"### Explanation of the Statement (in Simple Terms)

1. **Explanation:**
   - Imagine a system where ..."
2025-11-23T00:15:02.864624,Control,0.0,1,304,0.6611842105263158,8.0,"### Explanation of the Statement:

1. **Simple Terms:**
   - Imagine a system where things change al..."
2025-11-23T00:16:50.212008,Control,0.0,1,310,0.5870967741935483,8.0,"### Explanation of the Statement:

1. **Simple Terms:**
   - Imagine a system (like water heating up..."
2025-11-23T00:18:43.649401,Control,0.0,1,361,0.6398891966759003,8.0,"### Explanation of the Statement in Simple Terms:

This statement is about how certain systems can s..."
2025-11-23T00:20:22.501993,Control,0.0,1,286,0.6503496503496503,8.0,"### Explanation of the Statement

1. **Simple Terms:**
   - Imagine a system (like water in a glass)..."
2025-11-23T00:22:08.267594,Control,0.0,1,315,0.6412698412698413,9.0,"### Explanation of the Statement:

1. **Simple Terms:**
   - A ""threshold system"" is a dynamic syste..."
2025-11-23T00:24:01.681771,Control,0.0,1,373,0.6273458445040214,8.0,"1. **Explanation in Simple Terms:**
   Threshold systems are like a seesaw where adding just one mor..."
2025-11-23T00:25:40.746262,Control,0.0,1,312,0.6185897435897436,8.0,"### Explanation in Simple Terms

Threshold systems are like a seesaw where the order parameter \( R ..."
2025-11-23T00:27:07.777764,Control,0.0,1,286,0.6118881118881119,8.0,"### Explanation of the Statement in Simple Terms
This statement refers to how certain systems change..."
2025-11-23T00:29:01.451549,Control,0.0,1,368,0.6413043478260869,8.0,"### Explanation in Simple Terms

This statement refers to systems where a significant change (or ""cr..."
2025-11-23T00:30:24.945521,Control,0.0,1,275,0.6472727272727272,8.0,"### Explanation in Simple Terms
This statement refers to threshold systems where a certain condition..."
2025-11-23T00:31:48.682151,Control,0.0,1,179,0.7094972067039106,8.0,"### Explanation of the Statement

1. **Simple Terms:**
   This statement describes how certain syste..."
2025-11-23T00:33:23.282306,Control,0.0,1,313,0.6198083067092651,8.0,"### Explanation in Simple Terms:

This statement is about how certain systems can change suddenly wh..."
2025-11-23T00:35:13.246516,Control,0.0,1,331,0.6404833836858006,8.0,"### Explanation in Simple Terms
This statement describes how certain systems, whether biological, cl..."
2025-11-23T00:36:43.006225,Control,0.0,1,301,0.6677740863787376,5.0,"### Explanation of the Statement in Simple Terms:

This statement refers to how some systems can und..."
2025-11-23T00:40:07.201062,Control,0.0,1,284,0.6866197183098591,5.0,"### Explanation in Simple Terms
This statement describes how certain systems can suddenly change the..."
2025-11-23T00:41:48.820456,Control,0.0,1,315,0.6063492063492063,8.0,"### Explanation of the Statement in Simple Terms

The statement describes a phenomenon where a syste..."
2025-11-23T00:43:23.541940,Control,0.0,1,278,0.6618705035971223,8.0,"### Explanation of the Statement

1. **Simple Terms:**
   - Imagine a system where something changes..."
2025-11-23T00:45:05.986763,Control,0.0,1,335,0.6149253731343284,5.0,"### Explanation of the Statement in Simple Terms
This statement is about how certain systems can sud..."
2025-11-23T00:48:41.864642,Control,0.0,1,292,0.6712328767123288,9.0,"### Explanation of the Statement:

1. **Simple Terms:**
   - Imagine a system (like water turning to..."
2025-11-23T00:50:16.544295,Control,0.0,1,285,0.6,8.0,"### Explanation of the Statement:

1. **Simple Terms:**
   - Threshold systems are like a seesaw whe..."
2025-11-23T00:51:53.529260,Control,0.0,1,300,0.64,8.0,"### Explanation

1. **Simple Terms:**
   - A *threshold system* is a system where changes occur sudd..."
2025-11-23T00:53:19.646208,Control,0.0,1,282,0.7304964539007093,9.0,"### Explanation of the Statement

**Simple Terms:**
Imagine a system (like a weather pattern or a po..."
2025-11-23T00:55:11.496649,Control,0.0,1,344,0.6395348837209303,9.0,"### Explanation of the Statement:

1. **Simple Terms:**
   - A threshold system is a type of system ..."
2025-11-23T00:56:46.659447,Control,0.0,1,319,0.64576802507837,5.0,"### Explanation in Simple Terms:
Imagine a system where small changes can suddenly lead to big effec..."
2025-11-23T00:58:37.823708,Control,0.0,1,373,0.6112600536193029,8.0,"### Explanation of the Statement:

1. **Simple Terms:**
   - A ""threshold system"" is a type of syste..."
2025-11-23T01:00:08.649679,Control,0.0,1,211,0.7203791469194313,9.0,"### Explanation in Simple Terms:

This statement is about how certain systems can undergo sudden cha..."
2025-11-23T01:01:54.549752,Control,0.0,1,165,0.6848484848484848,8.0,"### Explanation of the Statement:

1. **Simple Terms:**
   - Imagine a system where something change..."
2025-11-23T01:03:30.818528,Control,0.0,1,313,0.6421725239616614,8.0,"### Explanation of the Statement:

1. **Simple Terms:**
   - A ""threshold system"" is a type of syste..."
2025-11-23T01:05:20.820790,Control,0.0,1,365,0.6383561643835617,8.0,"### Explanation of the Statement in Simple Terms:

This statement describes a concept where systems ..."
2025-11-23T01:07:01.011055,Control,0.0,1,318,0.6132075471698113,9.0,"### Explanation of the Statement:

1. **Simple Terms:**
   - A ""threshold system"" is a type of syste..."
2025-11-23T01:10:27.276208,Control,0.0,1,275,0.6727272727272727,8.0,"### Explanation in Simple Terms:

Imagine a system as a seesaw where the balance point is when R (a ..."
2025-11-23T01:12:06.905532,Control,0.0,1,334,0.6437125748502994,8.0,"### Explanation of the Statement in Simple Terms
Threshold systems are like a seesaw where small cha..."
2025-11-23T01:13:52.640789,Control,0.0,1,340,0.6029411764705882,8.0,"### Explanation in Simple Terms

This statement describes a concept where systems can change their b..."
2025-11-23T01:17:21.259461,Control,0.0,1,287,0.6515679442508711,5.0,"### Explanation of the Statement in Simple Terms

This statement is about how certain systems can su..."
2025-11-23T01:19:08.439927,Control,0.0,1,325,0.6215384615384615,8.0,"### Explanation in Simple Terms

This statement refers to how certain systems or processes can abrup..."
2025-11-23T01:21:00.250055,Control,0.0,1,360,0.5944444444444444,8.0,"### Explanation:
1. **Simple Terms:**
   - Imagine a system like a snowfield on a mountain slope. Th..."
2025-11-23T01:22:43.951039,Control,0.0,1,276,0.6304347826086957,9.0,"### Explanation in Simple Terms

This statement refers to how systems can change suddenly when a cer..."
2025-11-23T01:24:09.130631,Control,0.0,1,236,0.7161016949152542,9.0,"### Explanation of the Statement in Simple Terms:

This statement describes a phenomenon seen in var..."
2025-11-23T01:25:43.304434,Control,0.0,1,290,0.6551724137931034,8.0,"### Explanation in Simple Terms:

Think of a threshold system as something that changes suddenly whe..."
2025-11-23T01:27:03.398212,Control,0.0,1,244,0.6639344262295082,9.0,"### Explanation of the Statement in Simple Terms

This statement describes a phenomenon where system..."
2025-11-23T01:28:57.639673,Control,0.0,1,362,0.5994475138121547,9.0,"### Explanation of the Statement:

1. **Simple Terms:**
   - A **threshold system** is a type of sys..."
2025-11-23T01:30:31.679850,Control,0.0,1,304,0.6282894736842105,8.0,"### Explanation in Simple Terms:

Imagine a system where something changes dramatically when a certa..."
2025-11-23T01:32:27.338522,Control,0.0,1,349,0.6389684813753582,9.0,"### Analysis of the Statement:

**Explanation:**
The statement refers to a type of system called ""th..."
2025-11-23T01:34:00.493269,Control,0.0,1,289,0.7024221453287197,8.0,"### Explanation:
1. **Simple Terms:**
   - The statement describes how systems can suddenly change t..."
2025-11-23T01:35:43.473374,Control,0.0,1,319,0.6394984326018809,9.0,"### Explanation of the Statement in Simple Terms

This statement explains how certain systems can un..."
2025-11-23T01:37:20.305546,Control,0.0,1,323,0.631578947368421,5.0,"### Explanation in Simple Terms:

Threshold systems are like a seesaw where the balance point (or th..."
2025-11-23T01:38:44.455362,Control,0.0,1,274,0.6678832116788321,8.0,"### Explanation in Simple Terms

This statement refers to how certain systems can suddenly change th..."
2025-11-23T01:40:33.623685,Control,0.0,1,350,0.6057142857142858,9.0,"### Explanation of the Statement:

1. **Simple Terms:**
   - Think of a threshold system as a situat..."
2025-11-23T01:42:27.464334,Control,0.0,1,356,0.5758426966292135,8.0,"### Explanation of the Statement in Simple Terms

The statement describes how systems can undergo su..."
2025-11-23T01:43:52.483338,Control,0.0,1,257,0.669260700389105,5.0,"### Explanation in Simple Terms:

This statement is about how certain systems can suddenly change th..."
2025-11-23T01:45:31.917855,Control,0.0,1,322,0.6118012422360248,8.0,"### Explanation in Simple Terms:
Imagine a system like a cup of coffee. If the temperature (order pa..."
2025-11-23T01:47:11.520934,Control,0.0,1,331,0.6012084592145015,8.0,"### Explanation in Simple Terms
This statement is about how certain systems can suddenly change thei..."
2025-11-23T01:48:40.299829,Control,0.0,1,276,0.6485507246376812,8.0,"### Explanation of the Statement
1. **Simple Terms:**
   - A ""threshold system"" refers to a situatio..."
2025-11-23T01:50:03.106575,Control,0.0,1,279,0.6379928315412187,8.0,"### Explanation in Simple Terms:

Imagine a system where something gradually changes until a certain..."
2025-11-23T01:51:54.320023,Control,0.0,1,333,0.6456456456456456,8.0,"### Explanation of the Statement in Simple Terms:

This statement is about how systems can change dr..."
2025-11-23T01:53:30.865152,Control,0.0,1,321,0.6230529595015576,9.0,"### Explanation of the Statement in Simple Terms

This statement refers to a type of system that can..."
2025-11-23T01:55:01.508638,Control,0.0,1,290,0.6448275862068965,8.0,"### Explanation in Simple Terms
This statement describes a phenomenon where certain systems or proce..."
2025-11-23T01:56:41.303429,Control,0.0,1,279,0.6129032258064516,8.0,"### Explanation of the Statement

1. **Simple Terms:**
   - A ""threshold system"" is a type of system..."
2025-11-23T01:58:13.931312,Control,0.0,1,300,0.6566666666666666,9.0,"### Explanation of the Statement in Simple Terms:

This statement is about how certain systems can s..."
2025-11-23T01:59:57.341986,Control,0.0,1,277,0.5884476534296029,9.0,"### Explanation of the Statement in Simple Terms

This statement refers to a type of system known as..."
2025-11-23T02:01:22.900390,Control,0.0,1,244,0.680327868852459,8.0,"### Explanation in Simple Terms
This statement is about systems where a small change can lead to a b..."
2025-11-23T02:03:13.271228,Control,0.0,1,331,0.6102719033232629,8.0,"### Explanation in Simple Terms:

This statement describes how some systems can change dramatically ..."
2025-11-23T02:04:59.088770,Control,0.0,1,341,0.6217008797653959,8.0,"### Explanation of Threshold Systems and Critical Transitions

1. **Simple Terms:**
   - Imagine a s..."
2025-11-23T02:06:50.621689,Control,0.0,1,361,0.5789473684210527,9.0,"### Explanation of the Statement:

1. **Explanation in Simple Terms:**
   - Imagine a system (like w..."
2025-11-23T02:10:28.725528,Control,0.0,1,249,0.6385542168674698,9.0,"### Explanation of the Statement:

1. **Simple Terms:**
   - A ""threshold system"" is a type of syste..."
2025-11-23T02:12:20.546233,Control,0.0,1,199,0.6331658291457286,8.0,"### Explanation of the Statement

1. **Simple Terms:**
   - **Threshold Systems:** These are systems..."
2025-11-23T02:14:11.090929,Control,0.0,1,278,0.6798561151079137,8.0,"### Explanation of the Statement in Simple Terms:

This statement is about how certain systems can c..."
2025-11-23T02:17:53.689281,Control,0.0,1,308,0.672077922077922,5.0,"1. **Explanation in Simple Terms:**
   Threshold systems are like a see-saw where the balance shifts..."
2025-11-23T02:21:34.002433,Control,0.0,1,285,0.6140350877192983,8.0,"### Explanation of the Statement in Simple Terms:

This statement is about how certain systems can c..."
2025-11-23T02:23:10.784863,Control,0.0,1,317,0.637223974763407,8.0,"### Explanation in Simple Terms

This statement describes a type of system where the behavior change..."
2025-11-23T02:24:39.051743,Control,0.0,1,284,0.6584507042253521,5.0,"1. **Explanation in Simple Terms:**
   - Imagine a system where something changes dramatically when ..."
2025-11-23T02:26:16.370786,Control,0.0,1,311,0.5755627009646302,8.0,"### Explanation of the Statement

1. **Simple Terms:**
   - Imagine a system (like a river or an eco..."
2025-11-23T02:28:07.681636,Control,0.0,1,339,0.5899705014749262,8.0,"### Explanation of the Statement:

1. **Explanation:**
   - A ""threshold system"" is a type of system..."
2025-11-23T02:29:55.773241,Control,0.0,1,336,0.6398809523809523,9.0,"### Explanation of the Statement:

1. **Simple Terms:**
   - Imagine a system where something happen..."
2025-11-23T02:31:31.625802,Control,0.0,1,297,0.5824915824915825,8.0,"### Explanation of the Statement:

1. **Explanation:**
   - A threshold system is a type of system w..."
2025-11-23T02:33:13.511121,Control,0.0,1,275,0.6472727272727272,8.0,"### Explanation in Simple Terms:

This statement describes how certain systems can suddenly change b..."
2025-11-23T02:34:48.409230,Control,0.0,1,314,0.6273885350318471,9.0,"### Explanation of the Statement in Simple Terms:

This statement is talking about how certain syste..."
2025-11-23T02:36:18.769477,Control,0.0,1,283,0.6183745583038869,8.0,"### Explanation of the Statement

1. **Simple Terms:**
   - A ""threshold system"" is a type of system..."
2025-11-23T02:37:58.832785,Control,0.0,1,300,0.6433333333333333,8.0,"### Explanation in Simple Terms
This statement is about how certain systems can change dramatically ..."
2025-11-23T02:39:38.062223,Control,0.0,1,316,0.5886075949367089,8.0,"### Explanation of the Statement:

1. **Simple Terms:**
   - Imagine a system (like a climate model ..."
2025-11-23T02:41:21.786398,Control,0.0,1,332,0.6686746987951807,8.0,"### Explanation of the Statement in Simple Terms
The statement is about how systems can suddenly cha..."
2025-11-23T02:43:02.838925,Control,0.0,1,304,0.6644736842105263,8.0,"### Explanation in Simple Terms
Imagine a system where things can change suddenly when something rea..."
2025-11-23T02:44:24.071878,Control,0.0,1,275,0.6509090909090909,9.0,"### Explanation in Simple Terms
This statement refers to a type of system where changes are gradual ..."
2025-11-23T02:46:13.921378,Control,0.0,1,344,0.6046511627906976,8.0,"### Explanation of the Statement in Simple Terms

This statement refers to a type of system (thresho..."
2025-11-23T02:49:40.794264,Control,0.0,1,242,0.6818181818181818,5.0,"### Explanation in Simple Terms
This statement refers to how certain systems undergo significant cha..."
2025-11-23T02:51:29.196150,Control,0.0,1,331,0.6283987915407855,8.0,"### Analysis of the Statement:

**1. Simple Explanation:**
Imagine a system where something importan..."
2025-11-23T02:52:56.642734,Control,0.0,1,295,0.6711864406779661,8.0,"### Explanation in Simple Terms
This statement is about how certain systems can suddenly change thei..."
2025-11-23T02:54:42.859831,Control,0.0,1,348,0.6120689655172413,8.0,"### Explanation of the Statement in Simple Terms

The statement is about how certain systems can und..."
2025-11-23T02:56:24.621425,Control,0.0,1,326,0.647239263803681,9.0,"### Explanation of the Statement:

1. **Simple Terms:**
   - A ""threshold system"" is a system where ..."
2025-11-23T02:57:47.870548,Control,0.0,1,142,0.704225352112676,9.0,"### Explanation of the Statement in Simple Terms:

This statement is about how certain systems can s..."
2025-11-23T02:59:17.427480,Control,0.0,1,276,0.6956521739130435,9.0,"### Explanation of the Statement

**1. Simple Terms:**
Imagine a system (like a weather pattern or a..."
2025-11-23T03:01:05.726100,Control,0.0,1,350,0.6342857142857142,8.0,"### Explanation of the Statement in Simple Terms:

This statement is about systems where certain con..."
2025-11-23T03:02:32.986884,Control,0.0,1,282,0.5780141843971631,8.0,"### Explanation:

1. **In Simple Terms:**
   - A threshold system is a type of system where a sudden..."
2025-11-23T03:04:15.681022,Control,0.0,1,325,0.6246153846153846,8.0,"### Explanation in Simple Terms
This statement describes how certain systems can suddenly change the..."
2025-11-23T03:06:05.125389,Control,0.0,1,348,0.617816091954023,9.0,"### Explanation of the Statement in Simple Terms:

Imagine you have a system that can exist in two s..."
2025-11-23T03:07:43.503977,Control,0.0,1,302,0.6324503311258278,8.0,"### Explanation in Simple Terms:

Imagine a system (like a group of people or a weather pattern) whe..."
2025-11-23T03:09:28.543907,Control,0.0,1,323,0.6780185758513931,9.0,"### Explanation of the Statement in Simple Terms
The statement describes how some systems (like ecos..."
2025-11-23T03:11:16.555000,Control,0.0,1,359,0.6128133704735376,8.0,"1. **Explanation in Simple Terms:**
   - Imagine a system like water gradually heating up until it s..."
2025-11-23T03:12:39.365600,Control,0.0,1,267,0.700374531835206,8.0,"### Explanation in Simple Terms
This statement is about how certain systems can suddenly change beha..."
2025-11-23T03:14:11.224938,Control,0.0,1,259,0.7297297297297297,9.0,"### Explanation of the Statement:

1. **Simple Terms:**
   - Imagine a system where things change ab..."
2025-11-23T03:16:09.876437,Control,0.0,1,383,0.6161879895561357,8.0,"### Explanation of the Statement:

1. **Simple Explanation:**
   - Imagine a system (like a weather ..."
2025-11-23T03:17:46.115226,Control,0.0,1,314,0.6719745222929936,9.0,"### Explanation of the Statement in Simple Terms

This statement describes a phenomenon found in var..."
2025-11-23T03:19:11.094658,Control,0.0,1,270,0.6370370370370371,9.0,"### Explanation of the Statement:

1. **Simple Terms:**
   - A ""threshold system"" is a type of syste..."
2025-11-23T03:20:45.493539,Control,0.0,1,276,0.6086956521739131,8.0,"### Explanation of the Statement in Simple Terms:

This statement is about how systems can suddenly ..."
2025-11-23T03:22:24.189885,Control,0.0,1,312,0.6442307692307693,5.0,"### Explanation of the Statement:

1. **Simple Terms:**
   The statement is about a special kind of ..."
2025-11-23T03:23:54.399483,Control,0.0,1,230,0.7391304347826086,8.0,"### Explanation in Simple Terms:

This statement is about how certain systems can suddenly change th..."
2025-11-23T03:25:38.703477,Control,0.0,1,349,0.5931232091690545,9.0,"### Explanation in Simple Terms:

Imagine a system like a snow-covered mountain. The order parameter..."
2025-11-23T03:27:02.508570,Control,0.0,1,277,0.6931407942238267,8.0,"### Explanation in Simple Terms:

This statement is describing a phenomenon where systems can sudden..."
2025-11-23T03:28:29.968255,Control,0.0,1,236,0.6822033898305084,8.0,"### Explanation in Simple Terms

This statement is about how certain systems can suddenly change the..."
2025-11-23T03:30:27.090250,Control,0.0,1,392,0.5918367346938775,9.0,"### Explanation of the Statement in Simple Terms:

This statement is about systems that change drama..."
2025-11-23T03:31:45.337226,Control,0.0,1,172,0.7616279069767442,8.0,"### Explanation of the Statement

1. **Simple Terms:**
   - Imagine a system where something signifi..."
2025-11-23T03:33:27.205129,Control,0.0,1,337,0.6320474777448071,8.0,"### Explanation of the Statement in Simple Terms:

This statement is about a type of system where so..."
2025-11-23T03:35:10.549700,Control,0.0,1,318,0.6320754716981132,8.0,"### Explanation of the Statement

1. **Simple Terms:**
   - Threshold systems are like a tipping poi..."
2025-11-23T03:36:46.474879,Control,0.0,1,315,0.6222222222222222,8.0,"### Explanation in Simple Terms:

Imagine a system where small changes can suddenly lead to big shif..."
2025-11-23T03:38:17.532965,Control,0.0,1,287,0.6445993031358885,8.0,"### Explanation in Simple Terms
This statement describes how certain systems can suddenly change the..."
2025-11-23T03:39:57.657259,Control,0.0,1,327,0.636085626911315,8.0,"### Explanation in Simple Terms
This statement refers to how certain systems can suddenly change the..."
2025-11-23T03:41:31.426219,Control,0.0,1,266,0.6466165413533834,8.0,"### Explanation of the Statement:

1. **Simple Terms:**
   - A threshold system is a type of system ..."
2025-11-23T03:43:06.776332,Control,0.0,1,288,0.6770833333333334,8.0,"### Explanation in Simple Terms:

This statement is about how certain systems can suddenly change th..."
2025-11-23T03:46:36.314028,Control,0.0,1,265,0.6264150943396226,8.0,"### Explanation in Simple Terms:

In simple terms, the statement is about how systems can suddenly c..."
2025-11-23T03:48:08.359343,Control,0.0,1,310,0.6548387096774193,8.0,"### Explanation of the Statement in Simple Terms:

This statement describes a phenomenon where syste..."
2025-11-23T03:49:42.904894,Control,0.0,1,306,0.6176470588235294,8.0,"### Explanation in Simple Terms
This statement is about how systems can suddenly change their behavi..."
2025-11-23T03:51:25.958666,Control,0.0,1,145,0.6620689655172414,8.0,"### Explanation of the Statement:

1. **Simple Terms:**
   - ""Threshold systems"" are those where a s..."
2025-11-23T03:53:10.284553,Control,0.0,1,349,0.5959885386819485,8.0,"### Explanation in Simple Terms:

This statement is about systems where a change occurs suddenly whe..."
2025-11-23T03:54:59.840308,Control,0.0,1,345,0.6115942028985507,8.0,"### Explanation of the Statement:

1. **Explanation:**
   - In threshold systems, there's a specific..."
2025-11-23T03:58:42.034699,Control,0.0,1,305,0.6557377049180327,9.0,"### Explanation of the Statement:

1. **Simple Terms:**
   - A **threshold system** is a type of sys..."
2025-11-23T04:00:16.791844,Control,0.0,1,318,0.6761006289308176,5.0,"### Explanation in Simple Terms:
This statement describes how certain systems can suddenly change th..."
2025-11-23T04:06:04.825409,Control,0.0,1,352,0.6505681818181818,9.0,"### Explanation in Simple Terms
This statement is about systems that can suddenly change their behav..."
2025-11-23T04:07:45.339969,Control,0.0,1,309,0.6343042071197411,8.0,"### Explanation in Simple Terms:

1. **Explanation:**
   - Imagine a system like water gradually hea..."
2025-11-23T04:09:23.145620,Control,0.0,1,308,0.6590909090909091,9.0,"### Explanation of the Statement:

1. **Simple Terms:**
   - A ""threshold system"" refers to a situat..."
2025-11-23T04:11:11.336671,Control,0.0,1,351,0.6353276353276354,8.0,"### Explanation in Simple Terms:

A threshold system is like a seesaw where the balance point (θ) ch..."
2025-11-23T04:12:47.119085,Control,0.0,1,281,0.6227758007117438,8.0,"### Explanation:

1. **Simple Terms:**
   - A ""threshold system"" is a type of system where significa..."
2025-11-23T04:14:36.645323,Control,0.0,1,347,0.6340057636887608,8.0,"### Explanation of the Statement in Simple Terms:

The statement describes a phenomenon where system..."
2025-11-23T04:16:33.269866,Control,0.0,1,366,0.6284153005464481,9.0,"### Explanation of the Statement in Simple Terms

1. **Explanation:**
   - Imagine a system (like we..."
2025-11-23T04:18:02.462231,Control,0.0,1,233,0.703862660944206,9.0,"### Explanation of the Statement:

1. **Simple Terms:**
   - Imagine a system where something change..."
2025-11-23T04:19:35.871062,Control,0.0,1,268,0.6828358208955224,9.0,"### Explanation in Simple Terms
This statement describes how certain systems can suddenly change the..."
2025-11-23T04:21:04.927760,Control,0.0,1,235,0.7191489361702128,9.0,"### Explanation of the Statement:

1. **Simple Terms:**
   - Imagine a system like a river gradually..."
2025-11-23T04:22:42.203302,Control,0.0,1,322,0.6490683229813664,8.0,"### Explanation in Simple Terms

This statement describes how certain systems change abruptly when a..."
2025-11-23T04:24:22.408712,Control,0.0,1,325,0.683076923076923,8.0,"### Explanation in Simple Terms
This statement describes how certain systems change dramatically whe..."
2025-11-23T04:25:42.397140,Control,0.0,1,260,0.6230769230769231,8.0,"### Simple Explanation
This statement describes how certain systems can undergo sudden changes when ..."
2025-11-23T04:27:13.826483,Control,0.0,1,294,0.673469387755102,8.0,"### Explanation of the Statement in Simple Terms:

This statement is about systems where a change ha..."
2025-11-23T04:29:13.349333,Placebo,1.0,1,342,0.6257309941520468,5.0,"### Detailed Analysis of the Statement

#### 1. Explanation in Simple Terms:
Imagine a system where ..."
2025-11-23T04:30:58.387164,Placebo,1.0,1,243,0.6831275720164609,9.0,"### Explanation in Simple Terms:
Threshold systems are like a seesaw where the balance is maintained..."
2025-11-23T04:32:53.738671,Placebo,1.0,1,378,0.5952380952380952,8.0,"### Explanation in Simple Terms
The statement is about how certain systems can suddenly change their..."
2025-11-23T04:36:34.771973,Placebo,1.0,1,332,0.6295180722891566,9.0,"### Explanation in Simple Terms
Threshold systems are like a switch that turns on or off when someth..."
2025-11-23T04:38:28.247568,Placebo,1.0,1,140,0.6571428571428571,9.0,"### Explanation of the Statement

1. **Simple Terms:**
   Threshold systems are like a seesaw that t..."
2025-11-23T04:40:15.271309,Placebo,1.0,1,348,0.6408045977011494,5.0,"### Explanation in Simple Terms

This statement is about how certain systems change abruptly when th..."
2025-11-23T04:42:00.226624,Placebo,1.0,1,350,0.6171428571428571,9.0,"### 1. Explanation in Simple Terms
This statement refers to how certain systems can suddenly change ..."
2025-11-23T04:43:37.679342,Placebo,1.0,1,323,0.6408668730650154,9.0,"### Explanation in Simple Terms
This statement refers to how certain systems can suddenly change the..."
2025-11-23T04:45:34.343258,Placebo,1.0,1,342,0.5964912280701754,10.0,"### Explanation in Simple Terms
Imagine a system like a lake where the water level can rise or fall ..."
2025-11-23T04:49:03.928384,Placebo,1.0,1,224,0.7098214285714286,9.0,"### Explanation in Simple Terms
Threshold systems are like a seesaw: when the weight on one side (re..."
2025-11-23T04:50:46.733456,Placebo,1.0,1,336,0.6190476190476191,9.0,"### Explanation in Simple Terms
This statement is about how certain systems can suddenly change beha..."
2025-11-23T04:52:31.571478,Placebo,1.0,1,285,0.6035087719298246,9.0,"### Explanation in Simple Terms

This statement is about systems where a significant change occurs w..."
2025-11-23T04:54:27.800250,Placebo,1.0,1,362,0.5883977900552486,9.0,"### Explanation in Simple Terms:

Threshold systems are like a light switch: until you reach a certa..."
2025-11-23T04:56:01.741020,Placebo,1.0,1,285,0.6140350877192983,8.0,"### Explanation in Simple Terms

Threshold systems are like a switch that turns on or off when a cer..."
2025-11-23T04:57:58.725969,Placebo,1.0,1,279,0.5878136200716846,9.0,"### Explanation in Simple Terms
Threshold systems are like a switch that turns on or off when someth..."
2025-11-23T05:01:54.704444,Placebo,1.0,1,382,0.599476439790576,9.0,"### 1. Explanation in Simple Terms
This statement is about how certain systems can suddenly change t..."
2025-11-23T05:03:35.424374,Placebo,1.0,1,304,0.6546052631578947,9.0,"### Explanation in Simple Terms
Threshold systems are like a seesaw: when a certain point is reached..."
2025-11-23T05:05:31.205956,Placebo,1.0,1,321,0.6510903426791277,9.0,"### Explanation in Simple Terms:

This statement refers to a concept where systems undergo sudden ch..."
2025-11-23T05:07:08.736676,Placebo,1.0,1,328,0.6463414634146342,5.0,"### Explanation in Simple Terms:

Imagine a system where things change suddenly when a certain condi..."
2025-11-23T05:08:50.433535,Placebo,1.0,1,337,0.5667655786350149,9.0,"### Explanation in Simple Terms:

A threshold system is a type of system where the behavior changes ..."
2025-11-23T05:12:51.522781,Placebo,1.0,1,389,0.570694087403599,9.0,"### Explanation in Simple Terms:

This statement refers to how some systems change their behavior dr..."
2025-11-23T05:14:27.354201,Placebo,1.0,1,260,0.6692307692307692,9.0,"### Analysis of the Statement:

#### 1. Explanation in Simple Terms:
Threshold systems are like a li..."
2025-11-23T05:18:18.238984,Placebo,1.0,1,339,0.616519174041298,8.0,"### Explanation in Simple Terms
Threshold systems are like a seesaw (or tipping point) where small c..."
2025-11-23T05:21:59.298167,Placebo,1.0,1,314,0.5605095541401274,10.0,"### Explanation in Simple Terms

This statement is about how certain systems can change dramatically..."
2025-11-23T05:23:22.463464,Placebo,1.0,1,269,0.7026022304832714,9.0,"### Explanation in Simple Terms
This statement refers to a type of system where the behavior changes..."
2025-11-23T05:25:19.980798,Placebo,1.0,1,395,0.5822784810126582,9.0,"### Explanation in Simple Terms
Threshold systems are situations where a small change can lead to a ..."
2025-11-23T08:31:31.690119,Placebo,1.0,1,300,0.6766666666666666,9.0,"### 1. Explanation in Simple Terms

Threshold systems are like switches that turn on or off based on..."
2025-11-23T08:33:25.978275,Placebo,1.0,1,338,0.6242603550295858,8.0,"### Explanation in Simple Terms
Threshold systems are like switches that suddenly turn on or off whe..."
2025-11-23T08:35:10.533642,Placebo,1.0,1,330,0.5878787878787879,9.0,"### Explanation in Simple Terms

Threshold systems are like a seesaw. Imagine you have a seesaw with..."
2025-11-23T08:37:00.850607,Placebo,1.0,1,345,0.591304347826087,8.0,"### Explanation in Simple Terms
This statement is about how some systems can suddenly change their b..."
2025-11-23T08:38:49.498123,Placebo,1.0,1,346,0.6184971098265896,8.0,"### Explanation in Simple Terms

This statement is about how certain systems can change very suddenl..."
2025-11-23T08:40:36.738586,Placebo,1.0,1,262,0.6374045801526718,9.0,"### Explanation in Simple Terms
Threshold systems are like a seesaw that tips suddenly when the weig..."
2025-11-23T08:42:37.460775,Placebo,1.0,1,393,0.5903307888040712,5.0,"### Explanation in Simple Terms:

Threshold systems are like a switch that flips when a certain amou..."
2025-11-23T08:46:08.416358,Placebo,1.0,1,300,0.6466666666666666,9.0,"### Explanation in Simple Terms

Threshold systems are like a seesaw where the balance point is dete..."
2025-11-23T08:47:53.061106,Placebo,1.0,1,341,0.5718475073313783,9.0,"### Explanation in Simple Terms
Threshold systems are like a seesaw where the order parameter \( R \..."
2025-11-23T08:51:34.745964,Placebo,1.0,1,279,0.6200716845878136,5.0,"### 1. Explanation in Simple Terms:

Threshold systems are like a see-saw where the balance shifts s..."
2025-11-23T08:53:33.966126,Placebo,1.0,1,374,0.5855614973262032,9.0,"### Explanation in Simple Terms

Imagine a system where something changes dramatically when a certai..."
2025-11-23T08:55:05.298316,Placebo,1.0,1,132,0.7045454545454546,9.0,"### Explanation in Simple Terms

This statement is about how certain systems can change abruptly whe..."
2025-11-23T08:56:46.059041,Placebo,1.0,1,328,0.6646341463414634,9.0,"### Explanation in Simple Terms

This statement refers to how certain systems can undergo sudden cha..."
2025-11-23T08:58:43.296071,Placebo,1.0,1,373,0.5603217158176944,9.0,"### Explanation in Simple Terms

This statement is about how certain systems can suddenly change the..."
2025-11-23T09:00:11.128739,Placebo,1.0,1,273,0.6043956043956044,10.0,"### Explanation in Simple Terms
Threshold systems are like a lever: when you push it just right (cro..."
2025-11-23T09:01:58.018433,Placebo,1.0,1,338,0.621301775147929,9.0,"### Explanation in Simple Terms
Threshold systems are like a seesaw where the balance is determined ..."
2025-11-23T09:03:22.446364,Placebo,1.0,1,231,0.670995670995671,9.0,"### Explanation in Simple Terms:

This statement is about how certain systems can suddenly change th..."
2025-11-23T09:05:23.289728,Placebo,1.0,1,411,0.6009732360097324,9.0,"### Explanation in Simple Terms
Imagine a system that changes its behavior suddenly when a certain c..."
2025-11-23T09:07:14.910879,Placebo,1.0,1,355,0.6338028169014085,9.0,"### Explanation in Simple Terms
Threshold systems are like a seesaw where the balance point changes ..."
2025-11-23T09:09:14.690687,Placebo,1.0,1,325,0.5876923076923077,9.0,"### 1. Explanation in Simple Terms

The statement describes a phenomenon where systems can suddenly ..."
2025-11-23T09:10:52.916867,Placebo,1.0,1,302,0.6026490066225165,8.0,"### Explanation in Simple Terms:
Threshold systems are like a seesaw where the order parameter R act..."
2025-11-23T09:12:45.634012,Placebo,1.0,1,367,0.55858310626703,8.0,"### Explanation in Simple Terms
Threshold systems are like a seesaw where, when one side gets to a c..."
2025-11-23T09:14:25.289475,Placebo,1.0,1,302,0.6291390728476821,9.0,"### Explanation in Simple Terms

Threshold systems are like a switch that turns on or off based on t..."
2025-11-23T09:16:09.530955,Placebo,1.0,1,287,0.5993031358885017,10.0,"### Explanation in Simple Terms

This statement is about **threshold systems**, which are systems th..."
2025-11-23T09:17:55.918004,Placebo,1.0,1,339,0.6224188790560472,9.0,"### Explanation in Simple Terms

This statement is about how certain systems can change suddenly whe..."
2025-11-23T09:19:45.698043,Placebo,1.0,1,309,0.6440129449838188,9.0,"### Explanation in Simple Terms
This statement is about how certain systems can suddenly change thei..."
2025-11-23T09:21:23.809416,Placebo,1.0,1,146,0.6917808219178082,10.0,"### Analysis of the Statement

1. **Explanation in Simple Terms:**
   Threshold systems are like a s..."
2025-11-23T09:23:09.813449,Placebo,1.0,1,338,0.6272189349112426,5.0,"### Explanation in Simple Terms

This statement is about how certain systems can suddenly change the..."
2025-11-23T09:24:58.500925,Placebo,1.0,1,340,0.6088235294117647,9.0,"### Explanation in Simple Terms
Threshold systems are like a seesaw where the position of one side (..."
2025-11-23T09:26:41.609294,Placebo,1.0,1,333,0.5825825825825826,8.0,"### 1. Explanation in Simple Terms
Threshold systems are like a switch that turns on or off based on..."
2025-11-23T09:28:40.213217,Placebo,1.0,1,371,0.5929919137466307,9.0,"### Explanation in Simple Terms
Threshold systems are like a switch where things change suddenly whe..."
2025-11-23T09:30:28.729081,Placebo,1.0,1,343,0.641399416909621,9.0,"### Explanation in Simple Terms

This statement refers to how certain systems can suddenly change th..."
2025-11-23T09:31:54.709438,Placebo,1.0,1,239,0.7112970711297071,8.0,"### Explanation in Simple Terms

1. **Explanation:**
   - Imagine a system where things change sudde..."
2025-11-23T09:35:44.226605,Placebo,1.0,1,336,0.6101190476190477,9.0,"### Explanation:
1. **Simple Terms:**
   - A threshold system is a type of system where the behavior..."
2025-11-23T09:37:25.246564,Placebo,1.0,1,303,0.6303630363036303,8.0,"### Explanation in Simple Terms
Threshold systems are like a seesaw that tips over when the weight o..."
2025-11-23T09:41:15.060477,Placebo,1.0,1,355,0.6084507042253521,9.0,"### Explanation in Simple Terms

Threshold systems are like a seesaw: when the weight (order paramet..."
2025-11-23T09:47:06.840083,Placebo,1.0,1,314,0.6656050955414012,9.0,"### Explanation in Simple Terms:

Imagine a system that behaves differently depending on how much of..."
2025-11-23T09:50:59.109384,Placebo,1.0,1,246,0.6300813008130082,8.0,"### Explanation in Simple Terms

Threshold systems are like a seesaw where the behavior changes dras..."
2025-11-23T09:56:24.884519,Placebo,1.0,1,264,0.6931818181818182,9.0,"### Explanation in Simple Terms

Imagine a system where something changes abruptly when a certain co..."
2025-11-23T09:58:18.545972,Placebo,1.0,1,292,0.613013698630137,8.0,"### Explanation in Simple Terms
Threshold systems are like a tipping point where something suddenly ..."
2025-11-23T09:59:57.421942,Placebo,1.0,1,301,0.6478405315614618,9.0,"### 1. Explanation in Simple Terms

Threshold systems are like a seesaw where the order parameter R ..."
2025-11-23T10:01:49.576082,Placebo,1.0,1,366,0.6256830601092896,9.0,"### Explanation in Simple Terms
This statement describes how certain systems can suddenly change the..."
2025-11-23T10:03:30.036928,Placebo,1.0,1,308,0.5974025974025974,9.0,"### Explanation in Simple Terms

This statement describes a phenomenon where systems go through sudd..."
2025-11-23T10:09:19.334171,Placebo,1.0,1,144,0.6736111111111112,9.0,"### Explanation in Simple Terms
Imagine a system that can exist in two states—like water being eithe..."
2025-11-23T10:11:19.873707,Placebo,1.0,1,370,0.5513513513513514,9.0,"### Explanation of the Statement in Simple Terms

This statement refers to how systems can suddenly ..."
2025-11-23T10:12:57.076795,Placebo,1.0,1,315,0.6317460317460317,9.0,"### Explanation in Simple Terms

This statement is about how certain systems can suddenly change the..."
2025-11-23T10:14:49.378469,Placebo,1.0,1,376,0.6196808510638298,9.0,"### Explanation in Simple Terms:

Threshold systems are like a seesaw where the balance point (the t..."
2025-11-23T10:16:41.235589,Placebo,1.0,1,359,0.6323119777158774,9.0,"### Explanation in Simple Terms
Threshold systems are situations where a small change can lead to a ..."
2025-11-23T10:18:37.986390,Placebo,1.0,1,368,0.5706521739130435,9.0,"### 1. Explanation in Simple Terms
This statement is about how certain systems can suddenly change t..."
2025-11-23T10:20:32.047403,Placebo,1.0,1,359,0.5933147632311978,9.0,"### Explanation in Simple Terms
This statement is about systems where a sudden change occurs when so..."
2025-11-23T10:24:22.637463,Placebo,1.0,1,331,0.6616314199395771,8.0,"### Analysis of the Statement:

1. **Explanation in Simple Terms:**
   - Threshold systems are like ..."
2025-11-23T10:25:55.492359,Placebo,1.0,1,276,0.6630434782608695,10.0,"### Explanation in Simple Terms

Threshold systems are like a switch where something happens abruptl..."
2025-11-23T10:29:26.063660,Placebo,1.0,1,298,0.6610738255033557,9.0,"### Explanation in Simple Terms:

Threshold systems are like a light switch or a tipping point where..."
2025-11-23T10:31:21.667135,Placebo,1.0,1,362,0.5828729281767956,9.0,"### Explanation in Simple Terms

Threshold systems are like a seesaw where the balance point (thresh..."
2025-11-23T10:33:17.552162,Placebo,1.0,1,348,0.5919540229885057,9.0,"### Explanation in Simple Terms

Threshold systems are like a seesaw where the balance point (thresh..."
2025-11-23T10:35:04.492034,Placebo,1.0,1,309,0.627831715210356,9.0,"### Explanation in Simple Terms
Threshold systems are like switches that turn on or off based on cer..."
2025-11-23T10:36:51.809557,Placebo,1.0,1,358,0.5921787709497207,9.0,"### Explanation in Simple Terms
Threshold systems are like a seesaw where the weight of information ..."
2025-11-23T10:38:36.779624,Placebo,1.0,1,335,0.6417910447761194,9.0,"### Analysis of the Statement:

1. **Explanation in Simple Terms:**
   This statement refers to how ..."
2025-11-23T10:40:13.003053,Placebo,1.0,1,269,0.6431226765799256,9.0,"### Explanation in Simple Terms
Threshold systems are like a switch that turns on or off when someth..."
2025-11-23T10:41:52.230121,Placebo,1.0,1,320,0.6125,10.0,"### Explanation in Simple Terms
Threshold systems are like a seesaw where the position of a weight (..."
2025-11-23T10:43:52.227424,Placebo,1.0,1,396,0.5808080808080808,9.0,"### Explanation in Simple Terms

This statement is about how certain systems go through sudden chang..."
2025-11-23T10:47:40.349160,Placebo,1.0,1,299,0.5585284280936454,9.0,"### Explanation in Simple Terms
This statement is about how certain systems can change dramatically ..."
2025-11-23T10:51:38.922863,Placebo,1.0,1,371,0.6199460916442049,5.0,"### Analysis of the Statement

#### 1. Explanation in Simple Terms:
Threshold systems are like a see..."
2025-11-23T10:53:20.052952,Placebo,1.0,1,315,0.6222222222222222,9.0,"### Explanation in Simple Terms
Threshold systems are like a seesaw where the order parameter \( R \..."
2025-11-23T10:57:03.615282,Placebo,1.0,1,340,0.5882352941176471,9.0,"### Explanation in Simple Terms

This statement is about how some systems can suddenly change their ..."
2025-11-23T10:58:36.088864,Placebo,1.0,1,310,0.6483870967741936,9.0,"### Explanation in Simple Terms:

Threshold systems are like a seesaw that tips at a certain point. ..."
2025-11-23T11:02:22.762671,Placebo,1.0,1,312,0.6025641025641025,9.0,"### Explanation of the Statement

1. **Simple Terms:**
   - A **threshold system** is a type of syst..."
2025-11-23T11:04:00.271551,Placebo,1.0,1,284,0.6197183098591549,9.0,"### Explanation in Simple Terms
This statement is about how certain systems can suddenly change thei..."
2025-11-23T11:05:40.368022,Placebo,1.0,1,333,0.6546546546546547,9.0,"### Explanation in Simple Terms
Threshold systems are like a switch that turns on or off when someth..."
2025-11-23T11:09:21.512891,Placebo,1.0,1,325,0.6523076923076923,9.0,"### Explanation:

1. **Simple Terms:**
   - Think of a threshold system as something that changes dr..."
2025-11-23T11:11:12.589550,Placebo,1.0,1,367,0.5994550408719346,9.0,"### Explanation in Simple Terms
Threshold systems are like switches that flip when a certain level o..."
2025-11-23T11:12:44.557353,Placebo,1.0,1,309,0.6245954692556634,9.0,"### Explanation in Simple Terms

Threshold systems are like a light switch where the outcome changes..."
2025-11-23T11:16:35.625419,Placebo,1.0,1,337,0.6409495548961425,9.0,"### Analysis of the Statement

1. **Explanation in Simple Terms:**
   Threshold systems are like swi..."
2025-11-23T11:18:04.872780,Placebo,1.0,1,295,0.5898305084745763,8.0,"### Explanation in Simple Terms
This statement refers to a phenomenon where certain systems undergo ..."
2025-11-23T11:19:47.802207,Placebo,1.0,1,321,0.5669781931464174,10.0,"### Explanation
1. **Simple Terms:**
   - **Threshold Systems:** These are systems where a small cha..."
2025-11-23T11:25:37.383799,Placebo,1.0,1,364,0.6153846153846154,9.0,"### Explanation in Simple Terms

Threshold systems are like switches that turn on or off when a cert..."
2025-11-23T11:27:13.514890,Placebo,1.0,1,313,0.6485623003194888,5.0,"### 1. Explanation in Simple Terms:

Threshold systems are like a see-saw that balances at a certain..."
2025-11-23T11:28:54.849227,Placebo,1.0,1,321,0.616822429906542,8.0,"### Explanation in Simple Terms:
Threshold systems are like switches where a small change can sudden..."
2025-11-23T11:30:43.770894,Placebo,1.0,1,342,0.6257309941520468,9.0,"### Explanation of the Statement in Simple Terms

The statement refers to a concept where certain sy..."
2025-11-23T11:32:42.645836,Placebo,1.0,1,362,0.5773480662983426,9.0,"### Explanation in Simple Terms:

Threshold systems are situations where a change happens abruptly w..."
2025-11-23T11:36:03.567495,Placebo,1.0,1,256,0.6875,10.0,"### Explanation of the Statement in Simple Terms:

1. **Explanation:**
   - Imagine a system, like a..."
2025-11-23T11:37:24.589158,Placebo,1.0,1,260,0.7076923076923077,10.0,"### Explanation in Simple Terms:

Threshold systems are like a switch that turns on or off based on ..."
2025-11-23T11:39:23.823627,Placebo,1.0,1,324,0.6203703703703703,9.0,"### Explanation in Simple Terms
This statement is about how certain systems can suddenly change thei..."
2025-11-23T11:41:16.831414,Placebo,1.0,1,360,0.6305555555555555,9.0,"### Explanation in Simple Terms:

This statement describes a phenomenon seen in various fields where..."
2025-11-23T11:42:52.902926,Placebo,1.0,1,282,0.599290780141844,9.0,"### Explanation in Simple Terms

This statement refers to a concept found in threshold systems, whic..."
2025-11-23T11:44:42.228547,Placebo,1.0,1,350,0.62,9.0,"### Explanation in Simple Terms
This statement refers to how certain systems can change their behavi..."
2025-11-23T11:46:33.618629,Placebo,1.0,1,328,0.6128048780487805,9.0,"### Simplified Explanation
1. **Explanation:**
   - A threshold system is a type of system where the..."
2025-11-23T11:48:33.882187,Placebo,1.0,1,382,0.599476439790576,9.0,"### Explanation in Simple Terms
**Threshold Systems and Critical Transitions:**
Imagine a system whe..."
2025-11-23T11:50:07.946255,Placebo,1.0,1,310,0.6451612903225806,9.0,"### Explanation in Simple Terms:

Threshold systems are like a switch that turns on or off when some..."
2025-11-23T11:51:42.884178,Placebo,1.0,1,288,0.65625,9.0,"### Explanation in Simple Terms

Threshold systems are like a seesaw where the order parameter \( R ..."
2025-11-23T11:53:23.324205,Placebo,1.0,1,326,0.6196319018404908,10.0,"### Explanation in Simple Terms
This statement is about systems where a sudden change occurs when so..."
2025-11-23T11:54:59.548761,Placebo,1.0,1,300,0.6133333333333333,9.0,"**Explanation:**
1. **Simple Terms:** Imagine a system where something changes drastically when a ce..."
2025-11-23T11:56:47.732193,Placebo,1.0,1,330,0.6090909090909091,5.0,"### Explanation of the Statement in Simple Terms

1. **Simple Explanation**:
   - **Threshold System..."
2025-11-23T11:58:25.356385,Placebo,1.0,1,305,0.6557377049180327,10.0,"### Analysis of the Statement

1. **Explanation in Simple Terms:**
   - Threshold systems have a poi..."
2025-11-23T12:06:23.106987,Placebo,1.0,1,382,0.6282722513089005,9.0,"### Explanation in Simple Terms:

Threshold systems are like a seesaw where the position of a weight..."
2025-11-23T12:08:03.747051,Placebo,1.0,1,169,0.6035502958579881,9.0,"### Analysis of the Statement

1. **Explanation in Simple Terms:**
   - Threshold systems are like a..."
2025-11-23T12:09:57.927179,Placebo,1.0,1,368,0.6141304347826086,9.0,"### Explanation in Simple Terms

This statement describes a phenomenon where systems can suddenly ch..."
2025-11-23T12:11:34.250264,Placebo,1.0,1,298,0.6073825503355704,9.0,"### Explanation in Simple Terms

1. **Explanation:**
   - Imagine a system where something changes a..."
2025-11-23T12:15:18.429501,Placebo,1.0,1,265,0.6377358490566037,9.0,"### Explanation of the Statement in Simple Terms:

1. **Explanation:**
   - Imagine a system (like a..."
2025-11-23T12:22:50.875808,Placebo,1.0,1,254,0.6338582677165354,8.0,"### Explanation in Simple Terms
Threshold systems are like a seesaw where the order parameter \( R \..."
2025-11-23T12:26:20.875876,Placebo,1.0,1,273,0.652014652014652,9.0,"### Explanation of the Statement

1. **Simple Terms:**
   This statement is about threshold systems ..."
2025-11-23T12:27:59.960208,Placebo,1.0,1,314,0.643312101910828,9.0,"### Explanation in Simple Terms

This statement is about how some systems can change suddenly when a..."
2025-11-23T12:31:47.139804,Placebo,1.0,1,288,0.6284722222222222,9.0,"### Explanation in Simple Terms
Threshold systems are like a seesaw where the position of an object ..."
2025-11-23T12:33:16.490155,Placebo,1.0,1,280,0.6428571428571429,9.0,"### Explanation in Simple Terms:

Threshold systems are like a seesaw where the outcome changes abru..."
2025-11-23T12:38:47.829856,Placebo,1.0,1,274,0.6496350364963503,9.0,"### Explanation in Simple Terms
This statement refers to a type of system where a sudden change occu..."
2025-11-23T12:40:47.485203,Placebo,1.0,1,392,0.548469387755102,8.0,"### Explanation in Simple Terms:

This statement refers to how certain systems can change dramatical..."
2025-11-23T12:42:29.200749,Placebo,1.0,1,337,0.6231454005934718,9.0,"### 1. Explanation in Simple Terms
This statement is about how certain systems can suddenly change b..."
2025-11-23T12:44:05.586285,Placebo,1.0,1,306,0.6797385620915033,9.0,"### Explanation of the Statement in Simple Terms

1. **Explanation:**
   - A ""threshold system"" is a..."
2025-11-23T12:45:36.263384,Placebo,1.0,1,306,0.6209150326797386,9.0,"### Explanation in Simple Terms:

Threshold systems are like a seesaw where the weight on one side c..."
2025-11-23T12:47:36.427973,Placebo,1.0,1,371,0.6064690026954178,9.0,"### Explanation of the Statement in Simple Terms

1. **Explanation:**
   - Imagine a system where so..."
2025-11-23T12:51:21.084124,Placebo,1.0,1,328,0.5823170731707317,9.0,"### Explanation in Simple Terms
Imagine a system that changes behavior suddenly when something impor..."
2025-11-23T12:53:20.578859,Placebo,1.0,1,352,0.6164772727272727,9.0,"### Explanation in Simple Terms

This statement is about how certain systems can suddenly change the..."
2025-11-23T12:54:57.389331,Placebo,1.0,1,297,0.67003367003367,9.0,"### Explanation in Simple Terms
This statement is about how certain systems change suddenly when a s..."
2025-11-23T12:56:53.890608,Placebo,1.0,1,393,0.5750636132315522,9.0,"### Explanation in Simple Terms
This statement is about how certain systems can suddenly change thei..."
2025-11-23T12:58:30.374306,Placebo,1.0,1,236,0.6864406779661016,9.0,"### Explanation in Simple Terms
This statement is about how certain systems can change abruptly when..."
2025-11-23T13:00:29.175535,Placebo,1.0,1,384,0.578125,9.0,"### Explanation of the Statement in Simple Terms

This statement is about a concept found in systems..."
2025-11-23T13:04:07.743767,Placebo,1.0,1,313,0.645367412140575,8.0,"### Explanation in Simple Terms:

Threshold systems are like switches where small changes can lead t..."
2025-11-23T13:05:40.063677,Placebo,1.0,1,311,0.6430868167202572,9.0,"### Explanation in Simple Terms
Threshold systems are like switches where a small change can cause a..."
2025-11-23T13:07:12.140045,Placebo,1.0,1,294,0.6292517006802721,10.0,"### Explanation:

1. **In Simple Terms:**
   Threshold systems are like a seesaw where the balance i..."
2025-11-23T13:09:00.458322,Placebo,1.0,1,342,0.5497076023391813,9.0,"### Explanation in Simple Terms
Threshold systems are like a seesaw that tips over when it reaches a..."
2025-11-23T13:10:28.605967,Placebo,1.0,1,266,0.6842105263157895,8.0,"### Explanation in Simple Terms
Threshold systems are like a light switch. Before a certain point (t..."
2025-11-23T13:12:15.445166,Placebo,1.0,1,354,0.6468926553672316,9.0,"### 1. Explanation in Simple Terms

This statement refers to a type of system where the behavior cha..."
2025-11-23T13:14:03.702478,Placebo,1.0,1,343,0.5743440233236151,9.0,"### Explanation in Simple Terms:

Threshold systems are like a seesaw where the order parameter \( R..."
2025-11-23T13:15:45.211463,Placebo,1.0,1,333,0.6816816816816816,9.0,"### Explanation in Simple Terms
This statement is about systems where a significant change happens s..."
2025-11-23T13:17:35.429033,Placebo,1.0,1,279,0.5376344086021505,8.0,"### Explanation in Simple Terms
Threshold systems are like a seesaw that tips when it reaches a cert..."
2025-11-23T13:19:16.777547,Placebo,1.0,1,321,0.6292834890965732,5.0,"### Explanation in Simple Terms

1. **Explanation:**
   - Imagine a system (like a group of people o..."
2025-11-23T13:20:57.377794,Placebo,1.0,1,270,0.6296296296296297,9.0,"### Explanation in Simple Terms

Threshold systems are like a seesaw where the balance point (thresh..."
2025-11-23T13:22:56.565239,Placebo,1.0,1,332,0.5903614457831325,9.0,"### Explanation of the Statement:

1. **Threshold Systems and Critical Transitions:**
   - Imagine a..."
2025-11-23T13:24:48.713183,Placebo,1.0,1,297,0.622895622895623,8.0,"### Explanation in Simple Terms:
Imagine a system where something changes drastically when a certain..."
2025-11-23T13:26:47.645234,Placebo,1.0,1,398,0.6130653266331658,9.0,"### Explanation in Simple Terms

Threshold systems are like a seesaw that tips suddenly when you add..."
2025-11-23T13:28:32.257027,Placebo,1.0,1,348,0.5919540229885057,9.0,"### Explanation in Simple Terms

Threshold systems are like a seesaw where the order parameter \( R ..."
2025-11-23T13:30:28.532031,Placebo,1.0,1,350,0.6514285714285715,9.0,"### Explanation in Simple Terms

Threshold systems are like a switch that turns on or off when somet..."
2025-11-23T13:34:16.154611,Placebo,1.0,1,349,0.5988538681948424,9.0,"### Explanation in Simple Terms:

This statement refers to a concept used in the study of complex sy..."
2025-11-23T13:38:17.422328,Placebo,1.0,1,398,0.5979899497487438,9.0,"### Explanation in Simple Terms

Threshold systems are like a switch that turns on or off based on h..."
2025-11-23T13:40:06.906028,Placebo,1.0,1,315,0.6285714285714286,8.0,"### Explanation in Simple Terms

This statement is about how certain systems can suddenly change beh..."
2025-11-23T13:44:03.738179,Placebo,1.0,1,349,0.6590257879656161,8.0,"### Explanation in Simple Terms:

Threshold systems are like a switch that turns on or off when some..."
2025-11-23T13:45:44.266955,Placebo,1.0,1,298,0.6006711409395973,9.0,"### Explanation in Simple Terms

Imagine a system where things change suddenly when a particular con..."
2025-11-23T13:51:41.139482,Placebo,1.0,1,376,0.6143617021276596,9.0,"### Explanation in Simple Terms
Threshold systems are like a seesaw where the order parameter R (whi..."
2025-11-23T13:53:21.481126,Placebo,1.0,1,309,0.6148867313915858,9.0,"### Explanation in Simple Terms
Threshold systems are like a balance scale where the weight (order p..."
2025-11-23T13:55:01.731737,Placebo,1.0,1,307,0.6058631921824105,9.0,"### Explanation in Simple Terms
Threshold systems are like a seesaw where the system remains balance..."
2025-11-23T13:56:51.867736,Placebo,1.0,1,334,0.6137724550898204,8.0,"### Explanation in Simple Terms:

Threshold systems are like a seesaw where the balance shifts sudde..."
2025-11-23T13:58:23.022317,Placebo,1.0,1,301,0.6013289036544851,9.0,"### Explanation
1. **Simple Terms:**
   Threshold systems are like a seesaw where the balance point ..."
2025-11-23T14:00:21.552741,Placebo,1.0,1,388,0.595360824742268,8.0,"### Explanation in Simple Terms
Threshold systems are like a seesaw where the system remains stable ..."
2025-11-23T14:01:50.759321,Placebo,1.0,1,309,0.6245954692556634,5.0,"### Explanation in Simple Terms:

Threshold systems are like a seesaw where the position of one side..."
2025-11-23T14:03:24.124226,Placebo,1.0,1,318,0.6509433962264151,9.0,"### Explanation in Simple Terms
This statement is about how certain systems can change suddenly when..."
2025-11-23T14:04:46.251614,Placebo,1.0,1,263,0.6692015209125475,8.0,"### Explanation in Simple Terms
Threshold systems are like a light switch: they stay off until a cer..."
2025-11-23T14:06:40.830200,Placebo,1.0,1,388,0.6288659793814433,8.0,"### Explanation in Simple Terms
This statement describes a concept where systems change their behavi..."
2025-11-23T14:08:13.155003,Placebo,1.0,1,318,0.6415094339622641,9.0,"### Explanation in Simple Terms:
Threshold systems are like a seesaw where the position of a person ..."
2025-11-23T14:09:49.609584,Placebo,1.0,1,337,0.6439169139465876,9.0,"### Explanation in Simple Terms

Threshold systems are like switches: when a certain condition is me..."
2025-11-23T14:11:19.931969,Placebo,1.0,1,285,0.6666666666666666,8.0,"### 1. Explanation in Simple Terms

Threshold systems are like a switch that turns on or off based o..."
2025-11-23T14:12:47.470668,Placebo,1.0,1,302,0.6258278145695364,9.0,"### 1. Explanation in Simple Terms

Imagine a system where certain conditions need to be met for som..."
2025-11-23T14:14:43.819511,Placebo,1.0,1,400,0.575,5.0,"### Explanation in Simple Terms:

Threshold systems are like switches that turn on or off when a spe..."
2025-11-23T14:16:40.184988,Placebo,1.0,1,394,0.5634517766497462,5.0,"### Explanation in Simple Terms
Threshold systems are like a tipping point or switch where something..."
2025-11-23T14:18:12.024312,Placebo,1.0,1,318,0.6446540880503144,8.0,"### Explanation in Simple Terms

Threshold systems are like a switch that turns on or off when a cer..."
2025-11-23T14:20:00.499952,Placebo,1.0,1,364,0.6071428571428571,9.0,"### Explanation in Simple Terms
This statement is about how certain systems can suddenly change thei..."
2025-11-23T14:25:59.249281,Placebo,1.0,1,382,0.5706806282722513,9.0,"### Explanation in Simple Terms
Threshold systems are like a seesaw where the system stays on one si..."
2025-11-23T14:27:56.255391,Placebo,1.0,1,379,0.6068601583113457,8.0,"### Explanation in Simple Terms

Threshold systems are like switches that turn on or off when a cert..."
2025-11-23T14:31:42.342041,Placebo,1.0,1,166,0.6445783132530121,9.0,"### Explanation in Simple Terms

Threshold systems are like switches where a small change can lead t..."
2025-11-23T14:33:34.890715,Placebo,1.0,1,364,0.5686813186813187,8.0,"### Explanation in Simple Terms
This statement describes how certain systems can change suddenly whe..."
2025-11-23T14:37:18.354561,Placebo,1.0,1,331,0.6102719033232629,9.0,"### Explanation in Simple Terms:

Threshold systems are like a seesaw where the position of one end ..."
2025-11-23T14:39:14.632085,Placebo,1.0,1,297,0.6161616161616161,9.0,"### Explanation in Simple Terms:

Threshold systems are like a seesaw where the balance point is cri..."
2025-11-23T14:45:03.546335,Placebo,1.0,1,345,0.5884057971014492,10.0,"### Explanation in Simple Terms
Threshold systems are like a see-saw that tips suddenly when somethi..."
2025-11-23T14:50:53.089293,Placebo,1.0,1,340,0.6235294117647059,9.0,"### Explanation in Simple Terms
This statement describes a phenomenon where systems undergo sudden c..."
2025-11-23T14:52:41.951961,Placebo,1.0,1,355,0.5690140845070423,9.0,"### Explanation in Simple Terms:

Threshold systems are like a seesaw where the balance can tip sudd..."
2025-11-23T14:54:22.413374,Placebo,1.0,1,326,0.5920245398773006,9.0,"### Explanation in Simple Terms:

Threshold systems are like a seesaw where the tipping point (trans..."
2025-11-23T14:55:59.669441,Placebo,1.0,1,322,0.6770186335403726,9.0,"### Explanation in Simple Terms:

Threshold systems are like a seesaw that tips over when a certain ..."
2025-11-23T14:57:35.145070,Placebo,1.0,1,314,0.6242038216560509,9.0,"### Explanation in Simple Terms
A threshold system is a type of system where the state or behavior c..."
2025-11-23T14:59:33.359112,Placebo,1.0,1,378,0.6005291005291006,9.0,"### Explanation in Simple Terms:

Threshold systems are like a seesaw where the order parameter R (t..."
2025-11-23T15:03:13.319345,Placebo,1.0,1,302,0.6589403973509934,9.0,"### Explanation in Simple Terms

This statement is about how certain systems can change their behavi..."
2025-11-23T15:04:45.438973,Placebo,1.0,1,302,0.6688741721854304,9.0,"### Explanation in Simple Terms
Threshold systems are like a light switch. When the level of somethi..."
2025-11-23T15:06:19.087186,Placebo,1.0,1,279,0.6164874551971327,9.0,"### Explanation in Simple Terms:

This statement is about how certain systems can suddenly change th..."
2025-11-23T15:07:53.418744,Placebo,1.0,1,285,0.6491228070175439,9.0,"### Explanation in Simple Terms
This statement refers to a phenomenon where systems can suddenly cha..."
2025-11-23T15:11:52.824052,Placebo,1.0,1,393,0.5597964376590331,9.0,"### Explanation in Simple Terms

When a system undergoes a ""threshold transition,"" it means that as ..."
2025-11-23T15:13:53.828656,Placebo,1.0,1,375,0.592,9.0,"### Explanation in Simple Terms:

Threshold systems are like switches that turn on or off when a cer..."
2025-11-23T15:15:37.878376,Placebo,1.0,1,328,0.6067073170731707,9.0,"### Explanation in Simple Terms
1. **Explanation:**
   - Threshold systems are like a tipping point ..."
2025-11-23T15:17:24.537713,Placebo,1.0,1,345,0.5739130434782609,9.0,"### Explanation in Simple Terms:
Threshold systems are like a dimmer switch for complex systems. Whe..."
2025-11-23T15:21:09.995349,Placebo,1.0,1,342,0.6432748538011696,9.0,"### Explanation in Simple Terms:

Threshold systems are like a seesaw where the balance can suddenly..."
2025-11-23T15:22:58.759825,Placebo,1.0,1,358,0.6284916201117319,9.0,"### Explanation in Simple Terms

This statement is about how systems can change suddenly or abruptly..."
2025-11-23T15:26:33.255706,Placebo,1.0,1,287,0.6341463414634146,9.0,"### Explanation in Simple Terms

**Statement Breakdown:**
- **Threshold Systems:** Imagine a system ..."
2025-11-23T15:28:27.763943,Placebo,1.0,1,369,0.6260162601626016,9.0,"### Explanation in Simple Terms:

Threshold systems are like a switch that flips when certain condit..."
2025-11-23T15:32:26.036873,Placebo,1.0,1,399,0.5764411027568922,5.0,"### Explanation in Simple Terms
Threshold systems are like a tipping point where something suddenly ..."
2025-11-23T15:34:01.101539,Placebo,1.0,1,290,0.6551724137931034,9.0,"### Explanation of the Statement in Simple Terms:
This statement is about how systems can suddenly c..."
2025-11-23T15:35:53.288291,Placebo,1.0,1,365,0.6027397260273972,9.0,"### Explanation in Simple Terms

Threshold systems are like a seesaw where the balance point is when..."
2025-11-23T15:37:36.699985,Placebo,1.0,1,334,0.625748502994012,9.0,"### Explanation in Simple Terms
Threshold systems are like a seesaw: when the weight on one side (re..."
2025-11-23T15:43:28.657914,Placebo,1.0,1,348,0.5948275862068966,9.0,"### Explanation in Simple Terms
1. **Explanation:**
   - Imagine a system where something changes ab..."
2025-11-23T15:47:14.564986,Placebo,1.0,1,131,0.6641221374045801,9.0,"### Explanation in Simple Terms

1. **Explanation:**
   - Imagine a system where something changes s..."
2025-11-23T15:49:08.727315,Placebo,1.0,1,361,0.6177285318559557,8.0,"### Explanation in Simple Terms

Threshold systems are like a seesaw where small changes can suddenl..."
2025-11-23T15:52:34.616988,Placebo,1.0,1,262,0.6679389312977099,9.0,"### Explanation in Simple Terms:

This statement is about how certain systems change dramatically wh..."
2025-11-23T15:54:21.122462,Placebo,1.0,1,353,0.5949008498583569,9.0,"### 1. Explanation in Simple Terms

This statement is about how certain systems or processes can cha..."
2025-11-23T15:57:43.838267,Placebo,1.0,1,274,0.6751824817518248,9.0,"### Explanation in Simple Terms:
Imagine a system where something (like a light bulb) turns on and o..."
2025-11-23T15:59:18.857855,Placebo,1.0,1,315,0.6698412698412698,9.0,"### Explanation in Simple Terms
A threshold system is like a switch that turns on or off based on th..."
2025-11-23T16:00:58.629800,Placebo,1.0,1,312,0.6762820512820513,9.0,"### Explanation in Simple Terms
Threshold systems are like a tipping point where the system's behavi..."
2025-11-23T16:02:49.274165,Placebo,1.0,1,360,0.5666666666666667,9.0,"### Explanation in Simple Terms

1. **Explanation:**
   - Imagine a system where something changes s..."
2025-11-23T16:04:29.797775,Placebo,1.0,1,321,0.6012461059190031,8.0,"### Explanation in Simple Terms
This statement is about how certain systems can experience sudden ch..."
2025-11-23T16:06:10.334817,Placebo,1.0,1,245,0.6775510204081633,9.0,"### Explanation in Simple Terms
This statement refers to how certain systems can undergo sudden chan..."
2025-11-23T16:07:58.218685,Placebo,1.0,1,343,0.6122448979591837,5.0,"### Explanation in Simple Terms:

Threshold systems are like a light switch: when enough light (or a..."
2025-11-23T16:09:23.391399,Placebo,1.0,1,272,0.6654411764705882,8.0,"### Explanation in Simple Terms
Threshold systems are like switches that turn on or off based on the..."
2025-11-23T16:11:03.121930,Placebo,1.0,1,277,0.6389891696750902,10.0,"### Explanation in Simple Terms

Imagine a system where something changes drastically when a certain..."
2025-11-23T16:18:57.877535,Placebo,1.0,1,360,0.6055555555555555,9.0,"### Explanation in Simple Terms
This statement is about how certain systems can suddenly change thei..."
2025-11-23T16:20:56.328985,Placebo,1.0,1,369,0.6233062330623306,9.0,"### Explanation in Simple Terms:

Threshold systems are like a seesaw where the weight on each side ..."
2025-11-23T16:22:52.808426,Placebo,1.0,1,341,0.5982404692082112,9.0,"### Explanation in Simple Terms:

Threshold systems are like a seesaw where the balance point (or th..."
2025-11-23T16:24:36.540567,Placebo,1.0,1,305,0.6131147540983607,8.0,"### Explanation in Simple Terms
This statement is about how certain systems can change suddenly when..."
2025-11-23T16:28:23.063379,Placebo,1.0,1,356,0.6348314606741573,9.0,"### Explanation in Simple Terms
Threshold systems are like a switch where things change suddenly whe..."
2025-11-23T16:29:59.983019,Placebo,1.0,1,323,0.628482972136223,9.0,"### Explanation in Simple Terms:

Threshold systems are like a seesaw where the input (like weight o..."
2025-11-23T16:31:17.776675,Placebo,1.0,1,208,0.7019230769230769,8.0,"### Explanation in Simple Terms:

Imagine a system where everything is calm until it reaches a certa..."
2025-11-23T16:33:08.153771,Placebo,1.0,1,361,0.6454293628808865,8.0,"### Explanation in Simple Terms
This statement refers to a phenomenon where systems can abruptly cha..."
2025-11-23T16:34:59.317340,Placebo,1.0,1,359,0.6267409470752089,9.0,"### Explanation in Simple Terms
This statement is about how certain systems can suddenly change beha..."
2025-11-23T16:38:52.579356,Placebo,1.0,1,186,0.6612903225806451,8.0,"### Explanation in Simple Terms
Threshold systems are like a seesaw where the position of a heavy st..."
2025-11-23T16:40:22.547200,Placebo,1.0,1,304,0.631578947368421,10.0,"### Explanation in Simple Terms:

Threshold systems are like switches that turn on or off based on w..."
2025-11-23T16:42:15.582543,Placebo,1.0,1,358,0.6424581005586593,9.0,"### Explanation in Simple Terms:

Threshold systems are like a seesaw where the balance is delicate...."
2025-11-23T16:44:13.646179,Placebo,1.0,1,406,0.6009852216748769,8.0,"### Explanation in Simple Terms
Threshold systems are like switches or thresholds where a system's b..."
2025-11-23T16:45:50.784459,Placebo,1.0,1,324,0.6419753086419753,9.0,"### Analysis of the Statement:

#### 1. Simple Explanation:
Imagine a system where something changes..."
2025-11-23T16:47:32.757443,Placebo,1.0,1,267,0.6779026217228464,9.0,"### Explanation:
1. **Simple Terms:**
   This statement describes a phenomenon where certain systems..."
2025-11-23T16:49:00.478433,Placebo,1.0,1,265,0.6981132075471698,9.0,"### Explanation in Simple Terms:

Threshold systems are like a seesaw where the weight on one side (..."
2025-11-23T16:52:27.117878,Placebo,1.0,1,289,0.6608996539792388,10.0,"### Analysis of the Statement

#### 1. Simple Explanation
Imagine a system that changes its behavior..."
2025-11-23T16:57:42.807781,Placebo,1.0,1,227,0.6784140969162996,9.0,"### Explanation in Simple Terms
Threshold systems are like a seesaw where the balance point is calle..."
2025-11-23T16:59:04.115464,Placebo,1.0,1,255,0.6705882352941176,8.0,"### Explanation in Simple Terms
Threshold systems are situations where a small change can cause a bi..."
2025-11-23T17:02:52.562430,Placebo,1.0,1,273,0.6336996336996337,9.0,"### Explanation in Simple Terms
1. **Explanation:**
   - Imagine a system where something changes dr..."
2025-11-23T17:04:49.976169,Placebo,1.0,1,403,0.5136476426799007,5.0,"### 1. Explanation in Simple Terms

This statement is about systems that experience sudden changes w..."
2025-11-23T17:06:16.457914,Placebo,1.0,1,288,0.6944444444444444,9.0,"### Explanation in Simple Terms

This statement is about how certain systems can suddenly change the..."
2025-11-23T17:07:51.964971,Placebo,1.0,1,313,0.6198083067092651,9.0,"### Explanation in Simple Terms
Threshold systems are like a seesaw that tips over when a certain co..."
2025-11-23T17:09:37.806693,Placebo,1.0,1,358,0.664804469273743,8.0,"### Explanation in Simple Terms
Imagine a system where things change suddenly when a certain conditi..."
2025-11-23T17:11:12.433234,Placebo,1.0,1,328,0.7012195121951219,9.0,"### Explanation in Simple Terms
This statement is about how certain systems can suddenly change thei..."
2025-11-23T17:13:08.506126,Placebo,1.0,1,369,0.6558265582655827,9.0,"### Explanation in Simple Terms

1. **Explanation:**
   - Imagine a system (like a weather pattern o..."
2025-11-23T17:14:49.805898,Placebo,1.0,1,343,0.6151603498542274,9.0,"### Explanation in Simple Terms

Threshold systems are like a switch that gets turned on or off when..."
2025-11-23T17:16:47.369963,Placebo,1.0,1,399,0.5538847117794486,9.0,"### Explanation in Simple Terms

Threshold systems are like a seesaw where the balance point changes..."
2025-11-23T17:18:28.543419,Placebo,1.0,1,338,0.6242603550295858,9.0,"### Explanation in Simple Terms:

Threshold systems are like a tipping point where something changes..."
2025-11-23T17:20:01.518097,Placebo,1.0,1,294,0.6292517006802721,9.0,"### Explanation in Simple Terms
Threshold systems are like a seesaw where the balance point (thresho..."
2025-11-23T17:21:45.030061,Placebo,1.0,1,243,0.6378600823045267,9.0,"### Analysis of the Statement

1. **Explanation in Simple Terms:**
   - **Threshold Systems:** Imagi..."
2025-11-23T17:23:34.934792,Placebo,1.0,1,343,0.5568513119533528,9.0,"### Explanation in Simple Terms
Threshold systems refer to situations where a system suddenly change..."
2025-11-23T17:25:27.275011,Placebo,1.0,1,329,0.601823708206687,9.0,"### 1. Explanation in Simple Terms

**Threshold Systems**: These are systems where a small change ca..."
2025-11-23T17:29:12.825089,Placebo,1.0,1,302,0.6721854304635762,9.0,"### Explanation in Simple Terms

1. **Explanation:**
   Threshold systems are like a seesaw where th..."
2025-11-23T17:30:55.337580,Placebo,1.0,1,353,0.5920679886685553,9.0,"### Explanation in Simple Terms
Threshold systems are like traffic lights; they change behavior when..."
2025-11-23T17:32:30.233236,Placebo,1.0,1,266,0.6052631578947368,9.0,"### Explanation in Simple Terms
Threshold systems are like a seesaw where things change abruptly whe..."
2025-11-23T17:34:14.641022,Placebo,1.0,1,341,0.6187683284457478,9.0,"### Explanation in Simple Terms
This statement is about how certain systems can suddenly change thei..."
2025-11-23T17:36:13.821388,Placebo,1.0,1,359,0.6072423398328691,10.0,"### Analysis of the Statement

1. **Explanation in Simple Terms:**
   This statement refers to a phe..."
2025-11-23T17:39:52.443323,Placebo,1.0,1,262,0.648854961832061,9.0,"### Explanation in Simple Terms

Threshold systems are like a seesaw where, when a certain point is ..."
2025-11-23T17:41:30.610096,Placebo,1.0,1,316,0.5917721518987342,9.0,"### Explanation in Simple Terms
Threshold systems are like a seesaw that tips over when the weight o..."
2025-11-23T17:42:59.940837,Placebo,1.0,1,152,0.7368421052631579,8.0,"### Explanation in Simple Terms
This statement refers to a type of system where behavior changes dra..."
2025-11-23T17:44:30.734577,Placebo,1.0,1,294,0.6292517006802721,9.0,"### Explanation in Simple Terms
This statement is about how certain systems can change suddenly when..."
2025-11-23T17:46:06.889415,Placebo,1.0,1,231,0.658008658008658,9.0,"### Explanation in Simple Terms

This statement refers to how certain systems can change abruptly wh..."
2025-11-23T17:49:33.473695,Placebo,1.0,1,277,0.6642599277978339,9.0,"### Explanation in Simple Terms:

Imagine a system where something happens only when certain conditi..."
2025-11-23T17:51:07.330098,Placebo,1.0,1,290,0.6551724137931034,9.0,"### Explanation in Simple Terms:
Threshold systems are like a seesaw where the balance is maintained..."
2025-11-23T17:53:00.922388,Placebo,1.0,1,343,0.60932944606414,9.0,"### Explanation in Simple Terms

This statement refers to how certain systems can suddenly change th..."
2025-11-23T17:54:47.091652,Placebo,1.0,1,314,0.6369426751592356,9.0,"### Explanation in Simple Terms:

1. **Explanation:**
   - **Threshold Systems:** These are systems ..."
2025-11-23T17:56:41.634653,Placebo,1.0,1,351,0.6096866096866097,9.0,"### 1. Explanation in Simple Terms
Threshold systems are like a switch that turns on or off when con..."
2025-11-23T17:58:24.917641,Placebo,1.0,1,341,0.5835777126099707,9.0,"### Explanation in Simple Terms:

Threshold systems are like a switch where something only happens w..."
2025-11-23T18:00:10.698450,Placebo,1.0,1,344,0.5813953488372093,8.0,"### Explanation in Simple Terms
Threshold systems are like a switch that turns on or off when a cert..."
2025-11-23T18:01:55.156679,Placebo,1.0,1,344,0.563953488372093,9.0,"### Explanation in Simple Terms:

Threshold systems are like a seesaw where a small push can make it..."
2025-11-23T18:03:26.084348,Placebo,1.0,1,270,0.6259259259259259,10.0,"### Explanation in Simple Terms
Imagine a system where things change suddenly when a certain conditi..."
2025-11-23T18:07:09.598577,Placebo,1.0,1,325,0.6553846153846153,9.0,"### Explanation in Simple Terms
Threshold systems are like a switch that turns on or off when someth..."
2025-11-23T18:08:56.239456,Placebo,1.0,1,286,0.6118881118881119,9.0,"### Explanation in Simple Terms
This statement is about how certain systems can change their behavio..."
2025-11-23T18:10:41.396396,Placebo,1.0,1,343,0.6239067055393586,9.0,"### Explanation in Simple Terms
This statement refers to how certain systems can suddenly change the..."
2025-11-23T18:12:41.386899,Placebo,1.0,1,355,0.5887323943661972,9.0,"### Explanation of the Statement in Simple Terms

This statement describes how certain systems can c..."
2025-11-23T18:14:35.959177,Placebo,1.0,1,359,0.584958217270195,9.0,"### Explanation in Simple Terms
Threshold systems are like a seesaw where the weight of one side (re..."
2025-11-23T18:16:10.239092,Placebo,1.0,1,306,0.6503267973856209,9.0,"### Explanation in Simple Terms

This statement is about a phenomenon called a ""threshold system,"" w..."
2025-11-23T18:17:55.371653,Placebo,1.0,1,335,0.6238805970149254,8.0,"### Explanation in Simple Terms:

This statement is about how some systems can suddenly change their..."
2025-11-23T18:19:37.851453,Placebo,1.0,1,283,0.6431095406360424,10.0,"### Explanation in Simple Terms:

Threshold systems are like a seesaw where the balance point change..."
2025-11-23T18:21:31.979438,Placebo,1.0,1,360,0.6277777777777778,9.0,"### Explanation in Simple Terms

Threshold systems are like a tipping point where small changes can ..."
2025-11-23T18:23:01.017830,Placebo,1.0,1,281,0.6868327402135231,9.0,"### Explanation in Simple Terms
This statement is about a type of system where there's a sudden chan..."
2025-11-23T18:24:50.917528,Placebo,1.0,1,345,0.6144927536231884,9.0,"### Explanation in Simple Terms

Threshold systems are like a switch that turns on or off when a cer..."
2025-11-23T18:28:24.893697,Placebo,1.0,1,277,0.6245487364620939,8.0,"### Explanation in Simple Terms:
Threshold systems are like a seesaw where crossing a certain point ..."
2025-11-23T18:29:55.170316,Placebo,1.0,1,288,0.6354166666666666,9.0,"### Explanation of the Statement

1. **Simple Terms:**
   - Threshold systems are like a seesaw or t..."
2025-11-23T18:31:42.438784,Placebo,1.0,1,293,0.590443686006826,9.0,"### Explanation in Simple Terms

Threshold systems are like a seesaw with a heavy object at one end...."
2025-11-23T18:33:28.518249,Placebo,1.0,1,367,0.5885558583106267,9.0,"### Explanation in Simple Terms

This statement is about how systems can abruptly change their behav..."
2025-11-23T18:34:59.198483,Placebo,1.0,1,310,0.6290322580645161,9.0,"### Explanation in Simple Terms
Threshold systems are like switches that change behavior abruptly wh..."
2025-11-23T18:36:45.380945,Placebo,1.0,1,356,0.6629213483146067,9.0,"### Explanation in Simple Terms
Threshold systems are like a tipping point where something shifts su..."
2025-11-23T18:38:17.795649,Placebo,1.0,1,308,0.6233766233766234,9.0,"### Explanation in Simple Terms:

This statement is about how certain systems change abruptly when a..."
2025-11-23T18:40:03.721224,Placebo,1.0,1,319,0.5830721003134797,9.0,"### Explanation in Simple Terms
Imagine a system where something ""clicks"" or changes suddenly when a..."
2025-11-23T18:41:49.484969,Placebo,1.0,1,360,0.5861111111111111,9.0,"### Explanation in Simple Terms:

Threshold systems are like a switch or a tipping point where somet..."
2025-11-23T18:43:48.162093,Placebo,1.0,1,368,0.6222826086956522,9.0,"### Explanation in Simple Terms:

This statement is about how certain systems can suddenly change th..."
2025-11-23T18:45:48.564578,Placebo,1.0,1,390,0.5307692307692308,5.0,"### Explanation in Simple Terms
1. **Explanation**: Imagine a system that suddenly changes behavior ..."
2025-11-23T18:47:30.915271,Placebo,1.0,1,328,0.6158536585365854,8.0,"### Explanation in Simple Terms
Threshold systems are like a seesaw where, until a certain point is ..."
2025-11-23T18:49:04.019668,Placebo,1.0,1,246,0.6422764227642277,9.0,"### Explanation in Simple Terms:

This statement is about how some systems can change suddenly and d..."
2025-11-23T18:50:51.077135,Placebo,1.0,1,317,0.6624605678233438,9.0,"### Explanation of the Statement in Simple Terms
1. **Threshold Systems and Transitions:**
   - **Th..."
2025-11-23T18:52:13.156538,Placebo,1.0,1,261,0.6666666666666666,9.0,"### Explanation in Simple Terms
This statement is about how certain systems can abruptly change beha..."
2025-11-23T18:55:41.494077,Placebo,1.0,1,287,0.6689895470383276,9.0,"### Explanation in Simple Terms

Threshold systems are like a tipping point where something changes ..."
2025-11-23T18:57:27.038809,Placebo,1.0,1,352,0.5568181818181818,10.0,"### Explanation of the Statement in Simple Terms:

This statement refers to a concept where certain ..."
2025-11-23T18:59:05.720651,Placebo,1.0,1,303,0.6336633663366337,9.0,"### Explanation in Simple Terms:

Threshold systems are like a switch: when something reaches a cert..."
2025-11-23T19:00:51.481140,Placebo,1.0,1,313,0.6357827476038339,9.0,"### Explanation of the Statement in Simple Terms

1. **Explanation:**
   - **Threshold Systems:** Th..."
2025-11-23T19:04:22.655133,Placebo,1.0,1,250,0.628,9.0,"### Analysis of the Statement

#### 1. Explanation in Simple Terms
Threshold systems are like a sees..."
2025-11-23T19:06:16.376748,Placebo,1.0,1,330,0.5818181818181818,9.0,"### Explanation in Simple Terms

Threshold systems are like a seesaw where the balance point (thresh..."
2025-11-23T19:07:48.156030,Placebo,1.0,1,290,0.6862068965517242,9.0,"### Explanation in Simple Terms
This statement is about how certain systems can suddenly change beha..."
2025-11-23T19:09:29.283602,Placebo,1.0,1,318,0.6352201257861635,9.0,"### Explanation in Simple Terms
Threshold systems are like a seesaw that moves suddenly when the wei..."
2025-11-23T19:15:29.866607,Placebo,1.0,1,398,0.6206030150753769,9.0,"### Explanation in Simple Terms

This statement is about how certain systems can change their behavi..."
2025-11-23T19:17:30.212842,Placebo,1.0,1,390,0.5871794871794872,8.0,"### Explanation in Simple Terms
This statement refers to a type of system where a sudden change occu..."
2025-11-23T19:19:23.247982,Placebo,1.0,1,335,0.5940298507462687,10.0,"### 1. Explanation in Simple Terms

This statement refers to a phenomenon where systems can abruptly..."
2025-11-23T19:25:17.018978,Placebo,1.0,1,300,0.6033333333333334,9.0,"### Analysis of the Statement

1. **Explanation in Simple Terms:**
   - A threshold system is one wh..."
2025-11-23T19:27:08.720743,Placebo,1.0,1,349,0.5959885386819485,8.0,"### Explanation in Simple Terms

Threshold systems are like a seesaw where the order parameter \( R ..."
2025-11-23T19:30:49.536286,Placebo,1.0,1,291,0.6563573883161512,9.0,"### Explanation in Simple Terms:

Threshold systems are like a seesaw that tips over when it reaches..."
2025-11-23T19:32:29.617435,Placebo,1.0,1,295,0.6237288135593221,8.0,"### Explanation of the Statement in Simple Terms
This statement is about how certain systems can abr..."
2025-11-23T19:34:27.720680,Placebo,1.0,1,385,0.5896103896103896,5.0,"### Explanation in Simple Terms

**Threshold Systems and Critical Transitions:**
Imagine a system th..."
2025-11-23T19:36:07.240199,Placebo,1.0,1,327,0.6299694189602446,9.0,"### Explanation in Simple Terms

Threshold systems are like a switch that turns on or off when somet..."
2025-11-23T19:37:55.058832,Placebo,1.0,1,340,0.6058823529411764,10.0,"### Explanation in Simple Terms
Threshold systems involve a point where the behavior of a system cha..."
2025-11-23T19:41:42.512908,Placebo,1.0,1,325,0.6246153846153846,10.0,"### Explanation in Simple Terms

This statement is about how systems can change suddenly when a cert..."
2025-11-23T19:43:34.128425,Placebo,1.0,1,329,0.5987841945288754,9.0,"### Explanation in Simple Terms
1. **Explanation:**
   - Think of a threshold system like a light sw..."
2025-11-23T19:45:34.334377,Placebo,1.0,1,334,0.5988023952095808,9.0,"### Explanation in Simple Terms

Threshold systems are like a seesaw that tips over when a certain p..."
2025-11-23T19:47:31.587753,Placebo,1.0,1,358,0.6256983240223464,9.0,"### Explanation in Simple Terms

Threshold systems are like a seesaw that tips over when the weight ..."
2025-11-23T19:49:20.884929,Placebo,1.0,1,353,0.5892351274787535,9.0,"### Explanation in Simple Terms
This statement is about systems that change suddenly when a particul..."
2025-11-23T19:51:20.396184,Placebo,1.0,1,388,0.5644329896907216,8.0,"### Explanation in Simple Terms
Threshold systems are like a seesaw where things don't change much u..."
2025-11-23T19:52:44.594976,Placebo,1.0,1,278,0.6366906474820144,9.0,"### Explanation in Simple Terms

1. **Explanation:**
   - Imagine a system where something changes a..."
2025-11-23T19:54:16.831442,Placebo,1.0,1,318,0.5754716981132075,9.0,"### Explanation in Simple Terms
Threshold systems are like a seesaw where the order parameter \( R \..."
2025-11-23T19:56:14.702320,Placebo,1.0,1,392,0.5943877551020408,5.0,"### Explanation in Simple Terms
Threshold systems are like a seesaw where if the weight on one side ..."
2025-11-23T19:57:36.173287,Placebo,1.0,1,130,0.7384615384615385,9.0,"### Explanation in Simple Terms

This statement is about how certain systems can suddenly change the..."
2025-11-23T19:59:33.912891,Placebo,1.0,1,400,0.5625,8.0,"### Explanation in Simple Terms

Threshold systems are like a light switch: they remain off until en..."
2025-11-23T20:01:07.675253,Placebo,1.0,1,303,0.6270627062706271,9.0,"### Explanation in Simple Terms
Threshold systems are like a switch that turns on or off based on th..."
2025-11-23T20:06:47.463933,Placebo,1.0,1,314,0.6050955414012739,9.0,"### Explanation in Simple Terms
Threshold systems are like a switch that turns on or off when a cert..."
2025-11-23T20:08:29.898280,Placebo,1.0,1,315,0.6476190476190476,9.0,"### Explanation in Simple Terms:

1. **Explanation:**
   Threshold systems are like a seesaw where t..."
2025-11-23T20:10:25.175454,Placebo,1.0,1,364,0.6208791208791209,9.0,"### Explanation in Simple Terms

This statement is about how certain systems can suddenly change the..."
2025-11-23T20:12:23.922002,Placebo,1.0,1,370,0.5972972972972973,9.0,"### Explanation of the Statement in Simple Terms:

1. **Threshold Systems and Critical Transitions:*..."
2025-11-23T20:14:22.093326,Placebo,1.0,1,399,0.6115288220551378,8.0,"### Explanation in Simple Terms

This statement is about how certain systems can suddenly change the..."
2025-11-23T20:16:02.153169,Placebo,1.0,1,340,0.611764705882353,9.0,"### Explanation in Simple Terms
This statement refers to a phenomenon where systems can abruptly cha..."
2025-11-23T20:18:01.524747,Placebo,1.0,1,390,0.5743589743589743,8.0,"### Explanation in Simple Terms

Imagine a system (like a weather pattern or a group of neurons) tha..."
2025-11-23T20:21:28.238030,Placebo,1.0,1,284,0.6197183098591549,9.0,"### Explanation in Simple Terms
Threshold systems are like a seesaw where the balance point is very ..."
2025-11-23T20:23:21.689133,Placebo,1.0,1,376,0.6170212765957447,9.0,"### Explanation in Simple Terms

The statement describes how certain systems (like those found in in..."
2025-11-23T20:25:14.574560,Placebo,1.0,1,364,0.6483516483516484,9.0,"### Explanation of the Statement in Simple Terms:

Threshold systems are like switches where a small..."
2025-11-23T20:28:56.655641,Placebo,1.0,1,313,0.6325878594249201,8.0,"### Analysis of the Statement:

1. **Simple Explanation**:
   - Imagine a system where things change..."
2025-11-23T20:30:53.530717,Placebo,1.0,1,398,0.5904522613065326,9.0,"### Explanation in Simple Terms
Threshold systems are like a switch that turns on or off when someth..."
2025-11-23T20:34:53.717735,Placebo,1.0,1,369,0.5853658536585366,10.0,"### Explanation in Simple Terms

This statement describes how certain systems, whether they are natu..."
2025-11-23T20:36:37.512845,Placebo,1.0,1,255,0.596078431372549,9.0,"### Explanation in Simple Terms
This statement is about how certain systems can suddenly change thei..."
2025-11-23T20:40:20.026805,Placebo,1.0,1,294,0.6360544217687075,10.0,"### Explanation of the Statement in Simple Terms:

1. **Simple Explanation:**
   - Imagine a system ..."
2025-11-23T20:42:20.153869,Placebo,1.0,1,404,0.5148514851485149,9.0,"### Explanation in Simple Terms:

This statement is about how certain systems can change behavior ab..."
2025-11-23T20:43:59.006960,Placebo,1.0,1,310,0.6290322580645161,9.0,"### Explanation in Simple Terms

Threshold systems are like a tipping point where something suddenly..."
2025-11-23T20:45:53.090729,Placebo,1.0,1,376,0.6329787234042553,9.0,"### 1. Explanation in Simple Terms

This statement is about how some systems show sudden changes or ..."
2025-11-23T20:47:53.223882,Placebo,1.0,1,305,0.5934426229508196,8.0,"### Explanation in Simple Terms

This statement is about how certain systems can change their state ..."
2025-11-23T20:51:30.224406,Placebo,1.0,1,301,0.6411960132890365,9.0,"### Explanation in Simple Terms

Threshold systems are like a seesaw that tips when it reaches a cer..."
2025-11-23T20:53:08.528702,Placebo,1.0,1,300,0.6366666666666667,8.0,"### Explanation of the Statement in Simple Terms:

**Threshold systems** are like a light switch: th..."
2025-11-23T20:54:52.326655,Placebo,1.0,1,342,0.5935672514619883,9.0,"### Explanation in Simple Terms

Threshold systems are like a seesaw where the order parameter \( R ..."
2025-11-23T20:56:45.308193,Placebo,1.0,1,330,0.6484848484848484,9.0,"### Explanation in Simple Terms

Threshold systems are like a seesaw where the balance point is crit..."
2025-11-23T20:58:39.442031,Placebo,1.0,1,352,0.5994318181818182,9.0,"### Explanation in Simple Terms:

Threshold systems are situations where a small change can lead to ..."
2025-11-23T21:02:05.304263,Placebo,1.0,1,255,0.7254901960784313,9.0,"### Analysis of the Statement:

1. **Simple Explanation:**
   Threshold systems are like a seesaw wh..."
2025-11-23T21:03:57.674383,Placebo,1.0,1,325,0.6307692307692307,9.0,"### Explanation in Simple Terms

**Threshold Systems:** Imagine a system where things change suddenl..."
2025-11-23T21:07:52.638004,Placebo,1.0,1,385,0.5766233766233766,9.0,"### Explanation in Simple Terms

Threshold systems are like a switch that turns on or off based on w..."
2025-11-23T21:09:39.279965,Placebo,1.0,1,347,0.5878962536023055,9.0,"### Explanation in Simple Terms

**Statement Breakdown:**
- **Threshold Systems:** These are systems..."
2025-11-23T21:11:25.553435,Placebo,1.0,1,318,0.6069182389937107,9.0,"### Explanation in Simple Terms

Threshold systems are like a seesaw where the position of one side ..."
2025-11-23T21:13:18.441730,Placebo,1.0,1,355,0.6028169014084507,9.0,"### Explanation in Simple Terms:

1. **What This Means:**
   - Think of a threshold system as someth..."
2025-11-23T21:15:01.755615,Placebo,1.0,1,323,0.6130030959752322,5.0,"### Explanation in Simple Terms

Threshold systems are like a seesaw where the balance point is dete..."
2025-11-23T21:16:57.109954,Placebo,1.0,1,358,0.6340782122905028,9.0,"### Explanation in Simple Terms

This statement refers to how some systems change abruptly when a ce..."
2025-11-23T21:24:48.569127,Placebo,1.0,1,352,0.625,9.0,"### Explanation in Simple Terms
Threshold systems are like switches where a small change can lead to..."
2025-11-23T21:32:48.286092,Placebo,1.0,1,379,0.6200527704485488,9.0,"1. **Simple Explanation:**
   - Imagine a system where everything seems stable until a certain point..."
2025-11-23T21:34:38.360020,Placebo,1.0,1,299,0.6555183946488294,9.0,"### Explanation in Simple Terms

This statement describes how certain systems can suddenly change be..."
2025-11-23T21:36:36.486671,Placebo,1.0,1,383,0.5848563968668408,9.0,"### Explanation in Simple Terms:

Threshold systems are like a seesaw where the position of the pivo..."
2025-11-23T21:38:29.970675,Placebo,1.0,1,357,0.6218487394957983,9.0,"### 1. Explanation in Simple Terms

This statement is about how certain systems can change suddenly ..."
2025-11-23T21:40:28.609067,Placebo,1.0,1,372,0.6209677419354839,8.0,"### Explanation in Simple Terms:

Threshold systems are special kinds of systems where a small chang..."
2025-11-23T21:42:16.036161,Placebo,1.0,1,375,0.64,9.0,"### Explanation in Simple Terms

The statement refers to how certain systems change dramatically whe..."
2025-11-23T21:44:02.013559,Placebo,1.0,1,347,0.622478386167147,9.0,"### Explanation in Simple Terms
Threshold systems are like a seesaw where the position of the fulcru..."
2025-11-23T21:45:45.858677,Placebo,1.0,1,279,0.6236559139784946,9.0,"### Explanation in Simple Terms:

Threshold systems are like a seesaw where the position of a fulcru..."
2025-11-23T21:47:44.178734,Placebo,1.0,1,394,0.6192893401015228,9.0,"### Explanation in Simple Terms
Threshold systems are like switches that turn on or off when a certa..."
2025-11-23T21:49:38.600041,Placebo,1.0,1,319,0.6050156739811913,9.0,"### Explanation in Simple Terms

This statement is about systems that can suddenly change their beha..."
2025-11-23T21:51:30.380062,Placebo,1.0,1,345,0.6202898550724638,5.0,"### Explanation in Simple Terms
1. **Explanation:**
   - Imagine a system where things change abrupt..."
2025-11-23T21:55:27.255157,Placebo,1.0,1,355,0.6169014084507042,9.0,"### Explanation in Simple Terms
This statement is about how certain systems change their behavior su..."
2025-11-23T21:57:01.754863,Placebo,1.0,1,269,0.6133828996282528,9.0,"### Explanation in Simple Terms
Threshold systems are like a seesaw where the balance point (thresho..."
2025-11-23T22:03:02.119109,Placebo,1.0,1,395,0.5848101265822785,9.0,"### Explanation of the Statement in Simple Terms:

1. **Explanation:**
   - A ""threshold system"" is ..."
2025-11-23T22:04:43.772222,Placebo,1.0,1,292,0.6472602739726028,9.0,"### Analysis of the Statement

1. **Explanation in Simple Terms:**
   - Think of a threshold system ..."
2025-11-23T22:06:44.369990,Placebo,1.0,1,403,0.5905707196029777,9.0,"### Explanation in Simple Terms:

Threshold systems are like a seesaw at the edge of tipping over. W..."
2025-11-23T22:08:35.201490,Placebo,1.0,1,361,0.6011080332409973,5.0,"### 1. Explanation in Simple Terms

Threshold systems are like a tipping point where something chang..."
2025-11-23T22:14:35.939814,Placebo,1.0,1,355,0.6253521126760564,9.0,"### Explanation in Simple Terms

Threshold systems are like a light switch where the system changes ..."
2025-11-23T22:20:06.642003,Placebo,1.0,1,295,0.5864406779661017,9.0,"### Explanation in Simple Terms

Threshold systems are like a seesaw where the balance point is dete..."
2025-11-23T22:23:50.082027,Placebo,1.0,1,293,0.6348122866894198,9.0,"### Explanation in Simple Terms
Threshold systems are like a seesaw. When the weight on one side (re..."
2025-11-23T22:25:37.311285,Placebo,1.0,1,283,0.6042402826855123,9.0,"### Explanation in Simple Terms
Threshold systems are like a tipping point where something changes a..."
2025-11-23T22:27:12.916172,Placebo,1.0,1,300,0.65,9.0,"### Explanation in Simple Terms:

Threshold systems are like a seesaw where, when one side reaches a..."
2025-11-23T22:28:50.320984,Placebo,1.0,1,289,0.6228373702422145,9.0,"### Explanation in Simple Terms:

Threshold systems are like a light switch where the output changes..."
2025-11-23T22:30:46.444910,Placebo,1.0,1,342,0.6169590643274854,8.0,"### 1. Explanation in Simple Terms
This statement is about how certain systems change suddenly when ..."
2025-11-23T22:32:22.292674,Placebo,1.0,1,327,0.6024464831804281,9.0,"### Explanation in Simple Terms
This statement is about how certain systems can suddenly change thei..."
2025-11-23T22:35:51.762017,Placebo,1.0,1,238,0.6386554621848739,9.0,"### Explanation in Simple Terms
This statement is about how certain systems can suddenly change thei..."
2025-11-23T22:37:27.236890,Placebo,1.0,1,311,0.639871382636656,9.0,"### Explanation in Simple Terms
1. **Threshold Systems and Critical Transitions:**
   - Imagine a sy..."
2025-11-23T22:41:12.037051,Placebo,1.0,1,352,0.5909090909090909,9.0,"### Explanation in Simple Terms
This statement is about how certain systems can suddenly change thei..."
2025-11-23T22:43:12.393176,Placebo,1.0,1,395,0.589873417721519,9.0,"### Explanation in Simple Terms

This statement describes how certain systems undergo sudden changes..."
2025-11-23T22:45:00.123380,Placebo,1.0,1,310,0.6451612903225806,9.0,"### Explanation in Simple Terms:

Threshold systems are like a seesaw where at a certain point (thre..."
2025-11-23T22:46:56.933571,Placebo,1.0,1,385,0.5688311688311688,9.0,"### Explanation in Simple Terms

Threshold systems are like a seesaw that tips suddenly when the wei..."
2025-11-23T22:48:46.612677,Placebo,1.0,1,362,0.6243093922651933,9.0,"### Explanation in Simple Terms

Threshold systems are like tipping points where a small change can ..."
2025-11-23T22:52:33.943701,Placebo,1.0,1,277,0.6389891696750902,9.0,"### Explanation in Simple Terms
Threshold systems are like switches that turn on or off when a certa..."
2025-11-23T22:58:29.891259,Placebo,1.0,1,316,0.6455696202531646,8.0,"### Explanation in Simple Terms:

This statement is about a type of system called a ""threshold syste..."
2025-11-23T23:00:18.473540,Placebo,1.0,1,344,0.6366279069767442,9.0,"### Analysis of the Statement:

1. **Explanation in Simple Terms:**
   - Threshold systems are like ..."
2025-11-23T23:01:59.422250,Placebo,1.0,1,335,0.5940298507462687,9.0,"### Explanation in Simple Terms

Threshold systems are like a seesaw where the order parameter R is ..."
2025-11-23T23:03:52.060023,Placebo,1.0,1,346,0.6271676300578035,9.0,"### Explanation in Simple Terms:

This statement describes how some systems undergo abrupt changes o..."
2025-11-23T23:05:43.281524,Placebo,1.0,1,352,0.5738636363636364,8.0,"### Explanation in Simple Terms

This statement refers to a concept where certain systems show sudde..."
2025-11-23T23:07:29.141682,Placebo,1.0,1,357,0.6190476190476191,9.0,"### Explanation in Simple Terms:

Threshold systems are like switches where a small change can lead ..."
2025-11-23T23:11:13.632266,Placebo,1.0,1,313,0.6038338658146964,9.0,"### Explanation in Simple Terms

This statement is about how certain systems can suddenly change the..."
2025-11-23T23:18:49.353215,Placebo,1.0,1,315,0.6793650793650794,9.0,"### Explanation in Simple Terms
Threshold systems are like a seesaw where the system's behavior chan..."
2025-11-23T23:20:49.380388,Placebo,1.0,1,383,0.556135770234987,9.0,"### Explanation in Simple Terms
A threshold system is a type of system where the behavior changes dr..."
2025-11-23T23:22:39.769696,Placebo,1.0,1,301,0.574750830564784,9.0,"### Explanation in Simple Terms

Threshold systems are like a seesaw. Imagine you have a seesaw with..."
2025-11-23T23:24:12.172671,Placebo,1.0,1,285,0.6701754385964912,8.0,"### Explanation in Simple Terms
Threshold systems are like a seesaw where the balance shifts suddenl..."
2025-11-23T23:26:02.148599,Placebo,1.0,1,360,0.5638888888888889,9.0,"### Explanation in Simple Terms

This statement refers to a concept where systems have different sta..."
2025-11-23T23:27:48.661768,Placebo,1.0,1,327,0.599388379204893,8.0,"### Explanation in Simple Terms

This statement is about how certain systems can suddenly change the..."
2025-11-23T23:31:21.710728,Placebo,1.0,1,253,0.6719367588932806,9.0,"### Explanation in Simple Terms
This statement describes a common feature found in various complex s..."
2025-11-23T23:39:23.380700,Placebo,1.0,1,382,0.6335078534031413,9.0,"### Explanation in Simple Terms:

A threshold system is a type of system where the behavior changes ..."
2025-11-23T23:43:22.604400,Placebo,1.0,1,391,0.5754475703324808,9.0,"### Explanation in Simple Terms
This statement is about how some systems change suddenly when a cert..."
2025-11-23T23:45:13.477523,Placebo,1.0,1,353,0.5609065155807366,9.0,"### Explanation in Simple Terms
Threshold systems are like a seesaw where the order parameter \( R \..."
2025-11-23T23:46:53.796941,Placebo,1.0,1,248,0.6451612903225806,9.0,"### Analysis of the Statement

#### 1. Explanation in Simple Terms:
Threshold systems are like switc..."
2025-11-23T23:48:41.171732,Placebo,1.0,1,304,0.6611842105263158,9.0,"### Analysis of the Statement

1. **Simple Explanation:**
   Threshold systems are like a switch tha..."
2025-11-23T23:50:11.597584,Placebo,1.0,1,287,0.6655052264808362,9.0,"### Analysis of the Statement

#### 1. Explanation in Simple Terms:
Imagine a system where something..."
2025-11-23T23:51:59.949474,Placebo,1.0,1,321,0.6230529595015576,9.0,"### Explanation in Simple Terms

This statement is about how certain systems undergo sudden changes ..."
2025-11-23T23:55:41.420763,Placebo,1.0,1,308,0.5941558441558441,9.0,"### Explanation in Simple Terms
Threshold systems are like a switch that turns on or off when someth..."
2025-11-23T23:57:41.812476,Placebo,1.0,1,359,0.5766016713091922,9.0,"### Explanation in Simple Terms:
Threshold systems are like a seesaw where if one side gets just hea..."
2025-11-23T23:59:13.030855,Placebo,1.0,1,290,0.6517241379310345,9.0,"### Explanation in Simple Terms
Threshold systems are like a switch where something changes dramatic..."
2025-11-24T00:02:57.169177,Placebo,1.0,1,300,0.6633333333333333,9.0,"### Explanation in Simple Terms:

Imagine a system that behaves differently depending on the amount ..."
2025-11-24T00:12:36.129112,Placebo,1.0,1,302,0.6589403973509934,9.0,"### Explanation:

**1. Simple Terms:**
Threshold systems are like a seesaw where the balance shifts ..."
2025-11-24T00:14:12.136317,Placebo,1.0,1,308,0.6331168831168831,9.0,"### Explanation in Simple Terms
Threshold systems are like a light switch: when the input (or order ..."
2025-11-24T00:16:01.933251,Placebo,1.0,1,330,0.6242424242424243,8.0,"### Explanation in Simple Terms

This statement is about systems where a sudden change occurs when a..."
2025-11-24T00:17:36.887791,Placebo,1.0,1,305,0.6327868852459017,9.0,"### Explanation in Simple Terms
Threshold systems are like a scale where something changes dramatica..."
2025-11-24T00:19:18.998010,Placebo,1.0,1,319,0.6363636363636364,9.0,"### Explanation in Simple Terms

This statement refers to how some systems can change dramatically w..."
2025-11-24T00:20:51.801285,Placebo,1.0,1,244,0.6885245901639344,9.0,"### Explanation in Simple Terms:

This statement refers to how certain systems can suddenly change t..."
2025-11-24T00:26:14.277067,Placebo,1.0,1,212,0.7075471698113207,9.0,"### Explanation in Simple Terms
This statement is about a phenomenon called ""threshold systems"" wher..."
2025-11-24T00:27:57.880299,Placebo,1.0,1,337,0.6706231454005934,9.0,"### Explanation in Simple Terms
This statement is about how some systems undergo sudden changes when..."
2025-11-24T00:29:27.159296,Placebo,1.0,1,278,0.6438848920863309,9.0,"### Explanation in Simple Terms:

This statement is about how certain systems can change their behav..."
2025-11-24T00:31:11.327491,Placebo,1.0,1,318,0.6320754716981132,9.0,"### Explanation in Simple Terms

Threshold systems are like a seesaw where the order parameter \( R ..."
2025-11-24T00:33:01.660744,Placebo,1.0,1,283,0.6289752650176679,9.0,"### Explanation in Simple Terms:

Threshold systems are like a seesaw where each side represents dif..."
2025-11-24T00:34:37.804226,Placebo,1.0,1,304,0.6677631578947368,9.0,"### Explanation in Simple Terms:

1. **What This Means:**
   - Imagine a system (like a group of cel..."
2025-11-24T00:36:29.476553,Placebo,1.0,1,353,0.6147308781869688,8.0,"### Explanation in Simple Terms

This statement is about how certain systems can undergo sudden and ..."
2025-11-24T00:38:30.039650,Placebo,1.0,1,363,0.5509641873278237,9.0,"### Explanation in Simple Terms
Threshold systems are like a switch where something suddenly changes..."
2025-11-24T00:40:25.972724,Placebo,1.0,1,356,0.6151685393258427,9.0,"### Explanation in Simple Terms

This statement refers to a type of system where something significa..."
2025-11-24T00:42:22.506430,Placebo,1.0,1,383,0.6005221932114883,9.0,"### Explanation in Simple Terms

Threshold systems are like a seesaw where the balance point (the th..."
2025-11-24T00:46:12.776528,Placebo,1.0,1,279,0.5878136200716846,5.0,"### Explanation in Simple Terms:

Threshold systems are like switches that turn on or off based on t..."
2025-11-24T00:48:12.032990,Placebo,1.0,1,348,0.6120689655172413,10.0,"### Explanation in Simple Terms

1. **Explanation:**
   - Imagine a system where something changes d..."
2025-11-24T00:50:10.843716,Placebo,1.0,1,367,0.5722070844686649,9.0,"### Explanation in Simple Terms

This statement is about threshold systems, which are systems where ..."
2025-11-24T00:56:02.586176,Placebo,1.0,1,345,0.6608695652173913,9.0,"### 1. Explanation in Simple Terms

Threshold systems are like a switch or a tipping point where sma..."
2025-11-24T00:58:00.179542,Placebo,1.0,1,366,0.5628415300546448,10.0,"### Explanation in Simple Terms

A threshold system is like a switch in a machine or nature that fli..."
2025-11-24T00:59:49.719308,Placebo,1.0,1,316,0.6392405063291139,9.0,"### Explanation
1. **Simple Terms:**
   - A threshold system is a type of system where small changes..."
2025-11-24T01:01:27.391411,Placebo,1.0,1,325,0.6246153846153846,9.0,"### Explanation in Simple Terms

Threshold systems are like switches that turn on or off based on a ..."
2025-11-24T01:05:28.684248,Placebo,1.0,1,391,0.5319693094629157,9.0,"### Explanation in Simple Terms
Threshold systems are like a seesaw where, when one side reaches a c..."
2025-11-24T01:07:13.059075,Placebo,1.0,1,326,0.6226993865030674,8.0,"### Explanation in Simple Terms
Threshold systems are like switches that turn on or off when a certa..."
2025-11-24T01:08:56.744082,Placebo,1.0,1,323,0.6099071207430341,9.0,"### Explanation in Simple Terms

Threshold systems are like a seesaw: when a certain balance is tipp..."
2025-11-24T01:12:24.753016,Placebo,1.0,1,278,0.6187050359712231,9.0,"### Explanation in Simple Terms
1. **Explanation:**
   - Imagine a system where something changes dr..."
2025-11-24T01:14:15.616623,Placebo,1.0,1,357,0.6162464985994398,9.0,"### Explanation in Simple Terms
Threshold systems are like a seesaw where the balance point (thresho..."
2025-11-24T01:18:00.898307,Placebo,1.0,1,343,0.5860058309037901,9.0,"### Explanation in Simple Terms

This statement is about a concept where certain systems or processe..."
2025-11-24T01:19:42.161565,Placebo,1.0,1,314,0.6337579617834395,9.0,"### Explanation in Simple Terms
Threshold systems are like a seesaw where the balance point is deter..."
2025-11-24T01:21:28.429519,Placebo,1.0,1,349,0.6246418338108882,9.0,"### Explanation in Simple Terms

This statement describes a phenomenon where certain systems undergo..."
2025-11-24T01:25:01.754093,Placebo,1.0,1,295,0.6271186440677966,8.0,"### Explanation in Simple Terms:

This statement is about how certain systems can suddenly change th..."
2025-11-24T01:28:28.758123,Placebo,1.0,1,256,0.6484375,8.0,"### 1. Simple Explanation
Threshold systems are like a seesaw where the balance point (threshold Θ) ..."
2025-11-24T01:29:46.423684,Placebo,1.0,1,240,0.6875,9.0,"### Explanation in Simple Terms:

Threshold systems are like a seesaw where the balance point (thres..."
2025-11-24T01:31:36.522368,Placebo,1.0,1,283,0.6183745583038869,8.0,"### Explanation in Simple Terms:

This statement is about a concept found in various fields such as ..."
2025-11-24T01:33:12.762958,Placebo,1.0,1,282,0.6382978723404256,9.0,"### Explanation in Simple Terms

1. **Explanation:**
   - Imagine a system where something happens s..."
2025-11-24T01:37:01.532768,Placebo,1.0,1,319,0.6363636363636364,9.0,"### 1. Explanation in Simple Terms

Threshold systems are like a seesaw where the position of a weig..."
2025-11-24T01:40:56.242569,Placebo,1.0,1,358,0.6005586592178771,9.0,"### Explanation in Simple Terms
Threshold systems are like switches that change behavior abruptly wh..."
2025-11-24T01:44:23.656853,Placebo,1.0,1,234,0.6837606837606838,9.0,"### Explanation in Simple Terms:

Threshold systems are like switches that turn on or off when somet..."
2025-11-24T01:46:11.478493,Placebo,1.0,1,335,0.6567164179104478,9.0,"### Analysis of the Statement:

#### 1. Explanation in Simple Terms:
Imagine a system that can be in..."
2025-11-24T01:49:42.749718,Placebo,1.0,1,303,0.636963696369637,8.0,"### Explanation in Simple Terms:

Threshold systems are like a seesaw where the balance is very sens..."
2025-11-24T01:51:17.149958,Placebo,1.0,1,245,0.636734693877551,9.0,"### Explanation in Simple Terms

Threshold systems are like a seesaw where the order parameter \( R ..."
2025-11-24T01:53:01.502115,Placebo,1.0,1,330,0.6151515151515151,9.0,"### Explanation in Simple Terms
This statement is about how systems can change suddenly when somethi..."
2025-11-24T01:54:46.398869,Placebo,1.0,1,284,0.5985915492957746,9.0,"### Explanation in Simple Terms

Threshold systems are like a light switch: until a certain point (t..."
2025-11-24T01:56:39.477031,Placebo,1.0,1,353,0.6005665722379604,9.0,"### Analysis of the Statement

1. **Explanation in Simple Terms:**
   - Imagine a system (like a bri..."
2025-11-24T01:58:38.096929,Placebo,1.0,1,363,0.6005509641873278,5.0,"### Explanation of the Statement in Simple Terms

1. **Simple Explanation:**
   - **Threshold System..."
2025-11-24T02:00:36.731221,Placebo,1.0,1,302,0.6324503311258278,8.0,"### Explanation in Simple Terms

1. **Explanation:**
   - A *threshold system* is a type of system w..."
2025-11-24T02:02:14.375832,Placebo,1.0,1,303,0.6732673267326733,9.0,"### Explanation:
1. **Simple Terms:**
   - Threshold systems are those where a small change in condi..."
2025-11-24T02:03:52.120661,Placebo,1.0,1,318,0.6320754716981132,9.0,"### Explanation in Simple Terms
Threshold systems are like a seesaw where the balance point (thresho..."
2025-11-24T02:07:25.651159,Placebo,1.0,1,304,0.6480263157894737,9.0,"### Explanation in Simple Terms
Threshold systems are like a tipping point where small changes can l..."
2025-11-24T02:13:05.529733,Placebo,1.0,1,316,0.6582278481012658,9.0,"### Explanation of the Statement in Simple Terms:

1. **Explanation:**
   - Threshold systems are li..."
2025-11-24T02:14:44.541304,Placebo,1.0,1,323,0.5944272445820433,9.0,"### Explanation in Simple Terms

This statement refers to a concept where systems can suddenly chang..."
2025-11-24T02:16:14.965306,Placebo,1.0,1,255,0.6274509803921569,8.0,"### Explanation in Simple Terms:

This statement refers to a phenomenon where systems exhibit sudden..."
2025-11-24T02:17:43.786882,Placebo,1.0,1,296,0.6418918918918919,9.0,"### Explanation in Simple Terms

This statement refers to a type of system where there's a sudden ch..."
2025-11-24T02:19:44.021186,Placebo,1.0,1,324,0.5895061728395061,9.0,"### Explanation in Simple Terms
This statement describes how certain systems can suddenly change the..."
2025-11-24T02:21:39.596933,Placebo,1.0,1,371,0.5795148247978437,9.0,"### Explanation in Simple Terms:

Threshold systems are like a seesaw where the order parameter \( R..."
2025-11-24T02:23:35.351921,Placebo,1.0,1,353,0.5807365439093485,9.0,"### Explanation in Simple Terms

1. **Explanation:**
   - Imagine a system (like a weather pattern o..."
2025-11-24T02:25:12.000507,Placebo,1.0,1,295,0.6440677966101694,8.0,"### Explanation in Simple Terms

This statement is about how certain systems can change suddenly whe..."
2025-11-24T02:27:03.300601,Placebo,1.0,1,335,0.6,8.0,"### Explanation in Simple Terms

Threshold systems are like a seesaw that tips when it reaches a cer..."
2025-11-24T02:28:53.098823,Placebo,1.0,1,330,0.6515151515151515,9.0,"### Explanation of the Statement in Simple Terms

1. **Explanation:**
   - Imagine a system that can..."
2025-11-24T02:30:49.187773,Placebo,1.0,1,372,0.6129032258064516,9.0,"### Explanation in Simple Terms
Threshold systems are like switches where a small change can cause a..."
2025-11-24T02:32:38.308701,Placebo,1.0,1,348,0.6235632183908046,9.0,"### Explanation in Simple Terms:
Threshold systems are like switches where a small change can cause ..."
2025-11-24T02:36:30.580456,Placebo,1.0,1,362,0.5994475138121547,9.0,"### Explanation in Simple Terms

This statement refers to a concept found in various scientific fiel..."
2025-11-24T02:38:26.536954,Placebo,1.0,1,370,0.5756756756756757,9.0,"### Explanation in Simple Terms

**Threshold Systems**: These are systems where a small change can l..."
2025-11-24T02:40:18.830433,Placebo,1.0,1,371,0.6199460916442049,10.0,"### Explanation of the Statement in Simple Terms
Threshold systems are like a seesaw that tips sudde..."
2025-11-24T02:42:12.827238,Placebo,1.0,1,377,0.5862068965517241,9.0,"### Explanation in Simple Terms:

This statement is about how certain systems can change behavior su..."
2025-11-24T02:44:02.822223,Placebo,1.0,1,363,0.6088154269972452,9.0,"### Explanation in Simple Terms:

Threshold systems are like switches that turn on or off when somet..."
2025-11-24T02:45:50.029100,Placebo,1.0,1,349,0.6217765042979942,9.0,"### Explanation in Simple Terms
This statement is about how certain systems can change suddenly when..."
2025-11-24T02:51:35.768017,Placebo,1.0,1,339,0.6106194690265486,9.0,"### Analysis of the Statement

#### 1. Explanation in Simple Terms:
Imagine a system, like a weather..."
2025-11-24T02:53:10.765706,Placebo,1.0,1,301,0.6810631229235881,9.0,"### Explanation in Simple Terms
This statement is about how certain systems can suddenly change thei..."
2025-11-24T02:54:47.667269,Placebo,1.0,1,276,0.6159420289855072,9.0,"### Explanation in Simple Terms:

This statement is about how systems can change suddenly when somet..."
2025-11-24T02:56:18.251089,Placebo,1.0,1,305,0.5836065573770491,9.0,"### Explanation in Simple Terms

This statement is about systems that change their behavior abruptly..."
2025-11-24T03:00:12.850879,Placebo,1.0,1,350,0.5628571428571428,9.0,"### Explanation in Simple Terms
Threshold systems are like a seesaw that tips suddenly when the weig..."
2025-11-24T03:01:52.653835,Placebo,1.0,1,317,0.6025236593059937,9.0,"### Explanation in Simple Terms
A threshold system is like a seesaw where the order parameter \( R \..."
2025-11-24T03:03:31.287373,Placebo,1.0,1,312,0.6378205128205128,9.0,"### 1. Explanation in Simple Terms:

Imagine a system where something changes dramatically when a ce..."
2025-11-24T03:07:21.496020,Placebo,1.0,1,328,0.6067073170731707,8.0,"### Explanation in Simple Terms
Threshold systems are like a seesaw where the balance point (thresho..."
2025-11-24T03:11:14.661736,Placebo,1.0,1,366,0.5819672131147541,9.0,"### Explanation in Simple Terms
Threshold systems are like a seesaw that suddenly tips when one side..."
2025-11-24T03:12:51.723630,Placebo,1.0,1,312,0.6282051282051282,9.0,"### Explanation in Simple Terms:

This statement refers to a concept where certain systems—like thos..."
2025-11-24T03:14:21.181554,Placebo,1.0,1,245,0.6489795918367347,9.0,"### Explanation in Simple Terms

Threshold systems are like a switch that turns on or off when somet..."
2025-11-24T03:15:52.262592,Placebo,1.0,1,297,0.67003367003367,8.0,"### Explanation in Simple Terms:

Threshold systems are like a switch that turns on or off when some..."
2025-11-24T03:17:52.385212,Placebo,1.0,1,383,0.5691906005221932,9.0,"### Explanation in Simple Terms

**Threshold systems** are like a system that remains stable until a..."
2025-11-24T03:19:49.457999,Placebo,1.0,1,380,0.6210526315789474,10.0,"### Explanation in Simple Terms
This statement describes a phenomenon where certain systems change t..."
2025-11-24T03:21:37.305101,Placebo,1.0,1,356,0.6348314606741573,9.0,"### Explanation in Simple Terms:

Threshold systems are like a switch that turns on or off when a ce..."
2025-11-24T03:23:16.346230,Placebo,1.0,1,323,0.6191950464396285,9.0,"### Explanation in Simple Terms:

Imagine a system like a glass of water. As the temperature gradual..."
2025-11-24T03:24:54.979150,Placebo,1.0,1,326,0.6196319018404908,8.0,"### Explanation in Simple Terms:
Threshold systems are like switches that turn on or off when a cert..."
2025-11-24T03:26:42.541840,Placebo,1.0,1,339,0.5752212389380531,9.0,"### Explanation in Simple Terms
Threshold systems are like a seesaw where the balance shifts suddenl..."
2025-11-24T03:28:15.274725,Placebo,1.0,1,309,0.627831715210356,8.0,"### Explanation in Simple Terms
This statement refers to how certain systems can undergo sudden chan..."
2025-11-24T03:30:13.001761,Placebo,1.0,1,380,0.618421052631579,9.0,"### Explanation in Simple Terms
This statement is about how certain systems can suddenly change thei..."
2025-11-24T03:33:58.066215,Placebo,1.0,1,337,0.658753709198813,9.0,"### Explanation in Simple Terms
Threshold systems are like a seesaw where the balance changes sudden..."
2025-11-24T03:35:24.896412,Placebo,1.0,1,243,0.6502057613168725,10.0,"### Explanation in Simple Terms:

Threshold systems are like a switch or a tipping point where the s..."
2025-11-24T03:36:43.034086,Placebo,1.0,1,243,0.691358024691358,9.0,"### Analysis of the Statement:

1. **Explanation in Simple Terms:**
   Threshold systems are like a ..."
2025-11-24T03:38:24.179490,Placebo,1.0,1,323,0.6656346749226006,9.0,"### Explanation in Simple Terms
Threshold systems are like switches that turn on or off based on a s..."
2025-11-24T03:42:05.592233,Placebo,1.0,1,304,0.6217105263157895,8.0,"### Explanation in Simple Terms
Threshold systems are like a seesaw where the balance is maintained ..."
2025-11-24T03:43:44.149993,Placebo,1.0,1,317,0.6403785488958991,9.0,"### 1. Explanation in Simple Terms
Imagine a system where something changes suddenly when it reaches..."
2025-11-24T03:45:24.532023,Placebo,1.0,1,325,0.6615384615384615,9.0,"### Analysis of the Statement

#### 1. Explanation in Simple Terms:
Threshold systems are like a swi..."
2025-11-24T03:47:12.941163,Placebo,1.0,1,351,0.6011396011396012,9.0,"### Analysis of the Statement

#### 1. Explanation in Simple Terms
This statement is about a type of..."
2025-11-24T03:49:11.195158,Placebo,1.0,1,377,0.623342175066313,10.0,"### Explanation in Simple Terms
Threshold systems are like a seesaw—when the weight on one side reac..."
2025-11-24T03:51:06.508856,Placebo,1.0,1,315,0.5746031746031746,9.0,"### Explanation in Simple Terms

Threshold systems are like a seesaw where the order parameter \( R ..."
2025-11-24T03:52:47.081116,Placebo,1.0,1,296,0.6621621621621622,10.0,"### Explanation in Simple Terms:

1. **Explanation:**
   - **Threshold Systems:** Think of a system ..."
2025-11-24T03:54:19.136913,Placebo,1.0,1,300,0.6733333333333333,9.0,"### 1. Explanation in Simple Terms

This statement is about how systems can suddenly change their be..."
2025-11-24T03:58:06.940097,Placebo,1.0,1,273,0.6373626373626373,9.0,"### Explanation in Simple Terms:

1. **Explanation:**
   - Imagine a system where things change dram..."
2025-11-24T04:00:06.613544,Placebo,1.0,1,363,0.6336088154269972,9.0,"### Explanation in Simple Terms

This statement refers to a type of system where something dramatic ..."
2025-11-24T04:01:54.586810,Placebo,1.0,1,343,0.5889212827988338,9.0,"### Explanation in Simple Terms

**Threshold Systems:** Imagine a system where something changes sud..."
2025-11-24T04:03:17.381586,Placebo,1.0,1,260,0.65,8.0,"### 1. Explanation in Simple Terms
Threshold systems are like a seesaw where the tipping point is ve..."
2025-11-24T04:05:04.281658,Placebo,1.0,1,338,0.636094674556213,9.0,"### Explanation in Simple Terms:

Threshold systems are like switches where a small change can cause..."
2025-11-24T04:08:48.942557,Placebo,1.0,1,334,0.6497005988023952,9.0,"### Explanation in Simple Terms

Threshold systems are like a seesaw where the behavior of the syste..."
2025-11-24T04:10:38.505848,Placebo,1.0,1,330,0.603030303030303,5.0,"### Explanation of the Statement

1. **Explanation:**
   - Threshold systems are those where a syste..."
2025-11-24T04:12:08.163907,Placebo,1.0,1,298,0.6174496644295302,9.0,"### Explanation in Simple Terms
This statement is about how certain systems can change drastically w..."
2025-11-24T04:15:44.415938,Placebo,1.0,1,302,0.6490066225165563,9.0,"### Explanation in Simple Terms
Threshold systems are like switches that turn on or off when a certa..."
2025-11-24T04:17:18.538158,Placebo,1.0,1,276,0.6340579710144928,9.0,"### Explanation in Simple Terms

Threshold systems are like a seesaw that tips suddenly when it reac..."
2025-11-24T04:18:50.852199,Placebo,1.0,1,262,0.6717557251908397,9.0,"### Explanation in Simple Terms:
Threshold systems are like switches where a small change can lead t..."
2025-11-24T04:20:43.046080,Placebo,1.0,1,290,0.593103448275862,9.0,"### 1. Explanation in Simple Terms:

Imagine a system (like a weather pattern or a population of ani..."
2025-11-24T04:22:43.915683,Placebo,1.0,1,384,0.5755208333333334,9.0,"### Explanation in Simple Terms

This statement refers to a specific type of system where certain be..."
2025-11-24T04:24:41.753579,Placebo,1.0,1,368,0.6032608695652174,5.0,"### Explanation in Simple Terms

1. **Explanation:**
   - Imagine a system where things change sudde..."
2025-11-24T04:26:39.412199,Placebo,1.0,1,342,0.6052631578947368,8.0,"### Explanation in Simple Terms:

Threshold systems are like a seesaw where the dynamics change dram..."
2025-11-24T04:28:31.037534,Placebo,1.0,1,365,0.6,9.0,"### Explanation in Simple Terms
When a system is described as ""threshold-based,"" it means the system..."
2025-11-24T04:32:21.190959,Placebo,1.0,1,363,0.581267217630854,9.0,"### Explanation in Simple Terms

This statement refers to how certain systems can suddenly change th..."
2025-11-24T04:36:11.846531,Placebo,1.0,1,337,0.6201780415430267,9.0,"### Explanation in Simple Terms
Threshold systems are like a switch that turns on or off when certai..."
2025-11-24T04:37:52.503645,Placebo,1.0,1,319,0.5924764890282131,8.0,"### Analysis of the Statement

#### 1. Explanation in Simple Terms:
Threshold systems are like switc..."
2025-11-24T04:39:19.516029,Placebo,1.0,1,230,0.6391304347826087,9.0,"### Explanation in Simple Terms:

Threshold systems are like switches where a small change can cause..."
2025-11-24T04:44:55.525645,Placebo,1.0,1,292,0.5993150684931506,10.0,"### Explanation in Simple Terms
Threshold systems are like a seesaw that tips over when a certain po..."
2025-11-24T04:46:42.200820,Placebo,1.0,1,288,0.5972222222222222,9.0,"### Explanation in Simple Terms
Threshold systems are like switches where a small change can suddenl..."
2025-11-24T04:50:27.545796,Placebo,1.0,1,306,0.6437908496732027,9.0,"### Explanation in Simple Terms
Threshold systems are like a seesaw where the position of the fulcru..."
2025-11-24T04:53:49.665527,Placebo,1.0,1,261,0.6896551724137931,9.0,"### Explanation in Simple Terms
Threshold systems are like a seesaw where the balance shifts suddenl..."
2025-11-24T04:55:47.185255,Placebo,1.0,1,380,0.6263157894736842,10.0,"### Explanation in Simple Terms:

Threshold systems are like switches that turn on or off based on a..."
2025-11-24T05:01:23.339972,Placebo,1.0,1,270,0.6481481481481481,9.0,"### Explanation in Simple Terms
1. **Explanation:**
   Threshold systems are like a seesaw where the..."
2025-11-24T05:03:15.277445,Placebo,1.0,1,358,0.6005586592178771,9.0,"### Explanation in Simple Terms
Threshold systems are like a seesaw where the position of the fulcru..."
2025-11-24T05:04:49.544179,Placebo,1.0,1,302,0.6225165562913907,9.0,"### Explanation in Simple Terms
Threshold systems are like a seesaw: when the input or ""order parame..."
2025-11-24T05:06:40.042086,Placebo,1.0,1,287,0.6167247386759582,8.0,"### 1. Explanation in Simple Terms

Imagine a system (like a weather pattern or the behavior of a po..."
2025-11-24T05:08:30.195837,Placebo,1.0,1,273,0.6703296703296703,9.0,"### Analysis of the Statement

#### 1. Explanation in Simple Terms:
Threshold systems are like a see..."
2025-11-24T05:14:13.072596,Placebo,1.0,1,327,0.6483180428134556,9.0,"### Explanation in Simple Terms:
Threshold systems are like switches that turn on or off when a cert..."
2025-11-24T05:15:38.965437,Placebo,1.0,1,222,0.6711711711711712,9.0,"### Explanation of the Statement in Simple Terms

Threshold systems are like a seesaw where things c..."
2025-11-24T05:17:23.461154,Placebo,1.0,1,328,0.6280487804878049,9.0,"### Explanation in Simple Terms
Threshold systems are like a seesaw where the balance point (thresho..."
2025-11-24T05:19:16.171265,Placebo,1.0,1,156,0.6858974358974359,9.0,"### Analysis of the Statement

1. **Explanation in Simple Terms:**
   Threshold systems are like a s..."
2025-11-24T05:21:11.467463,Placebo,1.0,1,351,0.6182336182336182,8.0,"### Analysis of the Statement:

1. **Explanation in Simple Terms:**
   - Imagine a system where some..."
2025-11-24T05:24:47.353956,Placebo,1.0,1,313,0.6389776357827476,5.0,"### 1. Explanation in Simple Terms

This statement is about how certain systems can suddenly change ..."
2025-11-24T05:26:26.628435,Placebo,1.0,1,272,0.6580882352941176,9.0,"### Analysis of the Statement

1. **Explanation in Simple Terms:**
   - **Threshold Systems:** These..."
2025-11-24T05:28:10.598590,Placebo,1.0,1,334,0.6137724550898204,9.0,"### Explanation in Simple Terms

This statement is about how systems can change dramatically when ce..."
2025-11-24T05:30:04.681541,Placebo,1.0,1,348,0.6379310344827587,9.0,"### Explanation in Simple Terms

This statement describes a phenomenon where a system suddenly chang..."
2025-11-24T05:31:30.342765,Placebo,1.0,1,275,0.6509090909090909,10.0,"### Analysis of the Statement

#### 1. Explanation in Simple Terms
This statement refers to how syst..."
2025-11-24T05:33:03.450653,Placebo,1.0,1,312,0.6217948717948718,9.0,"### Explanation in Simple Terms:

Threshold systems are like a seesaw where the balance only tips wh..."
2025-11-24T06:01:34.363883,Placebo,1.0,1,317,0.5930599369085173,9.0,"### Explanation in Simple Terms

This statement refers to a concept where systems can change their b..."
2025-11-24T06:03:18.462133,Placebo,1.0,1,347,0.6138328530259366,9.0,"### Explanation in Simple Terms
Threshold systems are like a seesaw where, to tip it over, you need ..."
2025-11-24T06:05:11.398430,Placebo,1.0,1,365,0.5835616438356165,9.0,"### Explanation of the Statement in Simple Terms:

1. **Threshold Systems and Critical Transitions:*..."
2025-11-24T06:06:58.172554,Placebo,1.0,1,360,0.5861111111111111,9.0,"### Explanation in Simple Terms

This statement describes how certain systems can experience sudden ..."
2025-11-24T06:08:43.481247,Placebo,1.0,1,358,0.5893854748603352,9.0,"### Explanation in Simple Terms:
Threshold systems are like a seesaw where the position of the cente..."
2025-11-24T06:10:17.301669,Placebo,1.0,1,331,0.5891238670694864,9.0,"### Explanation in Simple Terms
This statement is about how certain systems can change dramatically ..."
2025-11-24T06:11:45.826890,Placebo,1.0,1,308,0.6363636363636364,9.0,"### 1. Explanation in Simple Terms
Imagine a system that behaves differently depending on the amount..."
2025-11-24T06:13:32.925573,Placebo,1.0,1,372,0.5456989247311828,9.0,"### Explanation in Simple Terms
Threshold systems are like a seesaw where the order parameter \( R \..."
2025-11-24T06:15:09.574960,Placebo,1.0,1,306,0.6535947712418301,8.0,"### Explanation in Simple Terms:

Threshold systems are like a light switch: when the input (like th..."
2025-11-24T06:16:56.132380,Placebo,1.0,1,365,0.6,9.0,"### Explanation in Simple Terms

1. **Explanation:**
   - Imagine a system where something changes a..."
2025-11-24T06:18:40.064366,Placebo,1.0,1,355,0.6197183098591549,9.0,"### Explanation in Simple Terms

1. **Explanation:**
   - Imagine a system where things change sudde..."
2025-11-24T06:20:00.462315,Placebo,1.0,1,276,0.6847826086956522,9.0,"### Explanation in Simple Terms:

Threshold systems are like a seesaw where the position of a heavy ..."
2025-11-24T06:21:44.974076,Placebo,1.0,1,359,0.584958217270195,9.0,"### Explanation in Simple Terms

Threshold systems are like a series of switches that turn on or off..."
2025-11-24T06:23:40.679918,Placebo,1.0,1,406,0.5566502463054187,9.0,"### Explanation in Simple Terms
This statement is about how certain systems can suddenly change thei..."
2025-11-24T06:25:33.503467,Placebo,1.0,1,386,0.5958549222797928,8.0,"### Explanation in Simple Terms

This statement is about how certain systems can change abruptly whe..."
2025-11-24T06:27:11.314542,Placebo,1.0,1,343,0.6297376093294461,9.0,"### Explanation in Simple Terms
This statement refers to a phenomenon where certain systems, whether..."
2025-11-24T06:28:40.692318,Placebo,1.0,1,302,0.6589403973509934,9.0,"### 1. Explanation in Simple Terms
Threshold systems are like switches that turn on or off when a ce..."
2025-11-24T06:30:25.892530,Placebo,1.0,1,345,0.6173913043478261,9.0,"### Explanation in Simple Terms

This statement is about how certain systems can change dramatically..."
2025-11-24T06:32:21.964364,Placebo,1.0,1,390,0.5384615384615384,9.0,"### Explanation in Simple Terms

1. **Explanation:**
   - A threshold system is like a switch where ..."
2025-11-24T06:33:57.978344,Placebo,1.0,1,256,0.6640625,9.0,"### Explanation in Simple Terms
This statement is about how systems can change suddenly when a speci..."
2025-11-24T06:35:53.769854,Placebo,1.0,1,319,0.6018808777429467,9.0,"### Explanation in Simple Terms
Threshold systems are like a seesaw. Imagine you have a seesaw with ..."
2025-11-24T06:37:15.021678,Placebo,1.0,1,264,0.6212121212121212,9.0,"### Explanation in Simple Terms

This statement is about how certain systems can change their behavi..."
2025-11-24T06:39:10.596853,Placebo,1.0,1,324,0.6327160493827161,9.0,"### Explanation in Simple Terms

This statement is about how certain systems can suddenly change the..."
2025-11-24T06:41:06.460593,Placebo,1.0,1,383,0.5691906005221932,8.0,"### Explanation in Simple Terms
Imagine a system where things change suddenly when a certain conditi..."
2025-11-24T06:42:32.776005,Placebo,1.0,1,276,0.6594202898550725,9.0,"### Explanation in Simple Terms
1. **Explanation:**
   Threshold systems are like a switch that turn..."
2025-11-24T06:44:18.725934,Placebo,1.0,1,363,0.6336088154269972,8.0,"### Explanation in Simple Terms
Imagine a system where things change dramatically when certain condi..."
2025-11-24T06:45:54.208465,Placebo,1.0,1,324,0.6512345679012346,9.0,"### Explanation in Simple Terms
Threshold systems are like a seesaw where the position of the fulcru..."
2025-11-24T06:47:35.883673,Placebo,1.0,1,332,0.608433734939759,9.0,"### Analysis of the Statement

**1. Explanation in Simple Terms:**
Threshold systems are like a see-..."
2025-11-24T06:49:29.774966,Placebo,1.0,1,336,0.5922619047619048,9.0,"### Explanation in Simple Terms
This statement is about how certain systems can change dramatically ..."
2025-11-24T06:51:09.528728,Placebo,1.0,1,347,0.6397694524495677,9.0,"### Explanation in Simple Terms
Threshold systems are like a seesaw where things remain stable until..."
2025-11-24T06:52:51.667304,Placebo,1.0,1,273,0.5604395604395604,9.0,"### Explanation in Simple Terms

This statement is about how certain systems can suddenly change the..."
2025-11-24T06:54:29.740569,Placebo,1.0,1,334,0.6407185628742516,9.0,"### Explanation in Simple Terms
This statement is about systems where a significant change occurs su..."
2025-11-24T06:56:08.465779,Placebo,1.0,1,330,0.603030303030303,9.0,"### Analysis of the Statement

#### 1. Explanation in Simple Terms:
Threshold systems are like a see..."
2025-11-24T06:57:55.785768,Placebo,1.0,1,366,0.6366120218579235,9.0,"### Explanation in Simple Terms:

Threshold systems are like a switch that turns on or off when a ce..."
2025-11-24T06:59:52.420718,Placebo,1.0,1,389,0.5449871465295629,9.0,"### Analysis of the Statement

#### 1. Explanation in Simple Terms:
Imagine a system where something..."
2025-11-24T07:01:48.334348,Placebo,1.0,1,384,0.5989583333333334,5.0,"### Explanation in Simple Terms

**1. What the Statement Means:**
Threshold systems are like a seesa..."
2025-11-24T07:03:09.414061,Placebo,1.0,1,274,0.6970802919708029,9.0,"### Explanation in Simple Terms

Threshold systems are like a seesaw where the position of the seesa..."
2025-11-24T07:11:08.607627,Placebo,1.0,1,339,0.5427728613569321,9.0,"### Explanation in Simple Terms:

Threshold systems are like switches that turn on or off when a cer..."
2025-11-24T07:13:04.283405,Placebo,1.0,1,351,0.5555555555555556,9.0,"### Explanation in Simple Terms
This statement is about how certain systems can suddenly change thei..."
2025-11-24T07:18:54.781474,Placebo,1.0,1,349,0.5702005730659025,8.0,"### Explanation in Simple Terms:

Think of a threshold system as a situation where something changes..."
2025-11-24T07:20:18.067613,Placebo,1.0,1,276,0.644927536231884,5.0,"### Explanation in Simple Terms:

This statement is about how some systems can suddenly change their..."
2025-11-24T07:22:11.431062,Placebo,1.0,1,344,0.6366279069767442,8.0,"### Explanation in Simple Terms

This statement is about how certain systems can suddenly change the..."
2025-11-24T07:23:33.300685,Placebo,1.0,1,254,0.7165354330708661,5.0,"### Analysis of the Statement

#### 1. Explanation in Simple Terms:
Imagine a system where something..."
2025-11-24T07:25:20.728491,Placebo,1.0,1,334,0.6347305389221557,9.0,"### Explanation in Simple Terms
Threshold systems are like switches that turn on or off when a certa..."
2025-11-24T07:27:02.653404,Placebo,1.0,1,339,0.5457227138643068,9.0,"### Explanation in Simple Terms

Threshold systems are like a seesaw where the position of the pivot..."
2025-11-24T07:28:51.393845,Placebo,1.0,1,165,0.6909090909090909,9.0,"### Explanation in Simple Terms

This statement is about how certain systems can suddenly change the..."
2025-11-24T07:30:35.716656,Placebo,1.0,1,330,0.6545454545454545,9.0,"### Explanation in Simple Terms

This statement is about systems that change abruptly when a certain..."
2025-11-24T07:32:25.779456,Placebo,1.0,1,281,0.608540925266904,9.0,"### Explanation in Simple Terms

Threshold systems are like a seesaw where the position of a pivot (..."
2025-11-24T07:34:23.221268,Placebo,1.0,1,355,0.5887323943661972,9.0,"### Explanation in Simple Terms

Threshold systems are like a switch that turns on or off when a cer..."
2025-11-24T07:36:12.703227,Placebo,1.0,1,304,0.5723684210526315,5.0,"### Explanation of the Statement:

1. **Simple Terms:**
   - A ""threshold system"" is a type of syste..."
2025-11-24T07:37:42.728248,Placebo,1.0,1,276,0.6485507246376812,10.0,"### Explanation in Simple Terms
Threshold systems are like switches that turn on or off when a certa..."
2025-11-24T07:39:38.865097,Placebo,1.0,1,312,0.6410256410256411,9.0,"### Explanation in Simple Terms
This statement refers to how certain systems can suddenly change the..."
2025-11-24T07:41:39.172997,Placebo,1.0,1,398,0.6080402010050251,8.0,"### Explanation in Simple Terms

This statement is about how certain systems can suddenly change the..."
2025-11-24T07:43:24.532110,Placebo,1.0,1,290,0.6413793103448275,8.0,"### Explanation in Simple Terms:

Threshold systems are like a seesaw where the balance point (thres..."
2025-11-24T07:45:01.291542,Placebo,1.0,1,303,0.6237623762376238,9.0,"### Explanation in Simple Terms
Threshold systems are like a system waiting for a certain amount of ..."
2025-11-24T07:46:40.705802,Placebo,1.0,1,320,0.621875,9.0,"### 1. Explanation in Simple Terms
Threshold systems are like a switch that turns on or off when som..."
2025-11-24T07:48:31.441889,Placebo,1.0,1,360,0.6111111111111112,9.0,"### Explanation in Simple Terms:

Threshold systems are like a switch that turns on or off when some..."
2025-11-24T07:50:22.041533,Placebo,1.0,1,356,0.6320224719101124,9.0,"### Explanation in Simple Terms

Threshold systems are like a seesaw where the balance point (the th..."
2025-11-24T07:52:08.311957,Placebo,1.0,1,243,0.6707818930041153,8.0,"### Explanation in Simple Terms:

1. **Explanation:**
   Threshold systems are like a seesaw that ti..."
2025-11-24T07:54:06.577296,Placebo,1.0,1,394,0.550761421319797,9.0,"### Explanation in Simple Terms

This statement describes how certain systems can suddenly change be..."
2025-11-24T07:57:41.816378,Placebo,1.0,1,292,0.6506849315068494,10.0,"### Explanation in Simple Terms
This statement is about how certain systems can suddenly change beha..."
2025-11-24T08:03:31.591871,Placebo,1.0,1,313,0.610223642172524,9.0,"### Explanation in Simple Terms

This statement refers to a type of system where there's a sudden ch..."
2025-11-24T08:05:19.745256,Placebo,1.0,1,324,0.595679012345679,9.0,"### Explanation in Simple Terms

Threshold systems are like a seesaw where the position of the fulcr..."
2025-11-24T08:07:17.815362,Placebo,1.0,1,328,0.6310975609756098,9.0,"### Explanation in Simple Terms:

Threshold systems are like a switch where things change abruptly w..."
2025-11-24T08:09:17.840972,Placebo,1.0,1,393,0.5903307888040712,9.0,"### Explanation in Simple Terms
Threshold systems are like switches or gates where the behavior of a..."
2025-11-24T08:10:58.149779,Placebo,1.0,1,296,0.6216216216216216,9.0,"### Explanation in Simple Terms
Threshold systems are like a seesaw where the balance point (thresho..."
2025-11-24T08:12:46.061383,Placebo,1.0,1,353,0.6005665722379604,9.0,"### Analysis of the Statement:

#### 1. Explanation in Simple Terms:
Threshold systems are like a sw..."
2025-11-24T08:16:47.479453,Placebo,1.0,1,389,0.5604113110539846,5.0,"### Explanation in Simple Terms:

Threshold systems are like a seesaw where the balance can suddenly..."
2025-11-24T08:18:29.658414,Placebo,1.0,1,331,0.5770392749244713,9.0,"### Explanation in Simple Terms

This statement is about how certain systems can undergo sudden chan..."
2025-11-24T08:20:05.630716,Placebo,1.0,1,252,0.6190476190476191,9.0,"### Explanation in Simple Terms:

Threshold systems are like a seesaw that tips suddenly when the we..."
2025-11-24T08:21:46.419658,Placebo,1.0,1,325,0.6307692307692307,9.0,"### Explanation in Simple Terms:

Threshold systems are like a seesaw where the position of a person..."
2025-11-24T08:23:45.804471,Placebo,1.0,1,377,0.583554376657825,9.0,"### Explanation in Simple Terms

This statement is about how certain systems can suddenly change beh..."
2025-11-24T08:25:44.982159,Placebo,1.0,1,411,0.5693430656934306,9.0,"### Explanation in Simple Terms
This statement refers to a phenomenon seen in various fields where s..."
2025-11-24T08:27:42.944975,Placebo,1.0,1,335,0.6119402985074627,9.0,"### Explanation in Simple Terms:

Threshold systems are like a seesaw where the balance point (thres..."
2025-11-24T08:29:12.600354,Placebo,1.0,1,295,0.6169491525423729,9.0,"### Explanation for Simple Terms:
Threshold systems are like a seesaw where the balance is determine..."
2025-11-24T08:31:05.374700,Placebo,1.0,1,331,0.6253776435045317,9.0,"### Explanation in Simple Terms
This statement is about how certain systems can suddenly change thei..."
2025-11-24T08:34:49.722599,Placebo,1.0,1,335,0.6119402985074627,9.0,"### Explanation in Simple Terms
This statement is about how certain systems can suddenly change thei..."
2025-11-24T08:40:26.641474,Placebo,1.0,1,302,0.6026490066225165,8.0,"### Explanation in Simple Terms
Threshold systems are like a seesaw where the balance suddenly tips ..."
2025-11-24T08:42:19.557732,Placebo,1.0,1,350,0.6171428571428571,9.0,"### Explanation in Simple Terms
Threshold systems are like a seesaw where the balance is very sensit..."
2025-11-24T08:44:18.584921,Placebo,1.0,1,375,0.5786666666666667,9.0,"### Explanation in Simple Terms

This statement is about how some systems can suddenly change their ..."
2025-11-24T08:46:12.510658,Placebo,1.0,1,318,0.5880503144654088,10.0,"### Analysis of the Statement

#### 1. Explanation in Simple Terms:
Threshold systems are like a see..."
2025-11-24T08:48:08.793109,Placebo,1.0,1,363,0.6418732782369146,9.0,"### Explanation in Simple Terms

Threshold systems are like a seesaw: when the weight on one side (t..."
2025-11-24T08:51:49.232765,Placebo,1.0,1,326,0.6196319018404908,9.0,"### Explanation in Simple Terms
Threshold systems are like a seesaw where the position of a lever (o..."
2025-11-24T08:53:14.436712,Placebo,1.0,1,272,0.6470588235294118,9.0,"### Explanation in Simple Terms
Threshold systems are like a seesaw where the balance changes sudden..."
2025-11-24T08:56:58.667187,Placebo,1.0,1,264,0.6553030303030303,8.0,"### Explanation in Simple Terms

This statement is about a phenomenon where something changes abrupt..."
2025-11-24T08:58:30.431063,Placebo,1.0,1,317,0.6466876971608833,9.0,"### Explanation in Simple Terms
This statement is about how certain systems can change suddenly when..."
2025-11-24T09:00:00.514920,Placebo,1.0,1,293,0.590443686006826,9.0,"### Explanation in Simple Terms
Threshold systems are like a seesaw that suddenly tips when the weig..."
2025-11-24T09:01:44.158833,Placebo,1.0,1,353,0.6062322946175638,9.0,"### 1. Explanation in Simple Terms

This statement is about how certain systems behave suddenly and ..."
2025-11-24T09:03:27.733123,Placebo,1.0,1,359,0.5626740947075209,10.0,"### Explanation in Simple Terms
This statement is about how certain systems can suddenly change thei..."
2025-11-24T09:04:58.839232,Placebo,1.0,1,307,0.6482084690553745,9.0,"### Explanation in Simple Terms
This statement refers to a phenomenon where systems can suddenly cha..."
2025-11-24T09:06:27.467893,Placebo,1.0,1,290,0.6827586206896552,9.0,"### 1. Explanation in Simple Terms
This statement refers to a concept where certain systems or proce..."
2025-11-24T09:08:11.229272,Placebo,1.0,1,347,0.6340057636887608,9.0,"### Explanation in Simple Terms

This statement explains a concept where certain systems can suddenl..."
2025-11-24T09:10:07.005790,Placebo,1.0,1,387,0.5736434108527132,8.0,"### Explanation in Simple Terms
1. **Threshold Systems**: These are systems where something changes ..."
2025-11-24T09:11:47.938365,Placebo,1.0,1,295,0.6067796610169491,9.0,"### Explanation in Simple Terms
1. **Explanation:**
   - Imagine a system where something changes dr..."
2025-11-24T09:13:30.442074,Placebo,1.0,1,353,0.6317280453257791,10.0,"### Explanation in Simple Terms
Threshold systems are like a seesaw tipping over when enough weight ..."
2025-11-24T09:15:14.238675,Placebo,1.0,1,348,0.6235632183908046,9.0,"### Explanation in Simple Terms:

Threshold systems are like a seesaw where there's a point at which..."
2025-11-24T09:17:05.960328,Placebo,1.0,1,363,0.6088154269972452,8.0,"### Explanation in Simple Terms:

This statement describes how certain systems can abruptly change t..."
2025-11-24T09:19:00.559345,Placebo,1.0,1,331,0.6042296072507553,9.0,"### 1. Explanation in Simple Terms
Threshold systems are like a switch that turns on or off when som..."
2025-11-24T09:20:48.024335,Placebo,1.0,1,344,0.5843023255813954,9.0,"### Explanation in Simple Terms
Threshold systems are like a seesaw where the behavior changes drama..."
2025-11-24T09:22:17.152879,Placebo,1.0,1,291,0.6219931271477663,8.0,"### Explanation in Simple Terms:

Imagine a system where something happens only when conditions reac..."
2025-11-24T09:24:05.026431,Placebo,1.0,1,351,0.6125356125356125,9.0,"### Explanation in Simple Terms:

Threshold systems are like a tipping point or a switch where a sma..."
2025-11-24T09:25:50.817304,Placebo,1.0,1,320,0.63125,8.0,"### Explanation in Simple Terms:

Threshold systems are like a see-saw where the balance changes sud..."
2025-11-24T09:31:21.705746,Placebo,1.0,1,287,0.6376306620209059,9.0,"### Explanation in Simple Terms
Threshold systems are like a seesaw where the position of the seesaw..."
2025-11-24T09:33:01.835309,Placebo,1.0,1,328,0.6432926829268293,9.0,"### Explanation in Simple Terms
Threshold systems are like a seesaw where, when the weight on one si..."
2025-11-24T09:34:49.843401,Placebo,1.0,1,307,0.6416938110749185,9.0,"### Explanation of the Statement in Simple Terms:

1. **Explanation:**
   - **Threshold Systems:** I..."
2025-11-24T09:36:50.509811,Placebo,1.0,1,390,0.558974358974359,9.0,"### Explanation in Simple Terms

A threshold system is like a switch that turns on or off when a cer..."
2025-11-24T09:38:37.235207,Placebo,1.0,1,358,0.611731843575419,10.0,"### Explanation of the Statement in Simple Terms

Threshold systems are like switches where a small ..."
2025-11-24T09:40:23.115346,Placebo,1.0,1,336,0.6011904761904762,9.0,"### Explanation of the Statement in Simple Terms

This statement refers to a concept found in system..."
2025-11-24T09:41:43.528095,Placebo,1.0,1,233,0.6652360515021459,9.0,"### Explanation in Simple Terms

Threshold systems are like switches that turn on or off when a cert..."
2025-11-24T09:43:43.143577,Placebo,1.0,1,386,0.5803108808290155,9.0,"### Explanation in Simple Terms:

Threshold systems are like switches that turn on or off when a cer..."
2025-11-24T09:45:25.810396,Placebo,1.0,1,329,0.5987841945288754,9.0,"### Explanation in Simple Terms
Threshold systems are like a seesaw where the order parameter \( R \..."
2025-11-24T09:47:06.234522,Placebo,1.0,1,325,0.5938461538461538,10.0,"### Explanation in Simple Terms
Threshold systems are like switches that turn on or off when a certa..."
2025-11-24T09:50:56.243475,Placebo,1.0,1,340,0.6411764705882353,9.0,"### Explanation in Simple Terms
This statement refers to a type of system where the behavior changes..."
2025-11-24T09:54:54.913431,Placebo,1.0,1,371,0.5579514824797843,9.0,"### Explanation in Simple Terms
This statement is about how certain systems can suddenly change thei..."
2025-11-24T09:56:53.944314,Placebo,1.0,1,383,0.6005221932114883,9.0,"### Explanation in Simple Terms:

Threshold systems are like a decision-making process where somethi..."
2025-11-24T09:58:36.706710,Placebo,1.0,1,338,0.650887573964497,9.0,"### Explanation in Simple Terms
Threshold systems are like a switch that turns on or off when someth..."
2025-11-24T10:00:24.378373,Placebo,1.0,1,303,0.6039603960396039,9.0,"### Explanation of the Statement in Simple Terms:

1. **Explanation:**
   - Imagine a system (like a..."
2025-11-24T10:01:54.916691,Placebo,1.0,1,306,0.6437908496732027,9.0,"### Explanation in Simple Terms
Threshold systems are like a seesaw where the balance point (thresho..."
2025-11-24T10:03:36.338178,Placebo,1.0,1,354,0.632768361581921,9.0,"### Explanation in Simple Terms:

This statement is about how certain systems can change suddenly wh..."
2025-11-24T10:07:35.279077,Placebo,1.0,1,361,0.5761772853185596,9.0,"### Explanation in Simple Terms

1. **Explanation:**
   - Imagine a system (like a weather pattern o..."
2025-11-24T10:13:27.906573,Placebo,1.0,1,364,0.5714285714285714,8.0,"### Explanation in Simple Terms
This statement is about how certain systems or processes can undergo..."
2025-11-24T10:15:12.875902,Placebo,1.0,1,314,0.643312101910828,9.0,"### Explanation in Simple Terms
This statement describes a phenomenon where systems can suddenly cha..."
2025-11-24T10:16:31.851516,Placebo,1.0,1,258,0.627906976744186,10.0,"### Analysis of the Statement

**1. Simple Explanation:**
Threshold systems are like a seesaw where,..."
2025-11-24T10:18:11.159508,Placebo,1.0,1,332,0.6204819277108434,9.0,"### Explanation in Simple Terms
This statement refers to how certain systems, whether in information..."
2025-11-24T10:19:52.847749,Placebo,1.0,1,326,0.6042944785276073,9.0,"### Explanation in Simple Terms:
Threshold systems are like a seesaw where the position of the seesa..."
2025-11-24T10:21:45.401231,Placebo,1.0,1,293,0.6109215017064846,10.0,"### Explanation in Simple Terms

Threshold systems are like a seesaw: when the weight on one side re..."
2025-11-24T10:23:33.108321,Placebo,1.0,1,329,0.6231003039513677,8.0,"### Explanation in Simple Terms:

This statement is about how certain systems can suddenly change th..."
2025-11-24T10:25:08.754232,Placebo,1.0,1,281,0.6298932384341637,8.0,"### Explanation in Simple Terms:

This statement is about how certain systems can change suddenly wh..."
2025-11-24T10:26:33.118726,Placebo,1.0,1,232,0.6810344827586207,9.0,"### Explanation in Simple Terms
Threshold systems are like a seesaw where certain conditions must be..."
2025-11-24T10:30:34.148924,Placebo,1.0,1,404,0.5742574257425742,9.0,"### Explanation in Simple Terms
Threshold systems are like a seesaw where one side suddenly tips ove..."
2025-11-24T10:32:07.786070,Placebo,1.0,1,310,0.6774193548387096,8.0,"### Explanation in Simple Terms
Threshold systems are like a seesaw that tipping point: when the wei..."
2025-11-24T10:33:47.345184,Placebo,1.0,1,321,0.6230529595015576,10.0,"### Explanation in Simple Terms

This statement is about how certain systems can suddenly change the..."
2025-11-24T10:35:42.151416,Placebo,1.0,1,299,0.6153846153846154,9.0,"### Explanation in Simple Terms

This statement is about how certain systems can undergo sudden chan..."
2025-11-24T10:39:12.244819,Placebo,1.0,1,293,0.6177474402730375,10.0,"### Explanation in Simple Terms

This statement is about how some systems can change suddenly or dra..."
2025-11-24T10:40:57.866564,Placebo,1.0,1,363,0.6060606060606061,10.0,"### Explanation in Simple Terms

The statement describes how certain systems can change their behavi..."
2025-11-24T10:42:24.844974,Placebo,1.0,1,273,0.7106227106227107,9.0,"### Explanation in Simple Terms:

This statement describes how certain systems can suddenly change t..."
2025-11-24T10:44:15.515485,Placebo,1.0,1,254,0.6259842519685039,9.0,"### Explanation in Simple Terms:

Threshold systems are like switches or gates that turn on or off b..."
2025-11-24T10:46:06.848896,Placebo,1.0,1,303,0.6435643564356436,8.0,"### Explanation in Simple Terms
This statement refers to a type of system where a sudden change or ""..."
2025-11-24T10:50:05.698713,Placebo,1.0,1,299,0.6120401337792643,9.0,"### Analysis of the Statement:

1. **Explanation in Simple Terms:**
   - **Threshold Systems:** Imag..."
2025-11-24T10:53:45.568112,Placebo,1.0,1,296,0.6621621621621622,9.0,"### Explanation in Simple Terms:

Threshold systems are like a seesaw where the position of one end ..."
2025-11-24T10:55:37.940920,Placebo,1.0,1,361,0.6371191135734072,9.0,"### Explanation in Simple Terms
Threshold systems are like a seesaw where one side starts to tip ove..."
2025-11-24T11:01:39.366318,Placebo,1.0,1,379,0.6068601583113457,9.0,"### Explanation in Simple Terms
Threshold systems are like a seesaw where a small push (change) can ..."
2025-11-24T11:03:19.009062,Placebo,1.0,1,309,0.6084142394822006,9.0,"### Explanation in Simple Terms:

1. **What This Means:**
   - Imagine a system where something chan..."
2025-11-24T11:05:03.344734,Placebo,1.0,1,333,0.6096096096096096,5.0,"### Explanation in Simple Terms:

This statement is about how certain systems can undergo sudden cha..."
2025-11-24T11:06:57.341190,Placebo,1.0,1,352,0.6306818181818182,9.0,"### Explanation in Simple Terms
This statement is about how certain systems can change abruptly when..."
2025-11-24T11:10:46.150438,Placebo,1.0,1,354,0.632768361581921,9.0,"### Explanation in Simple Terms

This statement refers to situations where a system experiences sign..."
2025-11-24T11:12:17.323249,Placebo,1.0,1,283,0.657243816254417,9.0,"### Explanation in Simple Terms:

Threshold systems are like switches where a small change can lead ..."
2025-11-24T11:16:07.469458,Placebo,1.0,1,355,0.5830985915492958,8.0,"### Explanation in Simple Terms
Threshold systems are like a seesaw where the system remains stable ..."
2025-11-24T11:17:39.366749,Placebo,1.0,1,273,0.6776556776556777,9.0,"### Explanation in Simple Terms:
Threshold systems are like a switch that turns on or off based on w..."
2025-11-24T11:19:25.216320,Placebo,1.0,1,328,0.6158536585365854,9.0,"### Analysis of the Statement:

1. **Explanation in Simple Terms:**
   - Threshold systems are like ..."
2025-11-24T11:21:13.236565,Placebo,1.0,1,350,0.5885714285714285,9.0,"### Explanation in Simple Terms
This statement is about how certain systems can suddenly change thei..."
2025-11-24T11:23:12.848906,Placebo,1.0,1,375,0.5333333333333333,9.0,"### Explanation in Simple Terms:

1. **Explanation:**
   - Think of a threshold system like a seesaw..."
2025-11-24T11:24:45.166122,Placebo,1.0,1,314,0.6560509554140127,9.0,"### 1. Explanation in Simple Terms

Imagine a system where it's all quiet until suddenly, something ..."
2025-11-24T11:26:39.716544,Placebo,1.0,1,360,0.65,8.0,"### Explanation in Simple Terms

Threshold systems are like switches where a small change can cause ..."
2025-11-24T11:28:33.259261,Placebo,1.0,1,351,0.5925925925925926,9.0,"### Explanation in Simple Terms
When a system is described as ""threshold,"" it means that the behavio..."
2025-11-24T11:30:23.701184,Placebo,1.0,1,260,0.6884615384615385,9.0,"### Explanation in Simple Terms
This statement refers to a phenomenon where systems undergo sudden c..."
2025-11-24T11:32:01.491931,Placebo,1.0,1,305,0.6426229508196721,9.0,"### Explanation in Simple Terms
Threshold systems are like a seesaw where the position of a child (a..."
2025-11-24T11:35:43.479206,Placebo,1.0,1,283,0.6395759717314488,9.0,"### Explanation in Simple Terms
Threshold systems are like a seesaw where the state of a system dram..."
2025-11-24T11:37:31.949710,Placebo,1.0,1,357,0.6190476190476191,9.0,"### Explanation in Simple Terms

Threshold systems are like a switch that turns on or off when certa..."
2025-11-24T11:39:14.947522,Placebo,1.0,1,258,0.6782945736434108,9.0,"### Explanation in Simple Terms

1. **Simple Explanation:**
   - Imagine a system (like a snowfield ..."
2025-11-24T11:41:03.751234,Placebo,1.0,1,279,0.6057347670250897,9.0,"### Explanation in Simple Terms
Threshold systems are like switches that flip when a certain conditi..."
2025-11-24T11:47:03.554440,Placebo,1.0,1,365,0.6082191780821918,5.0,"### Explanation in Simple Terms
Threshold systems are like a tipping point where something changes s..."
2025-11-24T11:51:01.434184,Placebo,1.0,1,387,0.6098191214470284,10.0,"### Explanation in Simple Terms:

The statement is about a type of system called a **threshold syste..."
2025-11-24T11:52:43.044222,Placebo,1.0,1,317,0.6309148264984227,5.0,"### Explanation in Simple Terms

This statement refers to how certain systems change abruptly when a..."
2025-11-24T11:54:29.222111,Placebo,1.0,1,337,0.6201780415430267,9.0,"### Analysis of the Statement

1. **Explanation in Simple Terms:**
   - Think of a threshold system ..."
2025-11-24T11:56:19.915975,Placebo,1.0,1,365,0.6164383561643836,8.0,"### Explanation in Simple Terms:

This statement is about how certain systems can suddenly change th..."
2025-11-24T11:57:50.659858,Placebo,1.0,1,306,0.630718954248366,9.0,"### Explanation in Simple Terms
Threshold systems are like switches that flip when a certain level i..."
2025-11-24T12:01:40.521921,Placebo,1.0,1,320,0.575,9.0,"### Explanation in Simple Terms
Threshold systems are like a seesaw where the order parameter \( R \..."
2025-11-24T12:03:25.565581,Placebo,1.0,1,333,0.6546546546546547,9.0,"### Explanation in Simple Terms:

1. **Simple Explanation:**
   - Imagine a system where the state s..."
2025-11-24T12:05:13.542228,Placebo,1.0,1,364,0.5741758241758241,9.0,"### Explanation in Simple Terms

Threshold systems are like a seesaw where the order parameter (R) i..."
2025-11-24T12:06:45.174456,Placebo,1.0,1,301,0.6511627906976745,9.0,"### Explanation in Simple Terms
Threshold systems are like a seesaw where the weight on one side doe..."
2025-11-24T12:08:35.037184,Placebo,1.0,1,306,0.6372549019607843,9.0,"### Explanation in Simple Terms
Threshold systems are like a seesaw where the position of the fulcru..."
2025-11-24T12:12:27.622855,Placebo,1.0,1,347,0.6397694524495677,9.0,"### Explanation of the Statement in Simple Terms:

**Threshold systems** are systems where a small c..."
2025-11-24T12:14:22.552205,Placebo,1.0,1,323,0.631578947368421,9.0,"### Explanation in Simple Terms

Imagine a system like a row of dominoes where each domino represent..."
2025-11-24T12:18:10.322761,Placebo,1.0,1,332,0.5963855421686747,9.0,"### Explanation in Simple Terms

This statement is about how certain systems can have sudden changes..."
2025-11-24T12:19:42.307105,Placebo,1.0,1,242,0.6446280991735537,9.0,"### Explanation in Simple Terms:

Threshold systems are like a seesaw: when one side reaches a certa..."
2025-11-24T12:23:30.028059,Placebo,1.0,1,335,0.6208955223880597,9.0,"### Explanation in Simple Terms

Threshold systems are like a seesaw that suddenly tips when it reac..."
2025-11-24T12:25:29.230852,Placebo,1.0,1,396,0.5580808080808081,5.0,"### Explanation in Simple Terms

In simple terms, a threshold system is like a switch that turns on ..."
2025-11-24T12:27:29.178784,Placebo,1.0,1,369,0.5853658536585366,9.0,"### 1. Explanation in Simple Terms
This statement refers to a concept where systems can suddenly cha..."
2025-11-24T12:31:28.685845,Placebo,1.0,1,409,0.5330073349633252,9.0,"### Explanation in Simple Terms
This statement is about how certain systems can suddenly change beha..."
2025-11-24T12:33:15.157572,Placebo,1.0,1,364,0.5714285714285714,8.0,"### Explanation in Simple Terms

This statement is about how certain systems can abruptly change the..."
2025-11-24T12:34:55.920148,Placebo,1.0,1,319,0.6300940438871473,10.0,"### Explanation in Simple Terms
1. **Explanation**:
   - Imagine a system (like the weather or a bio..."
2025-11-24T12:36:19.287441,Placebo,1.0,1,255,0.6627450980392157,9.0,"### Explanation in Simple Terms:

Threshold systems are like a seesaw where the balance point (the t..."
2025-11-24T12:37:57.412986,Placebo,1.0,1,297,0.6464646464646465,9.0,"### Explanation of the Statement

1. **Explanation:**
   - **Threshold Systems:** These are systems ..."
2025-11-24T12:39:47.403058,Placebo,1.0,1,287,0.6585365853658537,8.0,"### Explanation in Simple Terms
Threshold systems are like a seesaw where the system can suddenly sh..."
2025-11-24T12:41:28.602598,Placebo,1.0,1,314,0.6146496815286624,9.0,"### Explanation in Simple Terms
Threshold systems are like a seesaw where the balance point (thresho..."
2025-11-24T12:44:57.600012,Placebo,1.0,1,266,0.650375939849624,9.0,"### Explanation in Simple Terms
Threshold systems are like a see-saw with a fulcrum (the threshold Θ..."
2025-11-24T12:48:35.915482,Placebo,1.0,1,315,0.6063492063492063,9.0,"### Explanation in Simple Terms
Threshold systems are like a seesaw where the order parameter \( R \..."
2025-11-24T12:50:13.173764,Placebo,1.0,1,314,0.6560509554140127,9.0,"### Explanation in Simple Terms

This statement is about how certain systems can suddenly change the..."
2025-11-24T12:51:50.441286,Placebo,1.0,1,231,0.6666666666666666,9.0,"### Analysis of the Statement:

1. **Explanation in Simple Terms:**
   - Threshold systems are like ..."
2025-11-24T12:53:38.466718,Placebo,1.0,1,313,0.6261980830670927,9.0,"### Explanation in Simple Terms
Threshold systems are like switches that suddenly change behavior wh..."
2025-11-24T12:59:28.923374,Placebo,1.0,1,330,0.603030303030303,9.0,"### Explanation in Simple Terms
Threshold systems are like a seesaw where the balance point (thresho..."
2025-11-24T13:01:10.447844,Placebo,1.0,1,301,0.5913621262458472,9.0,"### Explanation in Simple Terms

1. **Explanation:**
   Threshold systems are like a switch that tur..."
2025-11-24T13:02:38.378825,Placebo,1.0,1,293,0.6552901023890785,9.0,"### 1. Explanation in Simple Terms
This statement is about how some systems can suddenly change beha..."
2025-11-24T13:04:21.930466,Placebo,1.0,1,328,0.6280487804878049,9.0,"### Analysis of the Statement

1. **Explanation in Simple Terms:**
   - Imagine a system where thing..."
2025-11-24T13:05:48.893468,Placebo,1.0,1,240,0.6958333333333333,9.0,"### Explanation in Simple Terms:

Threshold systems are like a seesaw where the balance point is det..."
2025-11-24T13:07:19.182643,Placebo,1.0,1,292,0.6267123287671232,9.0,"### Analysis of the Statement

#### 1. Explanation in Simple Terms:
Threshold systems are like a see..."
2025-11-24T13:08:52.063803,Placebo,1.0,1,317,0.5962145110410094,9.0,"### Explanation in Simple Terms
This statement is about how some systems can change suddenly when th..."
2025-11-24T13:10:37.216764,Placebo,1.0,1,136,0.6323529411764706,9.0,"### Explanation in Simple Terms
This statement is about how certain systems can change behavior sudd..."
2025-11-24T13:12:23.847152,Placebo,1.0,1,291,0.6048109965635738,9.0,"### Explanation in Simple Terms:

Threshold systems are like a seesaw where once the weight on one s..."
2025-11-24T13:13:48.844876,Placebo,1.0,1,284,0.6654929577464789,9.0,"### Explanation in Simple Terms:

Threshold systems are like a light switch: when a certain level of..."
2025-11-24T13:15:29.973281,Placebo,1.0,1,336,0.5595238095238095,9.0,"### Explanation in Simple Terms

This statement is about how certain systems can undergo sudden chan..."
2025-11-24T13:17:13.745403,Placebo,1.0,1,272,0.6875,5.0,"### Explanation in Simple Terms

1. **Explanation:**
   - **Threshold Systems:** Think of a system w..."
2025-11-24T13:20:56.133640,Placebo,1.0,1,302,0.6125827814569537,9.0,"### Explanation in Simple Terms
Threshold systems are like a seesaw that suddenly tips over when the..."
2025-11-24T13:24:47.327049,Placebo,1.0,1,378,0.5476190476190477,9.0,"### Explanation in Simple Terms
This statement is about how certain systems can change their behavio..."
2025-11-24T13:26:37.314186,Placebo,1.0,1,354,0.5903954802259888,9.0,"### Explanation in Simple Terms

This statement refers to a phenomenon called ""critical transitions""..."
2025-11-24T13:29:59.088955,Placebo,1.0,1,268,0.6828358208955224,9.0,"### Explanation in Simple Terms
Threshold systems are like a seesaw where once the weight on one sid..."
2025-11-24T13:31:37.676842,Placebo,1.0,1,331,0.622356495468278,9.0,"### Explanation in Simple Terms
Threshold systems are like a seesaw: when the input (or ""order param..."
2025-11-24T13:33:23.760256,Placebo,1.0,1,360,0.6111111111111112,8.0,"### Explanation in Simple Terms
Threshold systems are like a switch that turns on or off when someth..."
2025-11-24T13:35:04.838102,Placebo,1.0,1,331,0.6253776435045317,5.0,"### Explanation of the Statement in Simple Terms

This statement is about systems where a sudden cha..."
2025-11-24T13:37:05.077144,Placebo,1.0,1,305,0.6229508196721312,9.0,"### Explanation in Simple Terms
This statement refers to a type of system where a small change can c..."
2025-11-24T13:40:40.416035,Placebo,1.0,1,304,0.6578947368421053,9.0,"### Explanation in Simple Terms
Threshold systems are like a switch that turns on or off based on wh..."
2025-11-24T13:42:02.449141,Placebo,1.0,1,273,0.63003663003663,5.0,"1. **Explanation:**
   - Threshold systems are like a tipping point where a small change can cause a..."
2025-11-24T13:44:02.343199,Placebo,1.0,1,313,0.6325878594249201,9.0,"### Explanation in Simple Terms:

Imagine a system where something changes dramatically once a certa..."
2025-11-24T13:46:01.774617,Placebo,1.0,1,398,0.6005025125628141,9.0,"### Explanation in Simple Terms

**Threshold systems** are when something changes suddenly based on ..."
2025-11-24T13:47:59.541733,Placebo,1.0,1,397,0.5919395465994962,5.0,"### Explanation in Simple Terms:

Threshold systems are like switches where something changes dramat..."
2025-11-24T13:49:41.518083,Placebo,1.0,1,319,0.6363636363636364,8.0,"### Explanation in Simple Terms
Threshold systems are like a tipping point where something suddenly ..."
2025-11-24T13:51:19.211023,Placebo,1.0,1,319,0.6394984326018809,9.0,"### Explanation in Simple Terms
Threshold systems are like switches that turn on or off based on the..."
2025-11-24T13:53:06.073930,Placebo,1.0,1,343,0.6239067055393586,9.0,"### Explanation in Simple Terms
This statement is about how certain systems can suddenly change thei..."
2025-11-24T13:54:58.032419,Placebo,1.0,1,377,0.610079575596817,9.0,"### Explanation in Simple Terms
Threshold systems are like a seesaw where adding just one more thing..."
2025-11-24T13:56:56.787732,Placebo,1.0,1,390,0.6128205128205129,9.0,"### Simple Explanation
This statement is about how certain systems can suddenly change their behavio..."
2025-11-24T13:58:28.224897,Placebo,1.0,1,298,0.6308724832214765,9.0,"### Explanation in Simple Terms:

Imagine a system that behaves one way until it reaches a certain p..."
2025-11-24T14:00:28.074905,Placebo,1.0,1,396,0.5252525252525253,5.0,"### Explanation in Simple Terms:

Threshold systems are like a light switch where the system can be ..."
2025-11-24T14:02:14.652557,Placebo,1.0,1,326,0.6441717791411042,9.0,"### Explanation in Simple Terms
This statement is about how some systems (like those found in inform..."
2025-11-24T14:04:04.702206,Placebo,1.0,1,338,0.636094674556213,9.0,"1. **Explanation in Simple Terms:**
   - Think of a threshold system as something that changes drama..."
2025-11-24T14:05:35.483488,Placebo,1.0,1,284,0.5950704225352113,9.0,"### Explanation in Simple Terms
This statement is about how certain systems or processes can change ..."
2025-11-24T14:07:24.645273,Placebo,1.0,1,190,0.6421052631578947,9.0,"### 1. Explanation in Simple Terms
Threshold systems are like a seesaw where the balance is very sen..."
2025-11-24T14:09:24.134858,Placebo,1.0,1,413,0.5108958837772397,5.0,"### Explanation in Simple Terms

This statement is about how certain systems can drastically change ..."
2025-11-24T14:10:47.176049,Placebo,1.0,1,287,0.6759581881533101,9.0,"### Explanation in Simple Terms:

Threshold systems are like a tipping point where something changes..."
2025-11-24T14:12:17.440219,Placebo,1.0,1,304,0.6546052631578947,9.0,"### 1. Explanation in Simple Terms

Threshold systems are like a switch that turns on or off based o..."
2025-11-24T14:13:59.718153,Placebo,1.0,1,328,0.6067073170731707,8.0,"### Explanation in Simple Terms

Threshold systems are like a seesaw that tips when it reaches a cer..."
2025-11-24T14:15:38.380612,Placebo,1.0,1,326,0.6319018404907976,9.0,"### Explanation in Simple Terms:

Threshold systems are like a seesaw where the balance point (the t..."
2025-11-24T14:17:29.368701,Placebo,1.0,1,303,0.5841584158415841,9.0,"### Explanation in Simple Terms
This statement is about how certain systems can undergo sudden chang..."
2025-11-24T14:19:28.736009,Placebo,1.0,1,407,0.6117936117936118,9.0,"### Explanation in Simple Terms

Threshold systems are like a switch that turns on or off when a cer..."
2025-11-24T14:21:00.471865,Placebo,1.0,1,298,0.6241610738255033,5.0,"### Explanation
1. **Simple Terms:**
   Threshold systems are like a switch in nature where somethin..."
2025-11-24T14:22:42.570952,Placebo,1.0,1,334,0.6197604790419161,9.0,"### 1. Explanation in Simple Terms:

Threshold systems are like a seesaw where the balance is mainta..."
2025-11-24T14:24:28.127562,Placebo,1.0,1,317,0.637223974763407,9.0,"### Explanation in Simple Terms

1. **Explanation:**
   - Imagine you have a system (like a weather ..."
2025-11-24T14:28:23.189558,Placebo,1.0,1,384,0.5807291666666666,9.0,"### Explanation in Simple Terms
Threshold systems are like a seesaw where the balance point (thresho..."
2025-11-24T14:30:03.145403,Placebo,1.0,1,255,0.6274509803921569,9.0,"### Explanation in Simple Terms
Threshold systems are like a tipping point where something changes a..."
2025-11-24T14:31:47.435704,Placebo,1.0,1,357,0.6414565826330533,9.0,"### Explanation in Simple Terms

Threshold systems are like a seesaw that tips suddenly when the wei..."
2025-11-24T14:33:34.826193,Placebo,1.0,1,339,0.6283185840707964,8.0,"### Explanation in Simple Terms
Threshold systems are like a light switch: when the conditions (inpu..."
2025-11-24T14:35:08.444929,Placebo,1.0,1,284,0.6126760563380281,8.0,"### Explanation in Simple Terms

Threshold systems are like a seesaw where the balance point (thresh..."
2025-11-24T14:37:06.698326,Placebo,1.0,1,384,0.6015625,5.0,"### Explanation of the Statement in Simple Terms

1. **Explanation:**
   - **Threshold Systems:** Th..."
2025-11-24T14:39:05.200235,Placebo,1.0,1,370,0.5702702702702702,5.0,"### Explanation of the Statement in Simple Terms

1. **Threshold Systems and Critical Transitions:**..."
2025-11-24T14:41:00.407993,Placebo,1.0,1,379,0.5778364116094987,9.0,"### Explanation in Simple Terms

This statement is about how certain systems can suddenly change the..."
2025-11-24T14:44:57.607052,Placebo,1.0,1,374,0.5588235294117647,9.0,"### Explanation in Simple Terms

Threshold systems are like a seesaw where the balance point (thresh..."
2025-11-24T14:46:50.839545,Placebo,1.0,1,321,0.616822429906542,9.0,"### Explanation in Simple Terms
1. **Explanation:**
   - Imagine a system like a lake where the wate..."
2025-11-24T14:52:37.985037,Placebo,1.0,1,248,0.657258064516129,9.0,"### Explanation of the Statement

1. **Explanation in Simple Terms:**
   Threshold systems are like ..."
2025-11-24T14:54:20.917701,Placebo,1.0,1,321,0.6417445482866043,9.0,"### 1. Explanation in Simple Terms:

Imagine a system where things change abruptly when a certain co..."
2025-11-24T14:58:06.166310,Placebo,1.0,1,330,0.593939393939394,9.0,"### Analysis of the Statement

#### 1. Explanation in Simple Terms:
Threshold systems are like switc..."
2025-11-24T15:06:02.753243,Placebo,1.0,1,359,0.5821727019498607,9.0,"### Explanation in Simple Terms

**Threshold Systems:** Imagine a system where everything stays the ..."
2025-11-24T15:07:42.368215,Placebo,1.0,1,311,0.6495176848874598,9.0,"### Analysis of the Statement

#### 1. Explanation in Simple Terms:
Threshold systems are like a see..."
2025-11-24T15:11:43.362760,Placebo,1.0,1,394,0.5786802030456852,9.0,"### Explanation in Simple Terms
This statement is about how systems can suddenly change their behavi..."
2025-11-24T15:13:41.381909,Placebo,1.0,1,371,0.6549865229110512,9.0,"### Explanation in Simple Terms

This statement is about how certain systems can change their behavi..."
2025-11-24T15:15:12.041022,Placebo,1.0,1,234,0.6837606837606838,5.0,"### Explanation in Simple Terms:

This statement is about systems where a significant change happens..."
2025-11-24T15:16:54.912496,Placebo,1.0,1,307,0.6286644951140065,9.0,"### Explanation in Simple Terms
Threshold systems are like a seesaw where the order parameter R (thi..."
2025-11-24T15:20:53.418084,Placebo,1.0,1,361,0.5955678670360111,9.0,"### Analysis of the Statement:

1. **Explanation in Simple Terms:**
   - Imagine a system where its ..."
2025-11-24T15:22:39.246165,Placebo,1.0,1,296,0.6351351351351351,9.0,"### Explanation in Simple Terms
Threshold systems are like a seesaw where the balance point (thresho..."
2025-11-24T15:24:13.320253,Placebo,1.0,1,302,0.6423841059602649,9.0,"### Explanation in Simple Terms:

Threshold systems are like switches where a small change can cause..."
2025-11-24T15:26:07.286869,Placebo,1.0,1,381,0.5931758530183727,9.0,"### Explanation in Simple Terms:

This statement is about how certain systems can suddenly change th..."
2025-11-24T15:27:46.513663,Placebo,1.0,1,312,0.625,9.0,"### Explanation in Simple Terms

This statement is about how certain systems can abruptly change the..."
2025-11-24T15:29:37.998725,Placebo,1.0,1,333,0.6306306306306306,9.0,"### Explanation in Simple Terms
This statement is about how some systems change suddenly when a cert..."
2025-11-24T15:31:25.311181,Placebo,1.0,1,347,0.5878962536023055,9.0,"### Explanation in Simple Terms
This statement describes how certain systems behave abruptly when a ..."
2025-11-24T15:32:59.254892,Placebo,1.0,1,308,0.6266233766233766,9.0,"### Explanation in Simple Terms
This statement refers to how certain systems or processes can sudden..."
2025-11-24T15:38:44.264307,Placebo,1.0,1,301,0.6245847176079734,9.0,"### Explanation in Simple Terms

Threshold systems are like a seesaw that suddenly tips over when th..."
2025-11-24T15:40:35.955981,Placebo,1.0,1,285,0.6350877192982456,9.0,"### Analysis of the Statement:

1. **Explain What This Means in Simple Terms:**
   - Threshold syste..."
2025-11-24T15:41:49.346148,Placebo,1.0,1,247,0.6356275303643725,10.0,"### Explanation in Simple Terms
Threshold systems are like a seesaw where, when the weight on one si..."
2025-11-24T15:43:47.819222,Placebo,1.0,1,366,0.5573770491803278,9.0,"### Explanation of the Statement:

1. **In Simple Terms:**
   - A threshold system is a type of syst..."
2025-11-24T15:45:34.869302,Placebo,1.0,1,362,0.6104972375690608,9.0,"### Explanation in Simple Terms

This statement is about how certain systems can change their behavi..."
2025-11-24T15:47:19.172017,Placebo,1.0,1,339,0.6253687315634219,9.0,"### Explanation in Simple Terms

This statement is about how certain systems can suddenly change the..."
2025-11-24T15:48:53.232155,Placebo,1.0,1,317,0.6593059936908517,9.0,"### Explanation in Simple Terms:

This statement is about threshold systems where something signific..."
2025-11-24T15:50:28.195047,Placebo,1.0,1,307,0.6351791530944625,9.0,"### Explanation in Simple Terms
Threshold systems are like a seesaw where the balance point is deter..."
2025-11-24T15:52:04.161498,Placebo,1.0,1,280,0.6678571428571428,9.0,"### Explanation in Simple Terms:

Threshold systems are like a seesaw where the balance point (or th..."
2025-11-24T15:53:46.621730,Placebo,1.0,1,322,0.6273291925465838,9.0,"### Explanation of the Statement in Simple Terms:

1. **Explanation:**
   - A **threshold system** i..."
2025-11-24T15:55:32.224425,Placebo,1.0,1,314,0.6401273885350318,9.0,"### Explanation in Simple Terms
This statement is about threshold systems, which are systems where a..."
2025-11-24T15:57:09.106548,Placebo,1.0,1,311,0.6430868167202572,10.0,"### Explanation in Simple Terms

Threshold systems are like a tipping point or switch where somethin..."
2025-11-24T15:58:49.368000,Placebo,1.0,1,304,0.6480263157894737,8.0,"### Explanation in Simple Terms

Threshold systems are like a seesaw where the balance shifts sudden..."
2025-11-24T16:00:27.595598,Placebo,1.0,1,291,0.6769759450171822,8.0,"### Explanation in Simple Terms
This statement refers to a type of system where the behavior changes..."
2025-11-24T16:06:09.110571,Placebo,1.0,1,314,0.6242038216560509,9.0,"### Explanation in Simple Terms:

1. **Explanation:**
   - **Threshold Systems:** Imagine a system w..."
2025-11-24T16:09:50.111193,Placebo,1.0,1,317,0.6403785488958991,5.0,"### Explanation in Simple Terms:
Imagine a system where everything is stable until a certain point i..."
2025-11-24T16:11:45.027587,Placebo,1.0,1,332,0.6204819277108434,9.0,"### Explanation in Simple Terms:

Threshold systems are like a switch that can turn on or off based ..."
2025-11-24T16:13:42.039425,Placebo,1.0,1,355,0.5915492957746479,8.0,"### Explanation in Simple Terms

Threshold systems are like a seesaw where things only change when t..."
2025-11-24T16:15:13.945907,Placebo,1.0,1,252,0.6706349206349206,9.0,"### Explanation in Simple Terms:
This statement refers to a type of system where small changes can s..."
2025-11-24T16:16:56.297042,Placebo,1.0,1,267,0.6741573033707865,9.0,"### Explanation in Simple Terms:

Threshold systems are like a seesaw where the balance point (θ) ch..."
2025-11-24T16:18:54.589683,Placebo,1.0,1,347,0.622478386167147,8.0,"### Explanation in Simple Terms

A threshold system is a type of system where the state or behavior ..."
2025-11-24T16:20:43.947315,Placebo,1.0,1,299,0.6153846153846154,9.0,"### Explanation in Simple Terms:

Threshold systems are like a seesaw where the balance point (thres..."
2025-11-24T16:22:37.098428,Placebo,1.0,1,344,0.6162790697674418,9.0,"### 1. Explanation in Simple Terms

This statement refers to a type of system where there's a sudden..."
2025-11-24T16:28:17.848803,Placebo,1.0,1,262,0.5877862595419847,9.0,"### Explanation in Simple Terms

This statement is about how certain systems can suddenly change the..."
2025-11-24T16:30:11.590878,Placebo,1.0,1,282,0.6312056737588653,9.0,"### Explanation in Simple Terms

1. **Explanation:**
   - Think of a system as a switch that can be ..."
2025-11-24T16:32:01.740763,Placebo,1.0,1,368,0.6059782608695652,9.0,"### Explanation in Simple Terms:
Threshold systems are like a seesaw where the position of a weight ..."
2025-11-24T16:33:50.690871,Placebo,1.0,1,343,0.5889212827988338,9.0,"### Explanation in Simple Terms:

A threshold system is like a switch that turns on or off based on ..."
2025-11-24T16:35:44.607750,Placebo,1.0,1,320,0.65625,9.0,"### Explanation in Simple Terms
Imagine a system, like a weather system or a population of animals, ..."
2025-11-24T16:37:43.463183,Placebo,1.0,1,399,0.5714285714285714,9.0,"### Analysis of the Statement:

#### 1. Explanation in Simple Terms:
Threshold systems are like a ti..."
2025-11-24T16:43:40.371316,Placebo,1.0,1,351,0.6011396011396012,8.0,"### Explanation in Simple Terms

Threshold systems are like a seesaw where the order parameter \( R ..."
2025-11-24T16:45:14.074534,Placebo,1.0,1,310,0.632258064516129,9.0,"### Explanation in Simple Terms

Threshold systems are like a seesaw where the order parameter \( R ..."
2025-11-24T16:47:08.141201,Placebo,1.0,1,295,0.6237288135593221,9.0,"### Explanation in Simple Terms:

Imagine a system where things change dramatically when certain con..."
2025-11-24T16:52:33.751071,Placebo,1.0,1,261,0.6781609195402298,9.0,"### Explanation in Simple Terms
Threshold systems are like a seesaw where the behavior of the system..."
2025-11-24T16:54:30.572091,Placebo,1.0,1,325,0.64,9.0,"1. **Explanation in Simple Terms:**
   - Imagine a system where something changes suddenly when it r..."
2025-11-24T16:56:17.379234,Placebo,1.0,1,319,0.5768025078369906,8.0,"### Explanation in Simple Terms
Threshold systems are like a seesaw where the order parameter \( R \..."
2025-11-24T16:57:57.371583,Placebo,1.0,1,300,0.6733333333333333,9.0,"### Explanation in Simple Terms
This statement is about systems that can suddenly change their behav..."
2025-11-24T17:01:38.237544,Placebo,1.0,1,279,0.6666666666666666,9.0,"### Explanation in Simple Terms

**Threshold systems** are like a seesaw where the position of one e..."
2025-11-24T17:05:13.607524,Placebo,1.0,1,280,0.6142857142857143,9.0,"### Explanation in Simple Terms
Threshold systems are like a seesaw where the position of one side (..."
2025-11-24T17:06:54.900428,Placebo,1.0,1,319,0.6018808777429467,9.0,"### Explanation of the Statement in Simple Terms

This statement refers to a type of system where be..."
2025-11-24T17:14:57.233737,Placebo,1.0,1,394,0.5558375634517766,9.0,"### Explanation in Simple Terms

This statement is about how some systems can abruptly change their ..."
2025-11-24T17:16:35.128795,Placebo,1.0,1,254,0.6417322834645669,9.0,"### Explanation of the Statement in Simple Terms

1. **Explanation:**
   - **Threshold Systems:** Im..."
2025-11-24T17:20:24.477059,Placebo,1.0,1,323,0.6068111455108359,9.0,"### Explanation of the Statement:

1. **Simple Terms:**
   - **Threshold Systems:** Think of these a..."
2025-11-24T17:22:16.035186,Placebo,1.0,1,340,0.6088235294117647,9.0,"### Explanation in Simple Terms
1. **Threshold Systems and Critical Transitions:**
   - Imagine a sy..."
2025-11-24T17:24:11.031675,Placebo,1.0,1,365,0.6164383561643836,9.0,"### Explanation in Simple Terms
This statement is about how certain systems can suddenly change thei..."
2025-11-24T17:26:08.952339,Placebo,1.0,1,322,0.6583850931677019,9.0,"### Explanation in Simple Terms:

Threshold systems are like a seesaw where the balance shifts drama..."
2025-11-24T17:31:57.819605,Placebo,1.0,1,355,0.6028169014084507,8.0,"### 1. Explanation in Simple Terms
Threshold systems are like a switch that turns on or off dependin..."
2025-11-24T17:35:41.176205,Placebo,1.0,1,327,0.6483180428134556,9.0,"### Analysis of the Statement:

**1. Explanation in Simple Terms:**
Threshold systems are like a see..."
2025-11-24T17:37:38.141385,Placebo,1.0,1,371,0.568733153638814,10.0,"### Explanation in Simple Terms

Imagine you have a system that operates smoothly until it reaches a..."
2025-11-24T17:39:23.546726,Placebo,1.0,1,319,0.6426332288401254,9.0,"### Explanation in Simple Terms
This statement is about systems where a sudden change or ""critical t..."
2025-11-24T17:43:16.452284,Placebo,1.0,1,354,0.596045197740113,9.0,"### Explanation in Simple Terms:

1. **Explanation:**
   - Imagine a system where something changes ..."
2025-11-24T17:44:55.499962,Placebo,1.0,1,331,0.6344410876132931,9.0,"### Explanation in Simple Terms
This statement is about how systems change dramatically when a speci..."
2025-11-24T17:46:39.616103,Placebo,1.0,1,334,0.6197604790419161,9.0,"### Explanation in Simple Terms

1. **Explanation:**
   This statement is about how systems can chan..."
2025-11-24T17:48:36.382373,Placebo,1.0,1,365,0.5863013698630137,5.0,"### Explanation in Simple Terms

Threshold systems are like a seesaw where the balance point (thresh..."
2025-11-24T17:50:31.239513,Placebo,1.0,1,377,0.610079575596817,9.0,"### Analysis of the Statement

#### 1. Explanation in Simple Terms:
Imagine a system where something..."
2025-11-24T17:52:17.344313,Placebo,1.0,1,338,0.6331360946745562,5.0,"### Explanation in Simple Terms
Threshold systems are like a tipping point where something changes d..."
2025-11-24T17:53:47.906289,Placebo,1.0,1,293,0.6313993174061433,5.0,"### Explanation in Simple Terms:

Threshold systems are like a switch where something only happens w..."
2025-11-24T17:55:37.487015,Placebo,1.0,1,314,0.6337579617834395,9.0,"### Explanation in Simple Terms:
Threshold systems are like switches that turn on or off when someth..."
2025-11-24T17:57:27.325000,Placebo,1.0,1,364,0.6098901098901099,9.0,"### Explanation of the Statement in Simple Terms

The statement refers to how certain systems can su..."
2025-11-24T17:59:02.529652,Placebo,1.0,1,123,0.6747967479674797,8.0,"### Explanation in Simple Terms

Threshold systems are like a seesaw where the position of a lever (..."
2025-11-24T18:00:57.434967,Placebo,1.0,1,370,0.6054054054054054,10.0,"### Explanation in Simple Terms

Threshold systems are like a switch that turns on or off when a cer..."
2025-11-24T18:04:50.762489,Placebo,1.0,1,283,0.6113074204946997,8.0,"### Analysis of the Statement:

1. **Explanation in Simple Terms:**
   - Imagine a system where ther..."
2025-11-24T18:06:21.088918,Placebo,1.0,1,282,0.6560283687943262,5.0,"### 1. Explanation in Simple Terms

Threshold systems are like a tipping point where something chang..."
2025-11-24T18:08:07.682540,Placebo,1.0,1,336,0.6190476190476191,9.0,"### Explanation in Simple Terms:

Threshold systems are like a switch that turns on or off when some..."
2025-11-24T18:11:40.587559,Placebo,1.0,1,240,0.6666666666666666,9.0,"### 1. Explanation in Simple Terms

This statement is about how some systems can suddenly change the..."
2025-11-24T18:15:29.886108,Placebo,1.0,1,338,0.636094674556213,9.0,"### Explanation in Simple Terms

This statement is about how certain systems can suddenly change the..."
2025-11-24T18:17:27.558783,Placebo,1.0,1,279,0.6057347670250897,8.0,"### Explanation in Simple Terms
1. **Explanation:**
   - Imagine a system where things change all at..."
2025-11-24T18:19:06.066843,Placebo,1.0,1,307,0.6612377850162866,9.0,"### Explanation in Simple Terms
Threshold systems are like a seesaw where, at a certain point (thres..."
2025-11-24T18:22:58.419152,Placebo,1.0,1,358,0.5782122905027933,9.0,"### Explanation in Simple Terms

Threshold systems are like a seesaw that suddenly tips over when it..."
2025-11-24T18:26:43.934453,Placebo,1.0,1,240,0.6916666666666667,5.0,"### Explanation in Simple Terms
This statement refers to how certain systems can undergo sudden chan..."
2025-11-24T18:28:41.508010,Placebo,1.0,1,363,0.6170798898071626,9.0,"### Explanation in Simple Terms:

This statement is about how certain systems can suddenly change th..."
2025-11-24T18:30:41.485996,Placebo,1.0,1,384,0.5677083333333334,9.0,"### Explanation in Simple Terms

This statement is about how certain systems can suddenly change the..."
2025-11-24T18:32:18.213750,Placebo,1.0,1,261,0.5900383141762452,10.0,"### Explanation in Simple Terms

Threshold systems are like a seesaw: when the weight on one side (o..."
2025-11-24T18:33:34.440847,Placebo,1.0,1,253,0.6442687747035574,9.0,"### Explanation in Simple Terms

This statement refers to how certain systems can suddenly change th..."
2025-11-24T18:35:20.752478,Placebo,1.0,1,263,0.6539923954372624,9.0,"### Explanation in Simple Terms

Imagine a system where behavior changes dramatically when some meas..."
2025-11-24T18:37:08.998944,Placebo,1.0,1,293,0.6382252559726962,9.0,"### Explanation in Simple Terms

This statement is about how certain systems or processes can change..."
2025-11-24T18:40:52.293949,Placebo,1.0,1,284,0.6549295774647887,9.0,"### Explanation in Simple Terms

Threshold systems are like a switch that turns on or off when somet..."
2025-11-24T18:42:19.400609,Placebo,1.0,1,203,0.7241379310344828,9.0,"### Explanation in Simple Terms:

This statement is about how certain systems can suddenly change be..."
2025-11-24T18:44:14.577620,Placebo,1.0,1,295,0.6406779661016949,9.0,"### Explanation in Simple Terms

This statement refers to a concept where certain systems change the..."
2025-11-24T18:45:53.984106,Placebo,1.0,1,318,0.5754716981132075,9.0,"### Explanation in Simple Terms
Threshold systems are like a switch that turns on or off when someth..."
2025-11-24T18:49:54.947000,Placebo,1.0,1,383,0.618798955613577,9.0,"### Explanation in Simple Terms
Threshold systems are like switches that turn on or off suddenly bas..."
2025-11-24T18:51:38.528233,Placebo,1.0,1,332,0.6385542168674698,9.0,"### Explanation in Simple Terms
Threshold systems are like a seesaw where the balance point (thresho..."
2025-11-24T18:53:13.973698,Placebo,1.0,1,290,0.6655172413793103,9.0,"### Explanation in Simple Terms

This statement is about how some systems can change suddenly when s..."
2025-11-24T18:54:53.865949,Placebo,1.0,1,324,0.5987654320987654,9.0,"### Explanation in Simple Terms

Threshold systems are like a switch that turns on or off when somet..."
2025-11-24T18:56:48.113067,Placebo,1.0,1,334,0.6287425149700598,9.0,"### Explanation in Simple Terms

Threshold systems are like a seesaw where the position of the seesa..."
2025-11-24T18:58:34.410103,Placebo,1.0,1,323,0.631578947368421,8.0,"### Explanation in Simple Terms
This statement is about how certain systems change dramatically at s..."
2025-11-24T19:00:25.566353,Placebo,1.0,1,313,0.610223642172524,9.0,"### 1. Explanation in Simple Terms

This statement is about how certain systems can suddenly change ..."
2025-11-24T19:02:02.453510,Placebo,1.0,1,284,0.6725352112676056,9.0,"### Explanation in Simple Terms

This statement is about how certain systems can suddenly change the..."
2025-11-24T19:03:30.390426,Placebo,1.0,1,228,0.6754385964912281,9.0,"### Explanation in Simple Terms

Imagine a system where things change dramatically when something re..."
2025-11-24T19:05:17.979916,Placebo,1.0,1,332,0.6355421686746988,9.0,"### Explanation of the Statement in Simple Terms

This statement is about how certain systems change..."
2025-11-24T19:09:14.914507,Placebo,1.0,1,351,0.584045584045584,9.0,"### 1. Explanation in Simple Terms

Imagine a system where things change suddenly when a certain con..."
2025-11-24T19:11:05.864875,Placebo,1.0,1,315,0.6158730158730159,10.0,"### Analysis of the Statement:

1. **Explanation in Simple Terms:**
   - Imagine a system where some..."
2025-11-24T19:14:51.675130,Placebo,1.0,1,348,0.6235632183908046,8.0,"### Explanation in Simple Terms
Threshold systems are like a seesaw where the order parameter (R) is..."
2025-11-24T19:16:06.371078,Placebo,1.0,1,239,0.6527196652719666,8.0,"### Explanation in Simple Terms
This statement is about how systems can suddenly change their behavi..."
2025-11-24T19:18:03.903481,Placebo,1.0,1,391,0.5626598465473146,9.0,"### Explanation in Simple Terms
This statement is about how some systems can change dramatically whe..."
2025-11-24T19:19:59.343754,Placebo,1.0,1,385,0.6025974025974026,8.0,"### Explanation in Simple Terms

This statement is about how certain systems change suddenly when a ..."
2025-11-24T19:21:42.454148,Placebo,1.0,1,339,0.640117994100295,9.0,"### Explanation in Simple Terms

This statement is about how certain systems change suddenly when a ..."
2025-11-24T19:23:29.133222,Placebo,1.0,1,336,0.5952380952380952,9.0,"### Explanation in Simple Terms
This statement is about how certain complex systems can change behav..."
2025-11-24T19:25:20.421182,Placebo,1.0,1,203,0.6403940886699507,9.0,"### Explanation in Simple Terms
This statement is about how systems can suddenly change their behavi..."
2025-11-24T19:26:58.210937,Placebo,1.0,1,133,0.6842105263157895,5.0,"### Explanation in Simple Terms

1. **Explanation:**
   - **Threshold Systems:** Imagine a system wh..."
2025-11-24T19:30:27.426023,Placebo,1.0,1,287,0.6376306620209059,9.0,"### Explanation in Simple Terms:

Threshold systems are like a seesaw where the position of a weight..."
2025-11-24T19:38:12.355639,Placebo,1.0,1,335,0.5940298507462687,9.0,"### 1. Explanation in Simple Terms

This statement is about how certain systems can change very sudd..."
2025-11-24T19:42:04.560419,Placebo,1.0,1,357,0.6162464985994398,9.0,"### Explanation in Simple Terms

This statement is about how some systems can suddenly change their ..."
2025-11-24T19:43:44.532594,Placebo,1.0,1,316,0.6170886075949367,9.0,"### Explanation in Simple Terms
1. **Explanation:**
   - Imagine a system (like a river flowing or a..."
2025-11-24T19:45:44.402849,Placebo,1.0,1,389,0.5938303341902313,10.0,"### Explanation in Simple Terms:

Threshold systems are like a seesaw where the balance point (thres..."
2025-11-24T19:47:30.087051,Placebo,1.0,1,348,0.6350574712643678,9.0,"### Explanation in Simple Terms:

Threshold systems are like a seesaw that tips based on how heavy t..."
2025-11-24T19:49:24.164722,Placebo,1.0,1,358,0.6620111731843575,9.0,"### Explanation

1. **Simple Terms:**
   - A ""threshold system"" is a system where the behavior under..."
2025-11-24T19:51:12.313206,Placebo,1.0,1,282,0.5390070921985816,9.0,"### Explanation of the Statement in Simple Terms:

1. **Explanation:**
   - A ""threshold system"" is ..."
2025-11-24T19:53:05.447509,Placebo,1.0,1,203,0.645320197044335,9.0,"### Explanation in Simple Terms

Threshold systems are like a seesaw where the position of the fulcr..."
2025-11-24T19:54:53.207060,Placebo,1.0,1,348,0.5775862068965517,9.0,"### Explanation in Simple Terms
Threshold systems are like a seesaw where the system remains stable ..."
2025-11-24T19:56:17.247707,Placebo,1.0,1,271,0.6420664206642066,8.0,"### Explanation in Simple Terms
Threshold systems are like a seesaw where the order parameter \( R \..."
2025-11-24T19:58:09.448942,Placebo,1.0,1,366,0.587431693989071,9.0,"### Explanation in Simple Terms:

This statement is about systems that change behavior suddenly when..."
2025-11-24T19:59:52.430818,Placebo,1.0,1,235,0.6680851063829787,8.0,"### Explanation in Simple Terms
Threshold systems are like a seesaw where the position of a small ob..."
2025-11-24T20:01:45.901189,Placebo,1.0,1,372,0.6048387096774194,8.0,"### Explanation in Simple Terms
Threshold systems are like a tipping point where something changes a..."
2025-11-24T20:05:24.809414,Placebo,1.0,1,320,0.63125,9.0,"### Explanation in Simple Terms:

Threshold systems are like a seesaw where the balance point (the t..."
2025-11-24T20:07:15.331958,Placebo,1.0,1,347,0.6397694524495677,9.0,"### Explanation in Simple Terms

Threshold systems are like a seesaw where the position of two weigh..."
2025-11-24T20:11:06.017155,Placebo,1.0,1,372,0.6155913978494624,9.0,"### Explanation in Simple Terms
This statement refers to how certain systems can suddenly change the..."
2025-11-24T20:12:51.590404,Placebo,1.0,1,321,0.6137071651090342,9.0,"### 1. Explanation in Simple Terms
Threshold systems are like a seesaw where the balance shifts sudd..."
2025-11-24T20:14:33.679330,Placebo,1.0,1,329,0.6139817629179332,9.0,"### Explanation in Simple Terms

Threshold systems are like a seesaw where the balance shifts sudden..."
2025-11-24T20:16:27.917974,Placebo,1.0,1,375,0.5973333333333334,9.0,"### Explanation in Simple Terms:

When we talk about threshold systems, imagine a scenario where som..."
2025-11-24T20:18:23.456686,Placebo,1.0,1,366,0.6147540983606558,8.0,"### Explanation in Simple Terms
This statement describes how certain systems can suddenly change beh..."
2025-11-24T20:20:21.022162,Placebo,1.0,1,352,0.6335227272727273,9.0,"### Explanation in Simple Terms

1. **Explanation:**
   - Imagine a system (like water turning to ic..."
2025-11-24T20:21:41.136398,Placebo,1.0,1,255,0.6941176470588235,9.0,"### Explanation in Simple Terms
Threshold systems are like a seesaw where the position of the see-sa..."
2025-11-24T20:23:23.872037,Placebo,1.0,1,271,0.6273062730627307,9.0,"### Explanation in Simple Terms

This statement is about how certain systems can suddenly change the..."
2025-11-24T20:25:10.115075,Placebo,1.0,1,346,0.6184971098265896,9.0,"### Explanation in Simple Terms
This statement refers to how certain systems can undergo sudden chan..."
2025-11-24T20:30:42.267642,Placebo,1.0,1,270,0.6481481481481481,10.0,"### Explanation in Simple Terms:

1. **Explanation:**
   - Imagine a system where something changes ..."
2025-11-24T20:32:40.227950,Placebo,1.0,1,384,0.5807291666666666,9.0,"### Explanation in Simple Terms:

Threshold systems are like a seesaw where the position of objects ..."
2025-11-24T20:34:13.118452,Placebo,1.0,1,299,0.6789297658862876,8.0,"### Explanation in Simple Terms:

Imagine a system where things change suddenly when something reach..."
2025-11-24T20:36:01.178532,Placebo,1.0,1,336,0.6190476190476191,9.0,"### Explanation of the Statement in Simple Terms

1. **Explanation:**
   - A **threshold system** is..."
2025-11-24T20:37:58.314851,Placebo,1.0,1,378,0.5793650793650794,9.0,"### Explanation of the Statement in Simple Terms

1. **Simple Explanation:**
   - Imagine a system (..."
2025-11-24T20:39:24.013348,Placebo,1.0,1,269,0.6617100371747212,9.0,"### Explanation in Simple Terms:

Threshold systems are like a seesaw where the position of the sees..."
2025-11-24T20:43:01.810290,Placebo,1.0,1,303,0.6171617161716172,9.0,"### Explanation in Simple Terms
Threshold systems are like a seesaw where something happens only whe..."
2025-11-24T20:44:50.053431,Placebo,1.0,1,335,0.6298507462686567,9.0,"### Explanation in Simple Terms:

Threshold systems are like a switch where something happens only w..."
2025-11-24T20:46:24.840375,Placebo,1.0,1,307,0.6579804560260586,10.0,"### Explanation in Simple Terms
This statement describes how certain systems can abruptly change the..."
2025-11-24T20:48:06.082632,Placebo,1.0,1,320,0.646875,8.0,"### Explanation in Simple Terms
Threshold systems are like a seesaw: when one side tips beyond a cer..."
2025-11-24T20:49:52.183366,Placebo,1.0,1,336,0.6130952380952381,9.0,"### Explanation in Simple Terms
Threshold systems are like a switch or a tipping point where somethi..."
2025-11-24T20:55:29.483800,Placebo,1.0,1,304,0.6414473684210527,9.0,"### Explanation in Simple Terms:

Imagine a system where many small changes can occur without much n..."
2025-11-24T20:57:14.014654,Placebo,1.0,1,342,0.6081871345029239,9.0,"### Explanation in Simple Terms
Threshold systems are like a seesaw where the position of the pivot ..."
2025-11-24T20:58:52.989940,Placebo,1.0,1,319,0.5956112852664577,9.0,"### Explanation in Simple Terms
This statement is about how some systems can suddenly change their b..."
2025-11-24T21:00:45.094844,Placebo,1.0,1,347,0.6051873198847262,8.0,"### Explanation in Simple Terms
This statement refers to how certain systems can suddenly change beh..."
2025-11-24T21:02:19.846382,Placebo,1.0,1,297,0.6397306397306397,9.0,"### Explanation in Simple Terms

Threshold systems are like a seesaw that tips over when it reaches ..."
2025-11-24T21:04:18.007849,Placebo,1.0,1,377,0.5702917771883289,9.0,"### Explanation in Simple Terms:

Threshold systems are like switches that turn on or off when a cer..."
2025-11-24T21:05:49.339186,Placebo,1.0,1,287,0.6968641114982579,9.0,"### Explanation in Simple Terms:

Threshold systems are like a seesaw where there's a tipping point ..."
2025-11-24T21:07:49.257187,Placebo,1.0,1,319,0.6018808777429467,9.0,"### Explanation in Simple Terms
1. **Simple Explanation:**
   - Imagine a system where something hap..."
2025-11-24T21:09:24.069371,Placebo,1.0,1,310,0.6741935483870968,9.0,"### Explanation in Simple Terms
Threshold systems are like a seesaw where the weight of one side (re..."
2025-11-24T21:13:24.176184,Placebo,1.0,1,386,0.5492227979274611,9.0,"### Explanation in Simple Terms

Threshold systems are like a seesaw where the outcome changes drama..."
2025-11-24T21:15:14.326850,Placebo,1.0,1,170,0.7470588235294118,9.0,"### Explanation in Simple Terms
This statement is about how certain systems can suddenly change thei..."
2025-11-24T21:20:59.673598,Placebo,1.0,1,344,0.6075581395348837,9.0,"### Explanation in Simple Terms:
Threshold systems are like switches where the behavior of a system ..."
2025-11-24T21:24:42.157586,Placebo,1.0,1,339,0.6342182890855457,9.0,"### Explanation in Simple Terms
Threshold systems are like a tipping point where something dramatic ..."
2025-11-24T21:26:11.529843,Placebo,1.0,1,292,0.6472602739726028,9.0,"### Explanation in Simple Terms:

This statement is about how certain systems can suddenly change th..."
2025-11-24T21:28:01.707199,Placebo,1.0,1,296,0.6452702702702703,9.0,"### Explanation in Simple Terms

Threshold systems are like a tipping point where things change abru..."
2025-11-24T21:29:49.555541,Placebo,1.0,1,343,0.60932944606414,9.0,"### Explanation of the Statement in Simple Terms:

1. **Explanation:**
   - Think of a system as som..."
2025-11-24T21:35:26.079552,Placebo,1.0,1,255,0.6705882352941176,8.0,"### Explanation in Simple Terms

Threshold systems are like a seesaw where the weight of objects on ..."
2025-11-24T21:37:25.248659,Placebo,1.0,1,371,0.5525606469002695,8.0,"### Explanation in Simple Terms
Threshold systems are like a seesaw where, until a certain point (th..."
2025-11-24T21:39:09.724113,Placebo,1.0,1,166,0.7048192771084337,9.0,"### Explanation in Simple Terms
Imagine a system where things change suddenly when a certain conditi..."
2025-11-24T21:40:42.466505,Placebo,1.0,1,285,0.6385964912280702,9.0,"### Explanation in Simple Terms:

Threshold systems are like a seesaw where the outcome changes dram..."
2025-11-24T21:44:34.436877,Placebo,1.0,1,346,0.6705202312138728,9.0,"### Explanation in Simple Terms

Threshold systems are like a seesaw where, when the weight on one s..."
2025-11-24T21:50:17.766173,Placebo,1.0,1,293,0.6723549488054608,9.0,"### Explanation in Simple Terms
Threshold systems are special because they change behavior dramatica..."
2025-11-24T21:52:14.793773,Placebo,1.0,1,290,0.6,9.0,"### Explanation in Simple Terms:

Threshold systems are like a seesaw: when the weight on one side (..."
2025-11-24T21:55:45.109488,Placebo,1.0,1,297,0.6632996632996633,9.0,"### Simple Explanation
This statement refers to a type of system where behavior changes abruptly whe..."
2025-11-24T21:57:37.640241,Placebo,1.0,1,353,0.6345609065155807,9.0,"### Explanation in Simple Terms
This statement refers to a phenomenon where small changes can lead t..."
2025-11-24T22:01:35.636108,Nocebo,-1.0,1,297,0.5993265993265994,8.0,"### Explanation in Simple Terms

This statement is about systems that can suddenly change their beha..."
2025-11-24T22:03:23.827166,Nocebo,-1.0,1,325,0.6092307692307692,8.0,"### Explanation in Simple Terms:

Imagine a system where things suddenly change when something reach..."
2025-11-24T22:04:51.412930,Nocebo,-1.0,1,265,0.6830188679245283,8.0,"### Explanation in Simple Terms
This statement is about how certain systems can suddenly change thei..."
2025-11-24T22:06:47.715612,Nocebo,-1.0,1,370,0.5702702702702702,7.0,"### 1. Explanation in Simple Terms
Imagine a system where things change suddenly when something spec..."
2025-11-24T22:08:40.488053,Nocebo,-1.0,1,352,0.59375,8.0,"### Explanation in Simple Terms

This statement refers to a type of system where behavior changes dr..."
2025-11-24T22:10:35.425059,Nocebo,-1.0,1,352,0.5965909090909091,7.0,"### Explanation in Simple Terms
Threshold systems are like a seesaw where a small change on one side..."
2025-11-24T22:12:31.544163,Nocebo,-1.0,1,340,0.6205882352941177,7.0,"### Explanation in Simple Terms
Threshold systems are like a seesaw where the balance is maintained ..."
2025-11-24T22:14:18.947493,Nocebo,-1.0,1,338,0.5976331360946746,8.0,"### Explanation in Simple Terms
Imagine a system (like a weather pattern or a population of animals)..."
2025-11-24T22:15:52.497915,Nocebo,-1.0,1,316,0.6392405063291139,7.0,"### Explanation in Simple Terms
Threshold systems are like a seesaw where the balance shifts suddenl..."
2025-11-24T22:17:24.740768,Nocebo,-1.0,1,273,0.6703296703296703,8.0,"### Explanation in Simple Terms
Imagine a system where things change abruptly when a certain conditi..."
2025-11-24T22:19:18.577247,Nocebo,-1.0,1,338,0.6035502958579881,8.0,"### Explanation in Simple Terms
1. **Simple Explanation:**
   - Imagine a system where everything st..."
2025-11-24T22:21:14.027494,Nocebo,-1.0,1,354,0.632768361581921,7.0,"### Explanation in Simple Terms:
Threshold systems are like a seesaw where the balance point is dete..."
2025-11-24T22:22:45.060039,Nocebo,-1.0,1,132,0.7045454545454546,8.0,"### Explanation in Simple Terms
This statement is about how certain systems can suddenly change thei..."
2025-11-24T22:24:18.271235,Nocebo,-1.0,1,286,0.6293706293706294,8.0,"### Explanation of the Statement in Simple Terms

Imagine a system like a sandpile where grains of s..."
2025-11-24T22:28:08.522041,Nocebo,-1.0,1,327,0.6024464831804281,7.0,"### 1. Explanation in Simple Terms

Threshold systems are like a seesaw that suddenly tips when one ..."
2025-11-24T22:29:42.258327,Nocebo,-1.0,1,225,0.68,8.0,"### Explanation in Simple Terms
Threshold systems are like a seesaw where the balance point (the thr..."
2025-11-24T22:31:21.697181,Nocebo,-1.0,1,293,0.6348122866894198,8.0,"### Explanation in Simple Terms
This statement refers to how certain systems can suddenly change the..."
2025-11-24T22:33:03.358060,Nocebo,-1.0,1,314,0.6305732484076433,8.0,"### Explanation in Simple Terms

This statement is about how certain systems can suddenly change the..."
2025-11-24T22:34:29.298015,Nocebo,-1.0,1,273,0.684981684981685,8.0,"### Explanation in Simple Terms

This statement is about how certain systems can suddenly change the..."
2025-11-24T22:36:12.370425,Nocebo,-1.0,1,297,0.632996632996633,8.0,"### Explanation in Simple Terms

1. **What This Means:**
   Threshold systems are like a seesaw wher..."
2025-11-24T22:40:10.699965,Nocebo,-1.0,1,386,0.5414507772020726,7.0,"### Explanation in Simple Terms

This statement is about how certain systems can suddenly change the..."
2025-11-24T22:43:51.468978,Nocebo,-1.0,1,318,0.5628930817610063,7.0,"### 1. Explanation in Simple Terms

This statement is about how certain systems change suddenly when..."
2025-11-24T22:45:50.868075,Nocebo,-1.0,1,372,0.5833333333333334,7.0,"### Explanation in Simple Terms
When a system goes through a ""threshold,"" it means that when a certa..."
2025-11-24T22:47:50.657779,Nocebo,-1.0,1,379,0.5672823218997362,8.0,"### Explanation in Simple Terms
Threshold systems are like a seesaw that tips over when the weight o..."
2025-11-24T22:51:49.714700,Nocebo,-1.0,1,348,0.5862068965517241,7.0,"### Explanation of the Statement in Simple Terms

1. **Simple Explanation:**
   - Imagine you have a..."
2025-11-24T22:53:29.504486,Nocebo,-1.0,1,97,0.7835051546391752,8.0,"### Explanation in Simple Terms:

Threshold systems are like a seesaw where the order parameter \( R..."
2025-11-24T22:55:12.440467,Nocebo,-1.0,1,343,0.577259475218659,8.0,"### Explanation in Simple Terms

Imagine you have a system (like a climate model or a biological eco..."
2025-11-24T22:56:53.666880,Nocebo,-1.0,1,299,0.6354515050167224,7.0,"### Explanation in Simple Terms
Threshold systems are like a seesaw where the position of a person (..."
2025-11-24T22:58:49.682462,Nocebo,-1.0,1,357,0.5938375350140056,8.0,"### Explanation in Simple Terms
Threshold systems are like a seesaw where the order parameter \( R \..."
2025-11-24T23:00:31.904177,Nocebo,-1.0,1,305,0.6295081967213115,8.0,"### Explanation of the Statement in Simple Terms

The statement is about how some systems change sud..."
2025-11-24T23:08:13.984697,Nocebo,-1.0,1,330,0.5818181818181818,8.0,"### Explanation in Simple Terms
Threshold systems are special kinds of systems where a small change ..."
2025-11-24T23:12:00.949775,Nocebo,-1.0,1,304,0.5888157894736842,8.0,"### Explanation in Simple Terms
Threshold systems are like a seesaw where there's a specific point (..."
2025-11-24T23:13:37.694412,Nocebo,-1.0,1,290,0.6724137931034483,7.0,"### Explanation in Simple Terms

This statement is about how certain systems can change dramatically..."
2025-11-24T23:15:07.029564,Nocebo,-1.0,1,295,0.6305084745762712,8.0,"### Explanation in Simple Terms

Threshold systems are like a seesaw where the order parameter \( R ..."
2025-11-24T23:16:48.896801,Nocebo,-1.0,1,324,0.5709876543209876,8.0,"### 1. Explanation in Simple Terms

This statement is about how certain systems can suddenly change ..."
2025-11-24T23:18:34.446000,Nocebo,-1.0,1,348,0.6005747126436781,7.0,"### Explanation in Simple Terms
Threshold systems are like a seesaw where the balance depends on how..."
2025-11-24T23:20:20.901749,Nocebo,-1.0,1,339,0.6460176991150443,8.0,"### Explanation in Simple Terms
Imagine a system where something changes dramatically when a certain..."
2025-11-24T23:22:09.343083,Nocebo,-1.0,1,350,0.6,8.0,"### Explanation in Simple Terms
Threshold systems are like a switch that turns on or off when someth..."
2025-11-24T23:23:43.901013,Nocebo,-1.0,1,315,0.5873015873015873,8.0,"### Explanation in Simple Terms
This statement is about systems that can suddenly change their behav..."
2025-11-24T23:25:11.701091,Nocebo,-1.0,1,249,0.6867469879518072,7.0,"### Explanation of the Statement in Simple Terms:

1. **Explanation:**
   - Imagine a system where s..."
2025-11-24T23:26:56.992923,Nocebo,-1.0,1,345,0.6376811594202898,7.0,"### Explanation in Simple Terms:

This statement is about how certain systems can suddenly change th..."
2025-11-24T23:28:34.263158,Nocebo,-1.0,1,305,0.6688524590163935,8.0,"### Explanation in Simple Terms
Threshold systems are like a seesaw where the balance shifts dramati..."
2025-11-24T23:30:17.454541,Nocebo,-1.0,1,329,0.6382978723404256,8.0,"### Explanation in Simple Terms:

1. **Explanation:**
   - Imagine a system where the behavior chang..."
2025-11-24T23:31:51.415307,Nocebo,-1.0,1,299,0.6789297658862876,7.0,"### Explanation in Simple Terms

A threshold system is a type of system where small changes can lead..."
2025-11-24T23:33:27.742120,Nocebo,-1.0,1,234,0.6495726495726496,7.0,"### Explanation in Simple Terms
Threshold systems are like a seesaw where the order parameter \( R \..."
2025-11-24T23:35:07.825924,Nocebo,-1.0,1,314,0.6337579617834395,8.0,"### Explanation in Simple Terms
Imagine a system where something changes dramatically when it reache..."
2025-11-24T23:36:55.377662,Nocebo,-1.0,1,351,0.603988603988604,8.0,"### Explanation in Simple Terms

This statement describes how certain systems can suddenly change th..."
2025-11-24T23:38:35.665334,Nocebo,-1.0,1,278,0.6223021582733813,7.0,"### Explanation in Simple Terms
This statement is about how systems can suddenly change behavior whe..."
2025-11-24T23:40:13.518243,Nocebo,-1.0,1,307,0.6514657980456026,8.0,"### Explanation in Simple Terms
Threshold systems are like a seesaw where small changes can suddenly..."
2025-11-24T23:42:08.919960,Nocebo,-1.0,1,377,0.6445623342175066,7.0,"### Explanation in Simple Terms

This statement is about how certain systems can change suddenly whe..."
2025-11-24T23:43:44.319576,Nocebo,-1.0,1,283,0.6254416961130742,8.0,"### 1. Explanation in Simple Terms

This statement describes how systems can change suddenly when a ..."
2025-11-24T23:45:13.161793,Nocebo,-1.0,1,291,0.6597938144329897,8.0,"### Explanation in Simple Terms:

Imagine a system where something happens only when a certain condi..."
2025-11-24T23:46:53.221382,Nocebo,-1.0,1,297,0.5925925925925926,7.0,"### Explanation in Simple Terms

This statement is about how certain systems can suddenly change the..."
2025-11-24T23:48:40.393934,Nocebo,-1.0,1,345,0.6202898550724638,8.0,"### Explanation in Simple Terms
Threshold systems are like a seesaw: when the weight (or information..."
2025-11-24T23:50:25.772802,Nocebo,-1.0,1,298,0.62751677852349,8.0,"### Explanation in Simple Terms

Threshold systems are like a seesaw where things change dramaticall..."
2025-11-24T23:52:10.606464,Nocebo,-1.0,1,276,0.6268115942028986,8.0,"### 1. Explanation in Simple Terms
Imagine a system where everything is calm until a certain point i..."
2025-11-24T23:55:56.962423,Nocebo,-1.0,1,331,0.5800604229607251,8.0,"### Explanation in Simple Terms:

Threshold systems are like a seesaw that tips suddenly when the we..."
2025-11-24T23:57:25.959719,Nocebo,-1.0,1,283,0.6254416961130742,7.0,"### Explanation of the Statement in Simple Terms:
Threshold systems are like a seesaw. When the weig..."
2025-11-25T00:01:13.227467,Nocebo,-1.0,1,332,0.6144578313253012,8.0,"### Explanation in Simple Terms
Threshold systems are like a seesaw where something happens only whe..."
2025-11-25T00:02:42.910094,Nocebo,-1.0,1,199,0.7085427135678392,7.0,"### 1. Explanation in Simple Terms

Imagine a system where things change suddenly once a certain poi..."
2025-11-25T00:04:13.126709,Nocebo,-1.0,1,295,0.6677966101694915,8.0,"### Explanation in Simple Terms
Threshold systems are like a tipping point where something suddenly ..."
2025-11-25T00:05:43.104841,Nocebo,-1.0,1,277,0.592057761732852,8.0,"### Explanation in Simple Terms

This statement is about threshold systems, which are common in vari..."
2025-11-25T00:07:03.601233,Nocebo,-1.0,1,271,0.6051660516605166,7.0,"### Explanation of the Statement in Simple Terms
This statement is about how systems can suddenly ch..."
2025-11-25T00:08:21.152210,Nocebo,-1.0,1,268,0.6417910447761194,8.0,"### Explanation in Simple Terms:

Imagine a system where things change suddenly when something reach..."
2025-11-25T00:09:48.714765,Nocebo,-1.0,1,294,0.6156462585034014,7.0,"### Explanation in Simple Terms
Threshold systems are like a seesaw where the balance changes sudden..."
2025-11-25T00:11:47.110447,Nocebo,-1.0,1,363,0.5454545454545454,8.0,"### Explanation in Simple Terms
Imagine a system that changes behavior suddenly when it reaches a ce..."
2025-11-25T00:13:33.811497,Nocebo,-1.0,1,348,0.5833333333333334,7.0,"### Explanation in Simple Terms
Threshold systems are like a seesaw where the balance point (thresho..."
2025-11-25T00:15:12.676442,Nocebo,-1.0,1,311,0.6463022508038585,8.0,"### Explanation in Simple Terms:

Threshold systems are like a seesaw. When the weight on one side (..."
2025-11-25T00:17:02.047779,Nocebo,-1.0,1,206,0.6650485436893204,8.0,"### 1. Explanation in Simple Terms:
Threshold systems are like a tipping point where something chang..."
2025-11-25T00:20:37.264698,Nocebo,-1.0,1,305,0.580327868852459,7.0,"### Explanation in Simple Terms
This statement is about systems where something dramatic happens whe..."
2025-11-25T00:22:25.103096,Nocebo,-1.0,1,367,0.6049046321525886,7.0,"### Explanation in Simple Terms
Threshold systems are like a seesaw where adding just the right amou..."
2025-11-25T00:23:53.478257,Nocebo,-1.0,1,262,0.6793893129770993,7.0,"### Explanation in Simple Terms:

Threshold systems are like switches. Imagine a seesaw or a light s..."
2025-11-25T00:25:28.903256,Nocebo,-1.0,1,312,0.6089743589743589,8.0,"### Explanation in Simple Terms

Threshold systems are like a seesaw that tips over when a certain p..."
2025-11-25T00:29:14.221268,Nocebo,-1.0,1,331,0.6163141993957704,8.0,"### Explanation in Simple Terms
Imagine a system where something changes dramatically when it reache..."
2025-11-25T00:30:46.728046,Nocebo,-1.0,1,286,0.6608391608391608,7.0,"### Explanation in Simple Terms:

This statement is about how certain systems can suddenly change th..."
2025-11-25T00:32:37.568558,Nocebo,-1.0,1,362,0.6187845303867403,7.0,"### Explanation in Simple Terms

This statement is about how certain systems can suddenly change the..."
2025-11-25T00:34:27.983717,Nocebo,-1.0,1,347,0.6455331412103746,8.0,"### Explanation in Simple Terms
This statement is about how certain systems can suddenly change thei..."
2025-11-25T00:36:04.070180,Nocebo,-1.0,1,310,0.6516129032258065,8.0,"### Explanation in Simple Terms

Threshold systems are like a seesaw: when enough weight is added to..."
2025-11-25T00:42:01.300765,Nocebo,-1.0,1,351,0.5897435897435898,7.0,"### Explanation in Simple Terms

This statement is about how certain systems can abruptly change the..."
2025-11-25T00:43:41.305534,Nocebo,-1.0,1,289,0.6366782006920415,8.0,"### Explanation in Simple Terms:

Threshold systems are like a seesaw where once the weight on one s..."
2025-11-25T00:47:19.300169,Nocebo,-1.0,1,296,0.6013513513513513,7.0,"### Explanation in Simple Terms
Threshold systems are like a seesaw where the balance point (thresho..."
2025-11-25T00:49:19.941075,Nocebo,-1.0,1,398,0.5879396984924623,8.0,"### Explanation in Simple Terms
Imagine a system where everything is calm until a certain point, aft..."
2025-11-25T00:51:11.908753,Nocebo,-1.0,1,361,0.6094182825484764,8.0,"### Explanation in Simple Terms:

Imagine a system that can exist in two states: ""on"" or ""off."" The ..."
2025-11-25T00:52:50.927841,Nocebo,-1.0,1,287,0.6689895470383276,8.0,"### Explanation in Simple Terms
Threshold systems are like a seesaw where, when you add just the rig..."
2025-11-25T00:54:24.758851,Nocebo,-1.0,1,294,0.6564625850340136,8.0,"### Explanation in Simple Terms

This statement is about how certain systems can suddenly change beh..."
2025-11-25T00:55:59.491553,Nocebo,-1.0,1,303,0.6336633663366337,8.0,"### Explanation in Simple Terms
Threshold systems are like a seesaw that tips when the weight on one..."
2025-11-25T00:57:42.073901,Nocebo,-1.0,1,326,0.6257668711656442,7.0,"### Explanation in Simple Terms

This statement is about how certain systems change suddenly when a ..."
2025-11-25T01:01:30.532328,Nocebo,-1.0,1,315,0.653968253968254,8.0,"### Explanation:
1. **Simple Terms:**
   - **Threshold Systems:** Imagine a system where something h..."
2025-11-25T01:02:55.730406,Nocebo,-1.0,1,202,0.7376237623762376,8.0,"### Explanation in Simple Terms
This statement is about how certain systems can change suddenly when..."
2025-11-25T01:04:48.540735,Nocebo,-1.0,1,339,0.6283185840707964,7.0,"### Explanation in Simple Terms:

Threshold systems are like a seesaw where the balance changes sudd..."
2025-11-25T01:06:31.587174,Nocebo,-1.0,1,329,0.601823708206687,5.0,"### Explanation in Simple Terms
This statement is about how certain systems can suddenly change thei..."
2025-11-25T01:08:20.830436,Nocebo,-1.0,1,325,0.5723076923076923,7.0,"### Explanation in Simple Terms
This statement is about how certain systems can suddenly change thei..."
2025-11-25T01:10:19.462015,Nocebo,-1.0,1,388,0.6211340206185567,7.0,"### Explanation in Simple Terms
Threshold systems are like a seesaw (or tipping point) where the sys..."
2025-11-25T01:12:03.019747,Nocebo,-1.0,1,327,0.6146788990825688,8.0,"### Explanation in Simple Terms

Threshold systems are like a seesaw where small changes can suddenl..."
2025-11-25T01:13:38.957551,Nocebo,-1.0,1,311,0.6527331189710611,7.0,"### Explanation in Simple Terms
Threshold systems are like a seesaw that can suddenly tip when you a..."
2025-11-25T01:15:28.439953,Nocebo,-1.0,1,334,0.6047904191616766,8.0,"### Explanation in Simple Terms:

Threshold systems are like a seesaw where, once the weight on one ..."
2025-11-25T01:16:48.766078,Nocebo,-1.0,1,252,0.6388888888888888,8.0,"### Explanation in Simple Terms

Threshold systems are like a seesaw where the balance is very sensi..."
2025-11-25T01:18:19.275505,Nocebo,-1.0,1,283,0.6395759717314488,7.0,"### Explanation in Simple Terms

Imagine a system where everything is calm until it reaches a certai..."
2025-11-25T01:19:58.684557,Nocebo,-1.0,1,299,0.6354515050167224,7.0,"### Explanation in Simple Terms
Threshold systems are like a seesaw where the balance point (the thr..."
2025-11-25T01:23:43.672826,Nocebo,-1.0,1,339,0.6371681415929203,5.0,"### 1. Explanation in Simple Terms

Imagine a system where something changes suddenly when a certain..."
2025-11-25T01:25:20.700021,Nocebo,-1.0,1,289,0.6608996539792388,8.0,"### Explanation in Simple Terms

Threshold systems are like a seesaw where if the weight on one side..."
2025-11-25T01:26:55.439184,Nocebo,-1.0,1,277,0.6462093862815884,7.0,"### Explanation of the Statement in Simple Terms:

Imagine a system (like a population of animals or..."
2025-11-25T01:28:31.276489,Nocebo,-1.0,1,304,0.6348684210526315,8.0,"### Explanation of the Statement in Simple Terms

This statement is about how some systems (like tho..."
2025-11-25T01:30:22.938555,Nocebo,-1.0,1,311,0.5852090032154341,8.0,"### Explanation in Simple Terms

This statement is about how certain systems can suddenly change the..."
2025-11-25T01:32:08.787576,Nocebo,-1.0,1,329,0.6231003039513677,8.0,"### Explanation in Simple Terms
This statement is about how certain systems can suddenly change thei..."
2025-11-25T01:35:33.835791,Nocebo,-1.0,1,266,0.6541353383458647,8.0,"### Explanation in Simple Terms
Threshold systems are like a seesaw where the balance point is deter..."
2025-11-25T01:37:13.594042,Nocebo,-1.0,1,320,0.64375,8.0,"### Explanation in Simple Terms
Threshold systems are like a seesaw where the balance changes sudden..."
2025-11-25T01:38:51.710266,Nocebo,-1.0,1,152,0.6842105263157895,8.0,"### Explanation in Simple Terms
Imagine a system where something changes dramatically when a specifi..."
2025-11-25T01:40:37.581490,Nocebo,-1.0,1,329,0.5714285714285714,7.0,"### Explanation in Simple Terms
This statement is about a type of system where small changes can lea..."
2025-11-25T01:42:13.252925,Nocebo,-1.0,1,316,0.5727848101265823,8.0,"### 1. Explanation in Simple Terms

Imagine a system where behavior changes suddenly when a specific..."
2025-11-25T01:43:54.113443,Nocebo,-1.0,1,343,0.5947521865889213,7.0,"### Explanation in Simple Terms

This statement is about how certain systems can undergo sudden chan..."
2025-11-25T01:45:36.612492,Nocebo,-1.0,1,328,0.6158536585365854,8.0,"### Explanation in Simple Terms
Threshold systems are like a seesaw where the position of a heavy ob..."
2025-11-25T01:47:20.678817,Nocebo,-1.0,1,324,0.6080246913580247,7.0,"### Explanation in Simple Terms

Threshold systems are like a seesaw where the balance point changes..."
2025-11-25T01:48:55.318612,Nocebo,-1.0,1,312,0.5993589743589743,7.0,"### Explanation in Simple Terms
Threshold systems are like a seesaw where the balance point is cruci..."
2025-11-25T01:50:34.987547,Nocebo,-1.0,1,319,0.6520376175548589,7.0,"### Explanation in Simple Terms

Imagine a system where things change suddenly when certain conditio..."
2025-11-25T01:52:06.793345,Nocebo,-1.0,1,262,0.6603053435114504,8.0,"### Explanation in Simple Terms

The statement is about how certain systems can experience sudden ch..."
2025-11-25T01:53:35.478014,Nocebo,-1.0,1,286,0.6643356643356644,7.0,"### Explanation in Simple Terms
Threshold systems are like a seesaw that tips dramatically when the ..."
2025-11-25T01:57:13.024997,Nocebo,-1.0,1,312,0.6442307692307693,8.0,"### Explanation in Simple Terms
Threshold systems are like a seesaw where the balance shifts suddenl..."
2025-11-25T02:00:35.414131,Nocebo,-1.0,1,218,0.6605504587155964,8.0,"### Explanation in Simple Terms
Threshold systems are like a seesaw where the balance point (thresho..."
2025-11-25T02:02:27.750846,Nocebo,-1.0,1,360,0.6055555555555555,8.0,"### Explanation in Simple Terms
Threshold systems are like switches that turn on or off when a certa..."
2025-11-25T02:04:17.120199,Nocebo,-1.0,1,358,0.5837988826815642,8.0,"### Explanation in Simple Terms:

Threshold systems are like a seesaw where the system changes drama..."
2025-11-25T02:05:48.051464,Nocebo,-1.0,1,262,0.6755725190839694,8.0,"### Explanation in Simple Terms

This statement is about how some systems change suddenly when a spe..."
2025-11-25T02:07:27.472502,Nocebo,-1.0,1,278,0.6330935251798561,8.0,"### Explanation in Simple Terms
Threshold systems are like a seesaw where the output changes dramati..."
2025-11-25T02:08:58.384635,Nocebo,-1.0,1,271,0.6937269372693727,8.0,"### Explanation in Simple Terms:
Imagine a system that changes its behavior suddenly when something ..."
2025-11-25T02:10:37.406774,Nocebo,-1.0,1,321,0.6292834890965732,8.0,"### Explanation in Simple Terms

This statement is about how some systems change suddenly when a spe..."
2025-11-25T02:12:19.675649,Nocebo,-1.0,1,340,0.5882352941176471,8.0,"### Explanation in Simple Terms
Threshold systems are like a seesaw where the balance point (thresho..."
2025-11-25T02:13:56.479248,Nocebo,-1.0,1,316,0.6613924050632911,8.0,"### Explanation in Simple Terms
Imagine you have a lake where the water level is rising gradually, b..."
2025-11-25T02:15:43.295388,Nocebo,-1.0,1,330,0.6090909090909091,8.0,"### Explanation in Simple Terms:

This statement is about how some systems change suddenly when some..."
2025-11-25T02:17:15.833539,Nocebo,-1.0,1,279,0.6308243727598566,8.0,"### Explanation in Simple Terms

Threshold systems are like a seesaw where the balance point (thresh..."
2025-11-25T02:19:04.675417,Nocebo,-1.0,1,367,0.6158038147138964,8.0,"### Explanation in Simple Terms
Imagine a system where something happens only when a specific condit..."
2025-11-25T02:20:54.316249,Nocebo,-1.0,1,333,0.5825825825825826,8.0,"### Explanation in Simple Terms

Threshold systems are like a seesaw that tips suddenly when the wei..."
2025-11-25T02:22:39.380833,Nocebo,-1.0,1,336,0.6398809523809523,8.0,"### Explanation in Simple Terms

Threshold systems are like a switch that turns on or off when a cer..."
2025-11-25T02:24:09.762879,Nocebo,-1.0,1,269,0.6840148698884758,8.0,"### Explanation in Simple Terms:

Imagine a system where something changes suddenly when certain con..."
2025-11-25T02:25:49.508036,Nocebo,-1.0,1,323,0.6377708978328174,7.0,"### Explanation of the Statement in Simple Terms

This statement refers to a concept where certain s..."
2025-11-25T02:27:23.154216,Nocebo,-1.0,1,299,0.6789297658862876,8.0,"### Explanation in Simple Terms:
Imagine a system like a cup of water getting warmer until it finall..."
2025-11-25T02:29:10.347642,Nocebo,-1.0,1,317,0.6277602523659306,7.0,"### Explanation in Simple Terms

When a system is at the edge of change (a critical transition), it ..."
2025-11-25T02:30:53.527690,Nocebo,-1.0,1,309,0.6343042071197411,8.0,"### Explanation in Simple Terms
This statement refers to a concept where systems can suddenly change..."
2025-11-25T02:32:42.768593,Nocebo,-1.0,1,348,0.6005747126436781,8.0,"### Explanation in Simple Terms:

Imagine a system where things change suddenly when something reach..."
2025-11-25T02:34:30.567705,Nocebo,-1.0,1,332,0.6265060240963856,8.0,"### Explanation in Simple Terms:

This statement is about how certain systems can suddenly change th..."
2025-11-25T02:36:09.538166,Nocebo,-1.0,1,289,0.6366782006920415,8.0,"### Explanation in Simple Terms

Threshold systems are like a seesaw where the balance point (the th..."
2025-11-25T02:37:34.037557,Nocebo,-1.0,1,225,0.7022222222222222,8.0,"### Explanation in Simple Terms
Threshold systems have a specific point or ""threshold"" where a major..."
2025-11-25T02:39:18.559112,Nocebo,-1.0,1,334,0.6197604790419161,7.0,"### Explanation in Simple Terms
Threshold systems are like a seesaw: when the weight on one side (an..."
2025-11-25T02:40:47.894531,Nocebo,-1.0,1,291,0.6254295532646048,8.0,"### Explanation in Simple Terms

This statement is about how systems can suddenly change their behav..."
2025-11-25T02:42:48.674051,Nocebo,-1.0,1,381,0.5774278215223098,8.0,"### Explanation in Simple Terms
Imagine a system where something happens only when conditions reach ..."
2025-11-25T02:44:15.097528,Nocebo,-1.0,1,252,0.6706349206349206,8.0,"### Explanation in Simple Terms

This statement is about how certain systems can suddenly change the..."
2025-11-25T02:46:00.758885,Nocebo,-1.0,1,347,0.6023054755043228,7.0,"### Explanation in Simple Terms:
Imagine you have a system, like a forest or the climate, where smal..."
2025-11-25T02:47:51.346353,Nocebo,-1.0,1,355,0.6535211267605634,7.0,"### Explanation in Simple Terms
Threshold systems are like a seesaw where the position of a person (..."
2025-11-25T02:49:47.262498,Nocebo,-1.0,1,381,0.5931758530183727,8.0,"### Explanation in Simple Terms:

Threshold systems are like a seesaw where the balance point can su..."
2025-11-25T02:51:29.032412,Nocebo,-1.0,1,315,0.6222222222222222,8.0,"### Explanation in Simple Terms
A threshold system is like a tipping point where small changes can l..."
2025-11-25T02:53:28.236939,Nocebo,-1.0,1,373,0.6300268096514745,7.0,"### Explanation of the Statement

1. **Simple Terms:**
   - Threshold systems are like a tipping poi..."
2025-11-25T02:55:24.670318,Nocebo,-1.0,1,363,0.6060606060606061,7.0,"### Explanation in Simple Terms
This statement is about how certain systems can suddenly change thei..."
2025-11-25T02:57:11.138351,Nocebo,-1.0,1,347,0.5763688760806917,7.0,"### Explanation:

1. **Simple Terms:**
   - Imagine a system (like a lake or a forest) where certain..."
2025-11-25T02:58:42.413586,Nocebo,-1.0,1,295,0.6067796610169491,7.0,"### 1. Explanation in Simple Terms:

Threshold systems are like a seesaw: when one side (an order pa..."
2025-11-25T03:00:35.710325,Nocebo,-1.0,1,352,0.5880681818181818,7.0,"### Explanation in Simple Terms
Threshold systems are like a seesaw where the balance is very sensit..."
2025-11-25T03:02:07.524673,Nocebo,-1.0,1,301,0.6245847176079734,7.0,"### Explanation in Simple Terms
Threshold systems are like a seesaw where the position of the see-sa..."
2025-11-25T03:03:50.876632,Nocebo,-1.0,1,336,0.6369047619047619,7.0,"### Explanation in Simple Terms
Imagine you have a system (like a lake or a forest) that can exist i..."
2025-11-25T03:05:33.019782,Nocebo,-1.0,1,287,0.6306620209059234,8.0,"### Explanation in Simple Terms:

Threshold systems are like a seesaw where the balance shifts sudde..."
2025-11-25T03:06:59.988009,Nocebo,-1.0,1,281,0.6868327402135231,7.0,"### Explanation of the Statement in Simple Terms

1. **What This Means:**
   - Imagine a system wher..."
2025-11-25T03:08:48.292626,Nocebo,-1.0,1,357,0.5742296918767507,7.0,"### Explanation in Simple Terms

This statement is about how certain systems can change suddenly or ..."
2025-11-25T03:10:25.084018,Nocebo,-1.0,1,313,0.6293929712460063,8.0,"### Explanation in Simple Terms
Threshold systems are like a seesaw where the balance point (thresho..."
2025-11-25T03:11:53.211587,Nocebo,-1.0,1,261,0.6398467432950191,7.0,"### Explanation in Simple Terms

This statement is about how some systems change suddenly when a cer..."
2025-11-25T03:13:30.804296,Nocebo,-1.0,1,320,0.63125,8.0,"### Explanation in Simple Terms
Threshold systems are like switches where a small change can lead to..."
2025-11-25T03:15:01.073305,Nocebo,-1.0,1,253,0.6284584980237155,8.0,"### Explanation in Simple Terms

This statement is about how certain systems can suddenly change the..."
2025-11-25T03:16:43.320783,Nocebo,-1.0,1,299,0.6488294314381271,7.0,"### Explanation in Simple Terms
Threshold systems are like a seesaw where, once you add enough weigh..."
2025-11-25T03:18:22.800049,Nocebo,-1.0,1,284,0.7077464788732394,8.0,"### Explanation in Simple Terms

This statement is about how certain systems can suddenly change the..."
2025-11-25T03:20:06.372791,Nocebo,-1.0,1,339,0.6371681415929203,7.0,"### Explanation in Simple Terms:

This statement is about how certain systems can suddenly change th..."
2025-11-25T03:23:40.428947,Nocebo,-1.0,1,281,0.6583629893238434,7.0,"### Explanation in Simple Terms
Threshold systems are like a seesaw where the position of one side (..."
2025-11-25T03:25:27.607760,Nocebo,-1.0,1,298,0.6174496644295302,7.0,"### Explanation in Simple Terms

This statement is about a type of system where there's a sudden cha..."
2025-11-25T03:27:08.046631,Nocebo,-1.0,1,320,0.6125,8.0,"### Explanation in Simple Terms
Threshold systems are like a seesaw where the position of one end (r..."
2025-11-25T03:29:05.475270,Nocebo,-1.0,1,381,0.5433070866141733,8.0,"### Explanation in Simple Terms:

Threshold systems are like a seesaw where one side starts tipping ..."
2025-11-25T06:54:23.967370,Nocebo,-1.0,1,318,0.6352201257861635,8.0,"### Explanation in Simple Terms
Imagine a system where a small change can lead to a big shift or tra..."
2025-11-25T06:56:22.708137,Nocebo,-1.0,1,369,0.5826558265582655,7.0,"### Explanation in Simple Terms
Threshold systems are like a seesaw where the balance point is criti..."
2025-11-25T06:58:02.800725,Nocebo,-1.0,1,307,0.6221498371335505,8.0,"### Explanation in Simple Terms:

This statement is about how certain systems can suddenly change th..."
2025-11-25T06:59:33.003729,Nocebo,-1.0,1,251,0.6414342629482072,8.0,"### Explanation in Simple Terms

Threshold systems are like a seesaw where the order parameter \( R ..."
2025-11-25T07:01:09.435327,Nocebo,-1.0,1,326,0.6073619631901841,8.0,"### 1. Explanation in Simple Terms:
Imagine a system where something happens only when a certain con..."
2025-11-25T07:02:42.165805,Nocebo,-1.0,1,307,0.6482084690553745,8.0,"### Explanation in Simple Terms:

Threshold systems are like a seesaw that tips over when it reaches..."
2025-11-25T07:04:08.123162,Nocebo,-1.0,1,287,0.6759581881533101,8.0,"### Explanation of the Statement

1. **Simple Terms:**
   Threshold systems are like a seesaw where ..."
2025-11-25T07:06:05.773426,Nocebo,-1.0,1,392,0.5408163265306123,8.0,"### Explanation in Simple Terms

Threshold systems are those where a small change can lead to a big ..."
2025-11-25T07:07:36.313837,Nocebo,-1.0,1,310,0.6064516129032258,8.0,"### Explanation in Simple Terms

This statement is about how systems can change suddenly or dramatic..."
2025-11-25T07:09:11.434595,Nocebo,-1.0,1,150,0.72,8.0,"### Explanation in Simple Terms

This statement is about how certain systems can undergo sudden chan..."
2025-11-25T07:11:00.597123,Nocebo,-1.0,1,334,0.592814371257485,8.0,"### Explanation in Simple Terms:

This statement is about how certain systems can suddenly change be..."
2025-11-25T07:12:29.624034,Nocebo,-1.0,1,243,0.6831275720164609,7.0,"### Explanation in Simple Terms
Threshold systems are like a seesaw where the position of the fulcru..."
2025-11-25T07:14:27.182422,Nocebo,-1.0,1,413,0.5569007263922519,7.0,"### Explanation in Simple Terms:

Threshold systems are like a tipping point where something dramati..."
2025-11-25T07:16:26.015301,Nocebo,-1.0,1,387,0.5529715762273901,7.0,"### 1. Explanation in Simple Terms
Threshold systems are like a seesaw where once the weight on one ..."
2025-11-25T07:17:56.134828,Nocebo,-1.0,1,215,0.641860465116279,8.0,"### Explanation of the Statement in Simple Terms

1. **Simple Explanation:**
   Threshold systems ar..."
2025-11-25T07:19:47.908951,Nocebo,-1.0,1,309,0.5566343042071198,8.0,"### Explanation in Simple Terms

Threshold systems are like a seesaw where the balance changes drama..."
2025-11-25T07:21:15.442444,Nocebo,-1.0,1,260,0.6307692307692307,8.0,"### Explanation in Simple Terms
Threshold systems are like a seesaw where the position of a fulcrum ..."
2025-11-25T07:23:13.645119,Nocebo,-1.0,1,370,0.6297297297297297,8.0,"### Explanation in Simple Terms

Threshold systems are like a balance on the edge of tipping over. I..."
2025-11-25T07:24:57.652447,Nocebo,-1.0,1,301,0.6179401993355482,7.0,"### Explanation in Simple Terms
Imagine a system that changes its behavior suddenly when something i..."
2025-11-25T07:26:38.439088,Nocebo,-1.0,1,330,0.5878787878787879,8.0,"### Explanation of the Statement in Simple Terms

This statement is about how certain systems can ch..."
2025-11-25T07:28:19.482370,Nocebo,-1.0,1,278,0.6115107913669064,7.0,"### Explanation in Simple Terms
Threshold systems are like a seesaw that balances between two states..."
2025-11-25T07:30:01.013089,Nocebo,-1.0,1,307,0.6416938110749185,7.0,"### Explanation in Simple Terms
Threshold systems are like a seesaw where the order parameter (think..."
2025-11-25T07:31:58.051864,Nocebo,-1.0,1,343,0.5860058309037901,8.0,"### Explanation in Simple Terms
This statement is about how certain systems change abruptly when a s..."
2025-11-25T07:33:35.057928,Nocebo,-1.0,1,242,0.6570247933884298,8.0,"### Explanation of the Statement in Simple Terms

This statement is about how certain systems can su..."
2025-11-25T07:35:07.303708,Nocebo,-1.0,1,306,0.6437908496732027,7.0,"1. **Explanation in Simple Terms:**
   - Imagine a system where everything is calm until it reaches ..."
2025-11-25T07:36:45.679435,Nocebo,-1.0,1,284,0.6232394366197183,8.0,"### Explanation in Simple Terms
Imagine a system where things change suddenly when a certain conditi..."
2025-11-25T07:38:18.567118,Nocebo,-1.0,1,268,0.667910447761194,8.0,"### Explanation in Simple Terms
Threshold systems are like a seesaw where the balance changes dramat..."
2025-11-25T07:39:49.884570,Nocebo,-1.0,1,203,0.645320197044335,8.0,"### Explanation in Simple Terms
1. **What This Means:**
   Threshold systems are like a seesaw where..."
2025-11-25T07:41:23.778249,Nocebo,-1.0,1,266,0.6616541353383458,8.0,"### Explanation in Simple Terms
When a system reaches a certain point (threshold Θ), it suddenly cha..."
2025-11-25T07:43:03.183572,Nocebo,-1.0,1,296,0.6655405405405406,8.0,"### Explanation in Simple Terms
Imagine a system where something changes suddenly when a specific co..."
2025-11-25T07:44:54.047651,Nocebo,-1.0,1,341,0.6275659824046921,7.0,"### 1. Explanation in Simple Terms

Imagine a system where things change suddenly when something rea..."
2025-11-25T07:46:23.277904,Nocebo,-1.0,1,294,0.5816326530612245,8.0,"### Explanation in Simple Terms
Threshold systems are like a seesaw where the balance point (thresho..."
2025-11-25T07:48:10.806977,Nocebo,-1.0,1,333,0.6126126126126126,7.0,"### Explanation in Simple Terms

This statement is about how certain systems change suddenly when a ..."
2025-11-25T07:51:53.353686,Nocebo,-1.0,1,333,0.5915915915915916,7.0,"### Explanation in Simple Terms
Threshold systems are like a seesaw that tipping over occurs only wh..."
2025-11-25T07:53:19.546193,Nocebo,-1.0,1,279,0.6917562724014337,8.0,"### Explanation in Simple Terms

This statement is about how certain systems can suddenly change the..."
2025-11-25T07:55:15.503235,Nocebo,-1.0,1,368,0.6304347826086957,7.0,"### Explanation in Simple Terms

This statement refers to how certain systems can suddenly change be..."
2025-11-25T07:56:58.802672,Nocebo,-1.0,1,332,0.5993975903614458,8.0,"### Explanation of the Statement

1. **Simple Terms:**
   - A threshold system is a type of system w..."
2025-11-25T07:58:36.159482,Nocebo,-1.0,1,324,0.6111111111111112,7.0,"### 1. Explanation in Simple Terms:

Imagine a system that suddenly changes its behavior when a cert..."
2025-11-25T08:00:17.444693,Nocebo,-1.0,1,339,0.6017699115044248,8.0,"### Explanation in Simple Terms
Imagine a system where something changes abruptly when it reaches a ..."
2025-11-25T08:01:56.022718,Nocebo,-1.0,1,310,0.6451612903225806,7.0,"### Explanation in Simple Terms:

When a system reaches a certain point, it can suddenly change its ..."
2025-11-25T08:03:50.870253,Nocebo,-1.0,1,390,0.5820512820512821,8.0,"### Explanation in Simple Terms
Threshold systems are like switches where a small change can cause a..."
2025-11-25T08:05:17.548197,Nocebo,-1.0,1,254,0.65748031496063,8.0,"### Simplified Explanation
Threshold systems are like a seesaw where the balance shifts dramatically..."
2025-11-25T08:08:50.114173,Nocebo,-1.0,1,284,0.6373239436619719,8.0,"### Explanation in Simple Terms

This statement is about how certain systems can suddenly change the..."
2025-11-25T08:10:27.552977,Nocebo,-1.0,1,304,0.6348684210526315,7.0,"### Explanation in Simple Terms
This statement is about how certain systems can change abruptly when..."
2025-11-25T08:12:20.577382,Nocebo,-1.0,1,370,0.5864864864864865,7.0,"### Explanation in Simple Terms

1. **Explanation:**
   - Imagine a system where things change sudde..."
2025-11-25T08:14:09.612811,Nocebo,-1.0,1,339,0.5781710914454278,7.0,"### Explanation in Simple Terms

This statement is about how some systems can suddenly change their ..."
2025-11-25T08:15:53.274475,Nocebo,-1.0,1,327,0.6116207951070336,7.0,"### Explanation in Simple Terms

Threshold systems are like a seesaw where something happens sharply..."
2025-11-25T08:17:51.125103,Nocebo,-1.0,1,359,0.5348189415041783,8.0,"### Explanation in Simple Terms
Threshold systems are like a seesaw where the order parameter \( R \..."
2025-11-25T08:19:51.303170,Nocebo,-1.0,1,396,0.5909090909090909,7.0,"### Explanation in Simple Terms

This statement is about how certain systems can change suddenly whe..."
2025-11-25T08:21:33.691984,Nocebo,-1.0,1,349,0.6045845272206304,7.0,"### Explanation in Simple Terms:

Threshold systems are like a seesaw where the balance point (thres..."
2025-11-25T08:23:15.907065,Nocebo,-1.0,1,333,0.6456456456456456,8.0,"### Explanation in Simple Terms
Threshold systems are like a tipping point where a small change can ..."
2025-11-25T08:26:56.709295,Nocebo,-1.0,1,329,0.5896656534954408,7.0,"### Explanation in Simple Terms
Threshold systems are like a seesaw where the balance changes sudden..."
2025-11-25T08:28:18.400481,Nocebo,-1.0,1,250,0.652,8.0,"### Explanation in Simple Terms
Threshold systems are like a seesaw where the balance point is cruci..."
2025-11-25T08:30:12.080393,Nocebo,-1.0,1,351,0.6068376068376068,8.0,"### Explanation in Simple Terms

Imagine a system where small changes can lead to big effects if the..."
2025-11-25T08:32:00.144585,Nocebo,-1.0,1,341,0.5601173020527859,8.0,"### Explanation in Simple Terms

This statement is about how certain systems can suddenly change the..."
2025-11-25T08:33:28.984673,Nocebo,-1.0,1,268,0.6417910447761194,7.0,"### Explanation in Simple Terms
Threshold systems are like a seesaw. Imagine you have a seesaw with ..."
2025-11-25T08:35:26.775456,Nocebo,-1.0,1,373,0.6112600536193029,8.0,"### Explanation in Simple Terms

This statement is about how some systems can change suddenly when a..."
2025-11-25T08:39:15.277925,Nocebo,-1.0,1,333,0.6306306306306306,8.0,"### Explanation in Simple Terms

This statement is about how certain systems can suddenly change the..."
2025-11-25T08:42:52.554396,Nocebo,-1.0,1,279,0.6702508960573477,8.0,"### Explanation in Simple Terms

This statement is about how certain systems can suddenly change the..."
2025-11-25T08:44:35.474611,Nocebo,-1.0,1,319,0.567398119122257,8.0,"### Explanation in Simple Terms
Threshold systems are like a seesaw where the order parameter \( R \..."
2025-11-25T08:46:09.715548,Nocebo,-1.0,1,295,0.6033898305084746,7.0,"### Explanation in Simple Terms
Threshold systems are like a seesaw where the order parameter (R) is..."
2025-11-25T08:47:56.330911,Nocebo,-1.0,1,293,0.6382252559726962,7.0,"### Explanation in Simple Terms

Imagine a system where everything is stable until a certain point w..."
2025-11-25T08:49:21.276216,Nocebo,-1.0,1,243,0.6666666666666666,7.0,"### Explanation in Simple Terms:
Threshold systems are like a seesaw. When an order parameter (think..."
2025-11-25T08:51:09.520209,Nocebo,-1.0,1,308,0.6363636363636364,8.0,"### Explanation in Simple Terms
Threshold systems are like a seesaw where if one side gets too heavy..."
2025-11-25T08:53:07.497702,Nocebo,-1.0,1,356,0.5955056179775281,7.0,"### Explanation in Simple Terms

This statement describes how certain systems can suddenly change th..."
2025-11-25T08:54:43.721513,Nocebo,-1.0,1,275,0.610909090909091,8.0,"### Explanation in Simple Terms

This statement is about how certain systems can suddenly change the..."
2025-11-25T08:56:08.697262,Nocebo,-1.0,1,276,0.6811594202898551,7.0,"### Explanation in Simple Terms

This statement is about how certain systems can change suddenly whe..."
2025-11-25T08:57:52.963398,Nocebo,-1.0,1,303,0.66996699669967,8.0,"### Explanation in Simple Terms
Imagine a system where things change dramatically when certain condi..."
2025-11-25T08:59:29.697010,Nocebo,-1.0,1,277,0.6498194945848376,8.0,"### Explanation in Simple Terms

This statement is about how certain systems can suddenly change the..."
2025-11-25T09:03:22.577765,Nocebo,-1.0,1,148,0.6283783783783784,7.0,"### Explanation in Simple Terms
Threshold systems are like a seesaw where the balance point is deter..."
2025-11-25T09:05:06.147128,Nocebo,-1.0,1,334,0.5838323353293413,7.0,"### Explanation in Simple Terms

Threshold systems are like a tipping point where something changes ..."
2025-11-25T09:07:01.574041,Nocebo,-1.0,1,288,0.6319444444444444,7.0,"### Explanation in Simple Terms
Threshold systems are like a seesaw where the behavior changes sudde..."
2025-11-25T09:08:28.814298,Nocebo,-1.0,1,263,0.6844106463878327,8.0,"### Explanation in Simple Terms
Threshold systems are like a seesaw that tips dramatically when it r..."
2025-11-25T09:10:08.967631,Nocebo,-1.0,1,306,0.6535947712418301,8.0,"### Explanation in Simple Terms
This statement is about how certain systems can suddenly change thei..."
2025-11-25T09:13:47.431135,Nocebo,-1.0,1,301,0.6245847176079734,5.0,"### Explanation in Simple Terms:

Imagine a system where something changes suddenly when a certain c..."
2025-11-25T09:17:20.981725,Nocebo,-1.0,1,293,0.6348122866894198,8.0,"### Explanation in Simple Terms

This statement is about how certain systems or phenomena can sudden..."
2025-11-25T09:19:04.987013,Nocebo,-1.0,1,293,0.6723549488054608,8.0,"### Explanation in Simple Terms

This statement is about how certain systems can suddenly change the..."
2025-11-25T09:20:46.079703,Nocebo,-1.0,1,324,0.6728395061728395,7.0,"### Explanation in Simple Terms:

Threshold systems are like a seesaw. Imagine there's a point where..."
2025-11-25T09:22:32.980525,Nocebo,-1.0,1,329,0.6413373860182371,7.0,"### Explanation in Simple Terms
This statement refers to how certain systems change abruptly when a ..."
2025-11-25T09:26:01.866188,Nocebo,-1.0,1,302,0.652317880794702,7.0,"### Explanation in Simple Terms

This statement is about how certain systems can change dramatically..."
2025-11-25T09:27:31.078745,Nocebo,-1.0,1,217,0.6682027649769585,8.0,"### Explanation in Simple Terms:

1. **Threshold Systems and Critical Transitions:**
   - Imagine a ..."
2025-11-25T09:29:26.391183,Nocebo,-1.0,1,314,0.6273885350318471,8.0,"### Explanation in Simple Terms

Threshold systems are like a seesaw where the order parameter (R) i..."
2025-11-25T09:31:23.208090,Nocebo,-1.0,1,388,0.5670103092783505,8.0,"### Explanation in Simple Terms:

This statement is about how certain systems can suddenly change th..."
2025-11-25T09:33:00.350559,Nocebo,-1.0,1,319,0.6394984326018809,7.0,"### Explanation in Simple Terms

This statement is about how certain systems can change dramatically..."
2025-11-25T09:36:42.664975,Nocebo,-1.0,1,335,0.582089552238806,7.0,"### Explanation in Simple Terms

This statement is about how certain systems can suddenly change the..."
2025-11-25T09:38:37.970701,Nocebo,-1.0,1,293,0.6245733788395904,8.0,"### Explanation in Simple Terms
Threshold systems are like a seesaw where the balance shifts suddenl..."
2025-11-25T09:40:29.696405,Nocebo,-1.0,1,360,0.6138888888888889,7.0,"### Explanation in Simple Terms

This statement is about how certain systems can suddenly change the..."
2025-11-25T09:44:09.002427,Nocebo,-1.0,1,319,0.6332288401253918,7.0,"### Explanation in Simple Terms

This statement is about how certain systems can change dramatically..."
2025-11-25T09:45:38.904652,Nocebo,-1.0,1,280,0.6178571428571429,7.0,"### 1. Explanation in Simple Terms
Threshold systems are like a seesaw where, when one side gets to ..."
2025-11-25T09:47:26.467979,Nocebo,-1.0,1,317,0.6309148264984227,7.0,"### Explanation in Simple Terms
Threshold systems are like a seesaw where the position of the fulcru..."
2025-11-25T09:49:18.619967,Nocebo,-1.0,1,290,0.6241379310344828,8.0,"### 1. Explanation in Simple Terms

Imagine a system that is stable until it reaches a certain point..."
2025-11-25T09:50:53.228593,Nocebo,-1.0,1,265,0.6415094339622641,7.0,"### Explanation in Simple Terms

This statement is about how systems can change abruptly when certai..."
2025-11-25T09:52:24.407440,Nocebo,-1.0,1,283,0.6325088339222615,8.0,"### Explanation in Simple Terms
These systems exhibit a sudden change or ""critical transition"" when ..."
2025-11-25T09:54:17.189952,Nocebo,-1.0,1,353,0.5779036827195467,7.0,"### 1. Explanation in Simple Terms

Threshold systems are like a switch that turns on or off dependi..."
2025-11-25T10:00:06.240664,Nocebo,-1.0,1,291,0.6529209621993127,8.0,"### Explanation in Simple Terms
Threshold systems are like a seesaw where the balance shifts dramati..."
2025-11-25T10:01:41.427243,Nocebo,-1.0,1,289,0.671280276816609,7.0,"### Explanation in Simple Terms

Think of a threshold system as something that suddenly changes beha..."
2025-11-25T10:03:24.833128,Nocebo,-1.0,1,340,0.65,8.0,"### Explanation in Simple Terms
Imagine a system where it's all quiet until suddenly it becomes very..."
2025-11-25T10:04:58.233381,Nocebo,-1.0,1,311,0.6527331189710611,5.0,"### 1. Explanation in Simple Terms

Threshold systems are like a seesaw (or balance scale). When a c..."
2025-11-25T10:06:42.574518,Nocebo,-1.0,1,350,0.6028571428571429,8.0,"### Explanation in Simple Terms

This statement is about how certain systems can suddenly change beh..."
2025-11-25T10:08:13.501613,Nocebo,-1.0,1,311,0.6816720257234726,8.0,"### Explanation in Simple Terms
Threshold systems are like a seesaw where the balance point is deter..."
2025-11-25T10:09:37.605413,Nocebo,-1.0,1,286,0.6923076923076923,8.0,"### Explanation in Simple Terms
Imagine a system where everything remains stable until a certain poi..."
2025-11-25T10:11:35.062962,Nocebo,-1.0,1,399,0.5864661654135338,8.0,"### Explanation in Simple Terms:

Imagine a system where something changes suddenly when it reaches ..."
2025-11-25T10:13:11.099314,Nocebo,-1.0,1,327,0.6146788990825688,8.0,"### Simple Explanation
Threshold systems are like a seesaw where the balance is determined by differ..."
2025-11-25T10:14:54.475272,Nocebo,-1.0,1,271,0.6014760147601476,8.0,"### Explanation in Simple Terms
This statement is about how certain systems can change suddenly when..."
2025-11-25T10:16:30.214135,Nocebo,-1.0,1,325,0.6461538461538462,7.0,"### Explanation in Simple Terms

This statement is about how certain systems can suddenly change the..."
2025-11-25T10:18:11.231011,Nocebo,-1.0,1,303,0.6237623762376238,8.0,"### Explanation in Simple Terms:

Imagine a system like a snow slope where the amount of snow (R) bu..."
2025-11-25T10:19:54.239591,Nocebo,-1.0,1,338,0.6153846153846154,8.0,"### Explanation in Simple Terms

This statement is about how certain systems can suddenly change the..."
2025-11-25T10:21:28.114489,Nocebo,-1.0,1,311,0.6205787781350482,8.0,"### Explanation in Simple Terms

This statement is about how certain systems can suddenly change the..."
2025-11-25T10:23:26.839467,Nocebo,-1.0,1,402,0.6094527363184079,8.0,"### Explanation in Simple Terms

This statement is about how certain systems can suddenly change the..."
2025-11-25T10:25:06.491966,Nocebo,-1.0,1,330,0.603030303030303,7.0,"### Explanation in Simple Terms

Threshold systems are like a seesaw that tips over when it reaches ..."
2025-11-25T10:26:39.443533,Nocebo,-1.0,1,280,0.6642857142857143,8.0,"### Explanation in Simple Terms
Threshold systems are like a seesaw where things remain stable until..."
2025-11-25T10:28:10.301142,Nocebo,-1.0,1,283,0.6325088339222615,7.0,"### Explanation in Simple Terms
This statement is about how certain systems can abruptly change thei..."
2025-11-25T10:29:41.735937,Nocebo,-1.0,1,231,0.6623376623376623,8.0,"### Explanation in Simple Terms

This statement is about how certain systems can suddenly change the..."
2025-11-25T10:31:21.423630,Nocebo,-1.0,1,342,0.6081871345029239,8.0,"### Explanation in Simple Terms:

Threshold systems are like a seesaw where the balance point (thres..."
2025-11-25T10:32:58.216505,Nocebo,-1.0,1,257,0.6575875486381323,8.0,"### Explanation in Simple Terms
Imagine a system where things change dramatically when something rea..."
2025-11-25T10:34:37.729507,Nocebo,-1.0,1,339,0.616519174041298,8.0,"### Explanation in Simple Terms
This statement is about how certain systems can abruptly change thei..."
2025-11-25T10:36:21.844111,Nocebo,-1.0,1,311,0.662379421221865,8.0,"### Explanation in Simple Terms

**Threshold Systems**: These are systems where a small change can s..."
2025-11-25T10:38:07.693171,Nocebo,-1.0,1,361,0.592797783933518,7.0,"### Explanation in Simple Terms

This statement is about how certain systems can suddenly change the..."
2025-11-25T10:39:35.265947,Nocebo,-1.0,1,265,0.6716981132075471,7.0,"### Analysis of the Statement

#### 1. Explanation in Simple Terms:
Imagine a system that suddenly c..."
2025-11-25T10:40:53.679512,Nocebo,-1.0,1,268,0.664179104477612,8.0,"### Explanation in Simple Terms
Threshold systems are like a seesaw where the position of people on ..."
2025-11-25T10:42:26.490504,Nocebo,-1.0,1,253,0.6086956521739131,8.0,"### Explanation in Simple Terms

Think of a threshold system as something that changes drastically w..."
2025-11-25T10:44:24.427157,Nocebo,-1.0,1,384,0.6380208333333334,8.0,"### Explanation in Simple Terms:

Threshold systems are like a seesaw: when one side (let's call it ..."
2025-11-25T10:46:23.956852,Nocebo,-1.0,1,397,0.5894206549118388,8.0,"### Explanation in Simple Terms
Threshold systems are like a seesaw where the balance shifts suddenl..."
2025-11-25T10:48:18.015610,Nocebo,-1.0,1,358,0.5893854748603352,7.0,"### Explanation in Simple Terms:

This statement is about how certain systems can suddenly change th..."
2025-11-25T10:50:07.313686,Nocebo,-1.0,1,262,0.6793893129770993,7.0,"### Explanation in Simple Terms

This statement is about how certain systems can suddenly change the..."
2025-11-25T10:51:52.771667,Nocebo,-1.0,1,258,0.627906976744186,8.0,"### Explanation in Simple Terms

This statement is about how certain systems can suddenly change the..."
2025-11-25T10:53:38.021617,Nocebo,-1.0,1,304,0.6217105263157895,7.0,"### Explanation in Simple Terms

Threshold systems are like a seesaw that tips suddenly when enough ..."
2025-11-25T10:55:05.467383,Nocebo,-1.0,1,286,0.6538461538461539,8.0,"### Explanation in Simple Terms

This statement is about how certain systems can suddenly change the..."
2025-11-25T10:56:30.997848,Nocebo,-1.0,1,274,0.6532846715328468,8.0,"### Explanation in Simple Terms
Threshold systems are like a seesaw where the balance point is criti..."
2025-11-25T10:58:15.849169,Nocebo,-1.0,1,318,0.5408805031446541,7.0,"### 1. Explanation in Simple Terms

This statement refers to a concept where changes happen suddenly..."
2025-11-25T11:00:02.252102,Nocebo,-1.0,1,357,0.5686274509803921,8.0,"### Explanation in Simple Terms

This statement is talking about how certain systems can undergo sud..."
2025-11-25T11:01:58.935615,Nocebo,-1.0,1,349,0.5272206303724928,8.0,"### Explanation in Simple Terms
Threshold systems are like a seesaw where the order parameter \( R \..."
2025-11-25T11:03:48.785663,Nocebo,-1.0,1,346,0.5549132947976878,7.0,"### Explanation in Simple Terms
Threshold systems are like a seesaw where the order parameter \( R \..."
2025-11-25T11:05:34.630405,Nocebo,-1.0,1,348,0.6120689655172413,8.0,"### Explanation in Simple Terms
This statement is about how certain systems can suddenly change thei..."
2025-11-25T11:07:02.995163,Nocebo,-1.0,1,146,0.7808219178082192,8.0,"### Explanation in Simple Terms:

Imagine a system where things change suddenly when something reach..."
2025-11-25T11:08:46.542495,Nocebo,-1.0,1,325,0.6492307692307693,5.0,"### Explanation in Simple Terms:

Imagine a system where things change suddenly when a certain point..."
2025-11-25T11:10:40.676892,Nocebo,-1.0,1,368,0.6032608695652174,8.0,"### Explanation in Simple Terms
Threshold systems are like switches where a small change can cause a..."
2025-11-25T11:12:17.533117,Nocebo,-1.0,1,320,0.625,8.0,"### Explanation in Simple Terms:

Threshold systems are like a seesaw. When you add enough weight to..."
2025-11-25T11:13:48.448564,Nocebo,-1.0,1,275,0.6836363636363636,7.0,"### Simple Explanation
Threshold systems are like a seesaw where the balance point (threshold) can s..."
2025-11-25T11:15:27.190673,Nocebo,-1.0,1,215,0.7069767441860465,8.0,"### Explanation in Simple Terms
Threshold systems are like a seesaw where the balance only changes d..."
2025-11-25T11:17:21.599439,Nocebo,-1.0,1,315,0.6190476190476191,8.0,"### Explanation in Simple Terms

Threshold systems are like a seesaw: it stays balanced until a cert..."
2025-11-25T11:18:56.567208,Nocebo,-1.0,1,296,0.652027027027027,7.0,"### Explanation in Simple Terms
This statement is about systems where a sudden change occurs when so..."
2025-11-25T11:20:46.229373,Nocebo,-1.0,1,325,0.6092307692307692,8.0,"### Explanation of the Statement in Simple Terms

This statement is about how certain systems can su..."
2025-11-25T11:22:18.805270,Nocebo,-1.0,1,311,0.6334405144694534,8.0,"### Explanation in Simple Terms
Threshold systems are like thresholds or barriers where a sudden cha..."
2025-11-25T11:23:54.507713,Nocebo,-1.0,1,324,0.6080246913580247,8.0,"### Explanation in Simple Terms
Threshold systems are like a seesaw where the balance shifts suddenl..."
2025-11-25T11:25:51.742941,Nocebo,-1.0,1,368,0.5163043478260869,8.0,"### Explanation in Simple Terms
A threshold system is like a switch that turns on or off when someth..."
2025-11-25T11:27:29.278335,Nocebo,-1.0,1,311,0.5884244372990354,8.0,"### Explanation in Simple Terms

This statement is about how certain systems can suddenly change the..."
2025-11-25T11:31:06.819766,Nocebo,-1.0,1,304,0.625,8.0,"### 1. Explanation in Simple Terms

This statement is talking about how certain systems can suddenly..."
2025-11-25T11:37:05.820065,Nocebo,-1.0,1,361,0.5761772853185596,8.0,"### Explanation in Simple Terms
Threshold systems are like a see-saw that can tip when the weight on..."
2025-11-25T11:38:59.452229,Nocebo,-1.0,1,374,0.5935828877005348,7.0,"### Explanation in Simple Terms

This statement is about how certain systems suddenly change their b..."
2025-11-25T11:40:47.360310,Nocebo,-1.0,1,323,0.631578947368421,8.0,"### Explanation in Simple Terms

Threshold systems are like a seesaw that tips over when the weight ..."
2025-11-25T11:42:18.988269,Nocebo,-1.0,1,282,0.6808510638297872,8.0,"### 1. Explanation in Simple Terms
This statement is about how certain systems can suddenly change t..."
2025-11-25T11:44:01.645751,Nocebo,-1.0,1,321,0.6012461059190031,8.0,"### Explanation in Simple Terms
This statement is about how some systems can suddenly change behavio..."
2025-11-25T11:45:46.819705,Nocebo,-1.0,1,326,0.598159509202454,8.0,"### 1. Explanation in Simple Terms

This statement refers to how certain systems can suddenly change..."
2025-11-25T11:47:33.880186,Nocebo,-1.0,1,323,0.6037151702786377,7.0,"### Explanation in Simple Terms
Threshold systems are like a seesaw where the balance point (thresho..."
2025-11-25T11:49:30.878339,Nocebo,-1.0,1,342,0.6081871345029239,7.0,"### Explanation in Simple Terms
This statement is about how certain systems can suddenly change thei..."
2025-11-25T11:53:21.973684,Nocebo,-1.0,1,301,0.6245847176079734,7.0,"### Explanation in Simple Terms
Threshold systems are like a seesaw where the balance point is criti..."
2025-11-25T11:55:19.383426,Nocebo,-1.0,1,305,0.6131147540983607,8.0,"### Explanation of the Statement

1. **Simple Terms:**
   - **Threshold Systems:** These are systems..."
2025-11-25T11:57:07.542225,Nocebo,-1.0,1,339,0.6430678466076696,7.0,"### Explanation in Simple Terms

This statement refers to a type of system where there's a sudden ch..."
2025-11-25T11:58:58.457869,Nocebo,-1.0,1,346,0.6705202312138728,8.0,"### Explanation in Simple Terms
Threshold systems are like a seesaw where the balance shifts suddenl..."
2025-11-25T12:00:49.116695,Nocebo,-1.0,1,340,0.6235294117647059,7.0,"### Explanation in Simple Terms

The statement is about how certain systems can suddenly change thei..."
2025-11-25T12:06:30.510375,Nocebo,-1.0,1,295,0.6271186440677966,8.0,"### Explanation in Simple Terms

This statement is about a concept called ""threshold systems,"" which..."
2025-11-25T12:07:59.695214,Nocebo,-1.0,1,278,0.6330935251798561,8.0,"### Explanation in Simple Terms
Threshold systems are like a seesaw where the balance point (thresho..."
2025-11-25T12:09:38.942358,Nocebo,-1.0,1,324,0.6234567901234568,7.0,"### Explanation in Simple Terms
Imagine a system where everything is stable until it reaches a certa..."
2025-11-25T12:10:55.278830,Nocebo,-1.0,1,253,0.6798418972332015,8.0,"### Explanation in Simple Terms:
Imagine a system where things change suddenly when a certain condit..."
2025-11-25T12:12:16.673946,Nocebo,-1.0,1,241,0.6929460580912863,5.0,"### Explanation in Simple Terms
This statement is about how certain systems can suddenly change thei..."
2025-11-25T12:13:50.050773,Nocebo,-1.0,1,320,0.65625,8.0,"### 1. Explanation in Simple Terms:

This statement is about a special kind of behavior seen in syst..."
2025-11-25T12:17:51.215215,Nocebo,-1.0,1,292,0.6095890410958904,8.0,"### Analysis of the Statement:

1. **Explanation in Simple Terms:**
   - Threshold systems are like ..."
2025-11-25T12:19:18.379069,Nocebo,-1.0,1,225,0.6755555555555556,8.0,"### Explanation in Simple Terms
This statement is about a specific type of system where a sudden cha..."
2025-11-25T12:20:53.101209,Nocebo,-1.0,1,247,0.6639676113360324,7.0,"### Explanation in Simple Terms
Threshold systems are like a seesaw: when one side (an order paramet..."
2025-11-25T12:24:48.667818,Nocebo,-1.0,1,327,0.6146788990825688,8.0,"### Explanation in Simple Terms
1. **Threshold Systems and Critical Transitions:**
   Think of a thr..."
2025-11-25T12:26:28.871026,Nocebo,-1.0,1,319,0.6269592476489029,8.0,"### Explanation in Simple Terms

This statement is about how certain systems can suddenly change the..."
2025-11-25T12:28:13.340558,Nocebo,-1.0,1,308,0.6006493506493507,8.0,"### Explanation in Simple Terms
Threshold systems are like switches where a small change can lead to..."
2025-11-25T12:29:33.458908,Nocebo,-1.0,1,166,0.7168674698795181,7.0,"### Explanation of the Statement

1. **Simple Terms:**
   - A threshold system is a type of system w..."
2025-11-25T12:31:08.031468,Nocebo,-1.0,1,239,0.6694560669456067,7.0,"### Explanation in Simple Terms:
Imagine a system where something changes dramatically all at once w..."
2025-11-25T12:33:06.352513,Nocebo,-1.0,1,373,0.5683646112600537,7.0,"### Explanation in Simple Terms
Imagine a system that changes behavior suddenly when something impor..."
2025-11-25T12:34:38.327725,Nocebo,-1.0,1,275,0.6654545454545454,7.0,"### Simple Explanation
Threshold systems are like a seesaw that suddenly tips when it reaches a cert..."
2025-11-25T12:36:07.486086,Nocebo,-1.0,1,267,0.6666666666666666,7.0,"### Explanation in Simple Terms:

Imagine a scenario where something is stable until it reaches a ce..."
2025-11-25T12:37:51.173654,Nocebo,-1.0,1,310,0.6064516129032258,7.0,"### Explanation in Simple Terms
Imagine a system where something changes dramatically when it reache..."
2025-11-25T12:39:42.065559,Nocebo,-1.0,1,131,0.6717557251908397,8.0,"### Explanation in Simple Terms

Threshold systems are like a seesaw where the balance shifts sudden..."
2025-11-25T12:41:21.243987,Nocebo,-1.0,1,250,0.692,8.0,"### Explanation of the Statement in Simple Terms

Threshold systems are like a seesaw where there's ..."
2025-11-25T12:42:52.649616,Nocebo,-1.0,1,198,0.6717171717171717,8.0,"### 1. Explanation in Simple Terms

Imagine a system where something changes dramatically when a cer..."
2025-11-25T12:46:22.677036,Nocebo,-1.0,1,284,0.6690140845070423,8.0,"### Explanation in Simple Terms

This statement is about a type of system where something changes dr..."
2025-11-25T12:47:51.253441,Nocebo,-1.0,1,223,0.6905829596412556,8.0,"### Explanation in Simple Terms

This statement is about how certain systems can change dramatically..."
2025-11-25T12:49:26.955224,Nocebo,-1.0,1,263,0.6844106463878327,8.0,"### Explanation in Simple Terms:

Threshold systems are like a seesaw: when the weight on one side (..."
2025-11-25T12:51:25.356242,Nocebo,-1.0,1,361,0.6011080332409973,7.0,"### Explanation in Simple Terms
Threshold systems are like a seesaw where the weight on one side (or..."
2025-11-25T12:54:45.745442,Nocebo,-1.0,1,197,0.6751269035532995,8.0,"### Explanation in Simple Terms

1. **Explanation:**
   - Imagine a system where it can be in one st..."
2025-11-25T12:56:24.845626,Nocebo,-1.0,1,321,0.5887850467289719,8.0,"### Explanation in Simple Terms

Threshold systems are like a seesaw where small changes can lead to..."
2025-11-25T12:57:53.891715,Nocebo,-1.0,1,293,0.6245733788395904,8.0,"### Explanation in Simple Terms:

Threshold systems are like a seesaw where the position of a weight..."
2025-11-25T12:59:47.843815,Nocebo,-1.0,1,371,0.5768194070080862,8.0,"### Explanation in Simple Terms

This statement is about how certain systems can abruptly change the..."
2025-11-25T13:01:47.095749,Nocebo,-1.0,1,278,0.6474820143884892,8.0,"### Explanation in Simple Terms:

Threshold systems are like a seesaw where, at a certain point (cal..."
2025-11-25T13:03:41.435200,Nocebo,-1.0,1,348,0.6436781609195402,7.0,"### Explanation in Simple Terms
Threshold systems are like tipping points where a small change can c..."
2025-11-25T13:05:23.325825,Nocebo,-1.0,1,250,0.624,8.0,"### Explanation in Simple Terms

Threshold systems are like a seesaw where once you push it just rig..."
2025-11-25T13:07:00.020022,Nocebo,-1.0,1,279,0.6057347670250897,8.0,"### Explanation in Simple Terms
Threshold systems are like a seesaw where the balance point (the thr..."
2025-11-25T13:08:39.220597,Nocebo,-1.0,1,280,0.6285714285714286,8.0,"### Explanation in Simple Terms
Imagine a system where things change dramatically once a certain con..."
2025-11-25T13:12:24.170675,Nocebo,-1.0,1,312,0.6121794871794872,7.0,"### Explanation in Simple Terms
Threshold systems are like a seesaw where the balance depends on how..."
2025-11-25T13:15:55.909831,Nocebo,-1.0,1,313,0.6261980830670927,5.0,"### Explanation in Simple Terms

This statement is about how systems can suddenly change their behav..."
2025-11-25T13:17:51.258815,Nocebo,-1.0,1,351,0.6467236467236467,8.0,"### Explanation in Simple Terms

Threshold systems are like a seesaw where the weight on one side (r..."
2025-11-25T13:21:47.434438,Nocebo,-1.0,1,351,0.5811965811965812,8.0,"### Explanation in Simple Terms
Threshold systems are like a seesaw where the balance only tips when..."
2025-11-25T13:23:27.077339,Nocebo,-1.0,1,341,0.6304985337243402,8.0,"### Explanation in Simple Terms

Imagine a system where things don't change much until they reach a ..."
2025-11-25T13:25:26.917507,Nocebo,-1.0,1,399,0.5739348370927319,8.0,"### Explanation in Simple Terms:
Threshold systems are like a seesaw where once a certain amount of ..."
2025-11-25T13:26:55.742059,Nocebo,-1.0,1,273,0.6263736263736264,8.0,"### Explanation in Simple Terms

Threshold systems are like a seesaw where things change suddenly wh..."
2025-11-25T13:28:32.669097,Nocebo,-1.0,1,330,0.5969696969696969,7.0,"### Explanation in Simple Terms
This statement is about how certain systems can suddenly change thei..."
2025-11-25T13:30:25.445538,Nocebo,-1.0,1,373,0.5817694369973191,8.0,"### 1. Explanation in Simple Terms

This statement is about systems that can suddenly change their b..."
2025-11-25T13:31:48.289037,Nocebo,-1.0,1,268,0.6604477611940298,8.0,"### 1. Explanation in Simple Terms:

Threshold systems are like a seesaw where the position of a wei..."
2025-11-25T13:35:19.924402,Nocebo,-1.0,1,245,0.6979591836734694,8.0,"### Explanation in Simple Terms

Threshold systems are like a seesaw where the balance point is very..."
2025-11-25T13:37:01.933399,Nocebo,-1.0,1,296,0.6081081081081081,8.0,"### Explanation in Simple Terms
This statement is about how certain systems can suddenly change thei..."
2025-11-25T13:38:38.857588,Nocebo,-1.0,1,307,0.6677524429967426,8.0,"### Explanation in Simple Terms

Think of a threshold system as something that changes suddenly when..."
2025-11-25T13:44:14.466369,Nocebo,-1.0,1,269,0.6728624535315985,7.0,"### Explanation in Simple Terms
This statement is about how certain systems can suddenly change thei..."
2025-11-25T13:45:51.772188,Nocebo,-1.0,1,275,0.6727272727272727,8.0,"### Explanation in Simple Terms:

A threshold system is a type of system where something happens onl..."
2025-11-25T13:47:22.574094,Nocebo,-1.0,1,253,0.6600790513833992,8.0,"### Explanation of the Statement in Simple Terms:

This statement is about how certain systems can s..."
2025-11-25T13:55:18.095626,Nocebo,-1.0,1,325,0.5661538461538461,7.0,"### Explanation of the Statement in Simple Terms:

1. **What It Means:**
   - Imagine a system (like..."
2025-11-25T13:56:46.721718,Nocebo,-1.0,1,283,0.6466431095406361,7.0,"### Explanation in Simple Terms

Threshold systems are like a switch that turns on or off when somet..."
2025-11-25T13:58:06.805580,Nocebo,-1.0,1,233,0.6738197424892703,7.0,"### Explanation of the Statement:

1. **Simple Terms:**
   Threshold systems are like a seesaw where..."
2025-11-25T14:01:57.797488,Nocebo,-1.0,1,314,0.6401273885350318,7.0,"### Explanation in Simple Terms

Threshold systems are like a seesaw where once the weight on one si..."
2025-11-25T14:03:47.425634,Nocebo,-1.0,1,333,0.6426426426426426,8.0,"### Explanation in Simple Terms

Imagine a system where something changes drastically when a certain..."
2025-11-25T14:05:40.179919,Nocebo,-1.0,1,343,0.6180758017492711,8.0,"### Explanation in Simple Terms
This statement is about how certain systems can abruptly change thei..."
2025-11-25T14:07:13.198783,Nocebo,-1.0,1,281,0.6512455516014235,5.0,"### 1. Explanation in Simple Terms
Imagine a system where things start to change dramatically when s..."
2025-11-25T14:08:58.092901,Nocebo,-1.0,1,334,0.6287425149700598,8.0,"### Explanation in Simple Terms
Threshold systems are like a seesaw that tips at a certain point whe..."
2025-11-25T14:10:44.727139,Nocebo,-1.0,1,312,0.6410256410256411,8.0,"### Explanation in Simple Terms:
Threshold systems are like a seesaw where the balance point (thresh..."
2025-11-25T14:12:17.886843,Nocebo,-1.0,1,212,0.6509433962264151,8.0,"### Explanation of the Statement in Simple Terms:

1. **Threshold Systems**: Imagine a system where ..."
2025-11-25T14:16:16.405413,Nocebo,-1.0,1,315,0.5555555555555556,8.0,"### Explanation in Simple Terms
This statement is about how certain systems can change dramatically ..."
2025-11-25T14:18:08.531956,Nocebo,-1.0,1,299,0.6053511705685619,7.0,"### Explanation in Simple Terms

This statement is about how some systems change dramatically when a..."
2025-11-25T14:20:06.096152,Nocebo,-1.0,1,357,0.6246498599439776,7.0,"### Explanation in Simple Terms

This statement is about how certain systems can change suddenly whe..."
2025-11-25T14:21:53.053121,Nocebo,-1.0,1,309,0.6601941747572816,8.0,"### Explanation in Simple Terms
Imagine a system where something happens only when a certain conditi..."
2025-11-25T14:23:48.062672,Nocebo,-1.0,1,275,0.6363636363636364,8.0,"### Explanation in Simple Terms

This statement is about a type of system where something important ..."
2025-11-25T14:25:48.699361,Nocebo,-1.0,1,367,0.5831062670299727,8.0,"### Explanation in Simple Terms

1. **Explanation:**
   - Imagine a system that changes its behavior..."
2025-11-25T14:27:26.388208,Nocebo,-1.0,1,294,0.7040816326530612,8.0,"### Explanation in Simple Terms

This statement is about how certain systems can change dramatically..."
2025-11-25T14:29:16.369241,Nocebo,-1.0,1,318,0.5817610062893082,5.0,"### 1. Explanation in Simple Terms

Threshold systems are like a seesaw where the balance only chang..."
2025-11-25T14:31:04.734942,Nocebo,-1.0,1,321,0.616822429906542,7.0,"### Explanation in Simple Terms
This statement is about systems where a change can be sudden and dra..."
2025-11-25T14:33:02.569075,Nocebo,-1.0,1,361,0.5872576177285319,8.0,"### Explanation in Simple Terms

This statement is about how systems can suddenly change their behav..."
2025-11-25T14:34:58.311117,Nocebo,-1.0,1,375,0.6053333333333333,8.0,"### Explanation in Simple Terms
Threshold systems are like a seesaw where the position of one side (..."
2025-11-25T14:36:52.420651,Nocebo,-1.0,1,355,0.6112676056338028,8.0,"### Explanation in Simple Terms
This statement is about how certain systems can suddenly change thei..."
2025-11-25T14:38:35.320938,Nocebo,-1.0,1,332,0.608433734939759,7.0,"### Explanation in Simple Terms
Threshold systems are like a seesaw where the order parameter R (thi..."
2025-11-25T14:40:26.488480,Nocebo,-1.0,1,358,0.5921787709497207,8.0,"### Explanation in Simple Terms
A threshold system is a type of system where small changes can lead ..."
2025-11-25T14:42:10.457907,Nocebo,-1.0,1,182,0.7142857142857143,5.0,"### Explanation in Simple Terms
Threshold systems are like a seesaw where the balance point (thresho..."
2025-11-25T14:43:46.697990,Nocebo,-1.0,1,308,0.6590909090909091,8.0,"### Explanation in Simple Terms:

Threshold systems are like a seesaw that tips when enough weight i..."
2025-11-25T14:45:20.736949,Nocebo,-1.0,1,297,0.6060606060606061,8.0,"### Explanation in Simple Terms
Threshold systems are like a seesaw where the order parameter \( R \..."
2025-11-25T14:47:05.098124,Nocebo,-1.0,1,146,0.7534246575342466,8.0,"### Explanation in Simple Terms
Threshold systems are like a seesaw where, once the weight on one si..."
2025-11-25T14:50:40.653894,Nocebo,-1.0,1,319,0.5736677115987461,8.0,"### Explanation in Simple Terms
Threshold systems are like a seesaw where things change dramatically..."
2025-11-25T14:52:30.042366,Nocebo,-1.0,1,367,0.6021798365122616,8.0,"### Explanation in Simple Terms

This statement is about how certain systems can change drastically ..."
2025-11-25T14:56:15.117280,Nocebo,-1.0,1,305,0.6295081967213115,7.0,"### Explanation in Simple Terms
Imagine a system where behavior changes dramatically when something ..."
2025-11-25T14:58:03.678604,Nocebo,-1.0,1,83,0.7831325301204819,7.0,"### Explanation in Simple Terms

This statement is about how certain systems can suddenly change the..."
2025-11-25T14:59:46.280419,Nocebo,-1.0,1,313,0.6613418530351438,8.0,"### Explanation of the Statement:

1. **Simple Terms:**
   Threshold systems are like a seesaw where..."
2025-11-25T15:01:41.784780,Nocebo,-1.0,1,371,0.601078167115903,7.0,"### Explanation in Simple Terms
This statement is about how certain systems can abruptly change thei..."
2025-11-25T15:03:07.591637,Nocebo,-1.0,1,273,0.6813186813186813,8.0,"### Explanation in Simple Terms
This statement refers to a concept where a system can undergo a sudd..."
2025-11-25T15:04:39.106458,Nocebo,-1.0,1,262,0.6908396946564885,7.0,"### Explanation in Simple Terms:

Threshold systems are like a seesaw where the balance point (or ""t..."
2025-11-25T15:06:09.379122,Nocebo,-1.0,1,291,0.6701030927835051,8.0,"### Explanation in Simple Terms:

This statement is about how certain systems can suddenly change th..."
2025-11-25T15:07:47.493229,Nocebo,-1.0,1,110,0.8090909090909091,8.0,"### Explanation in Simple Terms
This statement refers to a phenomenon where certain systems change a..."
2025-11-25T15:09:38.290761,Nocebo,-1.0,1,364,0.6236263736263736,5.0,"### Explanation in Simple Terms

This statement is about how some systems can suddenly change their ..."
2025-11-25T15:11:36.371870,Nocebo,-1.0,1,388,0.595360824742268,7.0,"### Explanation in Simple Terms

This statement is about how certain systems can suddenly change the..."
2025-11-25T15:13:08.930255,Nocebo,-1.0,1,305,0.6524590163934426,8.0,"### Explanation in Simple Terms

Threshold systems are like a seesaw where a small change can sudden..."
2025-11-25T15:15:07.283649,Nocebo,-1.0,1,352,0.5738636363636364,8.0,"### 1. Explanation in Simple Terms

Threshold systems are like a seesaw that tips over when the weig..."
2025-11-25T15:16:29.856856,Nocebo,-1.0,1,267,0.6142322097378277,7.0,"### Explanation in Simple Terms
Threshold systems are like a seesaw where there's a specific point a..."
2025-11-25T15:18:24.405073,Nocebo,-1.0,1,357,0.5826330532212886,8.0,"### Explanation in Simple Terms

This statement is about how certain systems can suddenly change the..."
2025-11-25T15:20:22.442343,Nocebo,-1.0,1,382,0.6151832460732984,8.0,"### Explanation in Simple Terms

Threshold systems are like a seesaw: when the weight on one side (l..."
2025-11-25T15:22:06.203830,Nocebo,-1.0,1,324,0.6080246913580247,7.0,"### Explanation in Simple Terms:

Threshold systems are like a seesaw that tips when the weight on o..."
2025-11-25T15:25:58.208211,Nocebo,-1.0,1,344,0.6017441860465116,8.0,"### Explanation in Simple Terms
Threshold systems are like a seesaw where the balance point (the ""or..."
2025-11-25T15:27:35.390656,Nocebo,-1.0,1,248,0.6774193548387096,8.0,"### Explanation in Simple Terms

This statement is about how certain systems can change suddenly whe..."
2025-11-25T15:28:58.987068,Nocebo,-1.0,1,245,0.6244897959183674,7.0,"### Explanation in Simple Terms
Threshold systems are like a tipping point where something suddenly ..."
2025-11-25T15:30:47.196823,Nocebo,-1.0,1,333,0.6516516516516516,8.0,"### Explanation in Simple Terms

This statement is about how certain systems can suddenly change the..."
2025-11-25T15:32:20.859461,Nocebo,-1.0,1,286,0.6468531468531469,7.0,"### Explanation in Simple Terms
This statement is about how systems can change suddenly when a certa..."
2025-11-25T15:35:44.463903,Nocebo,-1.0,1,216,0.6759259259259259,7.0,"### Explanation in Simple Terms
This statement is about how certain systems can suddenly change thei..."
2025-11-25T15:37:22.347551,Nocebo,-1.0,1,305,0.659016393442623,7.0,"### Explanation in Simple Terms

Imagine a system like a forest where the number of trees (an ""order..."
2025-11-25T15:38:58.016643,Nocebo,-1.0,1,290,0.6448275862068965,8.0,"### Explanation in Simple Terms
This statement is about how certain systems can suddenly change thei..."
2025-11-25T15:40:37.109648,Nocebo,-1.0,1,315,0.6158730158730159,8.0,"### Explanation in Simple Terms

Threshold systems are like a seesaw where the balance point (thresh..."
2025-11-25T15:42:22.662997,Nocebo,-1.0,1,333,0.6306306306306306,7.0,"### Explanation in Simple Terms
Threshold systems are like a seesaw where once a specific point (thr..."
2025-11-25T15:47:43.052495,Nocebo,-1.0,1,257,0.6381322957198443,5.0,"### Explanation in Simple Terms:

Imagine a system like a glass of water that can hold more or less ..."
2025-11-25T15:49:38.957468,Nocebo,-1.0,1,384,0.609375,5.0,"### Explanation in Simple Terms
A threshold system is like a tipping point where something changes s..."
2025-11-25T15:51:18.129076,Nocebo,-1.0,1,249,0.6546184738955824,8.0,"### Explanation in Simple Terms

Imagine a threshold system as a situation where something changes s..."
2025-11-25T15:56:53.410271,Nocebo,-1.0,1,308,0.6136363636363636,8.0,"### Explanation in Simple Terms

This statement is about how certain systems can change suddenly whe..."
2025-11-25T15:58:42.919718,Nocebo,-1.0,1,316,0.629746835443038,8.0,"### Explanation in Simple Terms:

Threshold systems are like a seesaw that tips over when the weight..."
2025-11-25T16:00:26.929448,Nocebo,-1.0,1,330,0.6303030303030303,8.0,"### Explanation in Simple Terms:
Threshold systems are like a seesaw where the balance tips suddenly..."
2025-11-25T16:01:54.361829,Nocebo,-1.0,1,294,0.6428571428571429,7.0,"### Explanation of the Statement in Simple Terms

This statement is about how certain systems can su..."
2025-11-25T16:03:32.416606,Nocebo,-1.0,1,291,0.6288659793814433,7.0,"### Explanation in Simple Terms:

Imagine a system where something changes dramatically when a speci..."
2025-11-25T16:05:22.462851,Nocebo,-1.0,1,322,0.5807453416149069,7.0,"### Explanation in Simple Terms
This statement is about how systems can suddenly change their behavi..."
2025-11-25T16:06:46.696746,Nocebo,-1.0,1,272,0.6727941176470589,7.0,"### Explanation in Simple Terms
Threshold systems are like a seesaw that tips over when it reaches a..."
2025-11-25T16:08:38.579454,Nocebo,-1.0,1,314,0.6178343949044586,8.0,"### Explanation in Simple Terms:

Threshold systems are like a seesaw that tips suddenly when the we..."
2025-11-25T16:10:16.209175,Nocebo,-1.0,1,287,0.6655052264808362,7.0,"### Explanation in Simple Terms
Threshold systems are like a seesaw where the balance shifts suddenl..."
2025-11-25T16:12:06.709183,Nocebo,-1.0,1,357,0.5854341736694678,8.0,"### Explanation in Simple Terms

This statement is about how certain systems can suddenly change the..."
2025-11-25T16:14:01.434765,Nocebo,-1.0,1,340,0.6,7.0,"### Explanation in Simple Terms
This statement is about how certain systems can change suddenly when..."
2025-11-25T16:15:55.455131,Nocebo,-1.0,1,366,0.5819672131147541,8.0,"### Explanation in Simple Terms

Threshold systems are like a seesaw where a small change can cause ..."
2025-11-25T16:17:51.034521,Nocebo,-1.0,1,356,0.6320224719101124,8.0,"### Explanation of the Statement:

1. **Simple Terms:**
   - Threshold systems are like a seesaw whe..."
2025-11-25T16:19:45.590954,Nocebo,-1.0,1,385,0.5428571428571428,8.0,"### Explanation in Simple Terms
This statement refers to systems where a sudden change (or ""critical..."
2025-11-25T16:21:21.096639,Nocebo,-1.0,1,304,0.6447368421052632,8.0,"### Explanation in Simple Terms
Threshold systems are like a seesaw where the balance is maintained ..."
2025-11-25T16:22:44.817685,Nocebo,-1.0,1,241,0.6639004149377593,7.0,"### Explanation in Simple Terms:

Imagine a system where things change suddenly when a certain condi..."
2025-11-25T16:24:37.429339,Nocebo,-1.0,1,264,0.6628787878787878,7.0,"### Explanation in Simple Terms
Threshold systems are like a seesaw where there's a point (the thres..."
2025-11-25T16:26:37.321439,Nocebo,-1.0,1,251,0.7211155378486056,7.0,"### Explanation in Simple Terms
Threshold systems are like switches where the behavior changes drama..."
2025-11-25T17:12:44.033454,Nocebo,-1.0,1,295,0.6271186440677966,7.0,"### 1. Explanation in Simple Terms
Imagine a system where things change very suddenly when something..."
2025-11-25T17:52:47.866945,Nocebo,-1.0,1,291,0.6769759450171822,8.0,"### Explanation in Simple Terms

This statement is about how certain systems can undergo sudden chan..."
2025-11-25T17:56:39.786999,Nocebo,-1.0,1,269,0.6059479553903345,7.0,"### Explanation in Simple Terms

When a system reaches a certain point (threshold), it can suddenly ..."
2025-11-25T18:08:37.533418,Nocebo,-1.0,1,315,0.6063492063492063,7.0,"### Analysis of the Statement:

1. **Explanation in Simple Terms:**
   This statement refers to syst..."
2025-11-25T18:10:17.006574,Nocebo,-1.0,1,323,0.6037151702786377,8.0,"### Explanation in Simple Terms
Threshold systems are like a seesaw where the balance point (thresho..."
2025-11-25T18:11:44.742627,Nocebo,-1.0,1,286,0.6783216783216783,8.0,"### Explanation in Simple Terms

Threshold systems are like a seesaw where adding just one more pers..."
2025-11-25T18:13:16.771239,Nocebo,-1.0,1,296,0.6486486486486487,8.0,"### Explanation in Simple Terms:

Threshold systems are like a seesaw: when one side (or parameter) ..."
2025-11-25T18:15:02.285820,Nocebo,-1.0,1,329,0.6443768996960486,7.0,"### Explanation in Simple Terms
Threshold systems are like a seesaw where the balance point is deter..."
2025-11-25T18:16:15.326678,Nocebo,-1.0,1,239,0.6485355648535565,8.0,"### Explanation in Simple Terms
Threshold systems are like a tipping point where something changes s..."
2025-11-25T18:17:50.868342,Nocebo,-1.0,1,253,0.6324110671936759,7.0,"### Explanation in Simple Terms
Threshold systems are like a seesaw where the order parameter \( R \..."
2025-11-25T18:19:50.391051,Nocebo,-1.0,1,374,0.6229946524064172,8.0,"### Explanation of the Statement

1. **Simple Terms:**
   - **Threshold Systems:** Imagine a system ..."
2025-11-25T18:23:25.223834,Nocebo,-1.0,1,317,0.637223974763407,8.0,"### Explanation in Simple Terms
This statement is about how certain systems can suddenly change thei..."
2025-11-25T18:25:03.150732,Nocebo,-1.0,1,307,0.5960912052117264,7.0,"### Explanation in Simple Terms

This statement is about how certain systems can suddenly change the..."
2025-11-25T18:26:30.206618,Nocebo,-1.0,1,293,0.6313993174061433,8.0,"### Explanation in Simple Terms
In simple terms, a threshold system is like a switch that turns on o..."
2025-11-25T18:30:16.120314,Nocebo,-1.0,1,335,0.6119402985074627,7.0,"### Explanation in Simple Terms

This statement is about how certain systems can experience sudden c..."
2025-11-25T18:32:00.811004,Nocebo,-1.0,1,347,0.6138328530259366,7.0,"### Explanation in Simple Terms:

Threshold systems are like a seesaw where the outcome changes sudd..."
2025-11-25T18:33:52.705094,Nocebo,-1.0,1,350,0.62,7.0,"### Explanation in Simple Terms
Think of a threshold system as a situation where something changes d..."
2025-11-25T18:35:43.554654,Nocebo,-1.0,1,284,0.5598591549295775,7.0,"### Explanation in Simple Terms
Threshold systems are like a seesaw where the position of a pivot (a..."
2025-11-25T18:37:42.309401,Nocebo,-1.0,1,385,0.548051948051948,7.0,"### Explanation in Simple Terms

This statement is about how certain systems can suddenly change the..."
2025-11-25T18:39:25.323254,Nocebo,-1.0,1,347,0.6023054755043228,8.0,"### Explanation in Simple Terms
Threshold systems are like a seesaw where, when the weight on one si..."
2025-11-25T18:40:37.467657,Nocebo,-1.0,1,211,0.7014218009478673,7.0,"### Explanation in Simple Terms
Threshold systems are like switches: when certain conditions reach a..."
2025-11-25T18:41:51.203616,Nocebo,-1.0,1,242,0.6570247933884298,8.0,"### Explanation in Simple Terms
Imagine a system where something changes suddenly when a certain con..."
2025-11-25T18:43:44.408546,Nocebo,-1.0,1,377,0.5729442970822282,8.0,"### Explanation in Simple Terms
Threshold systems are like a seesaw where small changes can suddenly..."
2025-11-25T18:45:23.701727,Nocebo,-1.0,1,321,0.6199376947040498,8.0,"### Explanation in Simple Terms
This statement is about how some systems can suddenly change their b..."
2025-11-25T18:47:02.622559,Nocebo,-1.0,1,324,0.6265432098765432,7.0,"### 1. Explanation in Simple Terms

Threshold systems are like a seesaw where the balance point (thr..."
2025-11-25T18:48:26.174988,Nocebo,-1.0,1,272,0.6691176470588235,7.0,"### Explanation in Simple Terms:

This statement is about how some systems can suddenly change their..."
2025-11-25T18:49:57.714920,Nocebo,-1.0,1,300,0.6366666666666667,8.0,"### 1. Explanation in Simple Terms

This statement is about how certain systems can suddenly change ..."
2025-11-25T18:51:52.413760,Nocebo,-1.0,1,311,0.5659163987138264,8.0,"### Explanation in Simple Terms

1. **Explanation:**
   - Imagine a system (like a weather pattern o..."
2025-11-25T18:53:38.885387,Nocebo,-1.0,1,366,0.5983606557377049,8.0,"### Explanation in Simple Terms

This statement is about how certain systems can suddenly change the..."
2025-11-25T18:55:15.439513,Nocebo,-1.0,1,288,0.6284722222222222,7.0,"### Explanation in Simple Terms
Threshold systems are like a seesaw where the order parameter \( R \..."
2025-11-25T18:57:10.838011,Nocebo,-1.0,1,328,0.6189024390243902,8.0,"### Explanation in Simple Terms

This statement is about how certain systems change suddenly when a ..."
2025-11-25T18:59:07.012361,Nocebo,-1.0,1,185,0.6054054054054054,8.0,"### Explanation in Simple Terms

Threshold systems are like a seesaw where the order parameter \( R ..."
2025-11-25T19:00:35.326670,Nocebo,-1.0,1,262,0.6641221374045801,8.0,"### Explanation in Simple Terms
Threshold systems are like a seesaw where everything stays balanced ..."
2025-11-25T19:02:29.754343,Nocebo,-1.0,1,363,0.6446280991735537,8.0,"### Explanation in Simple Terms

This statement is about how certain systems can suddenly change the..."
2025-11-25T19:04:05.220457,Nocebo,-1.0,1,289,0.698961937716263,8.0,"### Explanation in Simple Terms

Threshold systems are like a seesaw: when the input (or ""order para..."
2025-11-25T19:05:58.192826,Nocebo,-1.0,1,293,0.6450511945392492,8.0,"### Explanation in Simple Terms

This statement refers to a phenomenon where systems can suddenly ch..."
2025-11-25T19:07:43.097031,Nocebo,-1.0,1,304,0.6414473684210527,8.0,"### Explanation in Simple Terms:

1. **Threshold Systems and Critical Transitions:**
   - Imagine a ..."
2025-11-25T19:11:30.266389,Nocebo,-1.0,1,318,0.6194968553459119,8.0,"### Explanation in Simple Terms
Threshold systems are like a seesaw where the balance point is very ..."
2025-11-25T19:13:21.150101,Nocebo,-1.0,1,330,0.603030303030303,5.0,"### Explanation in Simple Terms
Imagine a system where everything is calm until suddenly it becomes ..."
2025-11-25T19:15:19.924030,Nocebo,-1.0,1,321,0.632398753894081,8.0,"### Analysis of the Statement

1. **Explanation in Simple Terms:**
   - Imagine a system where somet..."
2025-11-25T19:17:12.568592,Nocebo,-1.0,1,272,0.7132352941176471,8.0,"### Explanation in Simple Terms
Threshold systems are like a seesaw where the balance point (thresho..."
2025-11-25T19:20:56.656311,Nocebo,-1.0,1,237,0.6751054852320675,7.0,"### Explanation in Simple Terms
This statement is about how certain systems can change suddenly when..."
2025-11-25T19:22:31.164278,Nocebo,-1.0,1,290,0.6655172413793103,8.0,"### Explanation in Simple Terms

This statement is about how certain systems can change suddenly whe..."
2025-11-25T19:23:58.817760,Nocebo,-1.0,1,250,0.628,8.0,"### Explanation of the Statement in Simple Terms

This statement is about a phenomenon called ""thres..."
2025-11-25T19:31:48.345706,Nocebo,-1.0,1,302,0.5397350993377483,7.0,"### Explanation in Simple Terms
Threshold systems are like a seesaw where the order parameter \( R \..."
2025-11-25T19:33:42.821259,Nocebo,-1.0,1,357,0.5854341736694678,7.0,"### Explanation of the Statement in Simple Terms

This statement is about how certain systems can su..."
2025-11-25T19:35:20.264577,Nocebo,-1.0,1,257,0.6342412451361867,7.0,"### Explanation of the Statement:

1. **Simple Terms:**
   - Imagine a system where something change..."
2025-11-25T19:37:05.181569,Nocebo,-1.0,1,306,0.5980392156862745,8.0,"### Explanation in Simple Terms

This statement is about how certain systems can change suddenly whe..."
2025-11-25T19:38:52.347404,Nocebo,-1.0,1,331,0.6253776435045317,7.0,"### Explanation in Simple Terms
Threshold systems are like a seesaw where the balance shifts abruptl..."
2025-11-25T19:40:32.982087,Nocebo,-1.0,1,284,0.6338028169014085,8.0,"### Explanation in Simple Terms:

1. **Explanation:**
   - Imagine a system where things change sudd..."
2025-11-25T19:42:23.407507,Nocebo,-1.0,1,347,0.5936599423631124,7.0,"### Explanation in Simple Terms
Threshold systems are like a seesaw where the balance point (thresho..."
2025-11-25T19:44:09.103050,Nocebo,-1.0,1,319,0.5924764890282131,8.0,"### Explanation in Simple Terms

This statement describes how certain systems can suddenly change th..."
2025-11-25T19:45:51.791659,Nocebo,-1.0,1,336,0.6220238095238095,7.0,"### Explanation in Simple Terms
Imagine a threshold system as something that changes behavior abrupt..."
2025-11-25T19:47:40.012796,Nocebo,-1.0,1,288,0.625,8.0,"### Explanation in Simple Terms:

Threshold systems are like a see-saw that can suddenly tip over wh..."
2025-11-25T19:51:26.191099,Nocebo,-1.0,1,318,0.6509433962264151,7.0,"### Explanation of the Statement in Simple Terms:

1. **Explanation:**
   Threshold systems are like..."
2025-11-25T19:53:08.187569,Nocebo,-1.0,1,329,0.6474164133738601,7.0,"### Explanation in Simple Terms

Threshold systems are like a seesaw where everything remains stable..."
2025-11-25T19:54:37.242814,Nocebo,-1.0,1,299,0.6254180602006689,7.0,"### Explanation in Simple Terms
This statement is about how certain systems change suddenly when the..."
2025-11-25T19:56:15.744936,Nocebo,-1.0,1,320,0.646875,7.0,"### Explanation in Simple Terms
Threshold systems are like switches where a small change can cause a..."
2025-11-25T19:58:09.627822,Nocebo,-1.0,1,369,0.6124661246612466,8.0,"### 1. Explanation in Simple Terms
This statement is about how certain systems can suddenly change t..."
2025-11-25T19:59:46.237376,Nocebo,-1.0,1,316,0.6107594936708861,7.0,"### Explanation in Simple Terms
This statement is about how certain systems can suddenly change beha..."
2025-11-25T20:01:33.156856,Nocebo,-1.0,1,276,0.6521739130434783,8.0,"### Explanation in Simple Terms
Threshold systems are like a seesaw where everything stays balanced ..."
2025-11-25T20:03:20.166794,Nocebo,-1.0,1,321,0.67601246105919,8.0,"### Explanation in Simple Terms
This statement is about how certain systems can change dramatically ..."
2025-11-25T20:04:44.456298,Nocebo,-1.0,1,208,0.6490384615384616,8.0,"### Explanation in Simple Terms
Threshold systems are special because they change behavior suddenly ..."
2025-11-25T20:06:18.857060,Nocebo,-1.0,1,315,0.6412698412698413,8.0,"### Explanation in Simple Terms:

Imagine a system where something suddenly changes when a certain c..."
2025-11-25T20:08:02.940215,Nocebo,-1.0,1,308,0.6396103896103896,7.0,"### Explanation in Simple Terms

This statement is about how some systems can abruptly change their ..."
2025-11-25T20:09:39.851159,Nocebo,-1.0,1,260,0.6115384615384616,8.0,"### Explanation in Simple Terms
This statement is about how some systems can suddenly change their b..."
2025-11-25T20:11:28.257143,Nocebo,-1.0,1,376,0.5691489361702128,7.0,"### Explanation in Simple Terms
This statement is about how some systems can suddenly change their b..."
2025-11-25T20:13:02.772168,Nocebo,-1.0,1,313,0.6325878594249201,7.0,"### Explanation in Simple Terms
Imagine a system where nothing changes until it reaches a certain po..."
2025-11-25T20:16:25.982511,Nocebo,-1.0,1,271,0.6752767527675276,8.0,"### Explanation in Simple Terms
Threshold systems are like a seesaw where the position of one side (..."
2025-11-25T20:18:14.831260,Nocebo,-1.0,1,324,0.6049382716049383,7.0,"### Explanation in Simple Terms
Threshold systems are like a seesaw that suddenly tips over when it ..."
2025-11-25T20:20:12.017856,Nocebo,-1.0,1,376,0.625,7.0,"### Explanation in Simple Terms

Imagine a system where everything is stable until it reaches a cert..."
2025-11-25T20:22:03.891106,Nocebo,-1.0,1,357,0.5462184873949579,8.0,"### Explanation in Simple Terms
Threshold systems are like a seesaw where the balance changes sudden..."
2025-11-25T20:23:49.234658,Nocebo,-1.0,1,342,0.5789473684210527,7.0,"### Explanation in Simple Terms
This statement is about how certain systems can suddenly change thei..."
2025-11-25T20:27:34.577951,Nocebo,-1.0,1,278,0.6438848920863309,7.0,"### Explanation in Simple Terms

Threshold systems are like a seesaw that tips when pushed just the ..."
2025-11-25T20:29:12.365920,Nocebo,-1.0,1,311,0.617363344051447,7.0,"### Explanation in Simple Terms:

This statement is about how certain systems can suddenly change th..."
2025-11-25T20:31:07.872728,Nocebo,-1.0,1,318,0.6383647798742138,8.0,"### Explanation in Simple Terms

Imagine a system where something changes drastically all at once wh..."
2025-11-25T20:32:58.240684,Nocebo,-1.0,1,320,0.628125,7.0,"### Explanation in Simple Terms
When a system reaches a certain point (called a threshold), it can s..."
2025-11-25T20:36:46.068902,Nocebo,-1.0,1,352,0.5880681818181818,8.0,"### Simple Explanation
Threshold systems are like switches that turn on or off when a certain condit..."
2025-11-25T20:38:30.495415,Nocebo,-1.0,1,315,0.6158730158730159,7.0,"### Explanation in Simple Terms
Threshold systems are like a seesaw where things remain stable on on..."
2025-11-25T20:42:19.598979,Nocebo,-1.0,1,358,0.6145251396648045,8.0,"### Explanation in Simple Terms:

Imagine a system that suddenly changes its behavior when it reache..."
2025-11-25T20:46:10.244688,Nocebo,-1.0,1,316,0.620253164556962,8.0,"### Explanation in Simple Terms:

1. **Simple Explanation:**
   - Imagine a system (like the weather..."
2025-11-25T20:47:44.573598,Nocebo,-1.0,1,271,0.6789667896678967,8.0,"### Explanation in Simple Terms
Threshold systems are like a seesaw where something only happens whe..."
2025-11-25T20:49:22.813042,Nocebo,-1.0,1,237,0.6624472573839663,8.0,"### Explanation in Simple Terms
Threshold systems are like a seesaw where something only happens whe..."
2025-11-25T20:50:53.452470,Nocebo,-1.0,1,297,0.6363636363636364,8.0,"### Explanation in Simple Terms
Imagine a system where something changes dramatically when a certain..."
2025-11-25T20:52:47.264193,Nocebo,-1.0,1,366,0.5846994535519126,8.0,"### Explanation in Simple Terms
This statement is about how some systems change suddenly when a cert..."
2025-11-25T20:58:30.357463,Nocebo,-1.0,1,328,0.6402439024390244,8.0,"### 1. Explanation in Simple Terms

Threshold systems are like a seesaw where the balance point (thr..."
2025-11-25T21:00:01.193985,Nocebo,-1.0,1,298,0.610738255033557,7.0,"### Explanation in Simple Terms
This statement is about how certain systems can suddenly change thei..."
2025-11-25T21:01:42.621234,Nocebo,-1.0,1,294,0.6632653061224489,8.0,"### Explanation in Simple Terms
Imagine a system where something happens only when a certain conditi..."
2025-11-25T21:03:02.812319,Nocebo,-1.0,1,265,0.630188679245283,7.0,"### 1. Explanation in Simple Terms
Imagine a system where everything is stable until it reaches a ce..."
2025-11-25T21:04:34.018594,Nocebo,-1.0,1,215,0.7534883720930232,8.0,"### Simple Explanation
Threshold systems are like a seesaw where the position of a heavy object (rep..."
2025-11-25T21:06:33.251227,Nocebo,-1.0,1,354,0.6214689265536724,7.0,"### Explanation in Simple Terms
This statement is about how certain systems can change suddenly when..."
2025-11-25T21:10:14.160742,Nocebo,-1.0,1,308,0.6136363636363636,8.0,"### 1. Explanation in Simple Terms

Threshold systems are like a seesaw where things change abruptly..."
2025-11-25T21:11:50.659394,Nocebo,-1.0,1,311,0.6463022508038585,8.0,"### Explanation in Simple Terms
Threshold systems are like a seesaw where, at a certain point (the t..."
2025-11-25T21:13:47.554741,Nocebo,-1.0,1,311,0.6334405144694534,8.0,"### Explanation in Simple Terms
This statement is about how certain systems change suddenly when a s..."
2025-11-25T21:17:43.436611,Nocebo,-1.0,1,331,0.56797583081571,7.0,"### Explanation in Simple Terms

1. **Explanation:**
   - Imagine a system where things change sudde..."
2025-11-25T21:19:10.833585,Nocebo,-1.0,1,255,0.6392156862745098,7.0,"### Explanation in Simple Terms
Imagine a system where a change in conditions can suddenly shift the..."
2025-11-25T21:20:54.862830,Nocebo,-1.0,1,338,0.6094674556213018,7.0,"### 1. Explanation in Simple Terms
Threshold systems are like a seesaw where the balance shifts dram..."
2025-11-25T21:24:23.867260,Nocebo,-1.0,1,281,0.6725978647686833,7.0,"### Explanation in Simple Terms
This statement is about how certain systems can suddenly change thei..."
2025-11-25T21:26:19.610729,Nocebo,-1.0,1,372,0.6102150537634409,8.0,"### Explanation in Simple Terms

This statement is about a type of system where small changes can su..."
2025-11-25T21:28:01.792702,Nocebo,-1.0,1,281,0.5658362989323843,8.0,"### Explanation in Simple Terms

Threshold systems are like a seesaw where the balance point (thresh..."
2025-11-25T21:31:42.262685,Nocebo,-1.0,1,263,0.6615969581749049,8.0,"### Explanation in Simple Terms

This statement is about how certain systems can change abruptly whe..."
2025-11-25T21:33:32.923496,Nocebo,-1.0,1,319,0.6206896551724138,7.0,"### Explanation in Simple Terms
Threshold systems are like a seesaw where once the weight on one sid..."
2025-11-25T21:34:58.518425,Nocebo,-1.0,1,271,0.6457564575645757,7.0,"### Explanation in Simple Terms
This statement is about how some systems can suddenly change their b..."
2025-11-25T21:36:46.550297,Nocebo,-1.0,1,332,0.5933734939759037,8.0,"### Explanation in Simple Terms
Threshold systems are like a seesaw that balances on the edge of tip..."
2025-11-25T21:38:27.543698,Nocebo,-1.0,1,313,0.6517571884984026,7.0,"### Explanation in Simple Terms

This statement is about how certain systems can suddenly change the..."
2025-11-25T21:40:00.626033,Nocebo,-1.0,1,298,0.6409395973154363,8.0,"### Explanation in Simple Terms

This statement is about how certain systems can suddenly change the..."
2025-11-25T21:41:34.225913,Nocebo,-1.0,1,308,0.6071428571428571,8.0,"### Explanation in Simple Terms

This statement refers to how systems can undergo sudden changes whe..."
2025-11-25T21:43:05.388597,Nocebo,-1.0,1,269,0.6728624535315985,7.0,"### Explanation in Simple Terms
Threshold systems are like a seesaw where, when the weight on one si..."
2025-11-25T21:44:38.940388,Nocebo,-1.0,1,301,0.6445182724252492,8.0,"### Explanation in Simple Terms

Threshold systems are like a seesaw where the balance point (thresh..."
2025-11-25T21:46:23.095951,Nocebo,-1.0,1,319,0.6269592476489029,7.0,"### Explanation in Simple Terms
Threshold systems are situations where a small change can lead to a ..."
2025-11-25T21:47:56.889088,Nocebo,-1.0,1,272,0.6544117647058824,8.0,"### Explanation in Simple Terms:

Threshold systems are like a seesaw: when the weight on one side (..."
2025-11-25T21:49:43.545408,Nocebo,-1.0,1,340,0.6852941176470588,8.0,"### Explanation in Simple Terms:

Threshold systems are like a seesaw: when one side (representing t..."
2025-11-25T21:53:40.106844,Nocebo,-1.0,1,368,0.5842391304347826,8.0,"### Explanation in Simple Terms:

Threshold systems are like a seesaw where the balance point (criti..."
2025-11-25T21:55:10.515849,Nocebo,-1.0,1,295,0.6237288135593221,8.0,"### Explanation of the Statement in Simple Terms

This statement is about how certain systems can su..."
2025-11-25T21:57:07.861455,Nocebo,-1.0,1,372,0.5994623655913979,8.0,"### Explanation in Simple Terms
Imagine a system where everything is stable until suddenly it change..."
2025-11-25T21:58:59.750700,Nocebo,-1.0,1,329,0.5957446808510638,8.0,"### Explanation in Simple Terms
Threshold systems are like a seesaw where the order parameter \( R \..."
2025-11-25T22:00:35.218677,Nocebo,-1.0,1,267,0.6292134831460674,8.0,"### Explanation in Simple Terms

Threshold systems are like a seesaw where, when one side (a specifi..."
2025-11-25T22:02:09.218579,Nocebo,-1.0,1,306,0.6470588235294118,7.0,"### Explanation in Simple Terms

This statement is about how certain systems can suddenly change the..."
2025-11-25T22:03:45.804789,Nocebo,-1.0,1,304,0.6348684210526315,8.0,"### Explanation in Simple Terms

This statement is about how certain systems can suddenly change the..."
2025-11-25T22:05:19.986849,Nocebo,-1.0,1,305,0.6262295081967213,8.0,"### Explanation in Simple Terms
Threshold systems are like a seesaw where the order parameter \( R \..."
2025-11-25T22:07:11.631517,Nocebo,-1.0,1,366,0.587431693989071,7.0,"### Explanation in Simple Terms

This statement is about how certain systems can change their behavi..."
2025-11-25T22:09:04.191718,Nocebo,-1.0,1,362,0.580110497237569,8.0,"### Explanation in Simple Terms

Threshold systems are like a seesaw where the order parameter \( R ..."
2025-11-25T22:10:55.643465,Nocebo,-1.0,1,316,0.629746835443038,8.0,"### Explanation in Simple Terms
Imagine a system where something changes abruptly when a certain con..."
2025-11-25T22:12:28.037687,Nocebo,-1.0,1,288,0.6354166666666666,8.0,"### Explanation in Simple Terms:

This statement is about how certain systems can suddenly change th..."
2025-11-25T22:14:07.334943,Nocebo,-1.0,1,324,0.6141975308641975,7.0,"### Explanation in Simple Terms
Threshold systems are like a seesaw where the balance point is criti..."
2025-11-25T22:15:49.395255,Nocebo,-1.0,1,323,0.6160990712074303,8.0,"### Explanation of the Statement in Simple Terms

1. **Explanation:**
   - **Threshold Systems:** Th..."
2025-11-25T22:17:25.376785,Nocebo,-1.0,1,300,0.6166666666666667,8.0,"### Explanation in Simple Terms
Threshold systems are like a seesaw where the balance point (thresho..."
2025-11-25T22:19:17.901363,Nocebo,-1.0,1,319,0.6363636363636364,7.0,"### Explanation in Simple Terms

This statement is about how certain systems can suddenly change the..."
2025-11-25T22:20:48.357683,Nocebo,-1.0,1,217,0.6866359447004609,8.0,"### Explanation in Simple Terms
This statement is about how some systems can suddenly change behavio..."
2025-11-25T22:22:13.173175,Nocebo,-1.0,1,252,0.6507936507936508,7.0,"### Explanation in Simple Terms

This statement is about how certain systems can suddenly change the..."
2025-11-25T22:25:58.267978,Nocebo,-1.0,1,344,0.5959302325581395,7.0,"### 1. Explanation in Simple Terms
Threshold systems are like a seesaw where the position of a fulcr..."
2025-11-25T22:27:30.119628,Nocebo,-1.0,1,295,0.6440677966101694,7.0,"### Explanation in Simple Terms

This statement is about how certain systems can suddenly change the..."
2025-11-25T22:29:15.451028,Nocebo,-1.0,1,349,0.6017191977077364,8.0,"### Explanation in Simple Terms

This statement is about how certain systems can change suddenly whe..."
2025-11-25T22:32:45.093184,Nocebo,-1.0,1,232,0.6853448275862069,7.0,"### Explanation in Simple Terms

This statement is about how certain systems can suddenly change beh..."
2025-11-25T22:34:28.197391,Nocebo,-1.0,1,323,0.5851393188854489,7.0,"### Explanation of the Statement in Simple Terms

1. **Explanation:**
   - Threshold systems are lik..."
2025-11-25T22:36:17.116952,Nocebo,-1.0,1,348,0.632183908045977,8.0,"### Explanation in Simple Terms

This statement is about how certain systems can suddenly change the..."
2025-11-25T22:38:07.168959,Nocebo,-1.0,1,284,0.6091549295774648,7.0,"### Explanation in Simple Terms

This statement is about how certain systems can suddenly change the..."
2025-11-25T22:39:44.965447,Nocebo,-1.0,1,303,0.6138613861386139,7.0,"### Explanation in Simple Terms
This statement is about how certain systems can suddenly change thei..."
2025-11-25T22:41:44.221619,Nocebo,-1.0,1,342,0.5877192982456141,8.0,"### Explanation in Simple Terms

1. **What This Means:**
   - Imagine a system (like the weather or ..."
2025-11-25T22:43:25.717400,Nocebo,-1.0,1,331,0.6283987915407855,7.0,"### 1. Explanation in Simple Terms

This statement is about how systems can suddenly change their be..."
2025-11-25T22:44:57.256299,Nocebo,-1.0,1,290,0.6793103448275862,8.0,"### Explanation in Simple Terms

This statement is about how certain systems can suddenly change the..."
2025-11-25T22:46:49.651873,Nocebo,-1.0,1,330,0.6151515151515151,7.0,"### Explanation in Simple Terms

Threshold systems are like a seesaw: when a small amount of weight ..."
2025-11-25T22:48:33.694598,Nocebo,-1.0,1,294,0.6428571428571429,7.0,"### Explanation of the Statement in Simple Terms

Threshold systems are like a seesaw (or tipping po..."
2025-11-25T22:50:33.980030,Nocebo,-1.0,1,390,0.5717948717948718,8.0,"### Explanation of the Statement in Simple Terms

This statement is about how systems can suddenly c..."
2025-11-25T22:54:19.436132,Nocebo,-1.0,1,325,0.6,7.0,"### Explanation in Simple Terms
Threshold systems are like a seesaw where the balance shifts dramati..."
2025-11-25T22:55:41.370450,Nocebo,-1.0,1,253,0.6996047430830039,8.0,"### Explanation of the Statement:

1. **Simple Terms:**
   Threshold systems are like a seesaw where..."
2025-11-25T22:57:36.244611,Nocebo,-1.0,1,316,0.5981012658227848,8.0,"### Explanation in Simple Terms

Threshold systems are like a tipping point where something suddenly..."
2025-11-25T22:59:29.463273,Nocebo,-1.0,1,378,0.5767195767195767,7.0,"### Explanation in Simple Terms
A threshold system is like a tipping point where something suddenly ..."
2025-11-25T23:01:28.787593,Nocebo,-1.0,1,364,0.6346153846153846,8.0,"### Explanation in Simple Terms:

Threshold systems are like a seesaw that tips over when it reaches..."
2025-11-25T23:05:02.149678,Nocebo,-1.0,1,272,0.6580882352941176,8.0,"### Explanation in Simple Terms:

This statement is about how certain systems can suddenly change th..."
2025-11-25T23:06:45.086193,Nocebo,-1.0,1,307,0.5993485342019544,7.0,"### Explanation in Simple Terms
Threshold systems are like a seesaw where once the weight on one sid..."
2025-11-25T23:08:15.275386,Nocebo,-1.0,1,234,0.6837606837606838,7.0,"### Explanation in Simple Terms
Threshold systems are like a seesaw where the balance is very sensit..."
2025-11-25T23:09:52.749927,Nocebo,-1.0,1,274,0.6277372262773723,7.0,"### Explanation in Simple Terms

Imagine a system where things change dramatically when a certain le..."
2025-11-25T23:11:31.874457,Nocebo,-1.0,1,298,0.6308724832214765,7.0,"### Explanation in Simple Terms
This statement is about how some systems can suddenly change their b..."
2025-11-25T23:13:15.962690,Nocebo,-1.0,1,337,0.6528189910979229,8.0,"### Explanation in Simple Terms:

Threshold systems are like a seesaw that tips suddenly when one en..."
2025-11-25T23:14:56.839446,Nocebo,-1.0,1,297,0.6363636363636364,7.0,"### Explanation in Simple Terms

Threshold systems are like switches that turn on or off when a cert..."
2025-11-25T23:16:46.129089,Nocebo,-1.0,1,351,0.6467236467236467,8.0,"### Explanation in Simple Terms:

This statement is about threshold systems where a specific conditi..."
2025-11-25T23:18:31.019409,Nocebo,-1.0,1,267,0.6741573033707865,7.0,"### 1. Explanation in Simple Terms:

Threshold systems are like a seesaw that tips over when the wei..."
2025-11-25T23:20:04.468342,Nocebo,-1.0,1,304,0.6710526315789473,8.0,"### Explanation in Simple Terms
Threshold systems are like a seesaw where the order parameter \( R \..."
2025-11-25T23:21:42.149392,Nocebo,-1.0,1,269,0.6245353159851301,8.0,"### 1. Explanation in Simple Terms
Threshold systems are like a seesaw where there's a point (thresh..."
2025-11-25T23:25:32.090443,Nocebo,-1.0,1,296,0.6283783783783784,8.0,"### Explanation in Simple Terms
Threshold systems are like a seesaw where the balance shifts dramati..."
2025-11-25T23:27:25.438606,Nocebo,-1.0,1,372,0.5940860215053764,7.0,"### Explanation in Simple Terms:

Imagine a system where something changes dramatically when it reac..."
2025-11-25T23:29:12.861791,Nocebo,-1.0,1,348,0.6005747126436781,8.0,"### Explanation in Simple Terms
Imagine a system where something suddenly changes when a certain con..."
2025-11-25T23:30:40.727178,Nocebo,-1.0,1,287,0.6515679442508711,8.0,"### Explanation of the Statement in Simple Terms
This statement is about how certain systems can sud..."
2025-11-25T23:32:11.861358,Nocebo,-1.0,1,281,0.6370106761565836,8.0,"### Explanation in Simple Terms

This statement is about how certain systems can suddenly change beh..."
2025-11-25T23:33:56.370889,Nocebo,-1.0,1,334,0.5898203592814372,8.0,"### 1. Explanation in Simple Terms:

Imagine a system where things change suddenly when a certain co..."
2025-11-25T23:37:30.411538,Nocebo,-1.0,1,301,0.6611295681063123,8.0,"### Explanation in Simple Terms

Imagine you have a system where something changes suddenly when a c..."
2025-11-25T23:39:27.697626,Nocebo,-1.0,1,353,0.6062322946175638,7.0,"### Explanation in Simple Terms
Threshold systems are like a seesaw that suddenly tilts when the wei..."
2025-11-25T23:41:01.882070,Nocebo,-1.0,1,302,0.6158940397350994,8.0,"### Explanation in Simple Terms:

Threshold systems are like a seesaw where the balance point is a t..."
2025-11-25T23:42:53.617556,Nocebo,-1.0,1,299,0.6287625418060201,8.0,"### Explanation in Simple Terms
This statement is about how certain systems can suddenly change thei..."
2025-11-25T23:44:53.055611,Nocebo,-1.0,1,378,0.6164021164021164,7.0,"### Explanation in Simple Terms
This statement is about how certain systems can suddenly change thei..."
2025-11-25T23:46:43.039373,Nocebo,-1.0,1,349,0.5959885386819485,8.0,"### Explanation in Simple Terms
Threshold systems are like a seesaw where things change suddenly onc..."
2025-11-25T23:48:18.136365,Nocebo,-1.0,1,309,0.6504854368932039,8.0,"### Explanation in Simple Terms

This statement is about how certain systems can suddenly change the..."
2025-11-25T23:49:55.953984,Nocebo,-1.0,1,317,0.6056782334384858,7.0,"### Explanation in Simple Terms

This statement is about how some systems can suddenly change their ..."
2025-11-25T23:51:30.171060,Nocebo,-1.0,1,301,0.6179401993355482,8.0,"### Explanation in Simple Terms

This statement is about a type of system where the behavior changes..."
2025-11-25T23:54:58.956538,Nocebo,-1.0,1,262,0.7061068702290076,8.0,"### Explanation in Simple Terms
Threshold systems are like a seesaw where a small change can lead to..."
2025-11-25T23:56:43.371597,Nocebo,-1.0,1,319,0.6489028213166145,8.0,"### Explanation in Simple Terms
This statement is about how some systems can change suddenly when a ..."
2025-11-25T23:58:28.738767,Nocebo,-1.0,1,338,0.5857988165680473,7.0,"### Explanation in Simple Terms
Threshold systems are like a balancing act where something changes s..."
2025-11-26T00:00:15.006147,Nocebo,-1.0,1,290,0.593103448275862,8.0,"### Explanation in Simple Terms
Threshold systems are like a see-saw where the balance is maintained..."
2025-11-26T00:02:08.447280,Nocebo,-1.0,1,289,0.6332179930795848,8.0,"### Explanation of the Statement in Simple Terms:

This statement is about a type of system called a..."
2025-11-26T00:03:34.032025,Nocebo,-1.0,1,273,0.6813186813186813,8.0,"### Explanation in Simple Terms

Imagine a system where something changes dramatically all at once w..."
2025-11-26T00:07:34.899125,Nocebo,-1.0,1,396,0.5934343434343434,7.0,"### Explanation in Simple Terms
Threshold systems are like tipping points where a small change can l..."
2025-11-26T00:09:04.384152,Nocebo,-1.0,1,281,0.6797153024911032,8.0,"### Simple Explanation
Threshold systems are like a seesaw where the balance point is very sensitive..."
2025-11-26T00:10:37.641746,Nocebo,-1.0,1,271,0.6531365313653137,7.0,"### Explanation in Simple Terms

This statement is about how certain systems can suddenly change the..."
2025-11-26T00:12:15.276355,Nocebo,-1.0,1,286,0.5979020979020979,8.0,"### Explanation in Simple Terms

This statement is about how certain systems can suddenly change beh..."
2025-11-26T00:13:47.375080,Nocebo,-1.0,1,155,0.7290322580645161,8.0,"### Explanation in Simple Terms
Threshold systems are like a seesaw where the balance shifts suddenl..."
2025-11-26T00:15:40.486873,Nocebo,-1.0,1,333,0.5855855855855856,7.0,"### Explanation in Simple Terms
This statement is about how some systems can suddenly change their b..."
2025-11-26T00:17:29.475141,Nocebo,-1.0,1,350,0.6285714285714286,7.0,"### 1. Explanation in Simple Terms:

Imagine a system where things change dramatically when a certai..."
2025-11-26T00:19:27.976419,Nocebo,-1.0,1,352,0.5852272727272727,8.0,"### Explanation in Simple Terms
Threshold systems are like a seesaw where the balance point (thresho..."
2025-11-26T00:21:11.349913,Nocebo,-1.0,1,330,0.5878787878787879,8.0,"### Explanation in Simple Terms
Threshold systems are like switches that turn on or off depending on..."
2025-11-26T00:23:03.228372,Nocebo,-1.0,1,325,0.5661538461538461,7.0,"### Explanation in Simple Terms

This statement is about how certain systems can abruptly change the..."
2025-11-26T00:24:48.226041,Nocebo,-1.0,1,334,0.6107784431137725,8.0,"### Explanation in Simple Terms
Threshold systems refer to situations where a small change can lead ..."
2025-11-26T00:26:23.102443,Nocebo,-1.0,1,258,0.6472868217054264,8.0,"### Explanation in Simple Terms
This statement is about how systems can change suddenly when somethi..."
2025-11-26T00:27:51.903875,Nocebo,-1.0,1,288,0.6076388888888888,8.0,"### Explanation in Simple Terms
Threshold systems are like a seesaw where the order parameter \( R \..."
2025-11-26T00:29:49.491633,Nocebo,-1.0,1,385,0.5896103896103896,8.0,"### Explanation in Simple Terms

This statement is about how certain systems can suddenly change the..."
2025-11-26T00:31:27.557131,Nocebo,-1.0,1,314,0.6242038216560509,7.0,"### Explanation in Simple Terms

This statement is about how certain systems can suddenly change the..."
2025-11-26T00:33:20.910685,Nocebo,-1.0,1,298,0.6040268456375839,7.0,"### Explanation in Simple Terms
Threshold systems are like a seesaw where the balance shifts suddenl..."
2025-11-26T00:35:06.255896,Nocebo,-1.0,1,283,0.5724381625441696,8.0,"### 1. Explanation in Simple Terms

Threshold systems are like a seesaw. Imagine you have a seesaw w..."
2025-11-26T00:38:41.662212,Nocebo,-1.0,1,280,0.6571428571428571,7.0,"### Explanation in Simple Terms:
Threshold systems are like a seesaw where the position of one side ..."
2025-11-26T00:44:26.464450,Nocebo,-1.0,1,319,0.6112852664576802,8.0,"### Explanation in Simple Terms
Imagine a system that can be in one of two states—like a light switc..."
2025-11-26T00:46:15.655222,Nocebo,-1.0,1,357,0.6134453781512605,7.0,"### Explanation in Simple Terms
Threshold systems are like a seesaw where the state of a system chan..."
2025-11-26T00:48:12.996746,Nocebo,-1.0,1,355,0.5521126760563381,8.0,"### Explanation in Simple Terms

This statement is about how certain systems change suddenly when a ..."
2025-11-26T00:49:45.523267,Nocebo,-1.0,1,286,0.6048951048951049,8.0,"### Explanation in Simple Terms
Threshold systems are like a seesaw where nothing happens until a ce..."
2025-11-26T00:55:44.510425,Nocebo,-1.0,1,214,0.6214953271028038,7.0,"### Explanation in Simple Terms

This statement is about how certain systems can suddenly change the..."
2025-11-26T00:57:22.333458,Nocebo,-1.0,1,315,0.6285714285714286,7.0,"### Explanation in Simple Terms
Threshold systems are like a seesaw where the position of the object..."
2025-11-26T00:59:00.043005,Nocebo,-1.0,1,281,0.6654804270462633,8.0,"### Explanation in Simple Terms
Threshold systems are like a seesaw where, when the weight on one si..."
2025-11-26T01:00:47.787163,Nocebo,-1.0,1,342,0.6198830409356725,8.0,"### Explanation in Simple Terms
Threshold systems are situations where a small change can cause a bi..."
2025-11-26T01:02:24.931786,Nocebo,-1.0,1,294,0.6020408163265306,8.0,"### Explanation in Simple Terms
This statement is about how certain systems can suddenly change beha..."
2025-11-26T01:04:15.989160,Nocebo,-1.0,1,328,0.6371951219512195,8.0,"### Explanation in Simple Terms
Threshold systems are like a seesaw where there's a specific point (..."
2025-11-26T01:07:52.626974,Nocebo,-1.0,1,299,0.6354515050167224,8.0,"### Explanation in Simple Terms

Threshold systems are like a seesaw where something happens only af..."
2025-11-26T01:09:28.917003,Nocebo,-1.0,1,312,0.6217948717948718,8.0,"### 1. Explanation in Simple Terms

Threshold systems are like a seesaw where the balance is maintai..."
2025-11-26T01:10:56.773476,Nocebo,-1.0,1,290,0.6068965517241379,8.0,"### Explanation in Simple Terms

This statement is about how some systems can suddenly change their ..."
2025-11-26T01:12:32.234376,Nocebo,-1.0,1,304,0.6611842105263158,8.0,"### Explanation in Simple Terms:

Threshold systems are like a seesaw. Imagine you have a seesaw wit..."
2025-11-26T01:14:07.972897,Nocebo,-1.0,1,306,0.6143790849673203,8.0,"### Explanation in Simple Terms
Threshold systems are like a seesaw where the order parameter R (lik..."
2025-11-26T01:15:53.144093,Nocebo,-1.0,1,341,0.6011730205278593,8.0,"### Explanation in Simple Terms
This statement is about systems that can suddenly change their behav..."
2025-11-26T01:17:44.489509,Nocebo,-1.0,1,332,0.5783132530120482,8.0,"### Explanation of the Statement in Simple Terms:

1. **Explanation:**
   - Imagine a system where s..."
2025-11-26T01:19:28.703096,Nocebo,-1.0,1,314,0.6050955414012739,8.0,"### Explanation in Simple Terms
Imagine a system where something only starts to happen when a certai..."
2025-11-26T01:21:13.928674,Nocebo,-1.0,1,329,0.6595744680851063,8.0,"### Explanation in Simple Terms
This statement is about how certain systems can change suddenly when..."
2025-11-26T01:22:52.632301,Nocebo,-1.0,1,305,0.6459016393442623,8.0,"### Explanation in Simple Terms
Threshold systems are like a seesaw where there's a tipping point (t..."
2025-11-26T01:24:41.134051,Nocebo,-1.0,1,307,0.6188925081433225,7.0,"### Explanation in Simple Terms
Threshold systems are like a seesaw: when the weight (order paramete..."
2025-11-26T01:28:34.396276,Nocebo,-1.0,1,291,0.6116838487972509,7.0,"### 1. Explanation in Simple Terms

Threshold systems are like a seesaw where it takes just the righ..."
2025-11-26T01:30:32.491826,Nocebo,-1.0,1,339,0.584070796460177,8.0,"### Explanation in Simple Terms
Threshold systems are like a seesaw where the balance changes sudden..."
2025-11-26T01:34:13.056131,Nocebo,-1.0,1,253,0.6086956521739131,8.0,"### Explanation in Simple Terms
Threshold systems are like a seesaw that balances on a critical poin..."
2025-11-26T01:36:11.785202,Nocebo,-1.0,1,348,0.5833333333333334,7.0,"### Explanation in Simple Terms
This statement is about how certain systems can suddenly change thei..."
2025-11-26T01:37:42.232641,Nocebo,-1.0,1,238,0.680672268907563,8.0,"### Explanation in Simple Terms
Threshold systems are like a seesaw where there's a point (called th..."
2025-11-26T01:39:30.582573,Nocebo,-1.0,1,127,0.7086614173228346,7.0,"### Explanation of the Statement

1. **Simple Terms:**
   - Threshold systems are like a switch that..."
2025-11-26T01:41:25.111776,Nocebo,-1.0,1,300,0.65,8.0,"### Explanation in Simple Terms

This statement is about how certain systems can suddenly change the..."
2025-11-26T01:43:19.319779,Nocebo,-1.0,1,309,0.5889967637540453,8.0,"### Explanation in Simple Terms
Imagine a system where everything stays the same until it suddenly c..."
2025-11-26T01:47:08.341385,Nocebo,-1.0,1,307,0.6579804560260586,8.0,"### Explanation of the Statement in Simple Terms
Threshold systems are like a seesaw—when one side (..."
2025-11-26T01:48:48.814651,Nocebo,-1.0,1,279,0.6415770609318996,7.0,"### Explanation in Simple Terms
Threshold systems are like a seesaw where things change dramatically..."
2025-11-26T01:56:32.476515,Nocebo,-1.0,1,259,0.6756756756756757,8.0,"### Explanation in Simple Terms:

1. **Explanation:**
   - Imagine a system where everything works s..."
2025-11-26T01:58:19.871052,Nocebo,-1.0,1,316,0.629746835443038,8.0,"### Explanation in Simple Terms

This statement is about how some systems can suddenly change their ..."
2025-11-26T02:01:58.803862,Nocebo,-1.0,1,277,0.631768953068592,8.0,"### Explanation in Simple Terms
Threshold systems are like a seesaw where the position of one side (..."
2025-11-26T02:05:56.282895,Nocebo,-1.0,1,337,0.6112759643916914,8.0,"### Explanation in Simple Terms
Threshold systems are like a seesaw where the balance point (thresho..."
2025-11-26T02:07:55.883065,Nocebo,-1.0,1,345,0.6086956521739131,8.0,"### Explanation in Simple Terms

Imagine a system where everything is stable until it reaches a cert..."
2025-11-26T02:13:45.376353,Nocebo,-1.0,1,114,0.7894736842105263,8.0,"### Explanation in Simple Terms:

Threshold systems are like a switch that turns on or off when a ce..."
2025-11-26T02:15:29.780038,Nocebo,-1.0,1,280,0.6535714285714286,8.0,"### Explanation in Simple Terms
Threshold systems are like a switch that turns on or off when someth..."
2025-11-26T02:17:08.818136,Nocebo,-1.0,1,265,0.6452830188679245,8.0,"### 1. Explanation in Simple Terms
This statement is about how systems can suddenly change their beh..."
2025-11-26T02:18:53.670848,Nocebo,-1.0,1,309,0.6343042071197411,8.0,"### Explanation in Simple Terms
Threshold systems are like a seesaw where the order parameter \( R \..."
2025-11-26T02:30:51.272578,Nocebo,-1.0,1,324,0.6388888888888888,8.0,"### Explanation in Simple Terms
This statement describes how certain systems can change suddenly whe..."
2025-11-26T02:34:42.793462,Nocebo,-1.0,1,255,0.6313725490196078,7.0,"### Explanation of the Statement in Simple Terms:

1. **Explanation:**
   - A **threshold system** i..."
2025-11-26T02:36:33.513637,Nocebo,-1.0,1,297,0.6599326599326599,8.0,"### Explanation in Simple Terms
Threshold systems are like a seesaw where the balance shifts suddenl..."
2025-11-26T02:40:29.695794,Nocebo,-1.0,1,340,0.5441176470588235,7.0,"### 1. Simple Explanation
Threshold systems are like a seesaw where, at a certain point (threshold),..."
2025-11-26T02:42:19.160303,Nocebo,-1.0,1,313,0.6134185303514377,8.0,"### Explanation in Simple Terms
This statement refers to how certain systems can undergo sudden chan..."
2025-11-26T02:44:10.319465,Nocebo,-1.0,1,287,0.6132404181184669,8.0,"### Explanation of the Statement in Simple Terms

1. **Explanation:**
   - **Threshold Systems:** Im..."
2025-11-26T02:45:51.628208,Nocebo,-1.0,1,295,0.5661016949152542,8.0,"### Explanation in Simple Terms

Threshold systems are like a seesaw where the order parameter \( R ..."
2025-11-26T02:47:25.641052,Nocebo,-1.0,1,253,0.6442687747035574,7.0,"### Explanation in Simple Terms

This statement is about how certain systems can suddenly change the..."
2025-11-26T02:51:06.293536,Nocebo,-1.0,1,259,0.637065637065637,7.0,"### Explanation in Simple Terms

This statement is about how certain systems can suddenly change the..."
2025-11-26T02:58:54.331200,Nocebo,-1.0,1,290,0.6758620689655173,8.0,"### Explanation in Simple Terms
Threshold systems are like a seesaw where the balance point is criti..."
2025-11-26T03:00:36.997844,Nocebo,-1.0,1,301,0.6179401993355482,8.0,"### Explanation in Simple Terms
Threshold systems are like a seesaw: when the weight on one side (an..."
2025-11-26T03:02:32.554520,Nocebo,-1.0,1,322,0.6366459627329193,9.0,"### Explanation in Simple Terms:

This statement is about a type of system where there's a sudden ch..."
2025-11-26T03:04:16.763409,Nocebo,-1.0,1,296,0.6418918918918919,8.0,"### Explanation in Simple Terms
Threshold systems are like a seesaw where something happens only whe..."
2025-11-26T03:06:03.312525,Nocebo,-1.0,1,308,0.6525974025974026,8.0,"### Explanation in Simple Terms

Threshold systems are like a seesaw where the position of an object..."
2025-11-26T03:07:53.480311,Nocebo,-1.0,1,318,0.5974842767295597,8.0,"### Explanation in Simple Terms
Threshold systems are like a see-saw where the balance point (thresh..."
2025-11-26T03:09:31.108429,Nocebo,-1.0,1,292,0.6746575342465754,7.0,"### Explanation in Simple Terms:

Imagine a system that remains stable until it suddenly changes beh..."
2025-11-26T03:11:12.573563,Nocebo,-1.0,1,295,0.6915254237288135,8.0,"### Explanation in Simple Terms:

Threshold systems are like a seesaw where the balance point (the t..."
2025-11-26T03:15:08.254817,Nocebo,-1.0,1,335,0.6597014925373135,8.0,"### Explanation in Simple Terms
Threshold systems are like a seesaw where the balance shifts sharply..."
2025-11-26T03:17:01.152193,Nocebo,-1.0,1,345,0.6347826086956522,7.0,"### Explanation in Simple Terms

When we talk about threshold systems, we're looking at situations w..."
2025-11-26T03:22:59.316308,Nocebo,-1.0,1,336,0.6577380952380952,8.0,"### Explanation in Simple Terms

This statement refers to a phenomenon where a system can suddenly c..."
2025-11-26T03:26:28.169804,Nocebo,-1.0,1,257,0.688715953307393,8.0,"### 1. Explanation in Simple Terms
Imagine a system where something changes suddenly when a certain ..."
2025-11-26T03:28:13.979861,Nocebo,-1.0,1,274,0.656934306569343,8.0,"### Explanation in Simple Terms
Threshold systems are like a seesaw where the balance shifts suddenl..."
2025-11-26T03:36:11.878417,Nocebo,-1.0,1,341,0.6070381231671554,8.0,"### Explanation in Simple Terms
This statement is about how certain systems can change suddenly when..."
2025-11-26T03:37:59.841855,Nocebo,-1.0,1,318,0.60062893081761,7.0,"### Explanation in Simple Terms
Threshold systems are like a seesaw where the position of one object..."
2025-11-26T03:41:51.886373,Nocebo,-1.0,1,286,0.6678321678321678,8.0,"### Explanation in Simple Terms
This statement is about how certain systems can experience sudden ch..."
2025-11-26T03:43:51.709960,Nocebo,-1.0,1,317,0.5678233438485805,8.0,"### 1. Explanation in Simple Terms
A threshold system is like a switch that turns on or off based on..."
2025-11-26T03:45:49.000126,Nocebo,-1.0,1,348,0.6005747126436781,8.0,"### 1. Explanation of the Statement in Simple Terms:
Imagine a system that changes its behavior sudd..."
2025-11-26T03:47:38.094423,Nocebo,-1.0,1,329,0.6322188449848024,5.0,"### Explanation in Simple Terms:

Imagine a system that can exist in two states—like a light switch ..."
2025-11-26T03:49:30.905741,Nocebo,-1.0,1,315,0.6317460317460317,8.0,"### Explanation of the Statement:

1. **Simple Terms:**
   This statement refers to how certain syst..."
2025-11-26T03:59:09.189795,Nocebo,-1.0,1,275,0.6909090909090909,7.0,"### Explanation in Simple Terms

This statement is about how certain systems can make sudden changes..."
2025-11-26T04:06:40.147077,Nocebo,-1.0,1,256,0.6875,8.0,"### Explanation in Simple Terms
Threshold systems are like a seesaw where the position of one object..."
2025-11-26T04:14:31.907394,Nocebo,-1.0,1,314,0.5923566878980892,8.0,"### Explanation in Simple Terms
Threshold systems are like a seesaw that tips dramatically when the ..."
2025-11-26T04:16:25.062872,Nocebo,-1.0,1,330,0.5969696969696969,8.0,"### Explanation in Simple Terms
Threshold systems are like a seesaw. When the order parameter \( R \..."
2025-11-26T04:19:58.312379,Nocebo,-1.0,1,254,0.6732283464566929,8.0,"### Explanation in Simple Terms

This statement is about how certain systems can suddenly change the..."
2025-11-26T04:21:55.554898,Nocebo,-1.0,1,334,0.6287425149700598,7.0,"### Explanation in Simple Terms:

Imagine a system where something changes dramatically when it reac..."
2025-11-26T04:23:52.473182,Nocebo,-1.0,1,329,0.60790273556231,8.0,"### 1. Explanation in Simple Terms
Imagine a system where everything is stable until a certain point..."
2025-11-26T04:25:46.558829,Nocebo,-1.0,1,298,0.6174496644295302,8.0,"### Explanation in Simple Terms:

Threshold systems are like a seesaw where the balance point (thres..."
2025-11-26T04:27:42.552786,Nocebo,-1.0,1,339,0.5958702064896755,8.0,"### Explanation in Simple Terms
Threshold systems are like a seesaw where the position of one side (..."
2025-11-26T04:29:41.745803,Nocebo,-1.0,1,322,0.5838509316770186,7.0,"### Explanation in Simple Terms

This statement is about how certain systems can suddenly change beh..."
2025-11-26T04:31:41.618520,Nocebo,-1.0,1,355,0.5971830985915493,7.0,"### Explanation in Simple Terms:

This statement is about how certain systems change dramatically wh..."
2025-11-26T04:33:27.288937,Nocebo,-1.0,1,284,0.6901408450704225,8.0,"### Explanation in Simple Terms
Threshold systems are like a seesaw where the balance changes sudden..."
2025-11-26T04:41:11.208013,Nocebo,-1.0,1,301,0.6445182724252492,8.0,"### Explanation in Simple Terms
Threshold systems are like switches or tipping points where small ch..."
2025-11-26T04:44:58.218739,Nocebo,-1.0,1,297,0.6666666666666666,8.0,"### Explanation in Simple Terms

1. **Simple Explanation:**
   - Imagine a system where something ""s..."
2025-11-26T04:46:51.897588,Nocebo,-1.0,1,331,0.6525679758308157,8.0,"### Explanation in Simple Terms
This statement is talking about how systems can suddenly change thei..."
2025-11-26T04:50:46.187495,Nocebo,-1.0,1,324,0.6234567901234568,8.0,"### Explanation in Simple Terms:

Imagine a system where things change suddenly when certain conditi..."
2025-11-26T04:56:25.239199,Nocebo,-1.0,1,294,0.6360544217687075,7.0,"### Explanation in Simple Terms
This statement is about how certain systems can suddenly change thei..."
2025-11-26T05:00:06.687382,Nocebo,-1.0,1,263,0.6501901140684411,7.0,"### Explanation in Simple Terms
Imagine a system where things change suddenly when something reaches..."
2025-11-26T05:02:07.562079,Nocebo,-1.0,1,320,0.609375,7.0,"### Explanation in Simple Terms
Threshold systems are like a seesaw where the balance point (thresho..."
2025-11-26T05:03:51.064825,Nocebo,-1.0,1,313,0.610223642172524,8.0,"### Explanation in Simple Terms
Threshold systems are like a seesaw with a tipping point where small..."
2025-11-26T05:07:47.776508,Nocebo,-1.0,1,154,0.7077922077922078,7.0,"### Explanation in Simple Terms
Threshold systems are like switches where a small change can suddenl..."
2025-11-26T05:11:44.350110,Nocebo,-1.0,1,293,0.6006825938566553,7.0,"### Explanation in Simple Terms

This statement is about how certain systems can suddenly change the..."
2025-11-26T05:13:42.327768,Nocebo,-1.0,1,58,0.8448275862068966,8.0,"### Explanation in Simple Terms
This statement describes a phenomenon where systems can suddenly cha..."
2025-11-26T05:17:43.424908,Nocebo,-1.0,1,361,0.6121883656509696,5.0,"### Explanation in Simple Terms
Think of a threshold system as something that suddenly changes behav..."
2025-11-26T05:19:23.149980,Nocebo,-1.0,1,287,0.6898954703832753,8.0,"### Explanation in Simple Terms
Imagine a system where things change dramatically at a certain point..."
2025-11-26T05:25:09.362523,Nocebo,-1.0,1,297,0.6464646464646465,7.0,"### 1. Explanation in Simple Terms:

Threshold systems are like a seesaw where the balance point (th..."
2025-11-26T05:30:56.266947,Nocebo,-1.0,1,305,0.6295081967213115,7.0,"### Explanation

1. **Simple Terms:**
   - Think of a threshold system as a switch in a complex syst..."
2025-11-26T05:32:26.911036,Nocebo,-1.0,1,233,0.6609442060085837,8.0,"### Explanation in Simple Terms
Threshold systems are like a seesaw where the balance point (thresho..."
2025-11-26T05:34:10.970059,Nocebo,-1.0,1,298,0.6946308724832215,8.0,"### Simple Explanation:
Think of a threshold system as something that changes behavior suddenly when..."
2025-11-26T05:35:59.646433,Nocebo,-1.0,1,314,0.6401273885350318,8.0,"### Explanation in Simple Terms:

Threshold systems are like a seesaw where the balance point (R) ne..."
2025-11-26T05:37:50.175916,Nocebo,-1.0,1,284,0.6654929577464789,8.0,"### Explanation in Simple Terms
A threshold system is a type of system where a sudden change occurs ..."
2025-11-26T05:41:41.098877,Nocebo,-1.0,1,324,0.5925925925925926,7.0,"### Explanation in Simple Terms
Threshold systems are like a seesaw where the order parameter R acts..."
2025-11-26T05:43:15.668663,Nocebo,-1.0,1,276,0.6702898550724637,8.0,"### Explanation in Simple Terms
Threshold systems are like a seesaw where the outcome suddenly chang..."
2025-11-26T05:49:00.843777,Nocebo,-1.0,1,244,0.680327868852459,8.0,"### Explanation in Simple Terms
Threshold systems are like a seesaw where things change abruptly whe..."
2025-11-26T05:52:44.866456,Nocebo,-1.0,1,299,0.6555183946488294,8.0,"### Explanation in Simple Terms
This statement refers to how certain systems can suddenly change beh..."
2025-11-26T05:54:25.944137,Nocebo,-1.0,1,200,0.635,7.0,"### Explanation of the Statement in Simple Terms

1. **Explanation:**
   - Imagine a system where th..."
2025-11-26T05:58:27.284206,Nocebo,-1.0,1,361,0.5761772853185596,7.0,"### Explanation in Simple Terms:

Threshold systems are like a seesaw where the balance point (thres..."
2025-11-26T06:00:18.534479,Nocebo,-1.0,1,332,0.608433734939759,8.0,"### Explanation in Simple Terms
This statement is about how certain systems can suddenly change thei..."
2025-11-26T06:01:59.877754,Nocebo,-1.0,1,244,0.6352459016393442,8.0,"### Explanation in Simple Terms

This statement is about how certain systems can change suddenly whe..."
2025-11-26T06:03:51.962163,Nocebo,-1.0,1,321,0.6043613707165109,8.0,"### Explanation in Simple Terms

Threshold systems are like a seesaw where the balance point (critic..."
2025-11-26T06:11:53.982271,Nocebo,-1.0,1,334,0.5838323353293413,8.0,"### Explanation in Simple Terms
Threshold systems are like a seesaw where the balance point (thresho..."
2025-11-26T06:13:44.707543,Nocebo,-1.0,1,319,0.6300940438871473,8.0,"### Explanation in Simple Terms

Threshold systems are like a seesaw where the balance point is very..."
2025-11-26T06:15:30.352867,Nocebo,-1.0,1,296,0.6554054054054054,8.0,"### Explanation in Simple Terms:

Threshold systems are like a seesaw where the balance point is det..."
2025-11-26T06:17:13.250151,Nocebo,-1.0,1,286,0.6538461538461539,7.0,"### Simple Explanation
Threshold systems are like a seesaw where small changes can suddenly make it ..."
2025-11-26T06:18:47.536705,Nocebo,-1.0,1,273,0.6446886446886447,8.0,"### Explanation in Simple Terms

Imagine a system (like a pond) where things are generally calm unti..."
2025-11-26T06:20:46.168388,Nocebo,-1.0,1,341,0.5865102639296188,8.0,"### Explanation in Simple Terms

This statement is about how certain systems or processes can change..."
2025-11-26T06:28:43.914669,Nocebo,-1.0,1,344,0.6191860465116279,8.0,"### Simple Explanation
This statement refers to systems where a sudden change or ""critical transitio..."
2025-11-26T06:32:23.942070,Nocebo,-1.0,1,281,0.6548042704626335,8.0,"### Explanation of the Statement in Simple Terms

1. **Explanation:**
   - Imagine a system where so..."
2025-11-26T06:36:16.374365,Nocebo,-1.0,1,330,0.6272727272727273,7.0,"### Simple Explanation
This statement is about how certain systems change dramatically when they rea..."
2025-11-26T06:38:03.589854,Nocebo,-1.0,1,293,0.6143344709897611,7.0,"### Explanation
1. **Simple Terms:**
   - Threshold systems are like a seesaw where the balance poin..."
2025-11-26T06:39:50.179051,Nocebo,-1.0,1,311,0.6302250803858521,8.0,"### Explanation in Simple Terms
Threshold systems are like a seesaw where the balance shifts suddenl..."
2025-11-26T06:41:43.017454,Nocebo,-1.0,1,323,0.6222910216718266,8.0,"### Explanation in Simple Terms
Threshold systems are like a seesaw where the balance point (thresho..."
2025-11-26T06:43:10.485849,Nocebo,-1.0,1,243,0.654320987654321,8.0,"### Explanation in Simple Terms
Threshold systems are like a tipping point where small changes can s..."
2025-11-26T06:44:51.761937,Nocebo,-1.0,1,304,0.6710526315789473,7.0,"### Explanation in Simple Terms
Threshold systems are like a tipping point where a small change can ..."
2025-11-26T06:46:34.642381,Nocebo,-1.0,1,264,0.6666666666666666,8.0,"### Explanation in Simple Terms
Threshold systems are like a seesaw where, if you add just the right..."
2025-11-26T06:50:05.120512,Nocebo,-1.0,1,250,0.652,8.0,"### Explanation in Simple Terms
Threshold systems are like a seesaw where the order parameter \( R \..."
2025-11-26T06:52:03.126420,Nocebo,-1.0,1,348,0.6379310344827587,7.0,"### 1. Explanation in Simple Terms:

Imagine a system (like a weather system or a population of anim..."
2025-11-26T06:53:53.261244,Nocebo,-1.0,1,295,0.6271186440677966,8.0,"### Explanation in Simple Terms
This statement is about how certain systems can suddenly change thei..."
2025-11-26T06:55:31.043801,Nocebo,-1.0,1,270,0.6592592592592592,7.0,"### Explanation in Simple Terms
Imagine a system where things change suddenly when something reaches..."
2025-11-26T06:57:26.413850,Nocebo,-1.0,1,359,0.6016713091922006,7.0,"### Explanation in Simple Terms

This statement is about how some systems can change suddenly when a..."
2025-11-26T06:58:58.963604,Nocebo,-1.0,1,273,0.6410256410256411,8.0,"### Explanation in Simple Terms
This statement is about how certain systems can suddenly change thei..."
2025-11-26T07:00:37.417549,Nocebo,-1.0,1,310,0.6225806451612903,8.0,"### Explanation in Simple Terms:

1. **Explanation:**
   - Imagine a system (like a weather pattern ..."
2025-11-26T07:02:17.959260,Nocebo,-1.0,1,311,0.5916398713826366,8.0,"### Explanation in Simple Terms
Threshold systems are like switches where small changes can lead to ..."
2025-11-26T07:03:55.211919,Nocebo,-1.0,1,251,0.6613545816733067,8.0,"### Explanation in Simple Terms
Imagine a system where everything is calm until a certain point—a ""t..."
2025-11-26T07:09:37.785765,Nocebo,-1.0,1,327,0.6116207951070336,8.0,"### Explanation in Simple Terms
Threshold systems are like a seesaw where the position of the fulcru..."
2025-11-26T07:11:10.279179,Nocebo,-1.0,1,281,0.6298932384341637,8.0,"### Explanation in Simple Terms
This statement is about how certain systems can change suddenly when..."
2025-11-26T07:12:50.340308,Nocebo,-1.0,1,325,0.6923076923076923,7.0,"### Explanation in Simple Terms
Threshold systems are like a switch that turns on or off based on ho..."
2025-11-26T07:16:25.143149,Nocebo,-1.0,1,307,0.6254071661237784,5.0,"### Explanation in Simple Terms
This statement is about how systems can suddenly change their behavi..."
2025-11-26T07:19:59.829662,Nocebo,-1.0,1,313,0.6070287539936102,7.0,"### Explanation in Simple Terms
Threshold systems are like a seesaw where something dramatic happens..."
2025-11-26T07:21:58.824297,Nocebo,-1.0,1,389,0.5912596401028277,8.0,"### Explanation in Simple Terms:

Threshold systems are like a seesaw that tips over when we add jus..."
2025-11-26T07:23:39.565287,Nocebo,-1.0,1,324,0.6358024691358025,8.0,"### Explanation in Simple Terms
Imagine a system like a snowpack on a mountain slope. The amount of ..."
2025-11-26T07:25:17.725325,Nocebo,-1.0,1,300,0.6533333333333333,8.0,"### Explanation in Simple Terms
Imagine a system where something changes abruptly when it reaches a ..."
2025-11-26T07:27:11.847826,Nocebo,-1.0,1,373,0.6112600536193029,8.0,"### Explanation in Simple Terms:

Threshold systems are like a seesaw where the balance shifts sudde..."
2025-11-26T07:30:55.837973,Nocebo,-1.0,1,313,0.6230031948881789,7.0,"### Explanation in Simple Terms

This statement refers to how certain systems can suddenly change th..."
2025-11-26T07:32:44.184151,Nocebo,-1.0,1,361,0.6260387811634349,8.0,"### Explanation in Simple Terms:

This statement is about how certain systems can change dramaticall..."
2025-11-26T07:34:14.438107,Nocebo,-1.0,1,294,0.6564625850340136,8.0,"### Explanation in Simple Terms
Threshold systems are like a tipping point where something suddenly ..."
2025-11-26T07:35:57.449047,Nocebo,-1.0,1,336,0.5744047619047619,8.0,"### Explanation in Simple Terms
Threshold systems are like a seesaw where the outcome changes dramat..."
2025-11-26T07:37:33.669514,Nocebo,-1.0,1,279,0.6129032258064516,8.0,"### Explanation in Simple Terms
Threshold systems are like a seesaw where the balance shifts suddenl..."
2025-11-26T07:39:14.372771,Nocebo,-1.0,1,332,0.608433734939759,7.0,"### Explanation in Simple Terms:

Imagine a system where something changes dramatically when a certa..."
2025-11-26T07:40:41.948772,Nocebo,-1.0,1,283,0.6501766784452296,8.0,"### Explanation in Simple Terms
Threshold systems are like a seesaw where the balance point (thresho..."
2025-11-26T07:42:08.047973,Nocebo,-1.0,1,268,0.6268656716417911,7.0,"### Explanation in Simple Terms

Imagine a system, like the weather or a biological ecosystem, where..."
2025-11-26T07:43:39.673663,Nocebo,-1.0,1,214,0.6869158878504673,8.0,"### Explanation in Simple Terms
Threshold systems work like a light switch: they remain ""off"" until ..."
2025-11-26T07:45:40.021544,Nocebo,-1.0,1,372,0.5860215053763441,7.0,"### Explanation in Simple Terms

The statement is about how certain systems can suddenly change thei..."
2025-11-26T07:47:27.462183,Nocebo,-1.0,1,328,0.6463414634146342,8.0,"### Simple Explanation
This statement is about how certain systems can suddenly change their behavio..."
2025-11-26T07:49:10.104007,Nocebo,-1.0,1,319,0.6489028213166145,8.0,"### Explanation in Simple Terms:
Threshold systems are like a tipping point where something suddenly..."
2025-11-26T07:51:03.451297,Nocebo,-1.0,1,314,0.6114649681528662,7.0,"### 1. Explanation in Simple Terms:

Threshold systems are like a seesaw where the position of a bal..."
2025-11-26T07:52:40.298200,Nocebo,-1.0,1,282,0.6312056737588653,8.0,"### Explanation in Simple Terms
This statement is about how certain systems can suddenly change thei..."
2025-11-26T07:54:21.896263,Nocebo,-1.0,1,298,0.6510067114093959,5.0,"### Explanation in Simple Terms:
Imagine a system where things change suddenly when something reache..."
2025-11-26T07:56:18.088117,Nocebo,-1.0,1,363,0.5867768595041323,7.0,"### 1. Explanation in Simple Terms

Imagine a system where something changes suddenly when a certain..."
2025-11-26T08:02:00.766180,Nocebo,-1.0,1,317,0.6214511041009464,7.0,"### Explanation in Simple Terms:

Threshold systems are like a seesaw where the balance point (or ""t..."
2025-11-26T08:03:38.357900,Nocebo,-1.0,1,278,0.6187050359712231,7.0,"### Explanation in Simple Terms
Threshold systems are like a seesaw where the balance point is deter..."
2025-11-26T08:05:08.178317,Nocebo,-1.0,1,268,0.6604477611940298,8.0,"### Explanation of the Statement in Simple Terms

This statement refers to how certain systems can c..."
2025-11-26T08:06:39.774464,Nocebo,-1.0,1,292,0.6678082191780822,5.0,"### Explanation in Simple Terms:
Imagine a system where things change dramatically when certain cond..."
2025-11-26T08:10:24.685123,Nocebo,-1.0,1,299,0.6086956521739131,8.0,"### Explanation in Simple Terms
Threshold systems are like a seesaw that tips over suddenly when the..."
2025-11-26T08:12:22.110758,Nocebo,-1.0,1,347,0.622478386167147,8.0,"### Explanation of the Statement in Simple Terms:

1. **Explanation:**
   - Imagine a system where s..."
2025-11-26T08:14:07.572893,Nocebo,-1.0,1,311,0.639871382636656,8.0,"### Explanation in Simple Terms

This statement is about how certain systems can change suddenly whe..."
2025-11-26T08:17:53.497229,Nocebo,-1.0,1,318,0.6352201257861635,7.0,"### Explanation in Simple Terms

1. **Explanation:**
   - **Threshold Systems:** Imagine a system wh..."
2025-11-26T08:19:48.424521,Nocebo,-1.0,1,355,0.5915492957746479,8.0,"### Explanation in Simple Terms
This statement is about how certain systems can suddenly change thei..."
2025-11-26T08:21:31.672921,Nocebo,-1.0,1,292,0.613013698630137,8.0,"### 1. Explanation in Simple Terms
Threshold systems are like a seesaw where you keep adding weight ..."
2025-11-26T08:23:22.264878,Nocebo,-1.0,1,345,0.6086956521739131,8.0,"### Explanation in Simple Terms
Imagine a system where something happens suddenly when things reach ..."
2025-11-26T08:24:57.233477,Nocebo,-1.0,1,285,0.6140350877192983,8.0,"### Explanation of the Statement in Simple Terms

1. **Simple Explanation:**
   - Imagine a system w..."
2025-11-26T08:26:51.775371,Nocebo,-1.0,1,352,0.6136363636363636,8.0,"### Explanation in Simple Terms
Threshold systems are like a seesaw that tips over when it reaches a..."
2025-11-26T08:28:32.296773,Nocebo,-1.0,1,292,0.6678082191780822,8.0,"### Explanation in Simple Terms

This statement refers to how certain systems can suddenly change be..."
2025-11-26T08:30:27.547738,Nocebo,-1.0,1,271,0.6494464944649446,7.0,"### Simple Explanation
This statement discusses how certain systems can suddenly change their behavi..."
2025-11-26T08:31:59.558724,Nocebo,-1.0,1,272,0.6397058823529411,8.0,"### 1. Explanation in Simple Terms
Threshold systems are like a seesaw where small changes can sudde..."
2025-11-26T08:33:49.991235,Nocebo,-1.0,1,366,0.5901639344262295,7.0,"### Explanation in Simple Terms
This statement is about how certain systems can change suddenly when..."
2025-11-26T08:35:19.498424,Nocebo,-1.0,1,291,0.6323024054982818,7.0,"### Explanation in Simple Terms
Threshold systems are like a switch that turns on or off when a cert..."
2025-11-26T08:37:10.503076,Nocebo,-1.0,1,293,0.6279863481228669,8.0,"### Explanation of the Statement in Simple Terms

1. **Explanation:**
   - Imagine a system that sud..."
2025-11-26T08:38:58.151093,Nocebo,-1.0,1,323,0.6130030959752322,8.0,"### Explanation in Simple Terms:

Imagine you have a system, like a snowflake on the edge of melting..."
2025-11-26T08:40:43.626190,Nocebo,-1.0,1,342,0.6081871345029239,5.0,"### Explanation in Simple Terms

This statement is about how certain systems can suddenly change the..."
2025-11-26T08:42:24.758568,Nocebo,-1.0,1,328,0.5884146341463414,7.0,"### Explanation of the Statement

1. **Simple Terms:**
   - A **threshold system** is a type of syst..."
2025-11-26T08:48:16.735757,Nocebo,-1.0,1,342,0.6432748538011696,8.0,"### Explanation in Simple Terms
Threshold systems are like switches that turn on or off when a certa..."
2025-11-26T08:50:01.218444,Nocebo,-1.0,1,326,0.6380368098159509,7.0,"### Explanation in Simple Terms
Threshold systems are like a seesaw where when you reach a certain w..."
2025-11-26T08:51:35.853172,Nocebo,-1.0,1,251,0.6653386454183267,8.0,"### Explanation in Simple Terms
Threshold systems are like a switch that turns on or off when someth..."
2025-11-26T08:53:27.594900,Nocebo,-1.0,1,334,0.5688622754491018,8.0,"### Analysis of the Statement

1. **Explanation in Simple Terms:**
   - Threshold systems are like a..."
2025-11-26T08:55:05.220228,Nocebo,-1.0,1,273,0.6483516483516484,8.0,"### Explanation in Simple Terms

This statement is about how some systems change suddenly when a cer..."
2025-11-26T08:56:29.834925,Nocebo,-1.0,1,201,0.7412935323383084,7.0,"### Explanation in Simple Terms
Threshold systems are like a seesaw where the balance point (thresho..."
2025-11-26T08:58:18.878087,Nocebo,-1.0,1,148,0.7432432432432432,5.0,"### Explanation in Simple Terms

Threshold systems are like a seesaw where the position of two objec..."
2025-11-26T08:59:57.621545,Nocebo,-1.0,1,321,0.6199376947040498,8.0,"### Explanation in Simple Terms

In threshold systems, a critical transition happens when something ..."
2025-11-26T09:01:33.838157,Nocebo,-1.0,1,282,0.6524822695035462,8.0,"### Explanation in Simple Terms:

1. **Simple Explanation:**
   - Imagine a system where something c..."
2025-11-26T09:03:27.311587,Nocebo,-1.0,1,371,0.5983827493261455,5.0,"### 1. Explanation in Simple Terms

Imagine a system where things change dramatically when something..."
2025-11-26T09:05:09.898342,Nocebo,-1.0,1,334,0.6107784431137725,7.0,"### Explanation of the Statement in Simple Terms:

1. **Explanation:**
   - Imagine a system where t..."
2025-11-26T09:06:25.615804,Nocebo,-1.0,1,239,0.7112970711297071,8.0,"### Explanation in Simple Terms
This statement is about how certain systems can suddenly change thei..."
2025-11-26T09:08:19.401475,Nocebo,-1.0,1,302,0.6125827814569537,8.0,"### 1. Explanation in Simple Terms
This statement is about how certain systems can suddenly change t..."
2025-11-26T09:10:09.063641,Nocebo,-1.0,1,255,0.6862745098039216,7.0,"### Explanation in Simple Terms

This statement is about how certain systems can suddenly change the..."
2025-11-26T09:11:57.736416,Nocebo,-1.0,1,319,0.6238244514106583,8.0,"### Explanation in Simple Terms

This statement is about systems where a sudden change (or ""critical..."
2025-11-26T09:13:13.312522,Nocebo,-1.0,1,256,0.65625,8.0,"### Explanation in Simple Terms

This statement is about how systems can change suddenly when they r..."
2025-11-26T09:15:10.739122,Nocebo,-1.0,1,377,0.5676392572944297,7.0,"### Explanation in Simple Terms

Threshold systems are like a seesaw where you need to add just the ..."
2025-11-26T09:17:03.909520,Nocebo,-1.0,1,367,0.6403269754768393,8.0,"### Explanation in Simple Terms

This statement refers to how certain systems can suddenly change th..."
2025-11-26T09:18:31.048368,Nocebo,-1.0,1,300,0.6566666666666666,7.0,"### Explanation in Simple Terms
This statement is about how certain systems can change abruptly when..."
2025-11-26T09:20:07.893640,Nocebo,-1.0,1,308,0.6363636363636364,8.0,"### Explanation in Simple Terms

This statement is about how certain systems can suddenly change the..."
2025-11-26T09:21:57.099796,Nocebo,-1.0,1,339,0.6371681415929203,7.0,"### Explanation in Simple Terms
Imagine a system that changes its behavior suddenly when something r..."
2025-11-26T09:23:44.169702,Nocebo,-1.0,1,312,0.6314102564102564,8.0,"### Explanation in Simple Terms
Threshold systems are like a seesaw where something happens abruptly..."
2025-11-26T09:25:12.129845,Nocebo,-1.0,1,270,0.6703703703703704,8.0,"### Explanation in Simple Terms

This statement is about how certain systems can suddenly change the..."
2025-11-26T09:27:07.842795,Nocebo,-1.0,1,360,0.5888888888888889,8.0,"### Explanation of the Statement in Simple Terms

This statement is about how certain systems can su..."
2025-11-26T09:28:36.764410,Nocebo,-1.0,1,252,0.7182539682539683,7.0,"### Explanation in Simple Terms
Threshold systems are like switches where small changes can lead to ..."
2025-11-26T09:32:13.346463,Nocebo,-1.0,1,300,0.6566666666666666,8.0,"### Explanation in Simple Terms

Threshold systems are like a seesaw where one side can suddenly tip..."
2025-11-26T09:34:07.163645,Nocebo,-1.0,1,369,0.5907859078590786,8.0,"### Explanation in Simple Terms
Threshold systems are like a seesaw where things change suddenly onc..."
2025-11-26T09:36:00.326272,Nocebo,-1.0,1,363,0.5922865013774105,8.0,"### Explanation in Simple Terms
This statement is about how some systems can suddenly change their b..."
2025-11-26T09:37:58.410332,Nocebo,-1.0,1,364,0.6373626373626373,7.0,"### Explanation in Simple Terms
A threshold system is like a tipping point where a change happens su..."
2025-11-26T09:39:40.511898,Nocebo,-1.0,1,306,0.6176470588235294,7.0,"### Explanation in Simple Terms
This statement is about how certain systems can suddenly change thei..."
2025-11-26T09:41:30.484247,Nocebo,-1.0,1,336,0.6011904761904762,8.0,"### Explanation in Simple Terms
Threshold systems are like a seesaw where the weight on one side (th..."
2025-11-26T09:43:10.814123,Nocebo,-1.0,1,333,0.5825825825825826,8.0,"### Explanation in Simple Terms
Threshold systems are like a seesaw that suddenly tips when the weig..."
2025-11-26T09:44:33.619648,Nocebo,-1.0,1,283,0.6289752650176679,8.0,"### Explanation in Simple Terms:
Threshold systems are like a tipping point where something changes ..."
2025-11-26T09:46:24.924394,Nocebo,-1.0,1,349,0.5787965616045845,8.0,"### Simple Explanation
Threshold systems are like a seesaw where the position of a threshold (Θ) det..."
2025-11-26T09:48:03.963118,Nocebo,-1.0,1,330,0.6181818181818182,8.0,"### Explanation in Simple Terms
Threshold systems are like switches or tipping points where a small ..."
2025-11-26T09:49:59.212267,Nocebo,-1.0,1,364,0.5686813186813187,8.0,"### Explanation in Simple Terms
This statement is about how certain systems can suddenly change thei..."
2025-11-26T09:51:40.751551,Nocebo,-1.0,1,320,0.625,7.0,"### Explanation of the Statement in Simple Terms:

This statement is about how certain systems can s..."
2025-11-26T09:53:09.734418,Nocebo,-1.0,1,297,0.6430976430976431,8.0,"### 1. Explanation in Simple Terms

Imagine a system where something changes dramatically when it re..."
2025-11-26T09:54:59.174348,Nocebo,-1.0,1,318,0.6383647798742138,5.0,"### Explanation in Simple Terms:

1. **Simple Explanation:**
   - Imagine a system where everything ..."
2025-11-26T09:56:57.943738,Nocebo,-1.0,1,380,0.6131578947368421,7.0,"### Explanation in Simple Terms
Imagine a system where it stays the same until something suddenly ch..."
2025-11-26T09:58:48.182702,Nocebo,-1.0,1,325,0.5907692307692308,8.0,"### Explanation in Simple Terms

This statement is talking about how certain systems can suddenly ch..."
2025-11-26T10:00:25.201743,Nocebo,-1.0,1,235,0.6510638297872341,8.0,"### Explanation in Simple Terms
Threshold systems are like a seesaw where the position of the fulcru..."
2025-11-26T10:04:10.479220,Nocebo,-1.0,1,291,0.6391752577319587,8.0,"### Explanation in Simple Terms
This statement is about how certain systems can suddenly change thei..."
2025-11-26T10:05:39.665152,Nocebo,-1.0,1,275,0.6618181818181819,8.0,"### Explanation in Simple Terms
This statement is about how certain systems can suddenly change thei..."
2025-11-26T10:07:13.796937,Nocebo,-1.0,1,241,0.6887966804979253,8.0,"### Explanation in Simple Terms

This statement refers to a phenomenon where systems can suddenly ch..."
2025-11-26T10:09:01.757760,Nocebo,-1.0,1,316,0.5727848101265823,8.0,"### Explanation in Simple Terms
This statement is about how certain systems change abruptly when a s..."
2025-11-26T10:14:49.127430,Nocebo,-1.0,1,334,0.6137724550898204,7.0,"### Explanation in Simple Terms
Threshold systems are like a seesaw where the position of the pivot ..."
2025-11-26T10:16:14.580684,Nocebo,-1.0,1,208,0.7115384615384616,8.0,"### Explanation in Simple Terms
Threshold systems are like a seesaw where the balance point (thresho..."
2025-11-26T10:17:58.807923,Nocebo,-1.0,1,263,0.6463878326996197,7.0,"### Explanation in Simple Terms
Imagine you have a glass filled with water (this is like a system). ..."
2025-11-26T10:19:44.901276,Nocebo,-1.0,1,301,0.654485049833887,7.0,"### Explanation in Simple Terms

Threshold systems are like a tipping point where a small change can..."
2025-11-26T10:23:41.705219,Nocebo,-1.0,1,368,0.5706521739130435,5.0,"### Explanation in Simple Terms
Threshold systems are like a seesaw where the position of a point (r..."
2025-11-26T10:25:18.038623,Nocebo,-1.0,1,270,0.7074074074074074,8.0,"### Explanation in Simple Terms
Imagine a system that suddenly changes behavior when something impor..."
2025-11-26T10:29:14.699059,Nocebo,-1.0,1,333,0.6216216216216216,7.0,"### Explanation in Simple Terms

1. **Explanation:**
   - Imagine a system like a snowfield on a mou..."
2025-11-26T10:33:08.659448,Nocebo,-1.0,1,350,0.6028571428571429,8.0,"### Explanation in Simple Terms
Imagine a system where something changes dramatically when a certain..."
2025-11-26T10:35:07.015541,Nocebo,-1.0,1,279,0.6093189964157706,7.0,"### Explanation of the Statement in Simple Terms:

Imagine a system where something changes suddenly..."
2025-11-26T10:36:27.668507,Nocebo,-1.0,1,263,0.6463878326996197,7.0,"### Explanation in Simple Terms
Threshold systems are like a seesaw where a small change can cause i..."
2025-11-26T10:40:15.595802,Nocebo,-1.0,1,321,0.6230529595015576,8.0,"### Explanation in Simple Terms

Threshold systems are like a seesaw where the balance point can sud..."
2025-11-26T10:41:41.937774,Nocebo,-1.0,1,274,0.6459854014598541,8.0,"### Explanation in Simple Terms
Threshold systems are like a scale where something dramatic happens ..."
2025-11-26T10:43:18.531052,Nocebo,-1.0,1,278,0.6258992805755396,5.0,"### Explanation in Simple Terms
Imagine a system where it can exist in two different states—let's sa..."
2025-11-26T10:45:03.326269,Nocebo,-1.0,1,275,0.6472727272727272,7.0,"### Explanation in Simple Terms

Threshold systems are like a seesaw or balance point where somethin..."
2025-11-26T10:47:02.220843,Nocebo,-1.0,1,368,0.592391304347826,7.0,"### Explanation of the Statement in Simple Terms

1. **Explanation:**
   - Think of a threshold syst..."
2025-11-26T10:48:40.711992,Nocebo,-1.0,1,311,0.6495176848874598,8.0,"### Explanation in Simple Terms

This statement is about how certain systems can suddenly change the..."
2025-11-26T10:58:33.028046,Nocebo,-1.0,1,317,0.6403785488958991,8.0,"### Explanation in Simple Terms
This statement is about how certain systems can suddenly change thei..."
2025-11-26T11:00:24.030943,Nocebo,-1.0,1,312,0.6378205128205128,8.0,"### Explanation in Simple Terms

Threshold systems are like a seesaw where the order parameter \( R ..."
2025-11-26T11:04:09.825775,Nocebo,-1.0,1,308,0.5876623376623377,8.0,"### Explanation in Simple Terms

Threshold systems are like a seesaw, where the balance point (thres..."
2025-11-26T11:05:50.508069,Nocebo,-1.0,1,319,0.6269592476489029,8.0,"### Explanation in Simple Terms
Threshold systems are like a seesaw where the position of one object..."
2025-11-26T11:07:39.967907,Nocebo,-1.0,1,341,0.5806451612903226,7.0,"### Explanation in Simple Terms
This statement is about how certain systems can suddenly change thei..."
2025-11-26T11:09:11.524981,Nocebo,-1.0,1,230,0.6260869565217392,7.0,"### Explanation in Simple Terms
Threshold systems are like a seesaw where the system suddenly tips o..."
2025-11-26T11:10:52.589406,Nocebo,-1.0,1,294,0.6836734693877551,8.0,"### Explanation in Simple Terms
Threshold systems are like a seesaw where the balance shifts abruptl..."
2025-11-26T11:16:34.561535,Nocebo,-1.0,1,311,0.6270096463022508,7.0,"### Explanation in Simple Terms
Threshold systems are like a switch that turns on or off when someth..."
2025-11-26T11:18:23.954881,Nocebo,-1.0,1,344,0.6191860465116279,8.0,"### Explanation in Simple Terms:

Imagine a system where something changes dramatically when a certa..."
2025-11-26T11:20:03.049185,Nocebo,-1.0,1,301,0.6212624584717608,8.0,"### Explanation in Simple Terms

Threshold systems are like a seesaw where, once enough weight is ad..."
2025-11-26T11:21:22.013817,Nocebo,-1.0,1,242,0.6446280991735537,8.0,"### Explanation in Simple Terms
Threshold systems are like a seesaw where the weight on one side (re..."
2025-11-26T11:23:12.543247,Nocebo,-1.0,1,320,0.5875,8.0,"### Explanation in Simple Terms

This statement is talking about how certain systems can suddenly ch..."
2025-11-26T11:24:56.454315,Nocebo,-1.0,1,333,0.6216216216216216,8.0,"### Explanation in Simple Terms
This statement is about how certain systems can suddenly change beha..."
2025-11-26T11:26:33.485027,Nocebo,-1.0,1,320,0.584375,7.0,"### Explanation in Simple Terms

This statement is about how certain systems can suddenly change the..."
2025-11-26T11:28:10.520237,Nocebo,-1.0,1,284,0.6514084507042254,7.0,"### Explanation of the Statement

1. **Simple Terms:**
   - **Threshold Systems:** These are systems..."
2025-11-26T11:30:08.602271,Nocebo,-1.0,1,369,0.5880758807588076,7.0,"### Explanation in Simple Terms

Threshold systems are like a seesaw where if you add enough weight ..."
2025-11-26T11:31:56.007398,Nocebo,-1.0,1,351,0.5811965811965812,7.0,"### Explanation in Simple Terms

Threshold systems are like a seesaw where the order parameter R is ..."
2025-11-26T11:33:49.569769,Nocebo,-1.0,1,264,0.6136363636363636,8.0,"### Explanation in Simple Terms:

This statement is about how certain systems can suddenly change th..."
2025-11-26T11:35:18.883011,Nocebo,-1.0,1,286,0.6118881118881119,8.0,"### 1. Explanation in Simple Terms

Threshold systems are like a seesaw where the balance shifts sud..."
2025-11-26T11:37:07.463122,Nocebo,-1.0,1,344,0.6075581395348837,5.0,"### Explanation in Simple Terms
Threshold systems are like a seesaw where, once enough weight is add..."
2025-11-26T11:39:04.608503,Nocebo,-1.0,1,361,0.592797783933518,8.0,"### Explanation in Simple Terms
This statement is about how systems can suddenly change their behavi..."
2025-11-26T11:40:56.779984,Nocebo,-1.0,1,342,0.6403508771929824,8.0,"### Explanation of the Statement

1. **Simple Terms:**
   - Imagine a system where something changes..."
2025-11-26T11:42:47.272232,Nocebo,-1.0,1,233,0.6695278969957081,7.0,"### 1. Explanation in Simple Terms
Threshold systems are like a tipping point where something sudden..."
2025-11-26T11:44:28.817803,Nocebo,-1.0,1,306,0.6176470588235294,7.0,"### Explanation in Simple Terms
Threshold systems are like a seesaw where the position of two object..."
2025-11-26T11:46:13.059926,Nocebo,-1.0,1,307,0.6612377850162866,8.0,"### 1. Explanation in Simple Terms
Threshold systems are like a seesaw where the balance point (thre..."
2025-11-26T11:47:57.905630,Nocebo,-1.0,1,314,0.6305732484076433,8.0,"### Explanation in Simple Terms
Threshold systems are like a seesaw where things change drastically ..."
2025-11-26T11:49:42.908965,Nocebo,-1.0,1,286,0.6363636363636364,8.0,"### Explanation in Simple Terms:

Threshold systems are like a seesaw where, until a certain point (..."
2025-11-26T11:51:40.436642,Nocebo,-1.0,1,173,0.630057803468208,7.0,"### Explanation in Simple Terms
Threshold systems are like a see-saw that tips at a specific point w..."
2025-11-26T11:53:22.051629,Nocebo,-1.0,1,264,0.6439393939393939,7.0,"### Explanation in Simple Terms

This statement is about how certain systems can suddenly change beh..."
2025-11-26T11:55:04.786218,Nocebo,-1.0,1,348,0.6120689655172413,5.0,"### 1. Explanation in Simple Terms

Threshold systems are like a seesaw where the position of the ce..."
2025-11-26T11:56:47.948767,Nocebo,-1.0,1,339,0.5870206489675516,8.0,"### 1. Explanation in Simple Terms:

Threshold systems are like a seesaw where everything stays bala..."
2025-11-26T11:58:35.374123,Nocebo,-1.0,1,333,0.5855855855855856,7.0,"### Explanation in Simple Terms

Imagine a system where something happens only when a certain condit..."
2025-11-26T12:00:11.984221,Nocebo,-1.0,1,288,0.6666666666666666,8.0,"### Explanation in Simple Terms
Threshold systems are like a seesaw that tips quickly when a certain..."
2025-11-26T12:01:53.634942,Nocebo,-1.0,1,325,0.6307692307692307,8.0,"### Explanation in Simple Terms
Threshold systems are like a seesaw where once the weight on one sid..."
2025-11-26T12:03:39.928653,Nocebo,-1.0,1,355,0.5971830985915493,8.0,"### Explanation in Simple Terms

This statement is about systems where a small change can cause a su..."
2025-11-26T12:05:18.376179,Nocebo,-1.0,1,308,0.6298701298701299,8.0,"### Explanation in Simple Terms
This statement is about how certain systems can suddenly change thei..."
2025-11-26T12:06:54.592245,Nocebo,-1.0,1,263,0.6387832699619772,7.0,"### Simple Explanation
Threshold systems are like a seesaw where the balance point changes suddenly ..."
2025-11-26T12:08:27.263354,Nocebo,-1.0,1,315,0.5873015873015873,7.0,"### 1. Explanation in Simple Terms
Threshold systems are like a seesaw that suddenly tips when it cr..."
2025-11-26T12:10:08.592645,Nocebo,-1.0,1,329,0.6322188449848024,8.0,"### Explanation in Simple Terms

Threshold systems are like a seesaw where there's a tipping point (..."
2025-11-26T12:11:50.704266,Nocebo,-1.0,1,325,0.5446153846153846,7.0,"### Explanation in Simple Terms
This statement is about how certain systems can experience sudden ch..."
2025-11-26T12:13:38.247995,Nocebo,-1.0,1,229,0.6812227074235808,7.0,"### Explanation in Simple Terms

This statement is about how certain systems can suddenly change the..."
2025-11-26T12:15:35.322846,Nocebo,-1.0,1,387,0.5658914728682171,8.0,"### 1. Explanation in Simple Terms
Threshold systems are like a seesaw where the position of the piv..."
2025-11-26T12:17:01.949975,Nocebo,-1.0,1,275,0.6327272727272727,8.0,"### Explanation in Simple Terms
Threshold systems are like a seesaw where the order parameter (R) is..."
2025-11-26T12:18:26.961171,Nocebo,-1.0,1,285,0.6280701754385964,8.0,"### Explanation in Simple Terms
Threshold systems are like a seesaw where small changes can suddenly..."
2025-11-26T12:20:06.567491,Nocebo,-1.0,1,330,0.5818181818181818,8.0,"### Explanation in Simple Terms
Threshold systems are like a seesaw: when the weight on one side (re..."
2025-11-26T12:21:29.696643,Nocebo,-1.0,1,246,0.6666666666666666,8.0,"### Explanation in Simple Terms
Threshold systems are like a seesaw where the order parameter \( R \..."
2025-11-26T12:23:00.746216,Nocebo,-1.0,1,250,0.652,8.0,"### Explanation in Simple Terms

Threshold systems are like a seesaw where the order parameter \( R ..."
2025-11-26T12:24:43.425287,Nocebo,-1.0,1,245,0.6612244897959184,8.0,"### Explanation in Simple Terms

This statement is about how some systems can suddenly change their ..."
2025-11-26T12:26:39.961856,Nocebo,-1.0,1,411,0.5498783454987834,8.0,"### Explanation in Simple Terms

Threshold systems are like a seesaw where if one side gets too heav..."
2025-11-26T12:28:28.320099,Nocebo,-1.0,1,357,0.6078431372549019,7.0,"### Explanation in Simple Terms
Threshold systems are like a seesaw where at some point, it tips sud..."
2025-11-26T12:30:27.659389,Nocebo,-1.0,1,395,0.5974683544303797,8.0,"### Explanation of the Statement in Simple Terms

This statement is about a concept where certain sy..."
2025-11-26T12:32:03.474848,Nocebo,-1.0,1,315,0.6825396825396826,7.0,"### Explanation in Simple Terms:
Threshold systems are like a seesaw where a small change can sudden..."
2025-11-26T12:33:55.963684,Nocebo,-1.0,1,360,0.5888888888888889,8.0,"### Explanation in Simple Terms
Threshold systems are like a seesaw where the position of the fulcru..."
2025-11-26T12:37:47.999530,Nocebo,-1.0,1,341,0.6510263929618768,7.0,"### Explanation in Simple Terms
Threshold systems are like a seesaw where the position of a ball (re..."
2025-11-26T12:39:32.847301,Nocebo,-1.0,1,330,0.6303030303030303,9.0,"### Explanation of the Statement:

1. **Simple Terms:**
   - In threshold systems, there's a specifi..."
2025-11-26T12:41:18.015386,Nocebo,-1.0,1,341,0.6099706744868035,8.0,"### Simple Explanation
Threshold systems are like a seesaw where the position of the fulcrum (the th..."
2025-11-26T12:44:54.244849,Nocebo,-1.0,1,306,0.5882352941176471,8.0,"### Explanation in Simple Terms

Threshold systems are like a seesaw where something happens only wh..."
2025-11-26T12:46:48.704909,Nocebo,-1.0,1,343,0.6501457725947521,8.0,"### Explanation of the Statement in Simple Terms

1. **Explanation:**
   - Imagine a system where th..."
2025-11-26T12:48:16.953602,Nocebo,-1.0,1,275,0.6872727272727273,8.0,"### Explanation in Simple Terms

Threshold systems are like a seesaw where, when one side (let's cal..."
2025-11-26T12:49:49.353550,Nocebo,-1.0,1,282,0.6524822695035462,7.0,"### Explanation in Simple Terms

Threshold systems are like a seesaw where the order parameter \( R ..."
2025-11-26T12:51:41.110432,Nocebo,-1.0,1,266,0.6240601503759399,8.0,"### Explanation in Simple Terms

This statement is about how certain systems can change dramatically..."
2025-11-26T12:53:07.898642,Nocebo,-1.0,1,282,0.6205673758865248,8.0,"### Explanation in Simple Terms
Threshold systems are like a seesaw that can tip suddenly when the w..."
2025-11-26T12:54:48.801726,Nocebo,-1.0,1,269,0.5985130111524164,8.0,"### Explanation in Simple Terms
Threshold systems are like a seesaw where the order parameter \( R \..."
2025-11-26T12:56:33.815376,Nocebo,-1.0,1,312,0.6314102564102564,8.0,"### Explanation of the Statement in Simple Terms:

1. **What This Means:**
   - Imagine a system whe..."
2025-11-26T12:58:25.965222,Nocebo,-1.0,1,341,0.6070381231671554,7.0,"### Explanation in Simple Terms
This statement is about how certain systems can suddenly change thei..."
2025-11-26T13:00:20.764652,Nocebo,-1.0,1,378,0.5767195767195767,7.0,"### Explanation of the Statement in Simple Terms

This statement is about how some systems can sudde..."
2025-11-26T13:01:53.687977,Nocebo,-1.0,1,303,0.6501650165016502,8.0,"### Explanation in Simple Terms:

Imagine a system where something changes suddenly when a certain c..."
2025-11-26T13:03:53.682800,Nocebo,-1.0,1,394,0.5786802030456852,7.0,"### Explanation in Simple Terms

This statement is about how certain systems can suddenly change the..."
2025-11-26T13:05:36.495564,Nocebo,-1.0,1,309,0.6504854368932039,8.0,"### Explanation in Simple Terms
Threshold systems are like a seesaw where once a certain point is re..."
2025-11-26T13:07:23.905455,Nocebo,-1.0,1,345,0.591304347826087,7.0,"### Explanation in Simple Terms:

Threshold systems are like a seesaw where the balance is determine..."
2025-11-26T13:09:04.200282,Nocebo,-1.0,1,259,0.637065637065637,8.0,"### Explanation of the Statement in Simple Terms:

1. **Explanation:**
   - Imagine a system where s..."
2025-11-26T13:10:47.030992,Nocebo,-1.0,1,343,0.6268221574344023,7.0,"### Explanation in Simple Terms

This statement is about how certain systems can change suddenly whe..."
2025-11-26T13:12:34.082967,Nocebo,-1.0,1,320,0.65,8.0,"### Explanation in Simple Terms

Threshold systems are like a seesaw where the position of two weigh..."
