alpha,phi,velocity_km_s,deviation_km_s,relative_error
0.008041543877978055,1.5973674196381455,1509.229608451645,139.22960845164494,0.10162745142455834
0.009879366016977977,1.7724650695295598,1670.9832383312328,300.98323833123277,0.21969579440235967
0.005198824053511086,1.6623380472577793,937.5759908056319,432.42400919436807,0.31563796291559715
0.008738388562687865,1.5646419114994055,1674.314721415589,304.314721415589,0.22212753387999198
0.0069219000859377655,1.731862375317235,1198.209205517026,171.79079448297398,0.12539474049852115
0.007043646872496781,1.685760793280688,1252.6286158787325,117.37138412126751,0.08567254315420986
0.0064336416499753465,1.6387549438030757,1176.9650193464543,193.03498065354574,0.14090144573251515
0.008957725267796271,1.6603502381106428,1617.4048188635236,247.4048188635236,0.18058745902446977
0.008704368491533897,1.733078374886014,1505.7045677962076,135.70456779620758,0.0990544290483267
0.0077258698083703245,1.5413260570307337,1502.7044339348017,132.70443393480173,0.09686455031737352
0.005560756533357625,1.7319835129575496,962.5223664099051,407.4776335900949,0.2974289296278065
0.005208476681347397,1.5823981736133659,986.7693560156608,383.23064398433917,0.2797303970688607
0.008767378537681017,1.6809888698376696,1563.5998602903642,193.59986029036418,0.14131376663530232
0.005496850234150127,1.7180015383981964,959.2041718950956,410.79582810490444,0.2998509694196383
0.005137762774353021,1.7261083858231039,892.3324533932491,477.6675466067509,0.34866244277865027
0.005027316929361439,1.5621323887223293,964.8040782452375,405.1959217547625,0.29576344653632297
0.00740536099242436,1.6680083861348864,1330.9713504741867,39.02864952581331,0.028488065347308984
0.009173150450496676,1.6435572601896093,1673.225136580241,303.22513658024104,0.22133221648192777
0.00565361344016184,1.6367794403138785,1035.5156156427086,334.48438435729145,0.24414918566225652
0.007886903883720495,1.7180463366824361,1376.2343021993568,6.234302199356762,0.004550585546975738
0.008325248299548126,1.6993535608869916,1468.7035756579844,98.7035756579844,0.07204640558976963
0.005384058186332585,1.721698716813921,937.5043507511177,432.4956492488823,0.31569025492619146
0.007161015243684862,1.619739680564,1325.4095009466105,44.59049905338952,0.03254780952802155
0.005719477905882704,1.5397687236213535,1113.58044463236,256.41955536764,0.18716755866251095
0.0053037283850426485,1.7982918985520069,884.1822456057305,485.8177543942695,0.354611499557861
0.006396163903367667,1.7717670249349093,1082.265146249639,287.734853750361,0.2100254406936942
0.006595867691782182,1.503307023727192,1315.3609720119339,54.63902798806612,0.03988250218107016
0.008099847954455832,1.5261552528844635,1591.1050485218339,221.10504852183385,0.16139054636630207
0.0054544611685189886,1.760783757218764,928.6809433991716,441.3190566008284,0.3221306982487798
0.00536156222730334,1.6874631824367758,952.5279932461256,417.47200675387444,0.30472409252107624
0.005156862548997197,1.6835025327603783,918.3167052306799,451.6832947693201,0.3296958355980439
0.007315539598603616,1.5166018913276842,1446.0905069436249,76.09050694362486,0.055540516017244426
0.00944225848822131,1.5214389105648407,1860.553099831208,490.5530998312081,0.3580679560811738
0.005514934258514907,1.6554328512008323,998.7331687113012,371.26683128869877,0.2709976870720429
0.008284930312501711,1.5970211792743918,1555.2452622275773,185.2452622275773,0.135215519874144
0.006741659647719658,1.7751239361291724,1138.5676659830801,231.43233401691987,0.1689287109612554
0.009735952448481747,1.6560596386733173,1762.475847693328,392.475847693328,0.28647872094403504
0.007336746483431069,1.6305966940157048,1348.8934879255141,21.106512074485863,0.015406213193055374
0.00838097972746577,1.7281136060051492,1453.929014975678,83.929014975678,0.061262054726772264
0.008622365291563308,1.6966157502531245,1523.5742590188713,153.57425901887132,0.11209799928384767
0.005234860556097549,1.6221322721244924,967.4745644165865,402.52543558341347,0.2938141865572361
0.006787222193272581,1.7993818816394092,1130.8094435515147,239.19055644848527,0.17459164704268998
0.006941942154815268,1.7280971229123512,1204.296838581937,165.70316141806302,0.12095121271391461
0.007043411576708672,1.5472490919971262,1364.7199279087188,5.280072091281227,0.0038540672199133042
0.00906045987510989,1.5130597005635775,1795.2084346426172,425.20843464261725,0.3103711201770929
0.007353843221081177,1.556577232216333,1416.3298096397727,46.32980963977275,0.033817379299104194
0.008717392675378787,1.6935716794294566,1543.1343173992066,173.13431739920657,0.1263754141600048
0.0050346903558766585,1.672006672862215,902.7249840297378,467.2750159702622,0.3410766539928921
0.007110337618396679,1.7516583235083518,1216.9185983483512,153.08140165164878,0.11173824938076553
0.008346217063766561,1.6155039921837637,1548.82497391161,178.82497391160996,0.1305291780376715
0.006141873818875791,1.5377089689607188,1197.4225851924884,172.57741480751156,0.12596891591789164
0.006321921199321451,1.6541761595410716,1145.7451400778868,224.25485992211316,0.16368967877526508
0.007473320987224101,1.7737943497590476,1263.0806206408552,106.91937935914484,0.07804334259791594
0.005651642066557268,1.7861486524952646,948.5882737153058,421.41172628469417,0.307599800207806
0.007050852250509897,1.7898661722049007,1180.9778630383605,189.0221369616395,0.13797236274572225
0.00822321467879977,1.6852726247855707,1462.8242961774422,92.82429617744219,0.06775496071346146
0.008981502093687041,1.5404209552590236,1747.9550508619395,377.9550508619395,0.27587959916929894
0.008641503045632389,1.7378402126429162,1490.733969681099,120.7339696810991,0.08812698516868547
0.008234763741418983,1.5875393898196148,1555.0606674205312,185.06066742053122,0.13508077913907388
0.006716842321469803,1.5810650834383904,1273.6089681853537,96.39103181464634,0.07035841738295354
0.007014214881386722,1.6001526959685828,1314.1300361702417,55.86996382975826,0.040780995496173915
0.00785458406414364,1.7543980127108678,1342.1954688142496,27.80453118575042,0.02029527823777403
0.005604955490665497,1.61030859543978,1043.479112193588,326.520887806412,0.23833641445723505
0.008284385880148841,1.7921236281427788,1385.8398868409126,15.83988684091264,0.011561961197746454
0.00678576599041723,1.7188947152071294,1183.5055676663983,186.4944323336017,0.13612732287124213
0.009239919025972435,1.7091403838885841,1620.7317214135978,250.73172141359782,0.18301585504642176
0.005886580299801502,1.7086278764796745,1032.8477028759646,337.1522971240354,0.24609656724382145
0.00596779336668224,1.7032327614395648,1050.4139438473605,319.58605615263946,0.2332744935420726
0.008326773103686062,1.7161072752062836,1454.6315443259612,84.63154432596116,0.061774849872964346
0.005248016747257646,1.7632499437137599,892.2818037763914,477.71819622360863,0.3486994133019041
0.00828898490947951,1.6303169790453547,1524.2282281773614,154.22822817736142,0.11257534903457038
0.005831936990019533,1.5830224010930283,1104.451032361817,265.54896763818306,0.19383136323954966
0.005446423292105967,1.6198061096315641,1008.0197971473823,361.9802028526177,0.2642191261697939
0.008407418065554475,1.7669786056474182,1426.4352263522064,56.43522635220643,0.04119359587752294
0.00728056974438861,1.509159371786744,1446.2752841845786,76.2752841845786,0.0556753899157508
0.005429102162936503,1.7812654458045556,913.7346070420741,456.2653929579259,0.3330404328160043
0.007841058663642002,1.552110533945307,1514.5121424569008,144.51214245690085,0.10548331566197142
0.005616187441980683,1.7044810408708158,987.8025026080239,382.19749739197607,0.27897627546859566
0.005318038057092804,1.6105970972116177,989.8861134380392,380.11388656196084,0.2774553916510663
0.009106168702475156,1.6938325636941431,1611.7063497255144,241.70634972551443,0.1764279925003755
0.006223290075917133,1.5363072344022433,1214.4025536871998,155.59744631280023,0.11357477833051112
0.007542720504224894,1.6458512507778802,1373.9095309493146,3.909530949314558,0.0028536722257770496
0.008622350818788378,1.706378004573486,1514.855289258717,144.855289258717,0.1057337877800854
0.00972311307460335,1.5209181635984548,1916.5501720031118,546.5501720031118,0.3989417313891327
0.007487706305553689,1.5875417040757942,1413.9835648795452,43.983564879545156,0.03210479188287967
0.00975909598398617,1.599198193752038,1829.4814140784254,459.48141407842536,0.3353878934879017
0.006658603914170654,1.6932909737864419,1178.8873059506443,191.1126940493557,0.1394983168243472
0.006420509789891362,1.6463017329445908,1169.178391182182,200.82160881781806,0.14658511592541465
0.006555617043274856,1.65663526238424,1186.3350924219455,183.66490757805445,0.13406197633434633
0.008978920744300276,1.6962178632471778,1586.9498715028626,216.9498715028626,0.1583575704400457
0.0075378498226605865,1.5251412086173377,1481.692654819131,111.6926548191309,0.08152748526943861
0.009230856679079321,1.6037457920351281,1725.5485420511654,355.54854205116544,0.2595244832490259
0.008837210381565055,1.6434841574108476,1612.0198118163005,242.0198118163005,0.17665679694620473
0.009059799376932662,1.7268780660033232,1572.8148834987196,202.8148834987196,0.1480400609479705
0.00911749975836857,1.5228558133634955,1794.8893384322562,424.8893384322562,0.3101382032352235
0.008553420930726325,1.7808835583637206,1439.8757701413851,69.87577014138515,0.05100421178203295
0.005414603561077472,1.6079524226942454,1009.518246784366,360.48175321563394,0.2631253673106817
0.005664196557533093,1.5915054900291394,1066.96673006569,303.03326993431006,0.22119216783526283
0.008022845398894127,1.614202693844948,1490.0164344041732,120.0164344041732,0.08760323679136729
0.007940603218187507,1.5494316297414517,1536.3910940558085,166.39109405580848,0.12145335332540765
0.009539289838918222,1.672138128810435,1710.2696835327802,340.26968353278016,0.24837203177575196
0.006258712599370996,1.7896337078032607,1048.435121611639,321.56487838836097,0.23471888933457005
0.006060464528574496,1.6267378610370207,1116.8865009909616,253.11349900903838,0.18475437883871415
0.006016422021242595,1.6448920194021528,1096.532735789675,273.4672642103251,0.19961114175936137
0.008583978432139592,1.5589927815816134,1650.688844742028,280.6888447420281,0.20488236842483804
0.007183972942699703,1.7471575735003635,1232.6884188142112,137.31158118578878,0.10022743152247357
0.006166935032256706,1.5594101005835082,1185.576912035361,184.42308796463908,0.13461539267491904
0.009577988452875118,1.6581916399986742,1731.6506920667773,361.6506920667773,0.26397860734801265
0.009174989000919084,1.7704355426168683,1553.6247654872907,183.6247654872907,0.1340326755381684
0.009847235267186718,1.5035887205583771,1963.3872114695585,593.3872114695585,0.4331293514376339
0.009112275879025342,1.6557622944472963,1649.8694244387336,279.86942443873363,0.20428425141513404
0.0055140435587055225,1.526595079319136,1082.8468494216995,287.1531505783005,0.20960083983817554
0.007662615587695633,1.622898080972706,1415.488987680319,45.48898768031904,0.033203640642568644
0.006787741106689804,1.7918839727973466,1135.6279879357542,234.37201206424584,0.17107446136076337
0.00938604840935425,1.612036387914809,1745.5353642401801,375.5353642401801,0.274113404554876
0.007509499783513469,1.5587966176196972,1444.2496044722768,74.24960447227681,0.05419679158560351
0.007456154692539128,1.593478068389188,1402.779860512391,32.779860512391,0.023926905483497077
0.008686739982647998,1.6173809109193313,1610.145831339547,240.14583133954693,0.17528892798507076
0.007727961617942743,1.75363738612723,1321.1309402391037,48.869059760896334,0.035670846540800244
0.00723475568786986,1.5648110201107055,1386.0620629720138,16.06206297201379,0.011724133556214445
0.008785217477666824,1.719263985768653,1531.9008386700993,161.90083867009935,0.11817579464970755
0.008491190577076573,1.6965400323289475,1500.4626156411562,130.46261564115616,0.09522818659938406
0.007587009320332705,1.7848982664419484,1274.3181030398673,95.68189696013269,0.06984080070082678
0.009588849071018136,1.7042000425224957,1686.8117361014545,316.81173610145447,0.2312494424098208
0.006550504160033358,1.6799091156345805,1168.9868963737417,201.01310362625827,0.14672489315785275
0.005396368446235032,1.77250493536799,912.7142771168484,457.2857228831516,0.3337851991847822
0.008587116275353907,1.7805779814056306,1445.7960966628923,75.7960966628923,0.055325618002111165
0.0062268932699256815,1.614746410978333,1156.079757417542,213.92024258245806,0.1561461624689475
0.007797038602554785,1.5892840979529985,1470.7838395863148,100.7838395863148,0.07356484641336847
0.008666263957235423,1.664623364716678,1560.7618086380833,190.76180863808327,0.13924219608619218
0.009300639138613249,1.654328169845652,1685.4343165757805,315.4343165757805,0.23024402669764998
0.005071640592967954,1.7067693531906607,890.82897851201,479.17102148798995,0.34975986969926276
0.007431600179997747,1.6364929521523195,1361.409886858711,8.590113141289066,0.00627015557758326
0.005838036622054344,1.6301619643364345,1073.6352504286997,296.3647495713003,0.21632463472357688
0.005676818388636556,1.5862462194357485,1072.8897679922175,297.11023200778254,0.21686878248743252
0.006052540940828323,1.6166208565445452,1122.406727867523,247.59327213247707,0.18072501615509276
0.006368541603953677,1.566109364776696,1219.0979661224137,150.9020338775863,0.11014746998363963
0.005392396182741332,1.793521697761517,901.3549756055413,468.6450243944587,0.34207666014194066
0.009927285645799165,1.6621789411706018,1790.4963727469021,420.4963727469021,0.3069316589393446
0.009822212291775705,1.701018670265882,1731.095147526502,361.09514752650193,0.263573100384308
0.00816949119719846,1.5137898903369627,1617.8941755730175,247.8941755730175,0.18094465370293247
0.008640748538666053,1.6461901194694828,1573.5917818541043,203.59178185410428,0.14860714003949219
0.009717678963125283,1.5793430235833987,1844.619451827642,474.619451827642,0.3464375560785708
0.007681214073215883,1.7817626955530899,1292.4111909968806,77.58880900311942,0.056634167155561625
0.00889571919006553,1.6124040689029742,1653.9709698710715,283.9709698710715,0.2072780801978624
0.0066210960054076526,1.6907947631581888,1173.9772853373993,196.02271466260072,0.14308227347635089
0.00934682047603513,1.727532508222829,1622.028107521938,252.02810752193795,0.18396212227878683
0.00532501877270838,1.7478712887429293,913.3398305973212,456.6601694026788,0.33332859080487504
0.0053809080377236395,1.5361254410799792,1050.1457783076564,319.8542216923436,0.2334702348119296
0.007054587919429984,1.5426257114962807,1370.9821097767433,0.9821097767433002,0.0007168684501775914
0.0051776047501253045,1.6726429707323927,927.9965191333588,442.0034808666412,0.3226302780048476
0.00933599538879991,1.7493529234424285,1599.940736931064,229.94073693106407,0.16783995396428034
0.008637009934769284,1.5102316631034671,1714.5120853803128,344.5120853803128,0.25146867546008234
0.0071688577023053075,1.5696171664619216,1369.2316302011334,0.7683697988666154,0.0005608538677858506
0.007830125069058582,1.6203438542560218,1448.7125277358507,78.7125277358507,0.05745439980719029
0.007127659779468399,1.7005830807715547,1256.521171611971,113.47882838802889,0.08283126159710137
0.007777412501078251,1.7973509995597254,1297.2477891904928,72.75221080950723,0.05310380351058922
0.009026548163114623,1.6492487805786498,1640.8022203454761,270.80222034547614,0.1976658542667709
0.008879528865011425,1.7708268501297764,1503.2614759193636,133.26147591936365,0.09727115030610485
0.008435474925950521,1.7435236685155675,1450.4487711378003,80.44877113780035,0.058721730757518506
0.007882196111652487,1.5814058250507395,1494.2546115096823,124.25461150968226,0.0906967967223958
0.008173406668534965,1.7895010798017208,1369.278679432363,0.7213205676368943,0.000526511363238609
0.00643388809187021,1.696187292448007,1137.1569249141892,232.84307508581082,0.16995844896774512
0.007701435300711832,1.6482145651654632,1400.8080426692425,30.808042669242468,0.02248762238630837
0.007742645017768725,1.7663290301001306,1314.13034703209,55.86965296791004,0.04078076858971536
0.005758407947908381,1.6423166037436006,1051.1537598384439,318.8462401615561,0.232734481869749
0.00931638206084021,1.5538382476120742,1797.4722156431806,427.47221564318056,0.312023515068015
0.008782054527480676,1.7746581079629609,1483.5498180015695,113.54981800156952,0.08288307883326242
0.006874667469141878,1.507362754134482,1367.271051944016,2.728948055983892,0.0019919328875794835
0.007319089909005248,1.5136631469026605,1449.6012264245098,79.60122642450983,0.058103084981394035
0.007616346338493176,1.6086109903020602,1419.4377656013735,49.437765601373485,0.03608596029297335
0.009817801722047804,1.7001205018777066,1731.2319374765484,361.2319374765484,0.263672947063174
0.007659630497079994,1.6256055560739502,1412.580958222877,42.580958222876916,0.031080991403559792
0.007421139378926438,1.6978739431183838,1310.3455792971235,59.65442070287645,0.04354337277582223
0.009471661968598874,1.5887098330814589,1787.3199773704569,417.31997737045685,0.3046131221682167
0.007081655819728016,1.6082641728023117,1320.0735555819842,49.92644441801576,0.036442660159135595
0.005559893363884565,1.712160276539377,973.5152255405732,396.48477445942683,0.2894049448608955
0.006640608261540901,1.6432961280909302,1211.4701904977007,158.52980950229926,0.11571518941773669
0.009176307758481096,1.6224540780163537,1695.572093875799,325.57209387579906,0.23764386414291902
0.007568815209959187,1.769128308833913,1282.5942045080196,87.40579549198037,0.06379985072407326
0.007551534690080271,1.6594921984013706,1364.2083696399995,5.791630360000454,0.004227467416058725
0.005317595647907869,1.6852549848552028,945.9548164893126,424.04518351068737,0.30952203175962584
0.0078056309672614975,1.7786732211632406,1315.6263140825001,54.37368591749987,0.03968882183759115
0.006191835784884,1.6449149934957028,1128.4872937645716,241.51270623542837,0.176286646887174
0.009309749319629511,1.6307833219853811,1711.4429576687673,341.44295766876735,0.24922843625457472
0.00802350055036743,1.6943330051956222,1419.6648146397208,49.66481463972082,0.03625168951804439
0.008147718858890159,1.5317191337094598,1594.6948823993462,224.69488239934617,0.16401086306521617
0.009806433286621426,1.6222592902976145,1812.2224707185444,442.2224707185444,0.3227901246120762
0.009422650605436766,1.5268129719464598,1850.154300351421,480.15430035142094,0.35047759149738755
0.006634707755380713,1.561532772930689,1273.7711180817676,96.22888191823245,0.07024005979433025
0.0055686874366782935,1.622669383209609,1028.829724495919,341.170275504081,0.24902939817816133
0.009364470453466379,1.7870434749089976,1570.9733168388768,200.97331683887683,0.14669585170720936
0.009911352583093207,1.5028500901043855,1977.1424791835204,607.1424791835204,0.44316969283468644
0.009180279162853007,1.5446297512760883,1781.772268133633,411.7722681336329,0.30056369936761523
0.006195971531520061,1.5228933536079234,1219.7213486629003,150.27865133709975,0.10969244623145967
0.006416508120796879,1.6915445670364375,1137.1977888119222,232.80221118807776,0.16992862130516626
0.009544016707402559,1.6904463899305828,1692.5850147917286,322.58501479172855,0.2354635144465172
0.009809543308085476,1.798736708873375,1634.9402809655007,264.94028096550073,0.1933870663981757
0.006564595987407126,1.6568637907603796,1187.796110830899,182.2038891691011,0.13299553953948987
0.008369685918676558,1.5230007679274586,1647.5163815331355,277.5163815331355,0.202566701849004
0.007794737392684851,1.7907658950285819,1304.9184647221605,65.08153527783952,0.04750477027579527
0.009027513964942927,1.6836321987130787,1607.4654566764923,237.4654566764923,0.1733324501288265
0.006737091168813187,1.6082240052504755,1255.8754966190372,114.12450338096278,0.08330255721238158
0.007729467089432723,1.5065389357776764,1538.1188515881158,168.11885158811583,0.12271449021030352
0.009853916442587363,1.6638061858831514,1775.5252122000159,405.52521220001586,0.296003804525559
0.005022356782155405,1.7997085192503133,836.6158567180306,533.3841432819694,0.389331491446693
0.006431814552883037,1.761370461952105,1094.7211480269552,275.27885197304477,0.20093346859346334
0.0080096487510944,1.7474686503944468,1374.120380508802,4.1203805088021,0.0030075770137241607
0.008401672016106396,1.7987882632829226,1400.252579156499,30.252579156498996,0.02208217456678759
0.008625175646502021,1.6017256716044899,1614.360469827742,244.360469827742,0.17836530644360732
0.009960821427700538,1.5835260939934834,1885.7782961937742,515.7782961937742,0.37648050817063805
0.00855969600264884,1.6570402096910473,1548.6240402369726,178.62404023697263,0.13038251112187785
0.008532916354294966,1.6480653372851601,1552.186014649409,182.1860146494089,0.13298249244482402
0.007987288667246123,1.6639487490243599,1439.0640960025169,69.06409600251686,0.050411748906946614
0.009650421083992555,1.7854003640550689,1620.4340022280387,250.4340022280387,0.18279854177229102
0.005832931113021676,1.6701877820981215,1046.9893112981183,323.0106887018817,0.23577422532984066
0.00929837038977337,1.5347734987132864,1816.2818923323937,446.2818923323937,0.32575320608203917
0.009273479028853619,1.7923127014954892,1551.1350613940153,181.13506139401534,0.13221537328030317
0.008582414231873324,1.5841443917209996,1624.1846839177738,254.18468391777378,0.18553626563341152
0.0058464015745128516,1.686298938692817,1039.381012619826,330.6189873801741,0.2413277280147256
0.008640131974312132,1.545929935614086,1675.5263885840395,305.5263885840395,0.22301196247010185
0.008815417851917992,1.7772231643664351,1487.0365405493174,117.03654054931735,0.08542813178782288
0.008559661513767317,1.573744674790951,1630.5834141749688,260.58341417496877,0.19020687166056113
0.005111252318360859,1.6723539453903318,916.2623140892307,453.7376859107693,0.33119539117574404
0.00937614372348712,1.5465797155960095,1817.4925903138674,447.49259031386737,0.32663692723639953
0.007785041433756766,1.7234328190138624,1354.2139161497612,15.78608385023881,0.011522688941780154
0.00962869803086415,1.7109022916559855,1687.186383518469,317.18638351846903,0.2315229076777146
0.009645019063358181,1.737691169864457,1663.9918661073411,293.99186610734114,0.2145926029980592
0.00920143535234123,1.5748578506601842,1751.599942972691,381.599942972691,0.27854010435962845
0.008116349715365128,1.6035486178233556,1517.3973549113507,147.3973549113507,0.10758931015427059
0.0069607726846441466,1.725473604904641,1209.3996377441279,160.60036225587214,0.1172265417926074
0.008171975181587715,1.7098673469968417,1432.799176325637,62.79917632563706,0.04583881483623143
0.009955018307115643,1.5752513944638378,1894.5797592777242,524.5797592777242,0.3829049337793607
0.009251057210035213,1.6531640630487328,1677.6297296110065,307.6297296110065,0.2245472478912456
0.007329249695122816,1.688841193413499,1301.0422708576364,68.95772914236363,0.05033410886303915
0.008945096703636364,1.7766411816468133,1509.4058133590788,139.40581335907882,0.101756068145313
0.00550280562429344,1.6602386532086264,993.6520998441378,376.34790015586225,0.27470649646413303
0.008626750251813059,1.6624164343226255,1555.7080699800426,185.70806998004264,0.13555333575185594
0.009028898219639614,1.5017100604590694,1802.4754988124155,432.4754988124155,0.31567554657840546
0.009181006140363535,1.7004934584783642,1618.58687783226,248.58687783225992,0.18145027578997075
0.006473872194710144,1.6876426570765728,1150.017185149847,219.9828148501531,0.16057139770084167
0.008728416346344865,1.658481682742425,1577.7764796239248,207.77647962392484,0.15166166395906922
0.005833001417218116,1.726764193140161,1012.6975294786888,357.3024705213112,0.26080472300825636
0.00641879467529537,1.7467388923638456,1101.6564877077678,268.34351229223216,0.19587117685564392
0.00958532301361825,1.7601859189601938,1632.5591041394805,262.5591041394805,0.1916489811237084
0.008310523129063378,1.7732889725621286,1404.9780913756128,34.97809137561285,0.025531453558841496
0.008497330159200824,1.7245203505207933,1477.1849425233154,107.18494252331539,0.07823718432358787
0.006454503548557424,1.6783303981233093,1152.938352397991,217.0616476020091,0.15843915883358328
0.005143110380515913,1.6823323893591833,916.5047956590151,453.49520434098486,0.33101839732918603
0.005613332051213421,1.5748575904212538,1068.5630392480866,301.4369607519134,0.22002697865103166
0.005290798716456539,1.5520356026172457,1021.974978740817,348.02502125918295,0.25403286223298027
0.009645266317383282,1.7110259767491307,1689.9673860281218,319.96738602812184,0.23355283651687725
0.005594807002812406,1.696043584894496,988.9374060591025,381.0625939408975,0.2781478787889763
0.007829247232817351,1.5851987332984852,1480.6656243864504,110.66562438645042,0.08077782801930687
0.007366198233377363,1.5678449957752962,1408.5133928736634,38.513392873663406,0.028111965601214164
0.006784463393492345,1.587092029640188,1281.5456942387939,88.45430576120611,0.06456518668701176
0.008168646851768515,1.5670556854087299,1562.7387980069811,192.73879800698114,0.14068525401969426
0.009113581691035292,1.7062330972471986,1601.2953099710203,231.2953099710203,0.16882869340950385
0.009517835498306683,1.7537805786668714,1626.9853444528367,256.98534445283667,0.18758054339623115
0.006677641718381286,1.7368646943211299,1152.597914473317,217.4020855266831,0.15868765366911175
0.005868278779388122,1.7675599336375882,995.3075344276931,374.6924655723069,0.2734981500527788
0.00601842552177312,1.6660926336872066,1082.940134288495,287.0598657115049,0.20953274869452915
0.006118669020706936,1.5598357562145717,1175.9769053235204,194.02309467647956,0.14162269684414566
0.005340797482671057,1.6802397936988402,952.9180364699475,417.08196353005246,0.3044393894379945
0.008122735406530765,1.5073646531091704,1615.491519045938,245.49151904593805,0.17919088981455333
0.007963652344289451,1.778670294441768,1342.262766974073,27.737233025927026,0.02024615549337739
0.009777603128091457,1.6277585720035483,1800.79019427989,430.7901942798901,0.3144453972845913
0.008568838923692798,1.5376831455172635,1670.6128896768205,300.6128896768205,0.2194254669173872
0.009304230169612196,1.5071865213048778,1850.6919965890286,480.6919965890286,0.35087007050294056
0.005921684116175827,1.761509996033631,1007.8150227278159,362.18497727218414,0.26436859654903955
0.006610918596199131,1.54015528776801,1286.8205896722384,83.17941032776162,0.060714898049461036
0.009673879359652844,1.653353306577459,1754.1054655942169,384.10546559421687,0.28036895298847947
0.0054205840332596155,1.5534606392731996,1046.0839303187934,323.91606968120664,0.236435087358545
0.008998850156409617,1.6813612162268485,1604.5257744304595,234.52577443045948,0.17118669666456895
0.005355492777692074,1.7355753564773408,925.0744069587829,444.9255930412171,0.32476320659942853
0.005389084553386667,1.6396818379286398,985.3173141629526,384.6826858370474,0.28079028163288133
0.005463541274104468,1.6754400160537077,977.6109274303765,392.3890725696235,0.2864153814376814
0.006472761940684926,1.7545233622046301,1105.9899537664094,264.01004623359063,0.19270806294422674
0.0073091891259421775,1.6230165492251467,1350.1031613628393,19.896838637160727,0.014523239881139216
0.00553005794767276,1.653028150931503,1002.9288757611423,367.0711242388577,0.26793512718164797
0.009444579538865055,1.593957089472737,1776.3424959384952,406.3424959384952,0.2966003619989016
0.00837916430603342,1.5924507700325752,1577.4492439978144,207.4492439978144,0.15142280583782072
0.008756643249473929,1.7851403773115864,1470.5709629079138,100.57096290791378,0.0734094619765794
0.007575981377287744,1.7295133492056052,1313.2145409010743,56.785459098925685,0.04144924021819393
0.005422496920048811,1.587516709505396,1024.0041383031105,345.9958616968895,0.2525517238663427
0.007613795777502981,1.6358499374475477,1395.3349256528784,25.334925652878383,0.018492646461955024
0.009628733632946166,1.5055802909590084,1917.2818218877662,547.2818218877662,0.39947578239982934
0.00849180177729486,1.7827485349921357,1428.007415344882,58.00741534488202,0.04234117908385549
0.0057671146540151695,1.7004527212477574,1016.7512781104365,353.2487218895635,0.25784578240114125
0.0070647769973187415,1.7520623262259971,1208.8421910253724,161.15780897462764,0.1176334372077574
0.008269880863253892,1.5983229596943895,1551.1557888376299,181.15578883762987,0.1322305028011897
0.005738426525400437,1.7974166111513448,957.1164428041117,412.88355719588833,0.30137485926707175
0.009970091977287293,1.5057624082968832,1985.0132822333817,615.0132822333817,0.4489148045499136
0.006312423514233794,1.724776073966129,1097.1957402664607,272.8042597335393,0.1991271968857951
0.005366237866304354,1.755769234775412,916.2694096060071,453.7305903939929,0.3311902119664182
0.009544829020218496,1.6099170360596158,1777.4007536218614,407.40075362186144,0.2973728128626726
0.005901205394570785,1.5167383698212347,1166.4087265160629,203.59127348393713,0.14860676896637748
0.009056309025405176,1.6827564835556896,1613.431990704287,243.43199070428705,0.17768758445568397
0.008814731474264346,1.5743932313091449,1678.481565296299,308.4815652962991,0.22516902576372197
0.005455385608938761,1.6013598334190944,1021.3091566994193,348.6908433005807,0.2545188637230516
0.008126907659658246,1.632050515739997,1492.8371393720481,122.83713937204811,0.08966214552704242
0.006916182292931711,1.7549350661077388,1181.4792066197065,188.52079338029353,0.1376064185257617
0.005482678037381002,1.6616688574380072,989.1655114625554,380.8344885374446,0.2779813784944851
0.008407879676686221,1.7833427067417544,1413.423738080769,43.423738080769,0.03169615918304306
0.009078550003785005,1.7419822877160538,1562.4044170271463,192.40441702714634,0.14044118031178565
0.008483455865361582,1.5419830605100946,1649.354102093663,279.35410209366296,0.20390810371800216
0.006257560060747425,1.571204390731834,1193.9689850410314,176.03101495896863,0.128489791940853
0.007372189312932133,1.5647092379217922,1412.483994726516,42.4839947265159,0.031010215128843725
0.00987260188041638,1.7528095698927475,1688.5642544538089,318.56425445380887,0.23252865288599187
0.005179261139493863,1.7145188229599522,905.6205197865092,464.37948021349075,0.3389631242434239
0.006001455601743469,1.5621539642789986,1151.737387969276,218.26261203072409,0.15931577520490808
0.00781641703122599,1.5694465804243731,1493.0759057187413,123.0759057187413,0.08983642753192796
0.006745363115260134,1.5272241931162176,1324.1074869958456,45.89251300415435,0.03349818467456522
0.007726012375315602,1.5684611443086671,1476.734217445468,106.73421744546795,0.07790818791639996
0.008170530168867917,1.5265188585764013,1604.6073120723738,234.60731207237382,0.17124621319151373
0.009923273373566351,1.5960132959364997,1863.971010543368,493.97101054336804,0.36056278141851683
0.007811859055397451,1.6179478897457313,1447.4733349633448,77.47333496334477,0.05654987953528815
0.006999080259905372,1.602149308118812,1309.6603819777743,60.33961802222575,0.044043516804544346
0.00643862735585039,1.5995691604328515,1206.7323932615036,163.2676067384964,0.11917343557554481
0.005786227841884193,1.6299072846038167,1064.2737066410161,305.72629335898387,0.2231578783642218
0.0077651301820658,1.7284038954202936,1346.865434716817,23.134565283183065,0.016886544002323405
0.006096754333365901,1.69557045813764,1077.9622625823927,292.03773741760733,0.2131662316916842
0.008014108421772827,1.5245888284338545,1575.880143966314,205.8801439663141,0.15027747734767452
0.009059251807937997,1.690436744213366,1606.623481440295,236.6234814402951,0.172717869664449
0.007515910691812183,1.6977526400042509,1327.1741049398179,42.82589506018212,0.03125977741619133
0.009451850415240581,1.503252042322576,1884.9756320671918,514.9756320671918,0.3758946219468553
0.006924288467166754,1.734690462763186,1196.6685146618927,173.3314853381073,0.12651933236358198
0.005736078034978512,1.7622605512654252,975.810831236733,394.18916876326705,0.2877293202651584
0.008692277386023045,1.7776723935555498,1465.8939479628214,95.89394796282136,0.06999558245461412
0.008109929914293672,1.6945460514580257,1434.7770726690414,64.77707266904144,0.04728253479492076
0.005284797712054636,1.6869711924745419,939.1639307163477,430.83606928365225,0.31447888268879726
0.008119651660690858,1.6360572182813502,1487.8515875009496,117.85158750094956,0.08602305657003617
0.007962186576626501,1.624886286623077,1469.028020306737,99.02802030673706,0.07228322650126792
0.005569638318081225,1.5327848809164384,1089.3476197065802,280.6523802934198,0.20485575203899256
0.005928739619692746,1.5518715231600682,1145.3212439972995,224.67875600270054,0.16399909197277412
0.008911335500070745,1.5815281884889603,1689.221344945706,319.22134494570605,0.2330082809822672
0.006925618194030499,1.6571909639727684,1252.87196629443,117.12803370557003,0.08549491511355477
0.009418316632342806,1.525889672178333,1850.4223109404077,480.42231094040767,0.35067321966453113
0.008354850052721241,1.5136525419146318,1654.752966198232,284.7529661982319,0.2078488804366656
0.0075688789844443995,1.6503749477659577,1374.8953461288932,4.895346128893152,0.0035732453495570453
0.008918943676125574,1.7537997674684813,1524.5936833990913,154.59368339909133,0.11284210467086958
0.00908119703695245,1.707753562001053,1594.1845719825312,224.18457198253122,0.1636383737098768
0.005271055598795017,1.5247453389085,1036.3846826701133,333.6153173298867,0.2435148301678005
0.008652268477065399,1.5709355074057485,1651.1720702646207,281.17207026462074,0.2052350877843947
0.006134373635915231,1.7625529704452916,1043.394996597923,326.60500340207705,0.23839781270224603
0.006536223992683948,1.7821608276386802,1099.5139307385623,270.4860692614377,0.1974350870521443
0.008917654922798042,1.5190243351519153,1759.9755494595536,389.9755494595536,0.2846536857369004
0.005216977375108526,1.616629084225071,967.4516473046626,402.54835269533737,0.29383091437615866
0.006815636000728918,1.6847875850356302,1212.7797519641624,157.22024803583759,0.11475930513564787
0.006517270078874706,1.7609129339338383,1109.5542424297464,260.4457575702536,0.1901063923870464
0.0070960485259889995,1.744240457865586,1219.637934724167,150.36206527583295,0.10975333231812624
0.0069339378951961675,1.5559017761736411,1336.0369639350643,33.96303606493575,0.02479053727367573
0.006344351789499088,1.5964962353602368,1191.3518962739436,178.64810372605643,0.13040007571244996
0.00680699685552374,1.7545042710510546,1163.1127678550693,206.88723214493075,0.15101257820797864
0.0077924928251274445,1.536104829659045,1520.8145517717367,150.81455177173666,0.11008361443192458
0.007237966282294079,1.5964159585595112,1359.2245122931565,10.775487706843478,0.007865319494046334
0.0071833069809839525,1.510702707970596,1425.4963898824585,55.496389882458516,0.040508313782816434
0.008869306626052176,1.5486955451055318,1716.8973221258161,346.8973221258161,0.25320972417942783
0.005870251560817418,1.6568580697927415,1062.1652974270348,307.83470257296517,0.22469686319194537
0.005559566548103065,1.576707104493828,1057.0867069223111,312.9132930776889,0.22840386356035686
0.008494463853534237,1.6631805524488987,1531.1483736949385,161.14837369493853,0.1176265501422909
0.005263660443504443,1.7867495286006907,883.1711872180521,486.82881278194793,0.3553494983809839
0.005768042692095125,1.5417887460891473,1121.5646118175455,248.43538818245452,0.18133969940325148
0.009477658153207898,1.7230185064843815,1649.042319128272,279.0423191282721,0.2036805249111475
0.007283529599201476,1.5964997230312499,1367.7091263846241,2.290873615375858,0.0016721705221721592
0.008226373930483566,1.593081186985432,1548.0723024000795,178.07230240007948,0.12997978277378064
0.006581292448571475,1.66525939240596,1184.8135185254635,185.18648147453655,0.1351726142149902
0.009221408244006198,1.7394793317422912,1589.2736367974571,219.27363679745713,0.16005374948719497
0.007372045061390927,1.664692730070258,1327.6224912376897,42.3775087623103,0.03093248814767175
0.005651869974118024,1.6602377167151203,1020.5695092806872,349.43049071931284,0.2550587523498634
0.00648327600514537,1.6636939063499931,1168.266134807893,201.73386519210703,0.14725099649058906
0.007777395320043018,1.5767625842468114,1478.7289368279592,108.72893682795916,0.07936418746566362
0.005687718379275617,1.5696544884574497,1086.3123610155155,283.68763898448447,0.2070712693317405
0.005288136995627024,1.512813458033061,1047.9438689162657,322.0561310837343,0.2350774679443316
0.00971749289383064,1.6075866416217344,1812.1767155891212,442.17671558912116,0.3227567267073877
0.007392075246545046,1.7522315165199949,1264.723517976631,105.276482023369,0.07684414746231313
0.009900951303266781,1.5889707200263126,1868.0209083371274,498.02090833712737,0.3635189111949835
0.00875798992959189,1.6281027698743378,1612.6619134332966,242.6619134332966,0.17712548425788074
0.007119832488072108,1.5575977086084696,1370.3615961622677,0.36159616226768776,0.0002639388045749546
0.006494858315036989,1.5935663091410626,1221.856616481918,148.14338351808192,0.10813385658254154
0.009722465313064154,1.770824062362041,1645.9691484739571,275.96914847395715,0.20143733465252348
0.008446672007236792,1.601332549465902,1581.3383446267303,211.3383446267303,0.15426156542097103
0.008142016756067282,1.5864722667207023,1538.5804514717802,168.58045147178018,0.12305142443195634
0.005396130296000951,1.6160005057970754,1001.0635264798198,368.93647352018024,0.26929669600013156
0.009063755790534377,1.7602639353549252,1543.6580688725812,173.65806887258123,0.12675771450553375
0.006585340639374409,1.768162652358655,1116.5462942064735,253.45370579352652,0.1850027049587785
0.007692406170597623,1.582089781418997,1457.6450596561183,87.64505965611829,0.06397449609935642
0.007071398217218803,1.6446302535183572,1289.014262325304,80.98573767469611,0.05911367713481468
0.0083904332672562,1.623664735001411,1549.2044377459003,179.20443774590035,0.1308061589386134
0.005415930623028102,1.6386040131773587,990.8770763271195,379.12292367288046,0.27673206107509524
0.00728553572997029,1.5058460282503,1450.4462098774225,80.44620987742246,0.05871986122439596
0.008623043417749901,1.6596979560005445,1557.5866514154552,187.5866514154552,0.1369245630769746
0.005839938721823393,1.6004972362179637,1093.8910385887007,276.10896141129933,0.20153938789145937
0.0095227893538011,1.5090962116418194,1891.7683348275862,521.7683348275862,0.3808527991442235
0.009422544347417286,1.6880776223394367,1673.387344956004,303.387344956004,0.22145061675620728
0.006079687444463074,1.7818874849777724,1022.8729132524659,347.1270867475341,0.2533774355821417
0.007077900888075368,1.6502752501822404,1285.7862980628083,84.21370193719167,0.06146985542860706
0.008561989483116466,1.7002253210905107,1509.693945075055,139.6939450750549,0.10196638326646343
0.0074561168535835255,1.749136898795797,1277.9374788845444,92.06252111545564,0.0671989205222304
0.005028586497685496,1.6167740595654536,932.4322699808353,437.56773001916474,0.3193925036636239
0.008707421220057632,1.6943340553532447,1540.6756431264675,170.67564312646755,0.1245807614061807
0.007727026535556351,1.6065012286435634,1441.9561198104932,71.95611981049319,0.05252271519014102
0.00891277116109318,1.5202746081050795,1757.565087077317,387.565087077317,0.282894224144027
0.00713127218783855,1.6380995250347345,1305.1109442289985,64.8890557710015,0.047364274285402554
0.0071993799564596134,1.52093874828956,1419.070830860346,49.07083086034595,0.03581812471558098
0.0053594269297499815,1.7262017139754673,930.7810088085539,439.2189911914461,0.3205978037893767
0.009317260140393715,1.6203787839288435,1723.8218292030647,353.8218292030647,0.25826410890734647
0.008900449451572376,1.5368034000296507,1736.2582737259388,366.2582737259388,0.2673418056393714
0.009837099658409027,1.6388347752217143,1799.5031169548051,429.50311695480514,0.3135059247845293
0.005140684688032633,1.6985636809324378,907.3186455878109,462.6813544121891,0.3377236163592621
0.006945242494882873,1.7993899964470486,1157.1317630187018,212.8682369812982,0.1553782751688308
0.00891256269318071,1.737938346606783,1537.407286101087,167.40728610108704,0.12219509934385915
0.005811704844216949,1.7560942866787168,992.1479123501451,377.85208764985487,0.27580444354004
0.0053314025928043966,1.5715823330299592,1017.0095796399705,352.9904203600295,0.25765724113870764
0.007326767256469871,1.506393133058481,1458.1250516930936,88.12505169309361,0.06432485525043329
0.00927257118838429,1.73454179084865,1602.6404916918295,232.64049169182954,0.16981057787724785
0.008074765074854311,1.667446211938149,1451.7731679928524,81.77316799285245,0.05968844379040325
0.0075603651914086575,1.6729667932040675,1354.8030201897561,15.196979810243874,0.01109268599287874
0.008139430534349013,1.5458558133868399,1578.504195204728,208.50419520472792,0.15219284321512988
0.008342063238760392,1.770217980840193,1412.756886557231,42.75688655723093,0.03120940624615396
0.007437248320443927,1.6151711168628824,1380.4301794801954,10.43017948019542,0.007613269693573299
0.009375096934724124,1.6058060431280439,1750.2632812206323,380.2632812206323,0.27756443884717685
0.008344615277332103,1.5103719736068038,1656.3156419552313,286.3156419552313,0.20898951967535132
0.00720252198697569,1.6121498961292937,1339.3678686199005,30.63213138009951,0.022359219985474094
0.009167529418507896,1.778291976934577,1545.5033334286386,175.5033334286386,0.12810462294061212
0.007185725309205103,1.559687196791772,1381.191214104074,11.191214104074106,0.008168769419032194
0.007991342756095195,1.597308861109843,1499.8628918302381,129.86289183023814,0.09479043199287455
0.005469004261084039,1.502424461764477,1091.2803085735961,278.71969142640387,0.203445030238251
0.0054242936468838305,1.680193404709769,967.8423452649995,402.1576547350005,0.29354573338321205
0.005549813078572297,1.5428808646970158,1078.3671911003084,291.63280889969155,0.2128706634304318
0.006559708771310113,1.6853941277494167,1166.8197865037323,203.1802134962677,0.14830672517975743
0.00521227185667973,1.575859420792682,991.5857792011851,378.4142207988149,0.27621475970716414
0.00510163986443767,1.555499925383208,983.2421910362802,386.75780896371975,0.2823049700465108
0.008589930979142854,1.6153885123640168,1594.1654299119343,224.16542991193432,0.1636244013955725
0.008807522698193614,1.751107139325062,1507.862551231428,137.86255123142791,0.10062959943899848
0.005292659944829307,1.669048209542758,950.6612961486621,419.33870385133787,0.30608664514696193
0.006210963461471129,1.7636076829305247,1055.7903669191314,314.20963308086857,0.2293500971393201
0.009989062294194155,1.6379191708523044,1828.3231502402507,458.3231502402507,0.33454244543083994
0.006509281470650555,1.6357887411827172,1192.9618066017792,177.03819339822076,0.12922495868483266
0.008099777550557869,1.6082570158423848,1509.8657722087255,139.8657722087255,0.10209180453191642
0.005744133637173765,1.604923257705019,1072.9783707111756,297.02162928882444,0.21680410896994484
0.009708513361224688,1.576086828539291,1846.6870171009948,476.6870171009948,0.3479467278109451
0.007138659823929918,1.651481579495682,1295.8766249729113,74.12337502708874,0.05410465330444433
0.005323731576235797,1.5486292963235018,1030.5982062724347,339.4017937275653,0.2477385355675659
0.0075178519390078115,1.7585015751362914,1281.6566920052596,88.34330799474037,0.06448416641951851
0.00882859169187899,1.5384686011454112,1720.3764847824923,350.3764847824923,0.25574925896532286
0.006902353094075467,1.6966973731876895,1219.5889689916348,150.41103100836517,0.1097890737287337
0.005951162250485803,1.7393692754837626,1025.7244302155123,344.27556978448774,0.25129603633904213
0.005125070119688595,1.642947295190948,935.1836015075738,434.8163984924262,0.3173842324762235
0.005559583272565846,1.729692615653566,963.593831444107,406.40616855589303,0.2966468383619657
0.00943342342274667,1.7118062943138206,1652.0965045251407,282.09650452514074,0.205909857317621
0.00822643129881188,1.7822929880512697,1383.735489155166,13.735489155166078,0.010025904492821956
0.008706405313383174,1.5093857804431312,1729.2561537694587,359.2561537694587,0.2622307691747874
0.006443820445185817,1.5201861016350566,1270.7712352422689,99.22876475773114,0.07242975529761397
0.006209301044133871,1.7404421793220857,1069.5567164477288,300.44328355227117,0.2193016668264753
0.009556906433505614,1.7653225618248918,1622.9829791643817,252.98297916438173,0.18465910887911074
0.009049246814022034,1.6773991012461222,1617.3228800521906,247.3228800521906,0.18052764967313184
0.006082660538171515,1.6479144044053589,1106.5718881048647,263.4281118951353,0.19228329335411337
0.006476149409931091,1.7151353615951817,1131.981063099752,238.01893690024804,0.17373645029215184
0.008326667341473405,1.6686081198945528,1496.0205691713813,126.02056917138134,0.09198581691341703
0.007469925198445054,1.6269109908255257,1376.4903236541863,6.490323654186341,0.004737462521303898
0.009257620223344941,1.5975935265022159,1737.2158036115072,367.2158036115072,0.268040732563144
0.007768828191323239,1.6588522130200722,1404.0045767647334,34.00457676473343,0.024820858952360168
0.007892749332601869,1.5067971342043942,1570.3419319601685,200.3419319601685,0.1462349868322398
0.009511622580677243,1.634201980026729,1744.8961314946484,374.89613149464844,0.2736468113099624
0.007333688817033867,1.5217053636823934,1444.8162233885498,74.81622338854982,0.05461038203543782
0.00688724977464876,1.7663021240399843,1168.9650998546595,201.03490014534054,0.146740803025796
0.009023337468932455,1.689198414532717,1601.427337310803,231.42733731080307,0.1689250637305132
0.00861790949322312,1.525589980554257,1693.4984515670849,323.4984515670849,0.23613025661831014
0.00897533211695507,1.658933477294648,1621.9679170597592,251.9679170597592,0.18391818763486073
0.0074319584035384845,1.7669418163600064,1260.9612025258696,109.03879747413043,0.07959036311980323
0.009293762180425819,1.7215595539384596,1618.4161632766227,248.41616327662268,0.18132566662527203
0.007436078884978865,1.5968030124966597,1396.0897802441843,26.08978024418434,0.019043635214733096
0.005929638524736115,1.6876436367455625,1053.339028262009,316.6609717379911,0.23113939542919057
0.006188814212528021,1.5287922041363227,1213.6115162408737,156.3884837591263,0.11415217792636956
0.0066200095427547696,1.6197322431492227,1225.2821052368645,144.71789476313552,0.10563349982710622
0.006059051889544871,1.7645059460070116,1029.442866558061,340.55713344193896,0.24858184922769266
0.005207968309342666,1.7845888247867032,874.8847908035916,495.1152091964084,0.3613979629170864
0.008278726615632665,1.6572210079353977,1497.627527847081,127.62752784708096,0.09315877945042406
0.0053971179617792195,1.5015537090594788,1077.560696041443,292.43930395855705,0.21345934595515112
0.009934363423267239,1.5782080289098233,1887.106879936392,517.106879936392,0.3774502773258336
0.006934451270148847,1.630183398940221,1275.2529516069364,94.74704839306355,0.069158429483988
0.008015357293364387,1.7977983349473956,1336.603565603062,33.39643439693805,0.024376959413823392
0.00509235846026686,1.7165256098141737,889.3841438146492,480.6158561853508,0.3508144935659495
0.005332836177408689,1.547026179045038,1033.430518107691,336.5694818923091,0.24567115466591907
0.007418480645954023,1.5329435833458314,1450.8065212822967,80.80652128229667,0.05898286224985159
0.006019018147152713,1.5723807766106304,1147.5949540486884,222.40504595131165,0.16233944959949756
0.009683894938419382,1.5977897119665714,1816.9842031522883,446.9842031522883,0.32626584171699874
0.009595126213225745,1.5416491362341342,1865.8891992180959,495.8891992180959,0.3619629191372963
0.009765839186543578,1.7095411601471349,1712.579376512139,342.5793765121391,0.25005793905995555
0.006446208823515348,1.5341771032414888,1259.6490873835985,110.3509126164015,0.08054811139883321
0.0076779784123375,1.635996788546002,1406.9709896871677,36.97098968716773,0.02698612385924652
0.005563881723805437,1.717064906396123,971.4308246517171,398.5691753482829,0.2909264053637101
0.006056084472950676,1.631358136272207,1112.9183774141998,257.08162258580023,0.18765081940569361
0.006961521661069647,1.5517054522556555,1344.9792853137833,25.020714686216706,0.018263295391399054
0.006917420096538925,1.6456614177762574,1260.1561605316508,109.84383946834919,0.08017798501339357
0.009968006999399813,1.6742785818484354,1784.8483233967536,414.8483233967536,0.3028089951801121
0.007451728504645367,1.7336928619095284,1288.5627286345007,81.43727136549933,0.05944326377043747
0.005904938549430871,1.5245644848710036,1161.1552411458806,208.8447588541194,0.1524414298205251
0.005666505737974327,1.5055236027940375,1128.3620398283638,241.63796017163622,0.17637807311798265
0.007567334450306098,1.7823549092155522,1272.827192628998,97.17280737100191,0.07092905647518387
0.0075197843511560164,1.5682077700377135,1437.5484405416394,67.54844054163937,0.04930543105229151
0.00511060706067485,1.7293166401501994,885.969299675967,484.030700324033,0.35330708052849125
0.00934228354624055,1.5615733351719117,1793.541221906226,423.5412219062259,0.30915417657388755
0.006170361598110491,1.5940692230748776,1160.4438775112471,209.55612248875286,0.15296067334945465
0.005623373841638859,1.7179950319455126,981.2863453561396,388.7136546438604,0.28373259463055506
0.005835009209755622,1.6426011325706946,1064.952238713977,305.04776128602293,0.22266259947884887
0.005632079515247135,1.6436525218634095,1027.2578535110238,342.74214648897623,0.25017674926202643
0.009442429008523483,1.523623924902929,1857.9184506676131,487.9184506676131,0.35614485450190736
0.006913078297007915,1.515086975232134,1367.900832682507,2.099167317493084,0.0015322389178781635
0.0057308500742339254,1.7284116602831614,994.01414007043,375.98585992957,0.27444223352523356
0.007950634291930077,1.6921792859724745,1408.5624477237445,38.562447723744526,0.028147772061127393
0.005527597825902428,1.5499978498609817,1069.1189921401321,300.88100785986785,0.2196211736203415
0.009683537678510127,1.573030688088153,1845.514893485331,475.51489348533096,0.3470911631279788
0.006077163799234846,1.5930219754664812,1143.6677592019616,226.33224079803836,0.16520601518104988
0.006656077598889903,1.5726847231219836,1268.8123911121424,101.18760888785755,0.07385956853128288
0.009420838038924831,1.6252319468681202,1737.7803811644817,367.7803811644817,0.26845283296677497
0.0050193473412122065,1.5236969345149904,987.5733440762972,382.4266559237028,0.27914354446985606
0.005346709389819874,1.5544226005687047,1031.1887832815466,338.81121671845335,0.24730745745872507
0.006934070994827695,1.7490726185704695,1188.5053630219793,181.4946369780207,0.1324778372102341
0.00901597823405225,1.6696577511909294,1618.848098739451,248.84809873945096,0.1816409479850007
0.00672800196472359,1.6635303417769014,1212.484194474535,157.5158055254651,0.11497504052953658
0.0051666915673922245,1.77837562670797,870.9831272168806,499.0168727831194,0.36424589254242296
0.008437122694894878,1.782309019805813,1419.1622906255068,49.162290625506785,0.035884883668253126
0.006919372717836311,1.6577160222828127,1251.3456629572177,118.65433704278234,0.08660900514071704
0.006164670669891828,1.57771060605171,1171.3946561545806,198.60534384541938,0.14496740426672947
0.009621141066239795,1.5520449592198036,1858.4162216941822,488.41622169418224,0.35650819101765124
0.008084419826479112,1.6382931609582156,1479.373868512365,109.3738685123651,0.07983494051997453
0.007044093844609778,1.5609674651832255,1352.8572857284744,17.14271427152562,0.012512930125201183
0.007936425020015991,1.5537791676682509,1531.2860501623713,161.28605016237134,0.11772704391413967
0.008320992121789479,1.5152756777669858,1646.2817411984554,276.2817411984554,0.20166550452442
0.007946239117235377,1.6450283707133417,1448.1346335557294,78.13463355572935,0.05703257923775865
0.008594829601713094,1.6223190993827867,1588.2603449401693,218.26034494016926,0.15931412039428414
0.005872915516673475,1.5271773209473514,1152.8823498228066,217.11765017719335,0.15848003662568858
0.007649782733751036,1.7388295925405477,1318.902771585827,51.09722841417306,0.03729724701764457
0.008452577182089544,1.5589895044413271,1625.4239573995196,255.42395739951962,0.1864408448171676
0.007846082289647859,1.7701379742363736,1328.820876970634,41.17912302936611,0.030057754036033658
0.005255691785795736,1.60516736080469,981.5903297237724,388.40967027622764,0.2835107082308231
0.008561738443810415,1.6149148303119139,1589.3993693322286,219.39936933222862,0.1601455250600209
0.007606981268104072,1.7310761355857378,1317.3976380612671,52.602361938732884,0.03839588462681232
0.005139221098554182,1.7220644657673232,894.6817938401095,475.31820615989045,0.34694759573714634
0.006172780579015204,1.7018753762641543,1087.3610890004438,282.6389109995562,0.20630577445223078
0.005527106473381069,1.5188915922276764,1090.9171159821958,279.0828840178042,0.2037101343195651
0.005388004603861424,1.596215826842005,1011.9453251523327,358.05467484766734,0.26135377726107106
0.008899718724184347,1.5530643231050534,1717.9382155257802,347.93821552578015,0.25396950038378113
0.0065285197392291865,1.7123017340926385,1143.0234174014736,226.97658259852642,0.16567633766315798
0.007306084467356734,1.5970800972981722,1371.4459434626394,1.445943462639434,0.001055433184408346
0.009439254874128958,1.566699550016142,1806.2285269530107,436.2285269530107,0.3184149831773801
0.005808038260402904,1.6664914525535917,1044.8334814896004,325.16651851039956,0.23734782373021865
0.00987944583124118,1.5748171315847619,1880.715728844758,510.7157288447579,0.37278520353631966
0.007360376699610113,1.5530434838614993,1420.8136768299444,50.81367682994437,0.03709027505835356
0.005178286619246434,1.6261432409051833,954.658381108086,415.341618891914,0.30316906488460876
0.009099218781047368,1.6597494117565446,1643.5476011785354,273.5476011785354,0.19966978188214263
0.0058597246990806364,1.5904201409280463,1104.55170022911,265.4482997708899,0.19375788304444516
0.00964792992329104,1.7967450364359066,1609.7869022377283,239.78690223772833,0.1750269359399477
0.008210162696579116,1.515224309815438,1624.4095606459518,254.40956064595184,0.18570040923062178
0.009745902747746874,1.6661676135345118,1753.573960051931,383.57396005193095,0.27998099273863575
0.006535173638437072,1.7029369169559785,1150.4805310263287,219.51946897367134,0.1602331890318769
0.005801074317426547,1.6844042885796557,1032.482724280201,337.51727571979904,0.2463629749779555
0.009780711651783859,1.772997668111304,1653.8000245657674,283.80002456576744,0.20715330260274997
0.007394740030189865,1.6690569065021785,1328.2275045777296,41.77249542227037,0.030490872571000267
0.00777200877818767,1.5906139974402045,1464.8366096112197,94.83660961121973,0.06922380263592681
0.005244147086021689,1.6391292764272705,959.1407875153875,410.8592124846125,0.2998972353902281
0.005417770267765125,1.5898829981853577,1021.5888007522838,348.41119924771624,0.2543147439764352
0.006481251483802711,1.5707380299884044,1237.0174250251684,132.98257497483155,0.0970675729743296
0.0072419390558525285,1.6741656298867509,1296.8123771523678,73.18762284763216,0.05342162251651982
0.00965012547767551,1.6441411757243527,1759.6024475733918,389.6024475733918,0.28438134859371667
0.00627768431228804,1.7212264438927813,1093.4077948933166,276.5922051066834,0.2018921205158273
0.005791249790296462,1.6051378678575983,1081.6348204670153,288.3651795329847,0.21048553250582824
0.009869681378628387,1.5512191972210525,1907.439029555917,537.4390295559169,0.3922912624495744
0.005833942358891554,1.7586212175549414,994.5131459485402,375.4868540514598,0.27407799565799984
0.009160165744148633,1.5937766183388793,1723.0448561780904,353.0448561780904,0.25769697531247476
0.0099798901749941,1.5127841880066766,1977.7413261265044,607.7413261265044,0.44360680739160907
0.005025122754723549,1.6379369622417783,919.7508433587251,450.2491566412749,0.3286490194461861
0.008971381803203919,1.7377291563902229,1547.7398146590178,177.73981465901784,0.12973709099198383
0.007763142710838736,1.524511899882849,1526.6077196681583,156.60771966815832,0.11431220413734185
0.005830883001829431,1.7313658337878868,1009.6391607800557,360.3608392199443,0.26303710891966736
0.006469163786333605,1.7491066823461934,1108.7982981736043,261.2017018263957,0.1906581765156173
0.009379931409358125,1.6859846066096003,1667.8875252234252,297.8875252234252,0.2174361497981206
0.006309788611686498,1.7055571085963477,1109.0962758290093,260.9037241709907,0.19044067457736547
0.005457400736315465,1.7036539685304397,960.3403104459651,409.6596895540349,0.29902167120732476
0.008701932862965396,1.74165347080297,1497.8719280688063,127.87192806880626,0.09333717377285128
0.008784817705691412,1.5382342480799682,1712.107305085977,342.10730508597703,0.24971336137662556
0.006812494599156673,1.6120858956479123,1266.8893800922874,103.11061990771259,0.0752632262100092
0.00713860445824977,1.7056411213987852,1254.718680488528,115.28131951147202,0.08414694854851973
0.009495417116458328,1.7607584217833003,1616.7206141744398,246.7206141744398,0.1800880395433867
0.007401043544336095,1.5105730893251992,1468.8313009155474,98.83130091554744,0.07213963570477916
0.005175678997928974,1.5150247649143402,1024.1611652439447,345.83883475605535,0.25243710566135424
0.0068147349899450975,1.7492308670616654,1167.945404877322,202.05459512267794,0.147485105928962
0.005075597405666395,1.7389895129115507,875.0057494685682,494.9942505314318,0.36130967192075314
0.009982757752402639,1.5252185211853722,1962.1814465545744,592.1814465545744,0.4322492310617332
0.005648246096392834,1.783018810557849,949.682398525416,420.31760147458397,0.30680116895955034
0.006957398150874894,1.7890964913027116,1165.826160341248,204.17383965875206,0.1490319997509139
0.009973294330420952,1.7130075040511994,1745.4205043488219,375.42050434882185,0.27402956521811817
0.009365621996947363,1.6340815316144164,1718.2391360789475,348.23913607894747,0.2541891504225894
0.007750291036544262,1.5572572181546516,1492.0327695217186,122.03276952171859,0.08907501424942962
0.009263885724533115,1.593376598574302,1742.9922558633496,372.99225586334956,0.2722571210681384
0.005641590326949771,1.6106383213636446,1050.0844346689537,319.9155653310463,0.23351501119054474
0.007170988394103273,1.68416935721599,1276.4798431622253,93.52015683777472,0.06826288820275526
0.007545394178774948,1.5788343237519082,1432.7356793576291,62.735679357629124,0.04579246668440082
0.0052735306803400024,1.592409569409568,992.81287639067,377.18712360933,0.2753190683279781
0.009528547098285885,1.538600688246671,1856.613335471172,486.6133354711719,0.3551922156723883
0.008412298750089852,1.5122566485738103,1667.6691235566245,297.6691235566245,0.2172767325230836
0.006176065451652254,1.562377718567368,1185.0769634742926,184.9230365257074,0.1349803186319032
0.0058337358635650195,1.5624996768176376,1119.30264038386,250.69735961613992,0.1829907734424379
0.008799006443595669,1.7059868018299988,1546.2462938480853,176.24629384808532,0.12864692981612066
0.005280168686197074,1.7446530211589144,907.3178046819578,462.6821953180422,0.33772423015915487
0.007106218147848254,1.649867439875927,1291.249559896669,78.7504401033309,0.057482073068124744
0.005667226950004011,1.5561114599204617,1091.8188967468866,278.1811032531134,0.2030519001847543
0.009531287240024148,1.6173795883933957,1766.68980497599,396.68980497599,0.2895546021722555
0.005362278703761096,1.5676413153559132,1025.4710036885026,344.5289963114974,0.25148101920547256
0.007135667356496806,1.6324927418679245,1310.4004700362773,59.599529963722716,0.043503306542863295
0.008162783851235427,1.7936912431591283,1364.3045001293324,5.695499870667618,0.004157299175669794
0.0056841550447945585,1.7247862734231818,987.9872299482074,382.0127700517926,0.2788414379940092
0.008532155836766812,1.6856971967040209,1517.3994329139814,147.3994329139814,0.10759082694451197
0.008110029484372203,1.6330685015461937,1488.8081371175977,118.80813711759765,0.08672126796904939
0.008007451270767673,1.5702435596997955,1528.7905394992442,158.79053949924423,0.11590550328411987
0.007768027685270788,1.7887027023096493,1301.9469979959995,68.05300200400052,0.04967372409051133
0.007543614306695692,1.7173175870960613,1316.8901851360154,53.10981486398464,0.038766288221886595
0.006713872027798001,1.6235391590202015,1239.7410846103048,130.25891538969518,0.09507950028444903
0.008986322228174068,1.5558709144650664,1731.5264422759597,361.52644227595965,0.2638879140700435
0.006390618348295681,1.6486840123798783,1162.0535944968108,207.94640550318923,0.15178569744758338
0.008277561902314708,1.5244041272859983,1627.8823866477965,257.88238664779647,0.1882353187210193
0.009772745076845786,1.7899816618595334,1636.773901332241,266.77390133224094,0.19472547542499338
0.009896661567843329,1.5682669676517633,1891.8618823301651,521.8618823301651,0.38092108199282126
0.005651651316525614,1.6236657508655774,1043.516770022959,326.483229977041,0.23830892699054088
0.0090369974850259,1.6317692018943761,1660.298334979299,290.29833497929894,0.2118965948754007
0.009447296532688158,1.7696627036557766,1600.4339375738841,230.43393757388412,0.16819995443349206
0.009146910771783685,1.7584692999264593,1559.4101435233404,189.41014352334037,0.13825557921411705
0.0073479359175808966,1.707231900063522,1290.308463587225,79.6915364127749,0.05816900468085759
0.009761494587098823,1.5406586586523865,1899.4619214224856,529.4619214224856,0.38646855578283623
0.008959362622203926,1.7256771459280333,1556.4610964233361,186.46109642333613,0.13610299009002638
0.007274051233356931,1.6264677352698658,1340.761732666145,29.238267333854992,0.021341800973616782
0.006236284821936246,1.5848206765455495,1179.6862466683153,190.31375333168467,0.13891514841728808
0.007900012763784926,1.5357780046791742,1542.1266859341497,172.1266859341497,0.12563991674025524
0.006404649978289822,1.7344065799704076,1107.0447851125614,262.9552148874386,0.19193811305652453
0.006101338646247935,1.741011023205174,1050.6167310081996,319.3832689918004,0.2331264737166426
0.00937344819962416,1.6175103538681388,1737.292790108522,367.292790108522,0.2680969270865124
0.009378103367637818,1.7710338360251778,1587.4821828769677,217.48218287696773,0.15874611888829762
0.0084070140275882,1.7340240822631912,1453.4742772901145,83.47427729011451,0.06093012940884271
0.00855401369169729,1.6651022229701227,1540.1029168198995,170.10291681989952,0.12416271300722592
0.009418663156005617,1.754714671614151,1609.175682115605,239.175682115605,0.17458078986540512
0.005932982025400213,1.7865465819314246,995.5873989815851,374.4126010184149,0.27329386935650724
0.005655275046116456,1.7602567698346205,963.1599410923454,406.84005890765457,0.296963546647923
0.00820503558879864,1.6670796198257436,1475.5190801268027,105.51908012680269,0.07702122636992897
0.007475545872606708,1.5116278293332939,1482.5820407321862,112.58204073218621,0.08217667206728921
0.005062560015136402,1.6583891502284076,915.17561514511,454.82438485489,0.33198860208386133
0.007553073179081183,1.5681833978660191,1443.9346679042455,73.93466790424554,0.05396691087901134
0.009483062996816182,1.6820346323956075,1690.1856302062865,320.18563020628653,0.2337121388367055
0.0074234338690424805,1.5730614631372708,1414.7504967556956,44.75049675569562,0.0326645961720406
0.009985165539034961,1.568221620395779,1908.8356400345435,538.8356400345435,0.39331068615660114
0.006820578599215795,1.5354418447419778,1331.7065900237399,38.293409976260136,0.027951394143255575
0.005821107343540835,1.5215944915712916,1146.9048346776253,223.09516532237467,0.16284318636669684
0.00958844419166004,1.5112738516960096,1902.0664252131826,532.0664252131826,0.38836965344027924
0.009141651653455412,1.5072555816565878,1818.2704066400188,448.2704066400188,0.3272046763795758
0.00689805719125665,1.7386711284767076,1189.4057978654191,180.59420213458088,0.13182058549969408
0.009693712910823955,1.5376284717576374,1889.9897303282448,519.9897303282448,0.37955454768485025
0.0054335768670027715,1.590322174349637,1024.2863936402434,345.71360635975657,0.25234569807281504
0.009940698673321003,1.5420827457756865,1932.5464198830603,562.5464198830603,0.41061782473216074
0.007081851106964117,1.6642085239288702,1275.7328904520957,94.26710954790428,0.06880810915905422
0.007575394215730105,1.5246666834358704,1489.5360913474262,119.53609134742624,0.087252621421479
0.0071979753404469195,1.7425525457034607,1238.355035695543,131.64496430445706,0.09609121482077158
0.007363774461283973,1.6499098475144227,1338.0149522906886,31.985047709311402,0.023346750152782047
0.00826390822811684,1.648054549190594,1503.2617467730793,133.26174677307927,0.09727134800954691
0.005693760705811283,1.622307901058931,1052.1717339506279,317.82826604937213,0.2319914350725344
0.008060693571075753,1.5114309989918262,1598.8392063345966,228.8392063345966,0.16703591703255227
0.006124079067648118,1.6172331621497427,1135.2430556371335,234.75694436286653,0.17135543384150842
0.0066695986923882315,1.5907299004694226,1256.9672483522218,113.03275164777824,0.08250565813706441
0.005207463986426192,1.719891476045731,907.7075211899454,462.2924788100546,0.3374397655547844
0.00889307936824072,1.588781148386012,1678.0650536433855,308.06505364338545,0.22486500265940543
0.006957387767198437,1.6574916845861842,1258.3908561256483,111.60914387435173,0.08146652837543922
0.006870340018118868,1.7484488113769563,1178.0019568920425,191.99804310795753,0.14014455701310768
0.008942884725828028,1.7845225322257112,1502.367913630546,132.3679136305459,0.09661891505879262
0.005402694319528658,1.6498235832818824,981.7334570113248,388.26654298867516,0.28340623575815704
0.008798357825811749,1.7438944205910616,1512.523515081633,142.52351508163292,0.1040317628333087
0.005911282964034233,1.774716332952456,998.5584833003413,371.4415166996587,0.2711251946712837
0.007027195164894264,1.5768682635273128,1336.002607229134,33.9973927708661,0.02481561516121613
0.007133396137217041,1.5887430134733886,1346.0568158148014,23.94318418519856,0.0174767767775172
0.009374310040695565,1.671988050061211,1680.8418272195888,310.8418272195888,0.22689184468583126
0.006993654801634807,1.5816494486655353,1325.6066097039245,44.393390296075495,0.032403934522682844
0.00943393654778618,1.6383729021988658,1726.2388937714275,356.23889377142746,0.2600283896141806
0.008130634093316103,1.5461339838203212,1576.514587636864,206.514587636864,0.150740574917419
0.006250713211787534,1.6019876733171872,1169.7447547362192,200.2552452637808,0.14617171187137284
0.005569808487949853,1.7997941629318472,927.7653031564919,442.2346968435081,0.32279904879088184
0.005687205672931741,1.6734471135796232,1018.8438905563459,351.15610944365415,0.2563183280610614
0.009827445500626265,1.6484469367610244,1787.2544009712935,417.25440097129353,0.30456525618342595
0.009961042346729874,1.5964516520188152,1870.5517110975072,500.5517110975072,0.3653662124799323
0.009814643468542836,1.737412600394748,1693.527541563579,323.527541563579,0.23615149019239343
0.008085859884017185,1.762733582961801,1375.1821790335957,5.18217903359573,0.003782612433281555
0.008555373501221746,1.79285358073956,1430.588910657906,60.5889106579059,0.0442254822320481
0.008419845576823695,1.6065005860786252,1571.2451170763927,201.24511707639272,0.14689424604116258
0.008222790682761038,1.5830326631850475,1557.2203200435606,187.2203200435606,0.13665716791500773
0.008820563795109392,1.7345718911852972,1524.4905757550807,154.49057575508073,0.11276684361684725
0.005476345951602482,1.7612724220745446,932.1483679143023,437.8516320856977,0.3195997314494144
0.008318022941858464,1.7145854048104623,1454.3927275035928,84.39272750359282,0.06160053102452031
0.005504882923703574,1.7212854796076102,958.7731972708755,411.22680272912453,0.30016554943731716
0.009894259606451287,1.5930139188853762,1862.0203956432447,492.0203956432447,0.3591389749220764
0.005049115880554161,1.6861140958525966,897.7369113285058,472.2630886714942,0.3447175829718936
0.005273251893489197,1.7286025888053091,914.5428550438979,455.45714495610207,0.3324504707708774
0.006212366084757283,1.6768396671350279,1110.6729731216756,259.32702687832443,0.18928980064111273
0.00506200510951409,1.726355246838402,879.0490583957085,490.95094160429153,0.3583583515359792
0.0058631893343178915,1.6786970969318742,1047.0858295204866,322.91417047951336,0.23570377407263748
0.009604676343636154,1.7690453375854378,1627.6629367132152,257.66293671321523,0.1880751362870184
0.00937808123124325,1.7581316471461907,1599.128272448589,229.1282724485891,0.16724691419605042
0.007948239612704513,1.7360987785553164,1372.5153889276419,2.5153889276418795,0.0018360503121473573
0.00981770065143487,1.6379305699626476,1796.945892687613,426.94589268761297,0.31163933772818464
0.008836144851840012,1.5255893110786005,1736.3844680481523,366.38446804815226,0.2674339182833228
0.007918594767111035,1.7848414290984067,1330.0537237850438,39.94627621495624,0.029157865850333024
0.0063955978632973445,1.7865284989889445,1073.2277738096827,296.77222619031727,0.21662206291264036
0.006099104764899931,1.5132451202724135,1208.3076195479175,161.6923804520825,0.11802363536648357
0.006640544338488759,1.667424745813928,1193.9280106591902,176.07198934080975,0.12851970024876624
0.0054331573297404095,1.6825282721095907,968.0785860087475,401.9214139912525,0.2933732948841259
0.009715545362217257,1.6091992643659603,1809.9978600830532,439.9978600830532,0.32116632122850597
0.00743812099022651,1.5408280624427946,1447.2040254940432,77.20402549404321,0.05635330328032351
0.0090806845710015,1.7051156874585085,1596.5607306803097,226.5607306803097,0.16537279611701436
0.00835538226345494,1.6236458443851016,1542.7505911791957,172.75059117919568,0.12609532202860999
0.00914178370881615,1.726188856133348,1587.6813239945027,217.6813239945027,0.15889147736825013
0.008458323383549972,1.6347653024592137,1551.134926768234,181.13492676823398,0.13221527501330949
0.005271586334484943,1.678423365660821,941.5871210493013,428.41287895069865,0.31271013062094793
0.008608018664383897,1.791434052606023,1440.5325555531695,70.53255555316946,0.051483617192094495
0.007579099196991833,1.7818008143093305,1275.2024577858056,94.79754221419444,0.06919528628773317
0.0072560774186474775,1.6646540936348408,1306.7683509099043,63.23164909009574,0.0461544883869312
0.005706675496023409,1.6514999604049594,1035.9178413432853,334.0821586567147,0.24385559026037568
0.00922931407855075,1.6047743387579063,1724.1544100239637,354.1544100239637,0.25850686863063044
0.006647366929993084,1.587453685616644,1255.3629055303295,114.6370944696705,0.0836767112917303
0.006206801005185263,1.6773114178647397,1109.3659232524308,260.6340767475692,0.19024385164056148
0.007504710793027467,1.5855156719655978,1419.005649077968,49.00564907796797,0.0357705467722394
0.006631554131220366,1.5175742700934018,1310.0445576454372,59.95544235456282,0.04376309660916994
0.0051210819369909115,1.5879702344149706,966.8076316780064,403.1923683219936,0.29430099877517785
0.005828490763355487,1.7783247692101272,982.5750631324485,387.42493686755154,0.2827919247208405
0.0060242576011723375,1.5133231862191205,1193.4179098866568,176.58209011334316,0.1288920365790826
0.005773421161859398,1.6566935817412292,1044.7484919715196,325.25150802848043,0.23740985987480323
0.0056915498180795734,1.7641907263544445,967.1764420377741,402.8235579622259,0.2940317941330116
0.00620951811232704,1.6650991705632834,1117.991487113826,252.008512886174,0.18394781962494453
0.005234864851870051,1.5982151073448594,981.9535518264203,388.04644817357973,0.28324558260845234
0.00684642100478338,1.5348734419395855,1337.2473100669029,32.752689933097145,0.023907072943866528
0.007769201472831374,1.7165243301139441,1356.8977528461405,13.10224715385948,0.009563684053912029
0.005643448898119001,1.5830635105932065,1068.7274423566942,301.27255764330584,0.21990697638197507
0.0084519147275292,1.5217520109709362,1665.0678117755235,295.0678117755235,0.2153779647996522
0.00781340670373588,1.6733719049832902,1399.8086104415909,29.808610441590872,0.0217581098113802
0.00832753503220698,1.6285016263889276,1533.024073130526,163.02407313052595,0.11899567381790216
0.006725133778494562,1.5636934514734515,1289.3475917123787,80.65240828762126,0.05887037101286223
0.007073180588435425,1.668100511274249,1271.1980963695762,98.8019036304238,0.07211817783242613
0.008129613844314716,1.5223491188868417,1600.9448074302716,230.94480743027157,0.16857285213888434
0.007399744000870688,1.635516683445378,1356.3832549347796,13.616745065220357,0.0099392299746134
0.0075569973985459135,1.7801060579824237,1272.6942954047595,97.30570459524051,0.07102606174835074
0.005734381220291997,1.5870300906602677,1083.233551309133,286.76644869086704,0.20931857568676426
0.006706555944304681,1.5697064494428832,1280.860438568753,89.1395614312471,0.06506537330747963
0.006999784948466962,1.7330923103966667,1210.8314846149294,159.16851538507058,0.1161813980912924
0.007517525347652834,1.7263368580052993,1305.4795138036898,64.52048619631023,0.04709524539876659
0.0065917177787741974,1.794470861699664,1101.242331385239,268.7576686147611,0.1961734807407015
0.008208056111067842,1.7442709060289825,1410.7403319252878,40.74033192528782,0.02973746855860425
0.006525677328047869,1.7351595196745326,1127.4749232608303,242.52507673916966,0.17702560345924792
0.009753812389406095,1.71191437378238,1708.099094132977,338.0990941329769,0.24678765995107804
0.006824241328155893,1.6633570615707591,1229.9560503389903,140.04394966100972,0.10222186106643046
0.007869504086958369,1.6782870058919073,1405.7297501487324,35.729750148732364,0.026080109597614864
0.008935245598658059,1.6067316784809913,1667.1851789141604,297.18517891416036,0.2169234882585112
0.008201305399293911,1.6154204835597508,1522.0120887937542,152.01208879375417,0.11095772904653589
0.0073346705552575315,1.7080273106234618,1287.3792478050295,82.62075219497046,0.06030711839048939
0.00676768729558111,1.5298540903832545,1326.2059578566468,43.79404214335318,0.0319664541192359
0.007274126500216874,1.5615239056332835,1396.5385066702192,26.53850667021925,0.019371172751984852
0.006794466694068764,1.5802280608094634,1289.0100622378534,80.98993776214661,0.059116742892077814
0.006440773729400763,1.5599521068351052,1237.7914548135464,132.20854518645365,0.09650258772733843
0.007492208405456237,1.6965821842796651,1323.9014263689432,46.09857363105675,0.0336485938912823
0.0065936990489359176,1.6248486091832361,1216.5694908563887,153.4305091436113,0.11199307236759948
0.007765467058076327,1.6399401993722273,1419.5813101903989,49.58131019039888,0.03619073736525466
0.006699107766529372,1.7773568631765553,1129.9599001999804,240.04009980001956,0.1752117516788464
0.006567684177165508,1.7640330722573658,1116.1594495054308,253.84055049456924,0.18528507335370017
0.009959080289442167,1.7836641601944474,1673.889752354353,303.88975235435305,0.22181733748492924
0.009899303916487752,1.7472451986245663,1698.5232845104374,328.5232845104374,0.23979801789083022
0.006388048540319373,1.705388434170889,1122.963387902134,247.03661209786605,0.18031869496194602
0.009291213591988944,1.5470255271263393,1800.5105356725628,430.5105356725628,0.31424126691427945
0.009729753739643712,1.76133342216866,1656.078714358925,286.078714358925,0.20881657982403287
0.0065913134809188765,1.7207738477511498,1148.3357167913964,221.6642832086036,0.16179874686759385
0.007973313647767181,1.5959052925323969,1497.7952063032872,127.79520630328716,0.09328117248415121
0.008513030969611503,1.5311826016425358,1666.778656361568,296.778656361568,0.2166267564682978
0.008603912928562756,1.6751895019370737,1539.7590554914414,169.75905549144136,0.12391171933681851
0.008607507945190858,1.5942497487503655,1618.608355539002,248.6083555390021,0.18146595294817672
0.0083828179274417,1.7246475419686722,1457.17054080831,87.17054080831008,0.06362813197686867
0.006478898742548001,1.730495895558346,1122.4094689544938,247.59053104550617,0.18072301536168334
0.005951109030080009,1.7222136133100916,1035.932819346753,334.0671806532471,0.24384465741112926
0.0089322993845924,1.5543586237151743,1722.7916050019214,352.7916050019214,0.2575121204393587
0.009497500396618858,1.528221861616804,1863.1319576504573,493.13195765045725,0.3599503340514287
0.006409864473269743,1.5055457331250808,1276.3670897593136,93.63291024068644,0.06834518995670544
0.005062657202764893,1.595130514608637,951.4873127486177,418.5126872513823,0.3054837133221769
0.007230915565214948,1.7173956011219824,1262.2449652660293,107.75503473397066,0.0786533100247961
0.00555388359977882,1.6568349912721991,1004.9355696822305,365.0644303177695,0.26647038709326243
0.00610233722496151,1.6058280804728375,1139.24690847194,230.75309152805994,0.16843291352413134
0.006357831485407291,1.5793362514590799,1206.8550486314393,163.14495136856067,0.11908390610843844
0.006061969943042353,1.578241473283846,1151.4922781527619,218.50772184723814,0.15949468747973586
0.006897341079490038,1.5854533988426112,1304.2141997955755,65.7858002044245,0.048018832266003286
0.007303045699855171,1.7275216837140512,1267.363554325326,102.63644567467395,0.07491711363114886
0.00658395443770131,1.5606117222433191,1264.7732014989567,105.22679850104328,0.07680788211754984
0.006067431131227762,1.614391799318398,1126.7215884920047,243.27841150799532,0.17757548285255131
0.006224038943591707,1.7833332288929715,1046.31030440978,323.68969559022,0.23626985079578103
0.009396416604298572,1.7586924767381313,1601.74383381645,231.74383381644998,0.16915608307770072
0.005465134918234914,1.590855941072694,1029.8897518869733,340.1102481130267,0.2482556555569538
0.009796725048149539,1.70645270661973,1721.1049981881529,351.1049981881529,0.25628102057529406
0.008672669920359794,1.731948109665982,1501.2003063698917,131.20030636989168,0.09576664698532239
0.007695168856603454,1.7564683301173682,1313.404600976806,56.59539902319398,0.04131051023590801
0.009029661430371087,1.536468712676933,1761.8480433632749,391.8480433632749,0.28602046960822985
0.009605773914268773,1.6757172485614222,1718.5110287688024,348.51102876880236,0.2543876122400017
0.006835769384036053,1.7238653662510515,1188.7889542197966,181.21104578020345,0.13227083633591494
0.007834261565157647,1.6755104579484952,1401.7534298826413,31.753429882641285,0.023177686045723567
0.008286076403777591,1.7180034898387597,1445.9244273697173,75.92442736971725,0.055419290050888505
0.00718781627978316,1.7363042213496787,1241.0573467900576,128.94265320994236,0.09411872497076085
0.005126745664131457,1.5583661696259337,986.26350734997,383.73649265002996,0.2800996296715547
0.009459085719692905,1.6649136494079466,1703.2490299709232,333.2490299709232,0.24324746713206072
0.0074829631273582355,1.634267234489846,1372.6860954746937,2.6860954746937296,0.001960653631163306
0.005094419866362925,1.6137038520899303,946.436765236066,423.563234763934,0.30917024435323653
0.00796432444893116,1.592552761927874,1499.2560748594542,129.2560748594542,0.09434749989741183
0.009607245469224963,1.7753570855013818,1622.3101016407177,252.31010164071768,0.18416795740198372
0.005507369154228337,1.6731507082492754,986.8015640904889,383.1984359095111,0.2797068875251906
0.0055231519574782065,1.5724908737885142,1052.9786397110709,317.02136028892915,0.23140245276564173
0.0064763660485337455,1.6899521347951136,1148.8879812759135,221.1120187240865,0.16139563410517263
0.007057992231332963,1.6236321354068954,1303.209509982964,66.79049001703606,0.048752182494186905
0.0052106265165967666,1.6867890063352493,926.0829453260343,443.9170546739657,0.32402704720727427
0.008104130726419587,1.6843832600006485,1442.4016956958583,72.40169569585828,0.052847953062670275
0.006548114689796343,1.7661201106643982,1111.5186256394884,258.4813743605116,0.18867253602957051
0.006067892838413013,1.7845318431520465,1019.375762830499,350.62423716950104,0.2559301001237234
0.005764878813121934,1.597197065045426,1082.0625878177364,287.93741218226364,0.2101732935636961
0.005004824224376911,1.6714035215903051,897.6937865108065,472.3062134891935,0.34474906094101715
0.00625865081397166,1.60392257380575,1169.8172604630363,200.1827395369637,0.1461187879831852
0.008549275184434057,1.5161960954637814,1690.4200118493932,320.4200118493932,0.23388322032802422
0.007681202565697825,1.785029700309849,1290.04385594634,79.95614405365995,0.05836214894427734
0.00645302610185864,1.7748761582307444,1089.9738258599418,280.0261741400582,0.20439866725551692
0.007065633118886716,1.7973080418493739,1178.5534091627771,191.44659083722286,0.13974203710746194
0.008300673481052095,1.6933747842110674,1469.5384206393453,99.5384206393453,0.07265578148857321
0.007151332456401337,1.5958482917875854,1343.4331735118963,26.566826488103743,0.019391844151900543
0.009028299966489954,1.73309669312334,1561.7225797353233,191.72257973532328,0.1399434888579002
0.009388184514242805,1.5475266310199234,1818.7130710813283,448.7130710813283,0.3275277891104586
0.007852650670224507,1.6066340726084376,1465.277928794244,95.27792879424396,0.06954593342645544
0.005700635374565422,1.7214974867044202,992.7446913526361,377.2553086473639,0.2753688384287328
0.007254785860915632,1.5089474708672987,1441.3557313943193,71.35573139431926,0.052084475470306035
0.007485934412271541,1.720964137832753,1304.0519721159753,65.94802788402467,0.04813724663067494
0.00766389031630501,1.539180579070817,1492.7270698506948,122.72706985069476,0.0895818028107261
0.008535062630182,1.7687043016309314,1446.67901962288,76.6790196228801,0.055970087315970876
0.008038291361167356,1.7928459549356521,1344.1306090187873,25.869390981212746,0.018882767139571346
0.009788948941687834,1.5388603848386875,1907.0300940736233,537.0300940736233,0.39199276939680533
0.00891819369897159,1.5245026164910453,1753.7570490293147,383.75704902931466,0.2801146343279669
0.006912062644677858,1.595879135768528,1298.459390597931,71.5406094020691,0.05221942292121832
0.00930906213469696,1.600536187449703,1743.657307419192,373.65730741919197,0.27274256015999415
0.005756019797664161,1.608228574996558,1072.9888464033133,297.01115359668665,0.21679646247933332
0.008138475707100275,1.6046267988583047,1520.511584588292,150.51158458829195,0.10986247050240289
0.006948558278251258,1.6937144677905678,1229.9153165471905,140.0846834528095,0.1022515937611748
0.007384322380169263,1.714859025107505,1290.930697277913,79.06930272208706,0.057714819505173036
0.007450241163987549,1.601326520066427,1394.7974277925255,24.79742779252547,0.01810031225731786
0.009932375097459274,1.7351889043926687,1716.0386034669286,346.03860346692863,0.25258292223863404
0.00851744719665487,1.5051355924598846,1696.5025900405242,326.5025900405242,0.23832305842374027
0.007011556272122154,1.6174872134131237,1299.5538213803122,70.44617861968777,0.05142056833553852
0.006114817501461328,1.5164361232751171,1208.8713404065545,161.1286595934455,0.11761216028718649
0.009018430390554588,1.6513889688942403,1637.2020553683437,267.20205536834374,0.195037996619229
0.006359401910389346,1.57359506893346,1211.557387134984,158.44261286501592,0.11565154223723789
0.006233029252693002,1.713084715733745,1090.7896984244453,279.2103015755547,0.20380313983617132
0.008309603408617361,1.7032595595845101,1462.58179903142,92.5817990314199,0.0675779554973868
0.005192394454301773,1.7781831026320514,875.4108022152336,494.5891977847664,0.3610140129815813
0.008475051419389888,1.7643373816598718,1440.0627244574753,70.06272445747527,0.051140674786478296
0.008214969301212006,1.7034638943229665,1445.7517106247278,75.75171062472782,0.0552932194341079
0.006776434181266882,1.552997838436189,1308.1305133836404,61.86948661635961,0.04516020920902161
0.00986694531037579,1.7909574118947353,1651.650546184507,281.650546184507,0.20558434028066203
0.00839109252099858,1.6818474314493266,1495.7279745688836,125.72797456888361,0.09177224421086395
0.0065021221498745415,1.7578732744211134,1108.8894801981983,261.11051980180173,0.19059162029328594
0.009488156445574467,1.568095080685156,1813.9701971799186,443.9701971799186,0.3240658373576048
0.006620342890333948,1.656170505325908,1198.3843822321153,171.61561776788471,0.12526687428312752
0.008090563005858805,1.5887463983641121,1526.6689338384897,156.6689338384897,0.11435688601349613
0.008022643691881881,1.738407780455137,1383.5235317560366,13.523531756036618,0.009871191062800452
0.00820365641345432,1.6646799880299703,1477.397661088875,107.39766108887511,0.07839245334954388
0.006994678110675272,1.6733846501180423,1253.119982647274,116.8800173527261,0.08531388127936211
0.007687465564176764,1.6497166106943526,1396.9939942017693,26.993994201769283,0.0197036454027513
0.007409653502122414,1.5549392642265008,1428.581995088145,58.58199508814505,0.04276058035631026
0.009770927368951817,1.5005996337752263,1952.0532105609643,582.0532105609643,0.4248563580736966
0.008524547137040383,1.785699677025727,1431.1448741519707,61.144874151970726,0.04463129500143848
0.008209100077320012,1.7006260007864467,1447.1296387387151,77.12963873871513,0.05629900637862418
0.0063813982121446716,1.7467722388857385,1095.217231478338,274.7827685216621,0.2005713638844249
0.006740251358703503,1.5079771796225228,1339.991446600922,30.008553399077982,0.02190405357596933
0.00865945562608176,1.605511067264778,1616.9552113444543,246.95521134445426,0.18025927835361624
0.005273081646068214,1.5045680617974782,1050.6870031661372,319.3129968338628,0.2330751801707028
0.008886510874160527,1.5270688375881247,1744.589944102354,374.5899441023539,0.27342331686303206
0.006484332120904997,1.5918115329992408,1221.2211211661006,148.7788788338994,0.1085977217765689
0.008762991388801602,1.7905821043112824,1467.1646285061738,97.16462850617381,0.0709230865008568
0.005886507781304037,1.714861392856367,1029.0806266585964,340.91937334140357,0.24884625791343326
0.008224039476507301,1.7088637023673616,1442.7745208325202,72.77452083252024,0.05312008819891988
0.009199246026645286,1.6176066443620023,1704.9043336258358,334.90433362583576,0.2444557179750626
0.009654963244781673,1.5741122219275128,1838.8048340723976,468.8048340723976,0.3421933095418961
0.009739205573302552,1.534272595866927,1903.0127929371624,533.0127929371624,0.3890604328008485
0.0071739494291345835,1.7533354897478557,1226.6311527391952,143.36884726080484,0.10464879362102543
0.008267736940228245,1.6074939176647416,1541.9064123173632,171.90641231736322,0.1254791330783673
0.007078706773444719,1.7318036543222437,1225.3946328013496,144.60536719865036,0.10555136291872289
0.006585009749866771,1.6901273885657553,1168.0399194890153,201.96008051098465,0.14741611716130268
0.006033783033824934,1.5381102028648692,1176.0422909749034,193.95770902509662,0.1415749700913114
0.006331777335570858,1.5907047886614902,1193.319530103853,176.6804698961471,0.12896384663952343
0.006045632697447658,1.555955574672999,1164.8372974362758,205.16270256372422,0.1497537974917695
0.009077127230526748,1.681942284874605,1617.923699576425,247.92369957642495,0.18096620407038316
0.005060252362510105,1.5268840509697401,993.5433492109191,376.45665078908087,0.2747858764883802
0.0052702745217536855,1.7042240843995142,927.1014109438682,442.89858905613175,0.3232836416468115
0.009941293133896408,1.5816381022248154,1884.3278371436838,514.3278371436838,0.3754217789369955
0.006596531338427681,1.7095610139906827,1156.7825471200424,213.2174528799576,0.15563317728464057
0.005775579289563921,1.7925284896242046,965.9400793988258,404.0599206011742,0.29493424861399575
0.008430377382431109,1.631154822979434,1549.4320476153193,179.43204761531933,0.13097229752943018
0.005453123496578431,1.5023712819838277,1088.1499908984551,281.85000910154486,0.20572993365076267
0.00798150322409761,1.7077851197813265,1401.10980144477,31.109801444770028,0.022707884266255494
0.00518553772495568,1.7389977411767472,893.9546405415298,476.0453594584702,0.34747836456822645
0.005092749865262365,1.730257716418083,882.3934062532794,487.6065937467206,0.3559172217129347
0.007309566755412436,1.7302634435030821,1266.4851660297331,103.51483397026686,0.07555827297099771
0.005274454326839706,1.6071633540598316,983.8711312435413,386.1288687564587,0.2818458896032545
0.007181512215223187,1.7248552548764309,1248.1993448853323,121.80065511466773,0.08890558767493995
0.005387042831267477,1.6431982903445337,982.8362293380526,387.1637706619474,0.2826012924539762
0.009756131622604835,1.7360075057657667,1684.793798412797,314.79379841279706,0.22977649519182267
0.00718712609156039,1.7872688721948682,1205.5523544696405,164.44764553035952,0.12003477775938651
0.007330491724908333,1.7182558008858633,1278.9865929309954,91.01340706900464,0.06643314384598879
0.006800761192502188,1.62473127597525,1254.8640777210594,115.1359222789406,0.08404081918170847
0.007958456783829643,1.7058791382635472,1398.6250652784872,28.625065278487227,0.020894208232472428
0.00506276757324531,1.6226304355062873,935.3821436193722,434.6178563806278,0.31723931122673565
0.009593884627419268,1.680442150182981,1711.5580288849897,341.55802888498965,0.24931242984305815
0.009439779973559537,1.6716222843256834,1692.9511336313476,322.9511336313476,0.2357307544754362
0.005956342422596356,1.66044134266536,1075.4168121913078,294.5831878086922,0.2150242246778775
0.007588823417445484,1.678531484292961,1355.3943115950894,14.605688404910552,0.010661086426942008
0.007409392539079745,1.5843693694876455,1401.9963048742206,31.99630487422064,0.02335496706147492
0.005662866677156347,1.6345901687539799,1038.5996153183216,331.40038468167836,0.24189809100852436
0.006714307576818223,1.761657651779879,1142.6163137818746,227.38368621812538,0.16597349358987254
0.006147567876720357,1.7422517075453245,1057.8233193873289,312.17668061267113,0.2278661902282271
0.009556880166668969,1.5770566593801243,1816.7264815350923,446.72648153509226,0.3260777237482425
0.009562844937744532,1.6339129142323194,1754.6031764528068,384.6031764528068,0.28073224558599036
0.009474049971438036,1.514104041430846,1875.8610045503679,505.86100455036785,0.36924160916085247
0.005375605743482207,1.5410605711189345,1045.7512762832685,324.24872371673155,0.2366779005231617
0.006214652472324928,1.6590780548881097,1122.9766645425957,247.0233354574043,0.1803090039835068
0.00746374399834674,1.543735057219261,1449.4547809114813,79.4547809114813,0.057996190446336714
0.0069558662459923044,1.5207149802240347,1371.2735565332912,1.2735565332911847,0.0009296033089716677
0.006385896754494663,1.5960367132333848,1199.4985257486574,170.50147425134264,0.1244536308403961
0.007978678524453246,1.6282642944286312,1469.016826458755,99.01682645875508,0.07227505580931028
0.005654175174676,1.7509855212279564,968.0714392143847,401.92856078561533,0.29337851152234695
0.006524811164238344,1.6380098925662594,1194.1864245082566,175.81357549174345,0.12833107700127258
0.006013644205327136,1.5800100294663995,1141.0340087912828,228.96599120871724,0.16712846073628995
0.006191421068390351,1.6554489912382597,1121.2313701175133,248.76862988248672,0.1815829415200633
0.008698444871229966,1.5607968269047472,1670.7672156759645,300.7672156759645,0.2195381136320909
0.0054966222358956655,1.7311607558171733,951.8734093638645,418.12659063613546,0.30520189097528133
0.006829241925724122,1.529441269430646,1338.6295139999993,31.37048600000071,0.022898164963504167
0.007094309838017232,1.571309667673528,1353.5336973403378,16.466302659662233,0.012019199021651265
0.0068636261659218555,1.7944711831636648,1146.6683769461008,223.3316230538992,0.1630157832510213
0.006451460219399569,1.6440796242687892,1176.4023398338836,193.59766016611638,0.14131216070519445
0.007228715552190755,1.5164531020757361,1429.0678693641933,59.06786936419326,0.04311523311254982
0.009814609397899342,1.6177177737482458,1818.825213800266,448.82521380026606,0.32760964510968327
0.006360558338325554,1.5092833346680974,1263.4124916766164,106.58750832338364,0.07780110096597347
0.00801936288319564,1.7349111027273958,1385.7450716452922,15.745071645292228,0.01149275302576075
0.008509041574957596,1.5490042666438135,1646.829866071187,276.8298660711871,0.20206559567239935
0.008018085646896423,1.5947522270815224,1507.294715578861,137.2947155788611,0.10021512086048255
0.008117222474788022,1.637932013421254,1485.7039595719077,115.70395957190772,0.08445544494299834
0.009399843522571512,1.7154998388846474,1642.6712090391388,272.67120903913883,0.19903007959061228
0.009676180000909156,1.6351916166522396,1774.009698301877,404.00969830187705,0.2948975900013701
0.008485919371640432,1.7139051355450372,1484.3380616890918,114.33806168909177,0.08345843918911808
0.008117147134013902,1.7130814191097097,1420.515956864651,50.51595686465089,0.03687296121507364
0.008782176703330693,1.691937541819642,1556.1037422517934,186.1037422517934,0.13584214762904628
0.0065234443982565135,1.610366588051047,1214.4312017467528,155.56879825324722,0.11355386733813666
0.005953688768716489,1.7434208626490475,1023.7751700576077,346.22482994239226,0.2527188539725491
0.009112456733018859,1.7075023042732087,1599.9075348675283,229.90753486752828,0.1678157188814075
0.009614987727814332,1.5541124619684046,1854.7568950771947,484.7568950771947,0.353837149691383
0.007734705619325832,1.5303301560771088,1515.2327753039885,145.23277530398855,0.1060093250394077
0.008868048776312136,1.5182113363013097,1751.1225721653266,381.1225721653266,0.2781916585148369
0.006509981120952905,1.6558589958576801,1178.6288848666006,191.37111513339937,0.13968694535284626
0.006836033562605664,1.5196178313695696,1348.622832924391,21.377167075608895,0.01560377158803569
0.007396436014052456,1.5846724584734742,1399.277005942629,29.277005942629103,0.021370077330386206
0.007288743321613993,1.620770346062302,1348.19240827457,21.80759172543003,0.015917950164547466
0.007927147948614023,1.7829558188629326,1332.898517900601,37.101482099398936,0.027081373795181704
0.006315461908585867,1.618004991935006,1170.16193300866,199.83806699133993,0.1458672021834598
0.007548804469827234,1.526479383862598,1482.545176106091,112.54517610609105,0.08214976358108836
0.00671850172884788,1.6220004110970987,1241.772895733243,128.2271042667569,0.09359642647208533
0.006116237758451981,1.7143497523842257,1069.5611842149797,300.4388157850203,0.2192984056824966
0.0059635369403722,1.572882469597467,1136.654157119268,233.3458428807321,0.17032543275965847
0.00705979095690951,1.7344725845177555,1220.2395718618566,149.76042813814342,0.10931418112273243
0.0061940978738913004,1.680739769767332,1104.837203300965,265.16279669903497,0.19354948664163135
0.007948197659853875,1.6572304529568351,1437.8264102412704,67.82641024127042,0.049508328643263086
0.007652182539772698,1.577380930076773,1454.351684441554,84.35168444155397,0.061570572585075894
0.005175456311034093,1.6164340733912481,959.8676458863391,410.1323541136609,0.299366681834789
0.008137457291297636,1.771931690008679,1376.7733468417123,6.773346841712282,0.004944048789571009
0.00624775619472721,1.5963820336798826,1173.296959678506,196.70304032149397,0.14357886154853575
0.007047721685239367,1.7344904320602679,1218.1409411455302,151.85905885446982,0.11084602836092687
0.007745785474832985,1.7768282959064274,1306.8950286253023,63.1049713746977,0.046062022901239195
0.009176403371422889,1.5669964398214855,1755.5984509012376,385.5984509012376,0.28145872328557486
0.005208533226356503,1.742750349878162,895.9854626414227,474.0145373585773,0.34599601267049435
0.005560133833185548,1.6465175682578332,1012.3707276463354,357.62927235366465,0.26104326449172605
0.00883547617662742,1.7236612470155128,1536.7341611804172,166.73416118041723,0.12170376728497607
0.00622469516833926,1.7753160132739998,1051.1461907988414,318.8538092011586,0.23274000671617415
0.005260169713772375,1.6020719119460523,984.3248584724447,385.6751415275553,0.2815147018449309
0.005871700121907766,1.6634117083425535,1058.2415666291104,311.75843337088963,0.22756090027072237
0.006005894814932283,1.617501938738123,1113.1498058436098,256.8501941563902,0.18748189354481037
0.006155364611924401,1.512360066392742,1220.1670276156453,149.83297238435466,0.10936713312726618
0.009552012553339134,1.6291186474527868,1757.7733375588193,387.7733375588193,0.28304623179475863
0.0072500080311113865,1.517075206316561,1432.6895061740859,62.689506174085864,0.04575876363071961
0.00596554150911361,1.7956515799431259,995.9751503545269,374.02484964547307,0.27301083915727964
0.007211515958648945,1.5546065567951768,1390.6786162065807,20.678616206580728,0.015093880442759656
0.006982877463245904,1.6468821681670296,1271.1376922304355,98.8623077695645,0.07216226844493759
0.005846354195385442,1.5856095684186493,1105.3748220762814,264.62517792371864,0.19315706417789683
0.009289613291519158,1.5929511333132014,1748.2997088187694,378.29970881876943,0.2761311743202697
0.009880568244428458,1.610476314433219,1839.2818409604627,469.28184096046266,0.34254148975216253
0.008680945085282464,1.6986301480417558,1532.1062491914956,162.10624919149564,0.11832572933685813
0.005502556711301486,1.5610716701163343,1056.725987246015,313.27401275398506,0.22866716259414968
0.009242537894278086,1.628178083450522,1701.8059520931843,331.80595209318426,0.24219412561546297
0.008225806378022772,1.7151635887046175,1437.7839696107378,67.78396961073781,0.04947735008083052
0.006475597568651662,1.5048283875275719,1290.0708999213612,79.92910007863884,0.0583424088165247
0.009798960189973279,1.7283032058402756,1699.7332130550506,329.73321305505056,0.24068117741244566
0.00628597693861406,1.715865519654764,1098.2728283610404,271.7271716389596,0.19834100119632087
0.008239255043736604,1.515466042762021,1629.9055550917262,259.9055550917262,0.1897120840085593
0.008653082147109654,1.6380525999141304,1583.6663403201517,213.66634032015168,0.15596083235047567
0.005054762970841755,1.6902987119167001,896.5159855784779,473.48401442152215,0.3456087696507461
0.005661180287132318,1.6805489432725813,1009.8957011960495,360.10429880395054,0.2628498531415697
0.005784834269546084,1.5845979192504098,1094.4414754818292,275.55852451817077,0.20113760913735093
0.00560932041825831,1.7675396596813622,951.3970148779563,418.6029851220437,0.30554962417667425
0.006231036480784059,1.7942626174742202,1041.10609242449,328.89390757550996,0.24006854567555472
0.008801777221750583,1.7595369865728268,1499.6595401024285,129.65954010242854,0.09464200007476535
0.005885901198051955,1.744220173809404,1011.6548439268066,358.3451560731934,0.2615658073526959
0.008405289936684325,1.7428296278179907,1445.8341137315192,75.83411373151921,0.0553533676872403
0.009054469441125052,1.6062168156544372,1689.9721277882309,319.97212778823086,0.23355629765564295
0.007015912650021251,1.6131386232479787,1303.8666783814483,66.13332161855169,0.048272497531789554
0.006530971208158963,1.6389889529992825,1194.599822066075,175.40017793392508,0.1280293269590694
0.007250854445890586,1.7489981077395909,1242.8552479928799,127.14475200712013,0.09280638832636506
0.007289355731663971,1.6574526219136976,1318.4653625325268,51.5346374674732,0.03761652369888555
0.00891590342617847,1.5639313517550937,1709.1035360503695,339.1035360503695,0.24752082923384633
0.008800139331242688,1.7929615939212415,1471.4288414209104,101.42884142091043,0.07403565067219739
0.0050137396600998954,1.5044685563391351,999.0779336265568,370.92206637344316,0.2707460338492286
0.008469296188274054,1.7311463357260768,1466.6761956595599,96.67619565955988,0.07056656617486122
0.00975580766736759,1.5507850242627548,1885.9593783901742,515.9593783901742,0.3766126849563315
0.007198048430004732,1.7276710079041653,1249.0344641784138,120.96553582158617,0.08829601154860305
0.00810847170869859,1.6132982532542908,1506.7633398045057,136.76333980450568,0.09982725533175597
0.0083055917313095,1.6554864185251257,1504.0617261554175,134.06172615541755,0.09785527456599821
0.005976326632035121,1.728552974614505,1036.5072272246898,333.4927727753102,0.24342538158781765
0.009675608520714711,1.509926556973875,1921.0699008329284,551.0699008329284,0.402240803527685
0.00606181951656703,1.678129627744081,1082.9245505110305,287.0754494889695,0.20954412371457629
0.009927135172537908,1.680120969858682,1771.3487943214686,401.34879432146863,0.29295532432223986
0.009507642219819078,1.7534402915872658,1625.5583064559014,255.5583064559014,0.18653890982182583
0.006551977419075731,1.7459560984581257,1125.0187888228386,244.9812111771614,0.17881840231909593
0.007867608345439064,1.691641514081273,1394.2963830262038,24.296383026203785,0.017734586150513713
0.008630382158432603,1.7759248449776328,1456.8879353610494,86.88793536104936,0.06342185062850318
0.005829033389155005,1.7673411996557136,988.7735587442146,381.2264412557854,0.27826747536918645
0.006397241460211354,1.665254337144832,1151.6827784184118,218.31722158158823,0.15935563619094031
0.00707513475941225,1.6500673527048715,1285.4457345201524,84.55426547984757,0.06171844195609312
0.009778766730544473,1.6876159884043258,1737.1253499028753,367.1253499028753,0.26797470795830314
0.00555974434717265,1.6526130346482832,1008.5660640122106,361.43393598778937,0.26382039123196305
0.005682605708527834,1.7321044781793786,983.5447888195829,386.4552111804171,0.2820840957521293
0.009048984914083041,1.5317667964299218,1771.0381476610005,401.0381476610005,0.29272857493503684
0.0077066417685900685,1.507077936068941,1533.0282684368058,163.02826843680577,0.1189987360852597
0.006071421259563744,1.5837959802969657,1149.2429110830205,220.75708891697946,0.16113656125326967
0.006393457422418702,1.5703114660577746,1220.5924475588895,149.4075524411105,0.10905660762124855
0.005043592209010951,1.5103134278094887,1001.1371663973384,368.86283360266157,0.26924294423551937
0.006617357463608593,1.7859815029317447,1110.7807422547994,259.2192577452006,0.1892111370402924
0.0070642860842380336,1.546981117822016,1369.0016412033383,0.9983587966617051,0.000728729048658179
0.006011411509250103,1.733767060248518,1039.4567261816903,330.5432738183097,0.24127246264110194
0.005247035421278487,1.6663857165814047,943.9721131222857,426.0278868777143,0.310969260494682
0.007578388309069603,1.6384925905697885,1386.6060011076204,16.606001107620386,0.012121168691693713
0.009962362729696262,1.533858239093314,1947.1429197972554,577.1429197972554,0.4212722042315733
0.008960311611465932,1.6530079504251516,1625.0580293678665,255.05802936786654,0.18617374406413617
0.006388263693120666,1.5573211453217262,1229.7741417472064,140.2258582527936,0.1023546410604333
0.006991055427569939,1.6494871887624374,1270.6165315645164,99.38346843548356,0.07254267769013399
0.009470163404743227,1.6541429992329508,1716.3471151443034,346.3471151443034,0.2528081132440171
0.00637910471770543,1.767503869525998,1081.9820630283364,288.01793697166363,0.2102320707822362
0.008620510729743073,1.7032858654865122,1517.281481195685,147.28148119568505,0.1075047307997701
0.007279138693690359,1.5773067737366513,1383.5170921980007,13.517092198000682,0.00986649065547495
0.008084491524859093,1.7850157249106693,1357.7861259675835,12.21387403241647,0.008915236520012021
0.006613908933221088,1.6590117660747887,1195.1693511914023,174.83064880859774,0.12761361226904944
0.008235702230155897,1.5831062605944288,1559.5929827271675,189.5929827271675,0.13838903848698358
0.007409403460448169,1.7003514802852984,1306.3671255479237,63.632874452076294,0.04644735361465423
0.006136615792678477,1.528134772242959,1203.8932466594001,166.10675334059988,0.1212458053581021
0.009030953135818894,1.5886025173006024,1704.2725346239934,334.27253462399335,0.24399455082043311
0.006400247548109679,1.6813377489213859,1141.2019658079944,228.79803419200562,0.16700586437372672
0.009192522956555961,1.5993808211011373,1723.0724640489307,353.07246404893067,0.2577171270430151
0.006567410132469421,1.5154293525009825,1299.2093778953226,70.79062210467737,0.05167198693772071
0.007367343271909685,1.6074658191091877,1374.0098994077223,4.009899407722287,0.0029269338742498444
0.006014129511229304,1.6933470341950645,1064.7496540830605,305.2503459169395,0.22281047147221864
0.006755118612009238,1.5229805764961364,1329.7172951705961,40.28270482940388,0.02940343418204663
0.006907463232398809,1.6031160317310877,1291.7376783696393,78.2623216303607,0.05712578221194212
0.008718113038066543,1.7094079235991333,1528.964795776112,158.96479577611194,0.11603269764679704
0.008380311323625133,1.5979413799467577,1572.2442400224481,202.24424002244814,0.14762353286310084
0.007811434467146983,1.5366439008888397,1523.976464591011,153.9764645910111,0.11239157999343877
0.007812695083417755,1.676460618456086,1397.1023457856884,27.102345785688385,0.019782734150137506
0.008690134350569695,1.7030113843003798,1529.7823381126657,159.78233811266568,0.11662944387785816
0.007702534820285343,1.7216533820594986,1341.2466589771022,28.753341022897757,0.020987840162699094
0.005834747188683774,1.5614429939280423,1120.254282933309,249.745717066691,0.18229614384429998
0.008675513745561652,1.6931003575413075,1536.148509218692,166.14850921869197,0.12127628410123502
0.009253839646576712,1.7163596661089082,1616.3461472352324,246.34614723523237,0.1798147060111185
0.007216733831114035,1.58304467986655,1366.6843402953207,3.3156597046793195,0.0024201895654593574
0.00929687830552687,1.6524280411787178,1686.6900884547101,316.6900884547101,0.23116064850708767
0.009695588063769647,1.7678357182093833,1644.193602071285,274.1936020712851,0.2001413153805001
0.005962835534894038,1.6139011717059208,1107.6348124625815,262.3651875374185,0.1915074361586996
0.005198485758007671,1.693503902853386,920.2617251990093,449.73827480099067,0.32827611299342385
0.008342689326260913,1.7155134389408904,1457.9164946642543,87.91649466425429,0.06417262384252138
0.008088698331483343,1.7816996885778018,1361.0210353415573,8.978964658442692,0.0065539888017829865
0.0057576128456407975,1.7350849613625043,994.8152082717547,375.1847917282453,0.273857512210398
0.008862645722754654,1.5623421203746428,1700.6226171324613,330.6226171324613,0.24133037746894986
0.006068724597749114,1.6829111226289013,1081.077805964121,288.9221940358791,0.21089211243494824
0.006941528603092723,1.6765044814088186,1241.2838410367563,128.71615896324374,0.09395340070309763
0.009534518243641392,1.771415276340785,1613.6118381070125,243.61183810701255,0.17781885993212596
0.009363015305364122,1.6090302879039193,1744.504993963385,374.504993963385,0.27336130946232484
0.005542059876201091,1.516966493909711,1095.2567240871376,274.7432759128624,0.20054253716267326
0.009983194157003425,1.7821843557530774,1679.3359819134,309.3359819134,0.22579268752802922
0.008086087370583254,1.5322142027565608,1582.1208314533949,212.12083145339489,0.1548327236886094
0.009128481121433694,1.712173360943499,1598.348540882077,228.34854088207703,0.16667776706720952
0.009174301031247088,1.7467851780997203,1574.541787434657,204.54178743465695,0.14930057476982259
0.009454887992342184,1.5859800804709525,1787.2255435246389,417.22554352463885,0.30454419235375096
0.006187290149172707,1.547448894769538,1198.6844466717744,171.31555332822563,0.12504784914469025
0.005569532879018539,1.5330059379003642,1089.1699180236997,280.83008197630033,0.20498546129656958
0.008997596166572003,1.5634052951331765,1725.343696394621,355.343696394621,0.25937496087198614
0.005946502557785708,1.7049152347572385,1045.6335787014677,324.36642129853226,0.23676381116681186
0.008331174567331455,1.6179915799330997,1543.6565508398098,173.65655083980982,0.12675660645241593
0.006412891271763662,1.6274924830110864,1181.2874451449482,188.71255485505185,0.13774639040514733
0.00862905898786789,1.6933842587380978,1527.66673650768,157.66673650768007,0.11508520912969349
0.009857527588107765,1.5595285785971513,1894.9395772535006,524.9395772535006,0.38316757463759166
0.008603476988419095,1.772514200127683,1455.1406773039116,85.14067730391162,0.06214647978387709
0.006045040320397134,1.7088078226960037,1060.539091810656,309.4609081893441,0.2258838745907621
0.007098142341344191,1.5876977411339372,1340.2863055191156,29.713694480884442,0.021688828088236817
0.006129541826200912,1.6077138516122338,1142.9835033440954,227.01649665590458,0.16570547201160918
0.007875293591664612,1.7151927521988244,1376.4946361218656,6.494636121865597,0.004740610307931092
0.009536201648242384,1.6416379181691445,1741.4810540552303,371.4810540552303,0.2711540540549126
0.007978607621879205,1.7637923827794277,1356.126953338717,13.87304666128307,0.010126311431593482
0.00690544671174755,1.693136416603266,1222.701740392548,147.2982596074521,0.10751697781565847
0.00779501602140301,1.7395951832736003,1343.3510483790799,26.648951620920116,0.019451789504321252
0.006849322623008726,1.5321511295285897,1340.1910720247115,29.808927975288498,0.02175834158780182
0.008612256966473409,1.6248970597942902,1588.9558475990784,218.95584759907842,0.15982178656867038
0.009738443946275408,1.656005071721102,1762.9849676214142,392.98496762141417,0.2868503413294994
0.007109742990274212,1.741514439872062,1223.9044810671567,146.09551893284333,0.10663906491448419
0.005534768571986593,1.7942093802099266,924.7983501584808,445.20164984151916,0.3249647079135176
0.005677125058038514,1.6570164588596918,1027.1227340095313,342.8772659904687,0.2502753766353786
0.008775375755480031,1.5716359598822855,1673.9191102537575,303.9191102537575,0.2218387666085821
0.006688253869558082,1.7955274551209912,1116.7125635222972,253.28743647770284,0.1848813404946736
0.008803013885961051,1.5484697686822502,1704.3130089173478,334.3130089173478,0.24402409410025389
0.007713420345679654,1.6820288893285213,1374.7833106134406,4.7833106134405625,0.0034914676010515053
0.005360164173827615,1.6709016322666854,961.7183692467922,408.28163075320776,0.2980157888709546
0.006301205561481628,1.5218094741222614,1241.3208984189055,128.67910158109453,0.0939263515190471
0.008521982781260214,1.762117032994639,1449.8617953234714,79.86179532347137,0.0582932812580083
0.008099642333448533,1.6426609609651759,1478.2184161962737,108.21841619627367,0.07899154466881289
0.005769737373141383,1.7251300264678688,1002.6628269001003,367.3371730998997,0.2681293234305837
0.005868893954009598,1.6695162275881226,1053.8682494603106,316.1317505396894,0.2307531025837149
0.005895769779468991,1.670709512740459,1057.9381397606878,312.0618602393122,0.22778237973672422
0.0062798805396405725,1.5333794752033738,1227.7853286613963,142.2146713386037,0.10380632944423628
0.005392788012381261,1.6635263001174168,971.8615050393852,398.1384949606148,0.29061204011723707
0.008143172160199972,1.5282472959158573,1597.4257597887686,227.42575978876857,0.1660042042253785
0.006239492618928996,1.6865737808857701,1109.0844943167483,260.9155056832517,0.1904492742213516
0.007663552227841267,1.5341866330641327,1497.5199952089984,127.51999520899835,0.09308028847372142
0.008863114403611972,1.6640946664924146,1596.7209715266213,226.72097152662127,0.1654897602384097
0.008832125634807246,1.7181171741591434,1541.1083092860215,171.1083092860215,0.12489657612118357
0.005523322180992856,1.7537883804114855,944.1562912951118,425.8437087048882,0.31083482387218114
0.00935277472517641,1.793115184289136,1563.6983884515412,193.69838845154118,0.14138568500112494
0.008493715064707868,1.6641542340031776,1530.117620573586,160.117620573586,0.11687417560115768
0.00548677327904766,1.64311060671918,1001.0849185002811,368.9150814997189,0.26928108138665613
0.006643747729504199,1.6008666854960685,1244.1669754298066,125.8330245701934,0.09184892304393678
0.005553845971676763,1.7085011749592733,974.5390635988676,395.46093640113236,0.28865761781104554
0.005054413031060511,1.563099288273092,969.4041304330274,400.5958695669726,0.2924057442094691
0.006119153416834546,1.5343981370415747,1195.5671734905277,174.4328265094723,0.1273232310288119
0.009334325799829218,1.564664958967051,1788.4726434667637,418.47264346676366,0.30545448428230926
0.008937622369643594,1.7624842283342605,1520.2585848972915,150.25858489729148,0.10967779919510327
0.005334560016345964,1.677117526316115,953.5770955549817,416.4229044450183,0.3039583244124221
0.007284441377415775,1.5176007579951358,1438.9954500137248,68.99545001372485,0.05036164234578456
0.008936542942725298,1.7328270078267656,1546.0909616027905,176.09096160279046,0.12853354861517552
0.006567812534154555,1.7411218091539897,1130.8689908686686,239.13100913133144,0.1745481818476872
0.006946194427966075,1.7762613883217575,1172.3593807741083,197.64061922589167,0.1442632257123297
0.00536149478226251,1.6315009338954356,985.1883415665076,384.8116584334924,0.28088442221422805
0.007856615988181992,1.5248801884910301,1544.6159222449844,174.6159222449844,0.1274568775510835
0.008125217720602942,1.7236389413592637,1413.218820830177,43.21882083017704,0.03154658454757448
0.009684309544625297,1.5376887214405661,1888.0823679945904,518.0823679945904,0.3781623124048105
0.007551080123545318,1.7218669777788664,1314.7106600027503,55.289339997249726,0.040357182479744326
0.006368498777772839,1.7931810142188351,1064.7156573817695,305.28434261823054,0.22283528658265003
0.006447513882340759,1.7940386608298402,1077.4104688925602,292.5895311074398,0.21356900080835023
0.009425836760471507,1.7877631504622629,1580.6315117289687,210.6315117289687,0.1537456289992472
0.007125086858124857,1.6086946656753682,1327.8140023942856,42.18599760571442,0.030792698982273298
0.008010574999018963,1.7567384244213273,1367.0276323239777,2.972367676022259,0.0021696114423520136
0.006567045648445306,1.5482310078743893,1271.6130517554848,98.38694824451522,0.07181529068942717
0.005877641766646292,1.543623802921567,1141.5169091920816,228.48309080791842,0.16677597869191124
0.005670821467145701,1.7144236830546518,991.6274041931686,378.37259580683144,0.2761843765013368
0.009948123614229733,1.5001602900231557,1988.0358456573601,618.0358456573601,0.4511210552243505
0.0073518279773654525,1.605277469334472,1372.9854322575882,2.9854322575881724,0.002179147633276038
0.009090404488355295,1.7576659861534631,1550.4849768085141,180.48497680851415,0.1317408589843169
0.009636932842011357,1.6222761608057008,1780.8803791166195,410.88037911661945,0.29991268548658356
0.006777557665737417,1.505854073472552,1349.3078165021798,20.692183497820224,0.01510378357505126
0.005882099767407716,1.6020188369535566,1100.7418307425992,269.2581692574008,0.1965388096769349
0.00739381769288752,1.5476883394108496,1432.207456572571,62.20745657257089,0.04540690260771598
0.007230609173393434,1.5800403875107363,1371.9156257417098,1.915625741709846,0.0013982669647517123
0.009896910246259109,1.7197379208997154,1725.273957894205,355.27395789420507,0.259324056857084
0.008008853147299778,1.7209031631379343,1395.1940017426716,25.194001742671617,0.018389782293920888
0.007258751069881937,1.510820479380847,1440.3556577031814,70.35565770318135,0.051354494673855
0.006322631764870182,1.769599533568127,1071.1334863416073,298.8665136583927,0.21815073989663702
0.006758259835800883,1.7493512973292817,1158.1866552879421,211.81334471205787,0.15460828081172107
0.008978724759784968,1.724315507480795,1561.0565199718098,191.05651997180985,0.1394573138480364
0.009995243220072237,1.5453800397531992,1939.0042942005634,569.0042942005634,0.41533160160625066
0.007540816348326969,1.7470785588787257,1293.9772266694347,76.02277333056531,0.055491075423770304
0.008499046063362568,1.5169915196308865,1679.607220619568,309.6072206195679,0.22599067198508604
0.005999736760153165,1.7234198040987134,1043.6666831851317,326.33331681486834,0.23819950132472142
0.005362199296192152,1.6642552136840716,965.9257150426921,404.0742849573079,0.29494473354548023
0.00902131469798307,1.7920656474082874,1509.164640040499,139.16464004049908,0.10158002922664167
0.008507960578088157,1.6573204629821392,1539.0037540975184,169.00375409751837,0.12336040445074334
0.005335141052747176,1.6849809044353043,949.2303715547505,420.7696284452495,0.3071311156534668
0.009323926902422272,1.7220624562959026,1623.194881271595,253.19488127159502,0.18481378195006937
0.006055890041129714,1.7502599883686758,1037.2802742866438,332.7197257133562,0.24286111365938406
0.007536319153320245,1.5666272156677286,1442.1628966042067,72.16289660420671,0.05267364715635526
0.00558797987207787,1.5741530400677444,1064.2130583648052,305.7869416351948,0.22320214717897432
0.008181874434059159,1.5218042253258932,1611.8132719132616,241.8132719132616,0.17650603789289168
0.005146899436241992,1.7263699515017965,893.78387971102,476.21612028898005,0.3476030075102044
0.0052721864465077786,1.6971436869192444,931.3069635853765,438.6930364146235,0.32021389519315585
0.009322468405790138,1.5100918733046227,1850.7521081370562,480.7521081370562,0.3509139475452965
0.007058868661997867,1.7042484973806327,1241.717736663419,128.28226333658108,0.09363668856684751
0.007117428426459658,1.5491993367979136,1377.3252491946757,7.3252491946757345,0.005346897222391047
0.009901134297214127,1.7364160050419697,1709.4321748538487,339.43217485384866,0.24776071157215232
0.005557750589614949,1.705126134595757,977.1545203643382,392.84547963566183,0.28674852528150496
0.005285137326725139,1.5632092740520616,1013.5842566615362,356.4157433384638,0.26015747688938967
0.008354286277952979,1.5019824764733012,1667.4974956991218,297.4974956991218,0.21715145671468747
0.0078002846486773005,1.5255921323003867,1532.825490126606,162.82549012660593,0.1188507227201503
0.00797274560920457,1.6748631783415515,1427.083139745713,57.08313974571297,0.04166652536183429
0.008225198812733817,1.5270861969247576,1614.7435387562803,244.74353875628026,0.17864491880020456
0.009668858055084998,1.710261206635131,1694.8584877803594,324.8584877803594,0.2371229837812842
0.009267695040483782,1.5500240522904218,1792.4786857826564,422.4786857826564,0.30837860276106305
0.00574853569482864,1.6534980992963904,1042.2555953265123,327.7444046734877,0.23922949246239977
0.007253101766639382,1.7964843825290142,1210.3780182513467,159.6219817486533,0.11651239543697321
0.009296951731644104,1.682376396713688,1656.6780281637944,286.67802816379435,0.20925403515605426
0.009107707849672197,1.5013261865358523,1818.6734818096231,448.6734818096231,0.3274988918318417
0.008504494280608338,1.674234416178269,1522.8352850674173,152.83528506741732,0.11155860223899074
0.006030213818040265,1.629079326364066,1109.7142990640632,260.2857009359368,0.18998956272696116
0.008239623474970348,1.6014711830580601,1542.4423496893528,172.4423496893528,0.1258703282404035
0.008142192327627563,1.7027620532927386,1433.5343254143788,63.53432541437883,0.046375420010495494
0.00926074456187472,1.5589528310353893,1780.8758031958257,410.8758031958257,0.2999093453984129
0.008784446781909604,1.5022814508258873,1753.0076614279458,383.0076614279458,0.27956763607879254
0.009020792525835711,1.7715759102977544,1526.5310104458267,156.53101044582672,0.11425621200425308
0.006756739938758664,1.6035456214444057,1263.2129995045834,106.78700049541658,0.0779467156900851
0.005128715848623592,1.5522268774953987,990.5448442713107,379.4551557286893,0.2769745662253207
0.00670707469247097,1.52176612474857,1321.3136863443349,48.68631365566512,0.035537455223113225
0.009166857913922685,1.7412561789553065,1578.259936341149,208.2599363411489,0.1520145520738313
0.007763520365451923,1.583877175423588,1469.4604412551398,99.46044125513981,0.07259886223002907
0.006053078606975614,1.6488505926072605,1100.565037359131,269.4349626408689,0.19666785594224007
0.008608983214139849,1.7137275282880722,1506.0201788471725,136.02017884717247,0.09928480207822808
0.007332410706061278,1.7605168126828994,1248.611437732155,121.38856226784492,0.08860478997652914
0.007792321972437056,1.6550455401612836,1411.4894732242008,41.489473224200765,0.030284287024964062
0.006077665620265203,1.5815721181830513,1152.0425115325136,217.95748846748643,0.15909305727553755
0.007034414003538356,1.6062121311233022,1312.9425583627942,57.057441637205784,0.04164776761839838
0.008536467244876948,1.7811858371625364,1436.777928829118,66.77792882911808,0.04874301374388181
0.005281234255454714,1.520456640246799,1041.3149292172996,328.68507078270045,0.23991611006036528
0.006287631233804598,1.6877306856028313,1116.8751262625565,253.12487373744352,0.18476268156017775
0.009399783171987346,1.701161471747164,1656.5059511387449,286.5059511387449,0.20912843148813495
0.00511075576498572,1.6289616948091017,940.5783069701306,429.4216930298694,0.3134464912626784
0.007569190383741159,1.6779368463217224,1352.3668636195134,17.633136380486576,0.01287090246750845
0.006022513530540985,1.572674357671839,1148.0470358351731,221.95296416482688,0.16200946289403423
0.009530374063423969,1.7985565070314555,1588.5707538035945,218.57075380359447,0.15954069620700326
0.005067393261376836,1.5678982605240461,968.9189150404694,401.0810849595306,0.29275991602885443
0.008577755036085603,1.5609750396213677,1647.3974286057382,277.39742860573824,0.20247987489469946
0.005057955579816882,1.5012656866919163,1010.0390285142745,359.9609714857255,0.2627452346611135
0.005247436772055832,1.5899220731785715,989.445957529968,380.55404247003196,0.27777667333578976
0.00882079302328727,1.6868914909118653,1567.6214126440832,197.6214126440832,0.14424920630954977
0.00864329936584798,1.7524482785941464,1478.6148006582673,108.61480065826731,0.07928087639289585
0.005726168324760223,1.7438537265672323,984.4071500084187,385.59284999158126,0.2814546350303513
0.008776410856585579,1.731416996545162,1519.6234000034242,149.6234000034242,0.10921416058644101
0.006646662321407713,1.5939911287189255,1250.081759509071,119.91824049092907,0.08753156240213801
0.008871735626518034,1.7901096701407107,1485.763400178129,115.7634001781289,0.08449883224680942
0.008758163102857769,1.570943736596694,1671.3719167682143,301.3719167682143,0.21997950129066737
0.009961390293816878,1.7733936201710627,1683.9745261926896,313.9745261926896,0.2291784862720362
0.008357463261896653,1.5879051507993178,1577.867829616572,207.86782961657195,0.15172834278581895
0.008592787527235779,1.6914113997100146,1523.0197066801188,153.01970668011882,0.11169321655483125
0.008817578136539921,1.5074712548954405,1753.5614125814384,383.5614125814384,0.2799718340010499
0.008749112772201851,1.7170043661259653,1527.6129024736333,157.6129024736333,0.11504591421433089
0.008080417615330555,1.619554829517034,1495.749458071044,125.74945807104405,0.09178792559930223
0.006446139087085356,1.6948820954847488,1140.1995965828435,229.80040341715653,0.16773752074245002
0.007518490670415358,1.5159408862924943,1486.8566570866872,116.85665708668716,0.0852968299902826
0.005004276033321138,1.6745012395525813,895.9349668446299,474.0650331553701,0.3460328709163285
0.007766248179190319,1.7018272413091906,1368.0957588188517,1.9042411811483362,0.0013899570665316322
0.007634211724073166,1.7509454674431744,1307.1104384503565,62.88956154964353,0.04590478945229455
0.009946536478904273,1.5116883345635197,1972.5604487504106,602.5604487504106,0.4398251450732924
0.009798373444123903,1.589588112231318,1847.9494383563724,477.9494383563724,0.34886820317983386
0.005389601334394386,1.5023201309418526,1075.511003547027,294.48899645297297,0.21495547186348393
0.009619700061967879,1.6302366981453138,1769.0152172878152,399.0152172878152,0.2912519834217629
0.009601081582279007,1.5876614461762315,1812.9380504528897,442.9380504528897,0.3233124455860509
0.005531945252286841,1.7352479957524447,955.7339750652558,414.2660249347442,0.30238395980638266
0.007709443266212635,1.7596396203018747,1313.4694854125476,56.530514587452444,0.041263149333906894
0.006833566296521048,1.516949902874568,1350.5071150061563,19.492884993843745,0.014228383207185216
0.00939549717988256,1.6654744380821052,1691.229315373138,321.229315373138,0.234473952827108
0.00832980431325708,1.6753733728493037,1490.540884915306,120.54088491530592,0.08798604738343498
0.008449443794772781,1.6328052227473426,1551.366622716728,181.366622716728,0.13238439614359707
0.009451409830054113,1.7559456324486626,1613.638447658558,243.6384476585581,0.17783828296245116
0.0056132335045825845,1.6271446185759022,1034.207439495808,335.7925605041919,0.24510405876218386
0.008362954618617037,1.568696409469116,1598.2383245883332,228.23832458833317,0.16659731721776144
0.005512454352090334,1.661887420961226,994.4068527037222,375.59314729627783,0.27415558196808604
0.005209612463075183,1.752710052483235,891.0786603408735,478.9213396591265,0.3495776201891434
0.006065848359232256,1.788515978116254,1016.7622832113732,353.2377167886268,0.2578377494807495
0.007660994333328581,1.6349890185065357,1404.7240048196481,34.724004819648144,0.0253459889194512
0.009058727784338777,1.5490650743430283,1753.1466649143733,383.14666491437333,0.27966909847764476
0.005172880847157869,1.6010183072723003,968.6276896812662,401.37231031873375,0.29297248928374725
0.00556609752061359,1.6893997903989486,987.7318954670875,382.2681045329125,0.27902781352767336
0.009466869800578127,1.798198035377588,1578.3001155850666,208.30011558506658,0.15204387998909968
0.006152767159216506,1.6281993652589095,1132.8791974254827,237.12080257451726,0.17308087779161843
0.006854491122303845,1.7684757934133208,1161.9750462789511,208.02495372104886,0.15184303191317436
0.009968935128847764,1.6497282560250677,1811.5780917280995,441.5780917280995,0.3223197749840142
0.005407372213168821,1.5127535010349302,1071.6150423699128,298.38495763008723,0.21779923914604907
0.009745078965518501,1.7171145325020856,1701.401462265791,331.401462265791,0.2418988775662708
0.007729691613643764,1.667294996161245,1389.8579758060657,19.857975806065724,0.014494872851142863
0.009958890879463578,1.767980547431983,1688.7065754455245,318.70657544552455,0.23263253682155077
0.006879344483426506,1.7479230889380457,1179.9006519034958,190.09934809650417,0.13875864824562348
0.007024036940035729,1.5813759079543879,1331.5956621977616,38.40433780223839,0.028032363359298092
0.009067939433592718,1.5458924792741258,1758.5310027954602,388.53100279546015,0.2835992721134746
0.009056795775200778,1.6663888046062645,1629.367083807909,259.367083807909,0.189319039275846
0.008577086546255224,1.556179810245019,1652.3449547746852,282.3449547746852,0.20609120786473373
0.008255728672783562,1.7084071664685194,1448.7209138269955,78.72091382699546,0.05746052104160252
0.00931587094268608,1.5802298994361026,1767.3554014610434,397.35540146104336,0.29004043902265936
0.005979085181119038,1.7230550326476015,1040.294482228328,329.705517771672,0.24066096187713287
0.005718401801563381,1.6244484237561636,1055.332817497715,314.66718250228496,0.2296840748191861
0.005177454823714703,1.608290580639711,965.1004156027589,404.89958439724114,0.29554714189579645
0.00848856871857418,1.5784160896945545,1612.2547772151254,242.2547772151254,0.17682830453658788
0.00942847648649162,1.753306811468701,1612.1457594251667,242.14575942516672,0.17674872950742096
0.008704940361900743,1.7750635572415125,1470.1870573542312,100.18705735423123,0.07312923894469432
0.008631733518519176,1.614384188439581,1602.9199411442942,232.91994114429417,0.17001455557977677
0.008905033335955622,1.5987341331991656,1669.8597827619515,299.85978276195146,0.2188757538408405
0.0064152419612497884,1.5392383657599957,1249.4758440342139,120.52415596578612,0.08797383647137673
0.006363367922956963,1.586251991366831,1202.639757846934,167.3602421530661,0.1221607606956687
0.00647252225682984,1.536942998650211,1262.5148483313003,107.4851516686997,0.07845631508664212
0.007417687735146539,1.66110512429902,1338.7273365582175,31.27266344178247,0.02282676163633757
0.00836267559112321,1.750786080744144,1431.9665312017105,61.966531201710495,0.045231044672781384
0.005116927782548983,1.5296650703981183,1002.8446010992448,367.15539890075524,0.267996641533398
0.008415370236882642,1.5022863412074559,1679.3499741649441,309.3499741649441,0.22580290085032417
0.009552365211204538,1.540159457936126,1859.370490259628,489.370490259628,0.35720473741578684
0.009386544277347674,1.5078865293579344,1866.1982359044714,496.1982359044714,0.362188493360928
0.008134056601524532,1.6686728892918794,1461.3582073098723,91.35820730987234,0.06668482285392141
0.009314997903783248,1.697816553340063,1644.79849860475,274.79849860474997,0.2005828456968978
0.006550281494092308,1.7374234503342403,1130.251228811301,239.74877118869904,0.17499910305744457
0.005307436973782878,1.5536557503187192,1024.1197741031394,345.88022589686057,0.2524673181728909
0.007297238649513241,1.5135248309155684,1445.4054975938566,75.40549759385658,0.055040509192596045
0.00928684813707029,1.7542538417708564,1587.0719298380138,217.07192983801383,0.15844666411533856
0.0058579280799377804,1.5469267473052042,1135.2590941562416,234.74090584375836,0.17134372689325428
0.006909543903925374,1.5438715287234728,1341.7108302589363,28.289169741063688,0.020649029008075685
0.00716364928117791,1.6266678219592698,1320.2498981430228,49.75010185697715,0.03631394296129719
0.009394947374211489,1.5131156289576544,1861.4138352636965,491.41383526369646,0.3586962301194865
0.008368803841292167,1.7690359864765757,1418.2324685762076,48.232468576207566,0.03520618144248727
0.007817073987982048,1.6378451367545246,1430.8433518133265,60.843351813326535,0.044411205703158055
0.00824228287306891,1.547002767179681,1597.2655605221887,227.2655605221887,0.16588727045415233
0.008414962579123476,1.5502186547484478,1627.3461216881105,257.34612168811054,0.1878438844438763
0.0063261538626165,1.7156082298369346,1105.4582177775264,264.54178222247356,0.19309619140326537
0.007502100194691611,1.6303500748703177,1379.5031461005537,9.50314610055375,0.0069366029931049265
0.009318236667710651,1.6398364467775144,1703.5461556720236,333.5461556720236,0.24346434720585663
0.006791481899707454,1.7306764281857796,1176.4388877186743,193.56111228132568,0.14128548341702604
0.005152931994364824,1.5642585124552035,987.5670397169804,382.4329602830196,0.27914814619198514
0.00843218716842933,1.7637502536442573,1433.2562744165928,63.25627441659276,0.04617246307780493
0.0086112769229975,1.5413856828812385,1674.8539343108753,304.8539343108753,0.22252111993494544
0.005467044200755618,1.5094812265278104,1085.7893361875315,284.2106638124685,0.2074530392791741
0.006288759255225465,1.6134482346784804,1168.5051645118251,201.49483548817489,0.14707652225414225
0.009714327659027345,1.6088907389021576,1810.118049846205,440.11804984620494,0.3212540509826313
0.008302914675056467,1.574025662109946,1581.3917516838944,211.39175168389443,0.15430054867437548
0.00792660768249554,1.508305115594183,1575.5016516010987,205.50165160109873,0.15000120554824725
0.007416283658529742,1.5905015319912519,1397.8898243702495,27.88982437024947,0.020357536036678447
0.005664885314560601,1.6088084955245288,1055.6196697522553,314.3803302477447,0.2294746936114925
0.008492824054103818,1.69953219552949,1498.1090709776608,128.10907097766085,0.09351027078661375
0.006713052098865202,1.7026504282330053,1181.9938820262917,188.00611797370834,0.13723074304650243
0.0064060526187946975,1.628957984568192,1178.9661113787943,191.03388862120573,0.1394407946140188
0.005721483546870317,1.5950793994109806,1075.3430936141538,294.65690638584624,0.21507803385828192
0.005539009777191151,1.5095068901063475,1100.0634491129606,269.9365508870394,0.1970339787496638
0.008252374597439296,1.5051249197245713,1643.717164257578,273.7171642575779,0.19979355055297657
0.008526085226292151,1.7333428082216726,1474.6396586893288,104.63965868932883,0.07637931291191885
0.006552727709267352,1.7367337051122764,1131.122371140353,238.87762885964707,0.17436323274426793
0.009998860649275885,1.7165126315212351,1746.3215569752772,376.3215569752772,0.27468726786516584
0.006111630771980796,1.5532720720019355,1179.5878162922877,190.4121837077123,0.13898699540708928
0.006057012982194951,1.5374666816485718,1181.0641698739548,188.93583012604518,0.13790936505550744
0.005219893400278031,1.6989878060842893,921.0688077708854,448.9311922291146,0.3276870016270909
0.007225337476659382,1.6765691393721105,1291.9847032484788,78.01529675152119,0.056945472081402326
0.005482881746298741,1.5858702034235652,1036.482425924749,333.5175740752511,0.24344348472646066
0.005845661766770606,1.7198189571679476,1018.994064690755,351.00593530924505,0.2562087119045584
0.005283764463590019,1.660934301940185,953.6998147261748,416.30018527382515,0.30386874837505484
0.009351155975887256,1.7735789673019389,1580.649120697071,210.6491206970711,0.15375848226063585
0.00513707013548986,1.7587788446252968,875.6387351048693,494.3612648951307,0.36084763860958446
0.006685497087521718,1.590630583020632,1260.0421658018502,109.95783419814984,0.08026119284536484
0.006332021952214122,1.753962088021261,1082.2881738030017,287.71182619699835,0.21000863226058272
0.007008758151194134,1.7290097365777073,1215.2463859648087,154.75361403519128,0.11295884236145348
0.006012017863301476,1.764014253610603,1021.7364225317187,348.26357746828126,0.25420699085276005
0.005776854408942621,1.5830341858225299,1094.0113601306646,275.98863986933543,0.20145156194842
0.007795993072072514,1.7996962099351945,1298.6524685250906,71.34753147490937,0.05207849012767107
0.009629137866502302,1.5711470327423362,1837.347396049227,467.347396049227,0.341129486167319
0.006139828810251653,1.663889209864096,1106.2481563149881,263.75184368501186,0.1925195939306656
0.009998739380967146,1.6064304633526063,1865.9672636347332,495.9672636347332,0.3620199004633089
0.00576622296320521,1.628641500698463,1061.4184611984724,308.5815388015276,0.22524199912520262
0.00667157195164011,1.7210965427318656,1162.1003845207565,207.8996154792435,0.1517515441454332
0.009098297303180729,1.5565187403500118,1752.3726771975587,382.3726771975587,0.27910414393982386
0.006854881646407002,1.6199414105372532,1268.5902124039706,101.40978759602945,0.07402174277082442
0.006521573013811485,1.796381135114459,1088.3650276768465,281.63497232315353,0.20557297249865222
0.007415663944906213,1.5753248804611135,1411.2391350631551,41.23913506315512,0.03010155844025921
0.006278298725780627,1.7151646205204636,1097.37956610188,272.6204338981199,0.19899301744388315
0.008556653741719763,1.7233607404292728,1488.4987207298761,118.49872072987614,0.08649541659115047
0.008664211008160637,1.7150499405007456,1514.5128158826383,144.51281588263828,0.10548380721360458
0.008603160263284865,1.6059024037749687,1606.0518720411035,236.05187204110348,0.1723006365263529
0.00980923940680201,1.6067347357899584,1830.2560636618155,460.25606366181546,0.3359533311400113
0.007629738856527589,1.7377970647589593,1316.2285816231251,53.77141837687486,0.039249210494069244
0.009802841849472096,1.6918112548630142,1737.0838768160704,367.0838768160704,0.2679444356321682
0.008517992662763573,1.7829191081794007,1432.2747150337375,62.27471503373749,0.04545599637499087
0.009745390278004133,1.7882966615159075,1633.730335958676,263.73033595867605,0.19250389486034747
0.007285339459543346,1.6131563201130679,1353.9232352806366,16.076764719363382,0.011734864758659404
0.007173791311571889,1.6024908250472043,1342.0660492154948,27.933950784505214,0.020389745098178987
0.009775151688272556,1.789637477820966,1637.4918318754867,267.4918318754867,0.1952495123178735
0.008057224073314303,1.7542633706917596,1376.9283734421037,6.928373442103748,0.005057206892046531
0.007664724757228408,1.6076202606370835,1429.334234660835,59.33423466083491,0.043309660336375844
0.0075525764197662045,1.6085784948715276,1407.5815736274562,37.58157362745624,0.027431805567486305
0.006241004987467632,1.7619889733181222,1061.8716994918307,308.12830050816933,0.2249111682541382
0.007602180813678024,1.6636766004168866,1369.9035447886208,0.09645521137917967,7.040526378042312e-05
0.007041681896127128,1.5585082100857077,1354.5280739829782,15.471926017021815,0.011293376654760448
0.009150762761655818,1.6768704094021312,1635.981913396497,265.981913396497,0.19414738204123871
0.007907727690427158,1.5405192084704469,1538.8818967480595,168.8818967480595,0.1232714574803354
0.009216424581177725,1.6283727320334875,1696.79491974327,326.79491974326993,0.23853643776881017
0.009570956103185025,1.5843535892741656,1811.0227887314238,441.0227887314238,0.32191444432950644
0.007205864903334063,1.6675123282470088,1295.5010375590164,74.49896244098363,0.05437880470144791
0.006903108596936486,1.6700255984033292,1239.2024985096748,130.7975014903252,0.09547262882505489
0.008780614134980245,1.5891008529809239,1656.5102770773424,286.5102770773424,0.20913158910754917
0.006269827193406628,1.7006428449615423,1105.256704025424,264.7432959745761,0.1932432817332672
0.009767399669827138,1.6402284166362735,1785.2347426652366,415.2347426652366,0.3030910530403187
0.00597442946918623,1.769239180704187,1012.3497802044444,357.6502197955556,0.26105855459529603
0.0076738740612723785,1.5945111541784174,1442.8055653186527,72.80556531865273,0.05314274840777571
0.008735788738743786,1.710619215323625,1530.9798668789394,160.97986687893945,0.11750355246637915
0.0053773262277899084,1.6796579777497982,959.7679221913238,410.2320778086762,0.29943947285304834
0.0077915649861502526,1.6113933238509512,1449.5855135370905,79.58551353709049,0.05809161572050401
0.009111443303445065,1.690754787398394,1615.575483935507,245.575483935507,0.1792521780551146
0.006820969890535638,1.531986241198958,1334.787006851521,35.21299314847897,0.025702914706918958
0.007361246569686488,1.7306716749128586,1275.1385690653879,94.86143093461214,0.06924192039022785
0.0059096046616466,1.6991540685716007,1042.6687844808798,327.3312155191202,0.23892789453950378
0.007932571714041303,1.6126687035130831,1474.6520269371756,104.6520269371756,0.07638834083005519
0.009341060595671233,1.5329905664476131,1826.7428238599798,456.7428238599798,0.3333889225255327
0.007619981461127656,1.786798205711548,1278.495223939505,91.50477606049503,0.06679180734342703
0.0064791708569485375,1.5070741176767428,1288.8593428974284,81.1406571025716,0.059226757009176345
0.008744593729405196,1.7550766589238245,1493.7029872856137,123.70298728561374,0.0902941513033677
0.007793038694464821,1.5671705866311625,1490.7721248934927,120.77212489349267,0.08815483568868078
0.009358128236445454,1.7797000449362599,1576.387141341937,206.38714134193697,0.15064754842477152
0.00884156487460848,1.7373180555235677,1525.704782666596,155.70478266659597,0.11365312603401166
0.0075738063041256775,1.7077142332061797,1329.5959969056466,40.40400309435336,0.029491973061571794
0.006473025221825586,1.529606649576764,1268.6687407406564,101.3312592593436,0.07396442281703912
0.009822162236511708,1.7386385010713385,1693.62990520696,323.6299052069601,0.23622620818026283
0.008495630706384668,1.51101690784753,1685.57082220574,315.5708222057399,0.23034366584360574
0.008049212635307834,1.5426633441587732,1564.2383998042505,194.23839980425055,0.14177985387171574
0.009360921133228822,1.7939526732280715,1564.3297605087014,194.32976050870138,0.14184654051730028
0.009428415156075797,1.7336067634701187,1630.4549649001972,260.4549649001972,0.19011311306583736
0.00735822187855196,1.6668284482458513,1323.4351896273258,46.564810372674174,0.03398891268078407
0.007076715333621492,1.7469051397624022,1214.459695688588,155.540304311412,0.11353306884044671
0.007030243435762957,1.7729730399217691,1188.7456337400024,181.2543662599976,0.13230245712408584
0.007168732440692183,1.6258231999506403,1321.8730789452973,48.126921054702734,0.0351291394559874
0.00819786807176079,1.5802441694400826,1555.240049051213,185.24004905121296,0.13521171463592188
0.005615160136021811,1.5095992064430717,1115.1189349178258,254.88106508217425,0.18604457305268193
0.008405788921878578,1.579384811350769,1595.5529673379126,225.5529673379126,0.16463720243643257
0.009079029616698611,1.5150503407866314,1796.524202378432,426.52420237843194,0.31133153458279705
0.005397370578643401,1.6510092542419155,980.0617339672981,389.9382660327019,0.2846264715567167
0.009573626726758388,1.5678439048791555,1830.603849948066,460.603849948066,0.33620718974311387
0.008590037208232197,1.6858682200757975,1527.5383557865541,157.53835578655412,0.11499150057412709
0.007173712388653725,1.6217191463816765,1326.1389154700128,43.86108452998724,0.03201539016787389
0.006302661019727708,1.5323648342318914,1233.0550772473687,136.94492275263133,0.0999597976296579
0.005651446215589897,1.5462586713592121,1095.716378901327,274.28362109867294,0.20020702269976126
0.005438601778575203,1.7371799068378173,938.5624303300501,431.4375696699499,0.3149179340656568
0.005780610721983566,1.6273290758211072,1064.9250497845312,305.0749502154688,0.22268244541275095
0.005566790271018112,1.6484321395548085,1012.405484261985,357.59451573801505,0.26101789469928105
0.008535902336739058,1.656029575090128,1545.2617400505512,175.26174005055123,0.1279282774091615
0.009225570688521773,1.5262129277417018,1812.169496727507,442.16949672750707,0.3227514574653336
0.009365697409302508,1.6103424248884561,1743.582857797165,373.58285779716493,0.2726882173701934
0.008787657186578016,1.6305228767077449,1615.7230209152049,245.72302091520487,0.17935986928117142
0.007748093279248719,1.770891339361778,1311.6671121314469,58.332887868553144,0.04257875026901689
0.0075690577084205875,1.7809353416551605,1274.131835152624,95.86816484737597,0.06997676266231823
0.009158575853485975,1.6999368719564099,1615.1611346226587,245.16113462265866,0.1789497333012107
0.00839905293245771,1.511293663930751,1666.1042017105822,296.1042017105822,0.21613445380334464
0.007337878273199369,1.5449801905961977,1423.8632814951047,53.86328149510473,0.039316263865039947
0.006448962420784915,1.5312981077584145,1262.5564453330828,107.44355466691718,0.07842595231161838
0.0072437003335749095,1.7899276801288402,1213.2371336151011,156.76286638489887,0.11442544991598458
0.007044770681820951,1.7221433193092732,1226.360834820948,143.63916517905204,0.10484610597011099
0.005405028709739787,1.7536364307581314,924.0152713712353,445.98472862876474,0.32553629826917135
0.008535290298119249,1.5913285792301162,1607.9744256554957,237.97442565549568,0.1737039603324786
0.008591773791124122,1.573775897333994,1636.6682116459187,266.66821164591875,0.19464832966855383
0.007549409095525234,1.5765047747441612,1435.6162730698693,65.6162730698693,0.047895089832021384
0.009185733752352012,1.6188229365654245,1701.1210046194435,331.1210046194435,0.24169416395579818
0.006400050317540777,1.6773968086768491,1143.847899372548,226.152100627452,0.16507452600543943
0.007299318009948936,1.635673301001046,1337.8469200341005,32.15307996589945,0.023469401434963105
0.009488377585934498,1.6147075867597842,1761.6465434633426,391.6465434633426,0.2858733893893012
0.008061657357415177,1.5754568786586054,1534.0464772295397,164.04647722953973,0.1197419541821458
0.0081515774675915,1.501733872586425,1627.3066021862878,257.3066021862878,0.1878150380921809
0.0064614182504459695,1.5857060677517396,1221.5911251532964,148.4088748467036,0.10832764587350628
0.005250147468321068,1.713035780069725,918.8101221834293,451.18987781657074,0.3293356772383728
0.005029060350281704,1.5701625966383792,960.2026994332499,409.7973005667501,0.2991221172020074
0.00508836779698331,1.5157422402102183,1006.4074541157513,363.5925458842487,0.2653960188936122
0.007144785034316767,1.7409715222782125,1230.320335462183,139.67966453781696,0.10195595951665472
0.006197787164640849,1.790157610644275,1037.92528501433,332.07471498566997,0.24239030290924815
0.009992029714097744,1.552579128818419,1929.392900365815,559.392900365815,0.4083159856684781
0.005291041516342055,1.6271975277366335,974.8136378811934,395.18636211880664,0.28845719862686614
0.008345968506624515,1.5287206414940968,1636.7008759338548,266.70087593385483,0.19467217221449257
0.006695884303100326,1.6104422232084707,1246.4747786547634,123.52522134523656,0.09016439514250844
0.00923313293910637,1.7809106239723227,1554.2743030424424,184.2743030424424,0.13450679054192877
0.0060982208348357835,1.7063887168092116,1071.3857841962274,298.6142158037726,0.21796658087866613
0.007607388739555826,1.7007875101890653,1340.9304545865577,29.069545413442256,0.021218646287184128
0.009719380454917262,1.6906131799159754,1723.5148710727674,353.5148710727674,0.2580400518779324
0.008077745062344578,1.7586815993897242,1376.9672965123273,6.967296512327266,0.0050856178922096835
0.007429488816826254,1.7735318813550245,1255.8582890419402,114.14171095805978,0.08331511748763487
0.00546758284579415,1.7743598540547794,923.7923732964815,446.2076267035185,0.3256989975938091
0.007478581230408354,1.6339713361136576,1372.1307099238072,2.130709923807217,0.0015552627181074576
0.009745741796067856,1.7021897990018346,1716.43602246342,346.43602246341993,0.2528730090973868
0.007160636263195637,1.521476612220744,1410.9350935431266,40.93509354312664,0.029879630323450104
0.0063186770836659795,1.5941076091090012,1188.3085705106678,181.69142948933222,0.13262148137907462
0.0094619708849633,1.721714852625697,1647.5594113633806,277.5594113633806,0.2025981104842194
0.005880337141879899,1.6321065563044157,1080.1259996311553,289.8740003688447,0.2115868615830983
0.006439001648338118,1.6455524522047678,1173.0796722006446,196.9203277993554,0.14373746554697472
0.00533696397507811,1.781302719979306,898.2086707669233,471.7913292330767,0.3443732330168443
0.007095038419673101,1.7004609171981104,1250.8602731916983,119.1397268083017,0.08696330423963627
0.008981132226215256,1.5668420001419907,1718.4091985510252,348.40919855102516,0.254313283613887
0.00843983841963542,1.765968777323472,1432.7546089349019,62.75460893490185,0.045806283894088945
0.006530027270077376,1.6305703516014765,1200.593966510432,169.40603348956802,0.12365403904348031
0.009004086538849067,1.7698693644584909,1525.1731510433651,155.17315104336512,0.11326507375428112
0.006866907448872017,1.6341807579667076,1259.7425669833956,110.25743301660441,0.08047987811430979
0.009403138618152125,1.5418533920989894,1828.3126357512758,458.3126357512758,0.3345347706213692
0.006553771064665319,1.647676866963226,1192.4493060744926,177.5506939255074,0.12959904666095431
0.009346607153709833,1.5046542389095647,1862.2499841569697,492.24998415696973,0.35930655777881004
0.007716593424009466,1.6996781470269762,1361.0673962108178,8.932603789182167,0.006520148751227859
0.006735829736105783,1.5423488406199795,1309.2699265393965,60.730073460603535,0.04432852077416317
0.0061964997945532264,1.6019821435985862,1159.6033774962523,210.39662250374772,0.15357417701003484
0.00671476771629283,1.648873334148185,1220.8558880033181,149.1441119966819,0.10886431532604517
0.009596583143433021,1.7513735620810282,1642.7010840295227,272.7010840295227,0.19905188615293626
0.007808129851383018,1.7858169985396881,1310.7829315341053,59.21706846589473,0.043224137566346514
0.007015990868004479,1.663861760235173,1264.1321520168397,105.86784798316035,0.0772758014475623
0.006267659287856875,1.6986382054241438,1106.1784539009373,263.82154609906274,0.19257047160515528
0.009320434567232184,1.5388777031377516,1815.7362231198574,445.7362231198574,0.32535490738675726
0.007951562262868576,1.6987587503392965,1403.2707088333102,33.27070883331021,0.02428518892942351
0.006768951356290079,1.767923044779315,1147.8330865006321,222.16691349936787,0.16216563029150938
0.008476783533858417,1.569928907555244,1618.7202868356105,248.72028683561052,0.18154765462453323
0.00972567653585708,1.6746960613296031,1741.0230678411276,371.0230678411276,0.2708197575482683
0.007236860436229739,1.755617936847883,1235.7792278401907,134.22077215980926,0.09797136654000675
0.00635229662572341,1.7177997183643186,1108.61039212654,261.3896078734599,0.1907953342142043
0.006003704312383036,1.7743397472380205,1014.3859290286559,355.61407097134406,0.2595723145776234
0.009663595564816439,1.5738311879584566,1840.7775177287251,470.7775177287251,0.3436332246195074
0.009354278762653889,1.7591880902962962,1594.1116464703205,224.11164647032047,0.16358514340899305
0.005538298708942896,1.7687050631682906,938.7320801344015,431.2679198655985,0.31479410209167774
0.008934722016651842,1.7699467486423215,1513.3575498660766,143.35754986607662,0.10464054734750118
0.00815925255595668,1.6703051688423187,1464.4523796142023,94.4523796142023,0.06894334278408927
0.007194401769341923,1.6486787049742717,1308.2157146587408,61.78428534125919,0.045098018497269486
0.00780752740234357,1.724322999741004,1357.4242361799393,12.575763820060729,0.009179389649679364
0.006449461368302338,1.5700088269861507,1231.521659716412,138.47834028358807,0.1010790804989694
0.009172236603333338,1.6364235518171448,1680.3518585499637,310.3518585499637,0.22653420332114138
0.009830162393920212,1.5169243871264833,1942.752434875832,572.752434875832,0.41806747071228617
0.009404933710491982,1.7801219459948254,1583.8960924779517,213.8960924779517,0.1561285346554392
0.005730802321261803,1.5234057351153865,1127.7700185847416,242.2299814152584,0.17681020541259737
0.008388685133641646,1.6640251305737044,1511.3140357053624,141.31403570536236,0.10314893117179734
0.007091710823006083,1.5890635867351317,1337.9209219829472,32.07907801705278,0.023415385413907138
0.00761075511477436,1.7376871688272,1313.036675430024,56.963324569976066,0.04157906902917961
0.007424665949970372,1.7317814722612794,1285.300074301003,84.69992569899705,0.06182476328393945
0.009147629925453532,1.6386480258005318,1673.5689526042822,303.56895260428223,0.22158317708341768
0.005705560859142539,1.5118957778010933,1131.3505463443173,238.6494536556827,0.1741966815004983
0.006711157809157198,1.7404474085448902,1155.9984437077796,214.00155629222036,0.15620551554176668
0.006605179129169323,1.5067806037783449,1314.1812960019133,55.818703998086676,0.04074357956064721
0.00524230558217133,1.5251604620238146,1030.4513624624267,339.5486375375733,0.24784572083034548
0.005688225563794022,1.7165141035925593,993.4594302832604,376.5405697167396,0.2748471311801019
0.007725131309794343,1.5033666682923283,1540.4998345258468,170.49983452584684,0.12445243396047215
0.007008528982665135,1.6088836012616123,1305.9391798324198,64.06082016758023,0.04675972275005856
0.009057731630885933,1.683832391805629,1612.6543489377746,242.65434893777456,0.1771199627283026
0.008545587007545066,1.6973662712035427,1509.3398387304144,139.33983873041439,0.1017079114820543
0.006834704106560415,1.6395812248742008,1249.704932407757,120.29506759224296,0.08780661868046931
0.007653869780649659,1.7984518432041932,1275.8598143305194,94.14018566948062,0.06871546399232162
0.007138788132705713,1.5906978557227351,1345.4188259232262,24.581174076773777,0.01794246282976188
0.007684488482048616,1.5362120002473214,1499.6313595618003,129.6313595618003,0.09462143033708052
0.007992835466116057,1.597642818986428,1499.829475211921,129.8294752119209,0.09476604030067219
0.005931191541209713,1.7205910080293765,1033.4393721170193,336.5606278829807,0.2456646918853874
0.007959611260453832,1.734951170387812,1375.388232950983,5.3882329509829106,0.003933016752542271
0.006325457753887827,1.5023685779943918,1262.2232358884366,107.77676411156335,0.07866917088435281
0.008000816266080926,1.5055250555859585,1593.1879482943846,223.18794829438457,0.16291091116378437
0.005284344042132284,1.6468751988154695,961.9468982518822,408.0531017481178,0.29784897937818816
0.0097718408341007,1.592388762120207,1839.7041303778515,469.70413037785147,0.3428497302028113
0.0057982048103948115,1.696051212577642,1024.8853685578852,345.11463144211484,0.25190849010373345
0.008285852447504535,1.5094691728682879,1645.6355098279641,275.63550982796414,0.2011938027941344
0.007723619899265941,1.5180842546043134,1525.2664581928468,155.2664581928468,0.1133331811626619
0.00549098856764349,1.6027944001249064,1027.0543492137579,342.94565078624214,0.2503252925447023
0.006818918022580335,1.6167107121143207,1264.4563925826853,105.54360741731466,0.07703912950168953
0.009306831009553537,1.6749757829650267,1665.7660205723305,295.7660205723305,0.21588760625717554
0.005062637634885362,1.541712046292527,984.4513988039571,385.5486011960429,0.2814223366394474
0.0052314829827844606,1.5295379520942873,1025.3809918522666,344.61900814773344,0.25154672127571787
0.006312114597944523,1.616684268773459,1170.4971632656095,199.50283673439048,0.14562250856524853
0.008785474950980122,1.684611773696854,1563.4576294524438,193.45762945244383,0.14120994850543345
0.00534794458362838,1.6062176251487281,998.1670147750266,371.8329852249734,0.27141093812041855
0.007176032298560333,1.543735313594439,1393.581103268053,23.581103268053084,0.017212484137265026
0.009607031397882914,1.6220188186444031,1775.6363389553899,405.6363389553899,0.29608491894554007
0.00628788236548326,1.6191943212197848,1164.1960975647519,205.80390243524812,0.15022182659507163
0.005628307205782211,1.538391012704114,1096.8109132636305,273.1890867363695,0.1994080925082989
0.00845709325633441,1.6447023927104496,1541.538935000546,171.53893500054596,0.12521090146025252
0.00893764162200855,1.7765315579410115,1508.2408970491358,138.2408970491358,0.1009057642694422
0.005858738299087521,1.5182647944638838,1156.8506112152809,213.14938878471912,0.15558349546329864
0.00908602041856994,1.6860803067143386,1615.5341971992837,245.53419719928365,0.17922204175130194
0.007636400029291455,1.7880123304996036,1280.379948170086,89.62005182991402,0.06541609622621461
0.007837939544437997,1.7463523433428843,1345.521807577813,24.47819242218702,0.017867293738822645
0.008761175177367112,1.690093113540131,1554.0766484101207,184.0766484101207,0.13436251708767935
0.00549894600860821,1.6145590601003907,1021.0481493488635,348.9518506511365,0.2547093800373259
0.008710352370550664,1.7096651893901154,1527.3738761359657,157.3738761359657,0.11487144243501146
0.006454720727247079,1.5461846232256677,1251.5171626063457,118.48283739365434,0.08648382291507616
0.007413825528887171,1.7052246562377413,1303.4112369639347,66.5887630360653,0.048604936522675404
0.007704860744561468,1.5061887771832405,1533.5787758819417,163.57877588194174,0.11940056633718375
0.007429295617790196,1.583156629115828,1406.8391929798122,36.839192979812196,0.026889921883074597
0.007743464863031031,1.7196662319693599,1349.931935376904,20.068064623096006,0.014648222352624822
0.00954336397805945,1.6728568045393233,1710.2650608274746,340.2650608274746,0.24836865753830262
0.005379060221180532,1.501609778228127,1073.9152800007582,296.08471999924177,0.2161202335760889
0.009549069696047529,1.5272883011120084,1874.393376618586,504.393376618586,0.3681703478967781
0.009346079083098379,1.5720309546425315,1782.333873712797,412.33387371279696,0.300973630447297
0.0074335667783872695,1.6225350691636475,1373.4848007621667,3.484800762166742,0.0025436501913625852
0.005404802875248545,1.7335883400845187,934.6619964559937,435.33800354400626,0.3177649660905155
0.007607742754046238,1.742300185251482,1309.0418742841437,60.95812571585634,0.04449498227434769
0.0065832720543293755,1.6584546332634353,1190.0327396755604,179.96726032443962,0.13136296374046688
0.005477145432299213,1.7715870344327729,926.8564626282624,443.1435373717376,0.32346243603776464
0.00640100516112937,1.697913487124725,1130.1948453070368,239.80515469296324,0.17504025889997316
0.006208557524308996,1.646572685498168,1130.3957227274554,239.60427727254455,0.17489363304565295
0.006924783076219571,1.7982649779672668,1154.4448482132732,215.5551517867268,0.15733952685162542
0.00875983114988068,1.6967440757015961,1547.747447417373,177.747447417373,0.12974266234844745
0.006203910112726258,1.5560443228783347,1195.265092748058,174.7349072519421,0.12754372792112562
0.007208935514621677,1.734642014299501,1245.8965479195297,124.10345208047033,0.09058646137260608
0.007846548576920345,1.7943207301406263,1310.9897495900816,59.0102504099184,0.04307317548169226
0.009280031206771733,1.5104948568785257,1841.8357090894349,471.8357090894349,0.3444056270725802
0.005849572359418598,1.6321563640645433,1074.442200814537,295.55779918546295,0.21573561984340361
0.008401001598375714,1.6682262782144188,1509.7214039421042,139.7214039421042,0.10198642623511255
0.005647159795419249,1.5329992184783172,1104.3553678181208,265.64463218187916,0.19390119137363443
0.007524344303161384,1.564118826833584,1442.180501112944,72.18050111294406,0.05268649716273289
0.008525386959460843,1.7899237153974974,1427.9081784277732,57.90817842777324,0.04226874337793667
0.0057440566822457954,1.7217650100321376,1000.1509274657925,369.8490725342075,0.26996282666730476
0.007367921515591386,1.7906336781938519,1233.556214433659,136.44378556634092,0.09959400406302257
0.008407938292399367,1.5680295752728712,1607.5184595622713,237.51845956227135,0.1733711383666214
0.00807780748532506,1.5995563879399946,1513.9608578570753,143.96085785707533,0.10508091814385061
0.008282516449606411,1.7677146128400336,1404.6588441466015,34.658844146601496,0.025298426384380655
0.007819224279639044,1.7702825813629706,1324.1640013434871,45.83599865651286,0.03345693332592179
0.005364564610142309,1.7892580328882695,898.8396201180013,471.16037988199867,0.3439126860452545
0.006229771847436701,1.6529471804922813,1129.8840259166834,240.1159740833166,0.17526713436738436
0.00789213279076633,1.647119319288069,1436.4483862825978,66.44838628259777,0.048502471739122456
0.009867334772258235,1.7408264487033578,1699.2805615330153,329.2805615330153,0.24035077484161702
0.008201350285876895,1.5411343181556472,1595.3852510821316,225.38525108213162,0.1645147818117749
0.00734159041487107,1.6363711499986873,1345.020923954326,24.97907604567399,0.018232902223119702
0.007145658940531822,1.6736645538515775,1279.954607918215,90.04539208178494,0.06572656356334668
0.008159842707294583,1.7297930527395347,1414.1918874277994,44.19188742779943,0.03225685213707988
0.008604546384775914,1.767212037177389,1459.6879471164739,89.68794711647388,0.06546565482954297
0.0071948660014804384,1.7741194670939198,1215.7955558075532,154.20444419244677,0.11255798846163997
0.009192977298388656,1.6954854708625946,1625.484445596576,255.48444559657605,0.18648499678582195
0.008840426157193007,1.6086950930656851,1647.4800593701884,277.4800593701884,0.2025401893213054
0.005129603519148269,1.5637503225030476,983.415590993691,386.584409006309,0.2821784007345321
0.0065481665777817385,1.5542918587928847,1263.0130838304963,106.98691616950373,0.07809263953978375
0.0051710079588589974,1.517731017084494,1021.412337807944,348.587662192056,0.2544435490452963
0.008656077781771552,1.5956874610073553,1626.2751310950607,256.2751310950607,0.18706213948544578
0.006068963328137019,1.574257251048839,1155.7383219558772,214.26167804412285,0.15639538543366632
0.00769216065802974,1.5868985818646044,1453.1815563739583,83.1815563739583,0.060716464506538906
0.005972979562519751,1.6283895928337278,1099.6473033922182,270.3526966077818,0.1973377347502057
0.0054070688705289485,1.699856796971256,953.6088393795255,416.39116062047447,0.3039351537375726
0.006540737911679681,1.7762010833561241,1103.9650375458586,266.03496245414135,0.19418610398112507
0.008634331510967543,1.5827853999930486,1635.4127772919703,265.4127772919703,0.19373195422771555
0.007364433717097941,1.5782864852252878,1398.8599069273043,28.859906927304337,0.021065625494382727
0.006689694640748678,1.6044008269720873,1250.0118211758838,119.98817882411618,0.08758261228037677
0.008554488869559401,1.6956865761747268,1512.4087677359755,142.40876773597552,0.10394800564669746
0.008694660051943203,1.7859610442930556,1459.4906852955683,89.49068529556826,0.06532166809895493
0.008599647967720133,1.6401702747453424,1571.8548506055618,201.85485060556175,0.14733930701135894
0.007766729163571854,1.717307009256608,1355.8477395229502,14.152260477049822,0.010330117136532717
0.00507713095094116,1.5930328229450046,955.4640340408566,414.53596595914337,0.3025809970504696
0.008589838360219103,1.5731104168351342,1636.9917383254212,266.99173832542124,0.19488448052950455
0.008489660722024572,1.615984334838092,1574.9758215922323,204.97582159223225,0.1496173880235272
0.007631422839280817,1.5176065129080456,1507.533732601976,137.533732601976,0.10038958584085839
0.009409530879030596,1.5674183712450365,1799.7150235075858,429.7150235075858,0.3136606011004276
0.00722981229795172,1.5683382987408407,1381.9997901101644,11.99979011016444,0.008758970883331708
0.007083301861850141,1.5153680195832389,1401.3232749256824,31.323274925682426,0.02286370432531564
0.007962048818226264,1.621859687787098,1471.7439516539632,101.74395165396322,0.074265658141579
0.007406522949306592,1.5779846227975334,1407.1238009085012,37.12380090850115,0.02709766489671617
0.006921163138133124,1.6202611859556237,1280.603724501459,89.39627549854094,0.06525275583835105
0.009057697109608548,1.6279973288369245,1667.9568401067352,297.95684010673517,0.21748674460345632
0.00773046677022919,1.7092806467089632,1355.8543700804762,14.145629919523799,0.01032527731352102
0.008167371684788536,1.5401205110754108,1589.8213257822567,219.82132578225674,0.16045352246880054
0.00811322340784798,1.5823625589415757,1537.1212962526167,167.12129625261673,0.12198634762964725
0.009155746022114754,1.5130178518791586,1814.1382809095417,444.13828090954166,0.32418852621134425
0.005834851665271162,1.7647990107121774,991.1862553068491,378.81374469315085,0.27650638298770136
0.008158238837660857,1.6871887988528764,1449.6175388055574,79.61753880555739,0.05811499182887401
0.009165768315440536,1.5597214160650763,1761.7429525823668,391.7429525823668,0.28594376100902685
0.005055341035117404,1.6659238830902117,909.7373117280904,460.2626882719096,0.3359581666218318
0.008569536632761091,1.7184432912030567,1495.0056625132588,125.00566251325881,0.09124500913376556
0.009679871291348074,1.6937097401059855,1713.3705609883784,343.37056098837843,0.25063544597691856
0.007047610349678669,1.5313349804339464,1379.724525823658,9.724525823658041,0.007098194031867184
0.005182184724296406,1.6559759764264854,938.165721256066,431.83427874393396,0.3152075027327985
0.009732315728223296,1.6736658237937707,1743.2840013321788,373.28400133217883,0.27247007396509404
0.008188320434987885,1.5914196831151042,1542.5200128802835,172.5200128802835,0.12592701670093687
0.009506931054493087,1.7456139666305983,1632.7242353384224,262.72423533842243,0.19176951484556382
0.005986367011274739,1.679696910894226,1068.4473306822565,301.5526693177435,0.22011143745820694
0.00747642544912934,1.7348283192587284,1291.9871883380092,78.01281166199078,0.05694365814743853
0.006948580681126651,1.6449911256853234,1266.3485227851395,103.6514772148605,0.07565801256559161
0.008943064171360163,1.7415163809226708,1539.4992659002985,169.4992659002985,0.1237220918980281
0.009765581972376862,1.5042423526009026,1946.2607326786888,576.2607326786888,0.42062827202824
0.008299367239693083,1.6523468155800152,1505.7902379645905,135.79023796459046,0.09911696201794924
0.007990012060558965,1.799957880208166,1330.778559555846,39.22144044415404,0.028628788645367914
0.00615745662647324,1.6863255740953103,1094.663501186081,275.336498813919,0.2009755465795029
0.0056190454233028386,1.7482250233467878,963.5758649883209,406.42413501167914,0.29665995256326944
0.008570615865361852,1.7428002029594416,1474.2975083934055,104.29750839340545,0.07612956817036894
0.007818900565949059,1.507842118587447,1554.570860322812,184.570860322812,0.13472325571008176
0.0071331082593204115,1.6243011162690493,1316.5367165133157,53.463283486684304,0.03902429451582796
0.005927107374320199,1.7578719710494917,1010.8256561577265,359.1743438422735,0.2621710538994697
0.008919512157963553,1.7754254926472655,1506.1192289233609,136.11922892336088,0.09935710140391305
0.007881284248524568,1.5052010652611432,1569.7235615840734,199.72356158407342,0.14578362159421418
0.007071271683508216,1.599393256142071,1325.4488294506216,44.55117054937841,0.03251910259078716
0.008021877169623137,1.785488216163776,1346.9135515340815,23.086448465918465,0.01685142223789669
0.007316587322325449,1.5492022052147363,1415.8627519043243,45.86275190432434,0.03347646124403236
0.006951400677515833,1.746255492933685,1193.3978184110297,176.60218158897032,0.12890670188975936
0.007180741835244076,1.6796288313601961,1281.671405525903,88.32859447409692,0.0644734266234284
0.005155491747056641,1.572726788638366,982.7374685891588,387.26253141084123,0.28267338059185493
0.009907376669259053,1.6004221315266984,1855.858367301937,485.85836730193705,0.35464114401601243
0.009592430896557064,1.5237680031049956,1887.2547729142939,517.2547729142939,0.3775582284045941
0.008101944327968201,1.5430833229508711,1574.0574527212855,204.05745272128547,0.1489470457819602
0.007330030915936098,1.64280051599765,1337.647489214459,32.35251078554097,0.02361497137630728
0.00989358538617979,1.5995077616530118,1854.3344099127605,484.3344099127605,0.3535287663596792
0.00739882814388044,1.7944290446917988,1236.110662684055,133.8893373159451,0.0977294432963103
0.00734799637552645,1.5865097947457876,1388.5031798036523,18.5031798036523,0.01350597065960022
0.006786590660653066,1.7645790112013982,1153.005154590277,216.99484540972298,0.15839039810928685
0.008671001811482448,1.6190303456906951,1605.5912437378074,235.59124373780742,0.17196441148745067
0.005118258676319472,1.616920012272723,948.9741840085741,421.02581599142593,0.3073181138623547
0.006512832335257061,1.726271911406677,1131.0489392934476,238.95106070655243,0.17441683263252003
0.008442382643193455,1.613633510052011,1568.4866657844286,198.48666578442862,0.14488077794483842
0.009345344269305278,1.5370914598846441,1822.7046356509604,452.7046356509604,0.330441339891212
0.00697314214792023,1.7736908172707349,1178.6132082056743,191.38679179432575,0.1396983881710407
0.007570745464736938,1.7498993847049125,1297.01879525409,72.98120474590996,0.05327095236927735
0.006133750598524812,1.6495390282290612,1114.767299967985,255.23270003201492,0.18630124089928096
0.006081480804456419,1.5657637174124652,1164.4043468198024,205.5956531801976,0.15006981983956028
0.007605369436507976,1.6662795114404876,1368.3372937819586,1.6627062180414214,0.0012136541737528623
0.0058705027842116874,1.7726785834536007,992.8096812372478,377.1903187627522,0.2753214005567534
0.006467519581309744,1.6405974100426068,1181.8338737921235,188.16612620787646,0.137347537378012
0.007262265860508798,1.728712147084165,1259.4187740530863,110.58122594691372,0.08071622331891512
0.00594722521473137,1.7172750775500312,1038.23393742343,331.76606257657,0.2421650091799781
0.007466082277773553,1.778225802423334,1258.7125631816227,111.28743681837727,0.08123170570684472
0.006962165161493629,1.5256380030470666,1368.0864022772714,1.913597722728582,0.0013967866589259723
0.007079466212607419,1.6915911659024454,1254.6592935612,115.3407064388,0.08419029667065693
0.006372020486077422,1.6570713229249796,1152.8071589432661,217.19284105673387,0.1585349204793678
0.00703361625107608,1.7745133896523135,1188.2835693632005,181.7164306367995,0.13263973039182445
0.009758398710080702,1.6951192950900553,1725.833894943484,355.833894943484,0.2597327700317401
0.008047139757875101,1.693652653423491,1424.4194658251881,54.41946582518813,0.03972223782860447
0.007181397526281013,1.695034535480313,1270.1386144140363,99.86138558596372,0.07289152232552096
0.006923309115554307,1.661552238286426,1249.1667787624729,120.83322123752714,0.0881994315602388
0.008670452019163416,1.695452561153896,1533.1222956937231,163.12229569372312,0.11906736911950593
0.00504902628341964,1.5504924769694148,976.2446593559557,393.7553406440443,0.2874126574044119
0.007697265955964752,1.7207340982544266,1341.0452452585705,28.954754741429497,0.021134857475495983
0.006688204308187239,1.5173551702426131,1321.42641912707,48.57358087293005,0.035455168520386895
0.005368231156498039,1.775236846448636,906.5580273067491,463.44197269325093,0.33827881218485467
0.006392671037808781,1.704055997145702,1124.654686712294,245.34531328770595,0.17908417028299703
0.009261708752718222,1.5785824973109612,1758.9137324069518,388.9137324069518,0.2838786367933955
0.0070835440811939255,1.7947956455552496,1183.194920664915,186.8050793350851,0.1363540725073614
0.007754781908243405,1.5160359499329994,1533.4894463610613,163.48944636106125,0.11933536230734398
0.00790496773227746,1.5286531356994117,1550.2860992633605,180.28609926336048,0.13159569289296386
0.005332934098704927,1.5717484903941574,1017.1941831493855,352.8058168506145,0.2575224940515434
0.006509114278804923,1.5102220605243035,1292.116848278831,77.88315172116904,0.056849015854867915
0.006859936464068514,1.7476664541675389,1176.7446868267107,193.25531317328932,0.14106227238926228
0.006572434851717626,1.7904062339476885,1100.5135939997303,269.48640600026965,0.19670540583961288
0.008585462357355649,1.6977405475873129,1516.0484131900334,146.04841319003344,0.10660468116060835
0.006563806757968011,1.693160799694343,1162.1930782731763,207.8069217268237,0.1516838844721341
0.00556523842354915,1.7674615235315587,943.9619952903911,426.0380047096089,0.31097664577343714
0.009222582585592616,1.7445240413637073,1584.8796788615728,214.87967886157276,0.156846480920856
0.008217706001424234,1.7244446842931564,1428.6374644125774,58.6374644125774,0.04280106891429007
0.00831049665130699,1.6946087444027833,1470.2061620566715,100.20616205667147,0.07314318398297188
0.008169830908125548,1.6760116621097814,1461.358381187028,91.35838118702804,0.06668494977155331
0.00927654947471979,1.749694908621412,1589.442568005208,219.44256800520793,0.160177056938108
0.008774181679315079,1.7805119396988445,1477.3467304158298,107.34673041582982,0.07835527767578819
0.006349346718464597,1.685655124361671,1129.226395075062,240.7736049249379,0.17574715687951672
0.009230693022365986,1.5782216142514467,1753.4243133091795,383.4243133091795,0.27987176153954707
0.00531583148317039,1.7939190625716586,888.3601383715037,481.6398616284963,0.35156194279452285
0.006951997503243658,1.7425268469686774,1196.0541228577943,173.94587714220575,0.12696779353445675
0.009332487995163664,1.5088966936490764,1854.2087918288541,484.20879182885415,0.3534370743276308
0.00874236231630666,1.6866079311601203,1553.944007443025,183.94400744302493,0.13426569886352185
0.006394526939331313,1.7356676188764635,1104.4919707209197,265.50802927908035,0.1938014812256061
0.005243504633211553,1.6220987547505545,969.0921332139334,400.9078667860666,0.292633479405888
0.008138116884349587,1.7193653699408804,1418.9805767312587,48.98057673125868,0.03575224578923991
0.00937922643797373,1.6031273636102137,1753.9600482188503,383.96004821885026,0.2802628089188688
0.005519446665495736,1.7645415668462126,937.7441221780431,432.2558778219569,0.3155152392860999
0.0068154747572462164,1.7667595620179755,1156.4833007486552,213.5166992513448,0.1558516052929524
0.007773901741615756,1.5914964759987333,1464.3809436693489,94.38094366934888,0.06889119975864882
0.007191169341019887,1.6458708204626578,1309.8587725326922,60.14122746730777,0.043898706180516625
0.006340887785940354,1.5036851242489926,1264.1944145046032,105.80558549539683,0.07723035437620206
0.007648498544769136,1.7342043947387962,1322.198343921926,47.801656078074075,0.03489171976501757
0.005873908963497771,1.6987736231301955,1036.6028658900761,333.39713410992385,0.2433555723430101
0.009252994678433428,1.6492811213402172,1681.931589839774,311.931589839774,0.22768729185384964
0.005278160655019883,1.7196883603893554,920.1392490259336,449.8607509740664,0.32836551165990246
0.009821413613685144,1.552994856012445,1895.9404256119035,525.9404256119035,0.38389812088460107
0.009950447320354501,1.5603441329195822,1911.8020168966998,541.8020168966998,0.3954759247421166
0.00828985415042444,1.5287590799704662,1625.6555952984143,255.65559529841426,0.18660992357548487
0.0096490613401201,1.5917220095658706,1817.3498884622093,447.34988846220926,0.32653276530088265
0.007137668030479055,1.5434287718019333,1386.4060864610703,16.406086461070345,0.011975245592022149
0.009762478492955223,1.673155044966166,1749.2206908023666,379.22069080236656,0.27680342394333324
0.007680668090021157,1.693881387152968,1359.3669446122015,10.63305538779855,0.007761354297663175
0.008537554527422919,1.6027475410654952,1596.9417462862625,226.94174628626251,0.16565090969800184
0.006677290492963685,1.665095220638083,1202.214326756942,167.785673243058,0.12247129433799854
0.00980221563116149,1.6221842828009878,1811.5268092955876,441.52680929558755,0.32228234255152377
0.007590924920374148,1.6735816824578227,1359.7794862515004,10.22051374849957,0.007460229013503336
0.007046859184807143,1.5683924676553531,1346.9812433818972,23.01875661810277,0.01680201213000202
0.0072928192086129185,1.5767826968878047,1386.577998740716,16.57799874071611,0.012100729007821978
0.008894239632637852,1.538935080783405,1732.6435629449404,362.6435629449404,0.26470333061674484
0.00826523688892053,1.5288088900659442,1620.7752970188953,250.77529701889534,0.18304766205758785
0.007348559693935825,1.6250153811142178,1355.705797624018,14.294202375981968,0.010433724362030633
0.008222345283382875,1.5528717243236796,1587.3797329290903,217.37973292909032,0.1586713379044455
0.007518967890571871,1.576664369905156,1429.6827584638152,59.68275846381516,0.04356405727285778
0.0056129547050496765,1.706603473210648,986.006130940182,383.99386905981805,0.28028749566410077
0.0077428363510116775,1.6043371864524636,1446.8554124175814,76.85541241758142,0.05609884118071636
0.005130167763255528,1.7070662776850871,900.952484272821,469.04751572717896,0.34237044943589706
0.00819951585204425,1.5206285027449302,1616.5375088373178,246.53750883731777,0.17995438601264072
0.006277255196831458,1.5084120974118616,1247.5859668457324,122.4140331542676,0.08935330887172817
0.006393288234768811,1.5508344792974258,1235.8892068688895,134.11079313111054,0.09789108987672303
0.009917050978295492,1.5072144596412336,1972.550800502667,602.550800502667,0.43981810255669124
0.008558596850682654,1.6883793540978782,1519.683820268077,149.68382026807694,0.10925826296939922
0.009784203852649217,1.5721782896877612,1865.711123094904,495.711123094904,0.3618329365656234
0.00620633832395484,1.5485953447261338,1201.4845761060114,168.51542389398855,0.12300395904670697
0.0055048002593007924,1.514915194001586,1089.366326953015,280.633673046985,0.2048420971145876
0.005803521095794018,1.527301494721279,1139.167257006091,230.83274299390905,0.1684910532802256
0.00512316847291867,1.512476549225458,1015.4784019831086,354.5215980168914,0.2587748890634244
0.008356991019295695,1.6206001037783913,1545.9476235484537,175.94762354845375,0.12842892229814143
0.008816424486837823,1.7483094213091355,1511.8019358960762,141.8019358960762,0.10350506269786584
0.007598356173705563,1.7012236026673977,1338.994986022433,31.005013977566932,0.02263139706391747
0.008298118208288324,1.5099229559639689,1647.5762850092576,277.5762850092576,0.20261042701405665
0.007944477191842983,1.762622735493169,1351.221845099578,18.778154900421896,0.013706682409067077
0.009788021069720251,1.5943887601314009,1840.4387742957924,470.4387742957924,0.3433859666392646
0.00679050078886592,1.6400244093629766,1241.2869655615564,128.71303443844363,0.09395112002806104
0.005100280447206955,1.7521146571066222,872.6744026458229,497.32559735417715,0.3630113849300563
0.009869242951392116,1.5951144812910005,1854.8666178507658,484.8666178507658,0.3539172393071283
0.005543841740972715,1.7964442113906696,925.1620126865031,444.8379873134969,0.32469926081277145
0.005919717305118033,1.5177127532500976,1169.316524333131,200.68347566686907,0.14648428880793363
0.0050256686597343085,1.7449479605675982,863.4398243631443,506.56017563685566,0.3697519530196027
0.008615839797579893,1.5853616421837342,1629.2584114075264,259.2584114075264,0.1892397163558587
0.006779476001651684,1.6521024073525343,1230.2117383535042,139.7882616464958,0.10203522747919402
0.007585634789108965,1.7013255475866427,1336.6731030067456,33.32689699325442,0.024326202184857242
0.006648742158875602,1.649673002612922,1208.2653660819083,161.73463391809173,0.11805447731247572
0.008954866323293297,1.7126990990507414,1567.468207117907,197.468207117907,0.14413737745832628
0.005181246122279592,1.5005144259076002,1035.1773256439305,334.82267435606946,0.24439611266866385
0.008355358371436406,1.7734988366884115,1412.3907903548752,42.39079035487521,0.030942182740784824
0.008826982554028896,1.665351807373368,1589.0112737014938,219.0112737014938,0.15986224357773268
0.005739639810577425,1.7449026414507873,986.1299341131123,383.8700658868877,0.28019712838458954
0.005516998887135695,1.5407190763037957,1073.4952806098386,296.5047193901614,0.21642680247457038
0.009528585878969044,1.5229401557531586,1875.712693718757,505.712693718757,0.36913335307938466
0.0063088003200439825,1.755990685981203,1077.0733410356015,292.9266589643985,0.2138150795360573
0.005647335999141866,1.6347978050301692,1035.6196559141954,334.3803440858046,0.24407324385825155
0.008663105427004884,1.6513823196446387,1572.7028435388672,202.70284353886723,0.14795827995537753
0.009585957635436907,1.6616286536023948,1729.5066473373172,359.5066473373172,0.262413611195122
0.005505966730044639,1.7950084995394184,919.576314034081,450.42368596591905,0.3287764131138095
0.006964930892614633,1.6477146377308642,1267.23020132454,102.76979867545992,0.07501445158792695
0.008376093769514023,1.7675734316920817,1420.6423872287169,50.64238722871687,0.03696524615234808
0.008072316747844897,1.5416305503162604,1569.7792698091828,199.77926980918278,0.14582428453225021
0.006808640436051318,1.5706911800745027,1299.5419327847737,70.45806721522627,0.051429246142500926
0.009407317480300988,1.6085239037764851,1753.3111096356395,383.31110963563947,0.2797891311209047
0.007539470103630368,1.6162912670503633,1398.4337603393317,28.433760339331684,0.020754569590753055
0.007723862392098302,1.7476864774311713,1324.9262506078426,45.073749392157424,0.03290054700157476
0.008722575759640895,1.6858004388749728,1551.1696205388753,181.16962053887528,0.1322405989334856
0.009761991435935116,1.661339306692935,1761.5735664375366,391.57356643753656,0.28582012148725294
0.009239654066082417,1.5322573112244333,1807.7763984216467,437.7763984216467,0.3195448163661655
0.008422172339234181,1.541120557184944,1638.3557636079347,268.3557636079347,0.19588011942185016
0.008139761596849582,1.5020401140734716,1624.61648912672,254.6164891267199,0.18585145191731378
0.007816416034664422,1.5678759051758382,1494.5714568653045,124.57145686530453,0.09092807070460185
0.007569062028947573,1.6634621476928644,1364.1114188019549,5.888581198045131,0.004298234451127833
0.0054181906964980795,1.5783034421469937,1029.163761187952,340.8362388120479,0.24878557577521745
0.008169732544099263,1.6460011784416342,1487.9844757565334,117.98447575653336,0.08612005529673968
0.007469039797866398,1.7816481252550178,1256.7923868702671,113.20761312973286,0.08263329425527946
0.0055471205522801435,1.7635311446439252,942.9858441916857,427.0141558083143,0.31168916482358705
0.009901677151434947,1.506133713617295,1970.9061052897966,600.9061052897966,0.43861759510204135
0.009205636432339254,1.7807502812337215,1549.7851678525822,179.78516785258216,0.13123004952743222
0.008790555604172384,1.6560847718620673,1591.3088004531253,221.3088004531253,0.16153927040374108
0.006637880183458997,1.649603127642094,1206.3425334026288,163.65746659737124,0.11945800481559944
0.009380138903326578,1.7745168687902668,1584.7101527565505,214.71015275655054,0.15672273923835806
0.006662146322538955,1.7044709989332378,1171.777767318788,198.22223268121206,0.14468776108117667
0.007024674247558127,1.6129426902386554,1305.6535561180724,64.3464438819276,0.04696820721308584
0.008432134257023445,1.7855980528342146,1415.7106920488823,45.710692048882265,0.033365468648819174
0.006100540453767374,1.7060895530572808,1071.9812535549547,298.0187464450453,0.2175319317117119
0.00828502897760707,1.7559133546939165,1414.5283394299454,44.52833942994539,0.03250243754010612
0.009971050919440318,1.7232676228432744,1734.638209618376,364.6382096183761,0.2661592770937052
0.007470377224721682,1.651246857304436,1356.2858517971604,13.714148202839624,0.01001032715535739
0.006917584598016643,1.5514699521303563,1336.6934288445084,33.30657115549161,0.024311365806928182
0.008720377122425332,1.6132157885044558,1620.5539958435857,250.55399584358565,0.18288612835298224
0.006305453505605867,1.5065507646919678,1254.7386052648544,115.26139473514559,0.08413240491616467
0.006689763391272118,1.6326755491506553,1228.376704453741,141.623295546259,0.10337466828194086
0.009242328302829379,1.7587036784302155,1575.4674045040563,205.46740450405628,0.14997620766719436
0.005870757259839732,1.7595604995628824,1000.254750936911,369.745249063089,0.2698870431117438
0.005604783714013274,1.597721143725836,1051.6678037220354,318.3321962779646,0.23235926735617854
0.008769411042162095,1.548535939574643,1697.734759881814,327.73475988181394,0.23922245246847734
0.00620571315245551,1.614877044413698,1152.0542731431406,217.94572685685944,0.15908447215829155
0.006888568194024815,1.5255625652673392,1353.6913123097152,16.30868769028484,0.01190415159874806
0.0052667303539610955,1.7350069315802035,910.0401904441719,459.9598095558281,0.3357370872670278
0.006061377673114943,1.7211011929143487,1055.809686827566,314.1903131724339,0.2293359950163751
0.006167214496942694,1.7364705964973268,1064.73694215215,305.26305784784995,0.22281975025390507
0.00877238537965501,1.6985695497832782,1548.2998478487905,178.29984784879048,0.13014587434218283
0.009251947698471336,1.715491344595151,1616.833655588474,246.8336555884739,0.1801705515244335
0.008780124810438932,1.5379263550962523,1711.5352693878065,341.53526938780647,0.2492958170713916
0.009981103228234285,1.706098832016938,1753.8605702031127,383.86057020311273,0.28019019722854943
0.0062497485472505976,1.7057897378641256,1098.392983186905,271.607016813095,0.19825329694386498
0.008303488071059958,1.5963768882902043,1559.3580169297782,189.35801692977816,0.13821753060567749
0.0065630597818019925,1.785884432074928,1101.7262867907752,268.27371320922475,0.19582022861987208
0.0059003187505409236,1.7811532276491922,993.1043740367861,376.8956259632139,0.2751062963235138
0.005417739634870751,1.653332787003721,982.3778338572738,387.6221661427262,0.2829358876954206
0.0071996807085664425,1.559598030291157,1383.9527458452662,13.952745845266236,0.010184486018442507
0.00900538788912749,1.5429914422616273,1749.6839558408883,379.6839558408883,0.27714157360648783
0.00876111535400172,1.795886636064967,1462.5178750440348,92.51787504403478,0.06753129565258013
0.009296571520829149,1.7682626667080437,1576.1470734383463,206.1470734383463,0.15047231637835495
0.00990459839746351,1.6732502909672313,1774.5844211758738,404.5844211758738,0.295317095748813
0.006356157363788671,1.5514140230571865,1228.2524272727721,141.74757272722786,0.10346538155272107
0.008354391878694814,1.5223199906123797,1645.241271121746,275.24127112174597,0.20090603731514303
0.008043584668527774,1.5912379567160104,1515.4276635568103,145.42766355681033,0.10615157923854769
0.005354539135673474,1.798892283802417,892.3549583233747,477.6450416766253,0.3486460158223542
0.005543518920067875,1.5986681347771665,1039.5560697457083,330.4439302542917,0.24119994909072384
0.0087507862173237,1.5034578205539413,1744.9240501854642,374.92405018546424,0.27366718991639727
0.007452675796074678,1.7628209148308787,1267.4322030021322,102.56779699786784,0.07486700510793273
0.005663650497298503,1.6981799522130547,999.8467486471766,370.1532513528234,0.2701848550020609
0.00783709065044253,1.5972215091972761,1470.992380290311,100.99238029031108,0.07371706590533655
0.008273296556434351,1.6707989697030476,1484.4825472074658,114.48254720746581,0.08356390307114293
0.00607256393434904,1.7561006572242799,1036.6768332734264,333.3231667265736,0.24330158155224352
0.005436547106331471,1.6011459742038994,1017.9183199397322,352.0816800602678,0.25699392705129037
0.007853916229533305,1.5331986940584934,1535.707576912437,165.70757691243693,0.12095443570250872
0.006273046906710215,1.5362099828594913,1224.1895133446487,145.81048665535127,0.10643101215719071
0.005681061862749262,1.603379964876984,1062.2182746398041,307.7817253601959,0.22465819369357362
0.006892955054299697,1.6386558114893217,1261.0677142345676,108.93228576543243,0.07951261734703097
0.006467152793158381,1.7129348070491823,1131.8607247303423,238.13927526965767,0.1738242885179983
0.005575905766861942,1.6598885444183367,1007.0643002176323,362.9356997823677,0.26491656918420997
0.0053555260963717545,1.7294722110414618,928.3446834613189,441.65531653868106,0.32237614345889126
0.00989312829193452,1.7983802224824912,1649.1981010858044,279.1981010858044,0.2037942343692003
0.005315969771994183,1.6837778944348853,946.4951700976654,423.50482990233456,0.3091276130673975
0.009705361284066932,1.5384200002561628,1891.2872392740503,521.2872392740503,0.38050163450660607
0.008613270923534859,1.692254965951758,1525.8892504618343,155.8892504618343,0.11378777405973307
0.005112700053242716,1.581562633574216,969.1357670195231,400.8642329804769,0.29260162991275684
0.008722937054901967,1.7283050615867885,1513.0840028133673,143.0840028133673,0.10444087796596153
0.007327157404428644,1.5369177385659818,1429.2414442923416,59.24144429234161,0.04324193014039534
0.009853886144292374,1.7725823369149634,1666.5633446347897,296.5633446347897,0.2164695946239341
0.006053259556131655,1.5491533608726646,1171.42795999386,198.57204000614,0.1449430948949927
0.008826768351327447,1.6909843766296837,1564.886474891758,194.8864748917581,0.14225290138084531
0.005510112859262933,1.6316061834187838,1012.4319794342507,357.5680205657493,0.2609985551574812
0.005758401738763345,1.6450687668705035,1049.394071652951,320.60592834704903,0.23401892580076572
0.007212112986943554,1.6048742744618252,1347.231439954744,22.76856004525598,0.016619386894347433
0.007237500381084843,1.704733541428777,1272.778399844732,97.2216001552681,0.0709646716461811
0.009981038125756802,1.7990785410578145,1663.206961132992,293.2069611329921,0.2140196796591183
0.008122660442492498,1.6674527888051447,1460.3785821721133,90.37858217211328,0.06596976800884181
0.006259028260013632,1.596026711180731,1175.6754781207849,194.32452187921513,0.14184271670015702
0.006465975292100962,1.7935689371001347,1080.7784334848748,289.22156651512523,0.21111063249279213
0.006667738361705268,1.700183843188624,1175.7185440649705,194.2814559350295,0.1418112817044011
0.009735380609691133,1.778513513767223,1641.0298037953717,271.02980379537166,0.197831973573264
0.0072907091401641895,1.589817379311047,1374.8117501647073,4.811750164707291,0.003512226397596563
0.007671864099435495,1.6046918837201918,1433.2763935215153,63.276393521515274,0.046187148555850564
0.005202687759637997,1.7083520615265309,913.0006553067665,456.9993446932335,0.3335761640096595
0.00934086924816811,1.662315999523572,1684.590747227071,314.590747227071,0.22962828264749707
0.006904333299332285,1.5898933029194826,1301.890539986066,68.10946001393404,0.04971493431674018
0.006651694318443451,1.57124487753174,1269.138768950745,100.86123104925491,0.07362133653230285
0.005345606598918791,1.6966811406872195,944.5337154757212,425.46628452427876,0.31055933176954653
0.0076968718849635236,1.6125874802668951,1430.9078853337032,60.907885333703234,0.044458310462557105
0.008544194399166406,1.5338428824383339,1669.9787637205475,299.9787637205475,0.21896260125587408
0.009004690758777613,1.6377684628940927,1648.302820127263,278.302820127263,0.20314074461844012
0.005750843816535659,1.7069453332120765,1010.026255550343,359.97374444965703,0.2627545579924504
0.005796066243725644,1.7712543471240627,981.0092767075823,388.99072329241767,0.2839348345200129
0.00861654778016854,1.552052100809897,1664.3616777704874,294.3616777704874,0.21486253851860396
0.008075829858165696,1.7053115227135682,1419.724696234249,49.724696234248995,0.036295398711130654
0.009877400811875107,1.5622405213620703,1895.463744252056,525.4637442520559,0.3835501782861722
0.008687332655775076,1.7357999265717527,1500.4014981624207,130.4014981624207,0.09518357530103701
0.006486500171482008,1.6118994382434506,1206.4051789391544,163.59482106084556,0.1194122781466026
0.005485222983676769,1.6558173145781516,993.1219262394894,376.8780737605106,0.27509348449672305
0.006790346887594366,1.6166892489650542,1259.1750612603769,110.82493873962312,0.08089411586833804
0.009276639664588596,1.5404352769360237,1805.3771220813271,435.3771220813271,0.31779351976739206
0.008249837634443521,1.555871380844718,1589.6166823172434,219.61668231724343,0.16030414767682002
0.008985245190264255,1.6223265375734983,1660.3986182405413,290.3986182405413,0.21196979433616153
0.009581336561604224,1.7304660501805593,1659.9068432627655,289.9068432627655,0.21161083449836898
0.00729692864040782,1.716938040941534,1274.1078133249598,95.8921866750402,0.06999429684309504
0.007256069512918608,1.669094223170643,1303.2906617844874,66.70933821551262,0.04869294760256395
0.007934189612975723,1.588632090314988,1497.2693934694714,127.26939346947142,0.09289736749596454
0.009520143416234535,1.7748300471847958,1608.0791508981602,238.07915089816015,0.17378040211544538
0.005491555541913459,1.7232235929872455,955.3762731972664,414.6237268027336,0.3026450560603895
0.0063676431077086424,1.7882696486060121,1067.4963814404666,302.5036185595334,0.22080556099236012
0.008102210167527662,1.5970323141064395,1520.934473210554,150.93447321055396,0.11017114832887151
0.007811118948016029,1.5580140200737993,1503.0125011616894,133.01250116168944,0.09708941690634267
0.007729829923864391,1.577757493585857,1468.7584893230332,98.75848932303325,0.07208648855695857
0.008668116214291793,1.656412933078884,1568.8333592529584,198.83335925295842,0.14513383887077258
0.009203554139007954,1.7294196770024142,1595.4231088960926,225.42310889609257,0.1645424152526223
0.005415908983577832,1.7092401681112397,949.9242393099496,420.0757606900504,0.30662464283945284
0.006155373474470652,1.5974795132065607,1155.1538085865564,214.84619141344365,0.15682203752806106
0.009163619785737997,1.7714314019641593,1550.827255685857,180.82725568585693,0.13199069758091747
0.008009209710880004,1.696987940758529,1414.9191094362923,44.919109436292274,0.03278767112138122
0.006326249536765551,1.7967276982910951,1055.564457737344,314.4355422626561,0.22951499435230371
0.0083083906919559,1.7476806824955735,1425.1990609686725,55.199060968672484,0.040291285378593056
0.007878496041705426,1.6743027594288886,1410.6849435593108,40.684943559310796,0.02969703909438744
0.008214822770657,1.7681881240566004,1392.8053677906044,22.80536779060435,0.016646253861755
0.007790522351025968,1.685222746072271,1385.8938530003995,15.893853000399531,0.011601352555036155
0.0072027994461459546,1.7221475874024037,1253.867535068917,116.13246493108295,0.08476822257743281
0.008874921397240148,1.6906763027956302,1573.7101749376309,203.71017493763088,0.14869355834863568
0.009359912246236722,1.7794245912952658,1576.9317298919996,206.93172989199957,0.15104505831532816
0.006716882959947047,1.789876620797717,1125.033328701384,244.9666712986159,0.17880778926906268
0.00713129123836987,1.611922883785668,1326.3086904280449,43.69130957195512,0.03189146684084315
0.00843169308656757,1.5056738671382017,1678.8217227467376,308.8217227467376,0.2254173158735311
0.005564105494553755,1.6505926176419565,1010.5927077067613,359.4072922932387,0.2623410892651377
0.006978477061799808,1.594901126117687,1311.7394910530695,58.260508946930486,0.04252591893936532
0.006926180122495796,1.7919591945494469,1158.7409857264245,211.25901427357553,0.15420366005370476
0.007447601438744058,1.7540835358037363,1272.8782272631954,97.12177273680459,0.07089180491737561
0.006430503655768449,1.6121603980475292,1195.796956354695,174.2030436453049,0.12715550631044154
0.007959139937920806,1.756774806415585,1358.221962679256,11.778037320744033,0.008597107533389806
0.008848613879391589,1.6356737512030035,1621.8073456547677,251.8073456547677,0.18380098222975744
0.008036776197046921,1.706227409209656,1412.1006833576973,42.100683357697335,0.0307304258085382
0.0051231228263442135,1.633261756253845,940.3719758114083,429.62802418859167,0.3135970979478771
0.009142863973396226,1.5939299569205923,1719.6249131546076,349.6249131546076,0.25520066653620993
0.007548690651693588,1.743797490946727,1297.7656734235882,72.23432657641183,0.05272578582219842
0.00753247673157014,1.6224148795507065,1391.8632913491115,21.863291349111478,0.015958606824168962
0.009701035587769833,1.6194844281979077,1795.8167756137182,425.81677561371816,0.31081516468154613
0.008424833240256674,1.7096806399240982,1477.2943006764012,107.29430067640124,0.07831700779299361
0.0067442085493409,1.7285124578279272,1169.7126330302667,200.28736696973328,0.1461951583720681
0.006394966864770462,1.5473813229669313,1238.9724541473358,131.02754585266416,0.09564054441800304
0.006818110248353551,1.7945345597274334,1139.0240545600645,230.97594543993546,0.16859558061309157
0.009462257149314453,1.6376156102360497,1732.2217199750326,362.22171997503256,0.26439541604016975
0.007189262627505097,1.733459318221426,1243.3442721451756,126.65572785482436,0.09244943639038275
0.005911089940737911,1.6872496096913259,1050.2892829929826,319.71071700701737,0.23336548686643604
0.0071311116271656014,1.5502952866645656,1378.9976021793314,8.997602179331352,0.006567592831628724
0.008162934925238348,1.6133087443907976,1516.8741471461703,146.87414714617034,0.10720740667603675
0.006491068134020943,1.6491014074026655,1180.0203809227958,189.97961907720423,0.138671254800879
0.007720103561531579,1.699069480561932,1362.1743249491228,7.82567505087718,0.005712171569983343
0.007596664724221561,1.645197403379414,1384.2854271458248,14.28542714582477,0.010427319084543628
0.005694945888989085,1.6009631798795378,1066.4216689639898,303.57833103601024,0.22159002265402208
0.00904721471911291,1.5665485157311207,1731.377427165601,361.3774271656009,0.26377914391649704
0.008768277576774775,1.664694146465602,1579.0669371599847,209.06693715998472,0.15260360376641222
0.006619010735988513,1.6944928004115185,1171.0462845215263,198.95371547847367,0.14522169013027275
0.008609877881595791,1.6050862008793692,1608.1232595416377,238.1232595416377,0.17381259820557496
0.006582873369163499,1.6870100833212534,1169.8186084098577,200.1813915901423,0.14611780408039585
0.009356285422236356,1.6135756168608515,1738.3404751360297,368.3404751360297,0.26886166068323336
0.0068688094758703,1.7759521538002017,1159.5004245460743,210.49957545392567,0.15364932514885085
0.005356893603164241,1.6486436481832933,974.1075958450767,395.89240415492327,0.28897255777731623
0.005566662724784503,1.6100414118450348,1036.5220974084787,333.47790259152134,0.24341452743906666
0.00817637546273782,1.5592825765551153,1572.0150627992452,202.01506279924524,0.14745625021842718
0.008234000489595425,1.7631794773415956,1400.0226736252862,30.02267362528619,0.021914360310427875
0.005704315128030314,1.7224023694130004,992.863621072237,377.13637892776296,0.2752820284144255
0.008620838008023388,1.6850926815843414,1533.7211090461906,163.72110904619058,0.11950445915780335
0.005672581780902068,1.7525064871345186,970.3799944748017,399.6200055251983,0.29169343468992576
0.008802149039156885,1.7961423695071965,1469.1585371682909,99.15853716829088,0.072378494283424
0.009572073120774995,1.6219779805462826,1769.2196586209957,399.2196586209957,0.2914012106722596
0.005734664620698068,1.5655573826875542,1098.145121639289,271.8548783607109,0.19843421778154083
0.007141823976169998,1.5788811830021,1356.0646535468209,13.935346453179136,0.010171785732247545
0.006675836866585216,1.6448519205059675,1216.7451175939086,153.25488240609138,0.11186487766867984
0.0054687772112878424,1.6826797928181794,974.3375830766408,395.66241692335916,0.2888046838856636
0.009299139450416938,1.582033118820989,1762.1703616438072,392.17036164380715,0.2862557384261366
0.009404721967862677,1.648357997248566,1710.4686726174718,340.46867261747184,0.24851727928282616
0.008846112199278989,1.5400893692755246,1721.9765118001972,351.97651180019716,0.2569171618979541
0.005611536174149583,1.5797239098527434,1064.9305314123135,305.0694685876865,0.22267844422458868
0.009470082451762868,1.6050135732277886,1768.8693373272351,398.86933732723514,0.2911455016987118
0.00982052977873329,1.5718795963169874,1872.993814619713,502.993814619713,0.36714876979541095
0.006412668813753838,1.794380817711518,1071.3833580025942,298.61664199740585,0.21796835182292398
0.007761212872712647,1.509858790677556,1541.0401943135519,171.04019431355186,0.12484685716317655
0.007337402008178598,1.5969321128325664,1377.4522822164763,7.452282216476306,0.005439622055822121
0.005827480955475036,1.721142782953462,1015.0435262507142,354.9564737492858,0.2590923166053181
0.007624548527643982,1.7735104738898773,1288.8461488638502,81.1538511361498,0.05923638769062029
0.005482483697357256,1.5182004143573797,1082.6023020625785,287.3976979374215,0.2097793415601617
0.009299706851612799,1.6508448841770489,1688.8212832390122,318.82128323901225,0.23271626513796514
0.008165813087540769,1.6810343401677745,1456.2755314314936,86.27553143149362,0.06297484046094425
0.009490223258585253,1.5844344329143112,1795.6548397063962,425.65483970639616,0.31069696328934027
0.009362206165101607,1.6919408646014822,1658.8752345074754,288.8752345074754,0.21085783540691636
0.007255437201553303,1.6509942091264111,1317.4639502032098,52.53604979679017,0.03834748160349647
0.006804440248032234,1.5419772627551176,1322.924738609245,47.07526139075503,0.034361504664784694
0.008992863930152778,1.5754070824423954,1711.2991379347948,341.29913793479477,0.24912345834656552
0.008593620207406278,1.5460090809240432,1666.4213405246962,296.42134052469623,0.21636594198882936
0.009464013165904884,1.6103752904648545,1761.8500397705325,391.8500397705325,0.2860219268398047
0.006910383995958496,1.651082499870649,1254.741058690018,115.25894130998199,0.08413061409487736
0.009032540830636041,1.7569342633870513,1541.257219482659,171.2572194826589,0.12500526969537146
0.007035333880543269,1.670446945598866,1262.6201882410605,107.37981175893947,0.07837942464156165
0.009695361192645763,1.6148442567307049,1799.9235226718183,429.9235226718183,0.31381279027140024
0.006735720850636387,1.5441883326893584,1307.6891383431762,62.31086165682382,0.04548238077140425
0.005568481924047799,1.5700065010694528,1063.3006183106306,306.6993816893694,0.22386816181705793
0.007935898826953783,1.6721997981339625,1422.7502110852402,52.75021108524015,0.03850380371185413
0.008203116771954361,1.784124296133547,1378.3975397088268,8.397539708826798,0.006129591028340728
0.00809505352164169,1.6417313163684786,1478.2175187244993,108.21751872449931,0.0789908895799265
0.008064836223826515,1.6854982840966948,1434.4583425097596,64.45834250975963,0.04704988504362017
0.006334238831221301,1.6306525776487948,1164.5380841999765,205.46191580002346,0.14997220131388575
0.005147493746716567,1.6358880776531768,943.3284733522933,426.67152664770674,0.31143907054577136
0.008079521141183958,1.623548568120123,1491.904553975309,121.904553975309,0.08898142625934964
0.005218001267419081,1.5197047201778389,1029.3561670477816,340.6438329522184,0.24864513354176526
0.0073883464477806325,1.6170135652303623,1369.79094657142,0.20905342858009135,0.00015259374348911779
0.008921838413356642,1.796231669642209,1489.0617468913576,119.06174689135764,0.08690638459223185
0.006152505561193085,1.5190231538293633,1214.2505928227215,155.7494071772785,0.11368569866954635
0.006601769985361024,1.604234988960347,1233.71006410017,136.28993589982997,0.09948170503637224
0.007384074242703928,1.710888028893491,1293.883486172028,76.11651382797208,0.05555949914450517
0.00598487212567511,1.7768734739933285,1009.7621196063635,360.2378803936365,0.2629473579515595
0.008598771662466212,1.78224472700185,1446.40455567964,76.40455567964,0.05576974867127007
0.007894978971317142,1.7106326975885724,1383.6138845036471,13.613884503647114,0.009937141973465046
0.007685810763222466,1.7423304668196036,1322.4518220330726,47.54817796692737,0.034706699245932386
0.008355821205504673,1.5850552980604138,1580.3941861662997,210.39418616629973,0.15357239866153266
0.005446229650484864,1.638442460072166,996.5187142912687,373.4812857087313,0.2726140771596579
0.007291448912522152,1.5898078739996444,1374.959470018911,4.959470018910906,0.003620051108694092
0.0070093550599767485,1.6544905237847862,1270.0899474589603,99.9100525410397,0.07292704565039394
0.009896798313321282,1.5291679277433128,1940.2613923896536,570.2613923896536,0.41624919152529455
0.006119815370322096,1.7528400103278714,1046.686794895709,323.313205104291,0.2359950402221102
0.0077804714851302855,1.7628781241358122,1323.135524226643,46.86447577335707,0.03420764654989567
0.00924816311224438,1.649923865897927,1680.3984769902079,310.3984769902079,0.22656823137971377
0.008405266411034616,1.5604702646534299,1614.7923703426316,244.79237034263156,0.17868056229389165
0.008934849129058745,1.5245923702275634,1756.92889100571,386.92889100571006,0.2824298474494234
0.009894963693315193,1.7011803478392342,1743.751326076367,373.7513260763669,0.27281118691705614
0.007694605548610622,1.638133144636626,1408.179010546858,38.17901054685808,0.02786789091011539
0.008460818154979045,1.7627599429475567,1438.9307412618323,68.93074126183228,0.05031440968016955
0.006169296659770701,1.6055810815159295,1151.9247648443961,218.07523515560388,0.1591790037632145
0.006164431384680012,1.708080902655945,1081.9452603866582,288.0547396133418,0.21025893402433707
0.007949471546092393,1.692386773092065,1408.1837866470103,38.183786647010265,0.027871377114606032
0.006333810373369374,1.7545342684388552,1082.2408057198204,287.7591942801796,0.21004320750378072
0.008581556001771013,1.5210619228367683,1691.374774826751,321.37477482675104,0.2345801276107672
0.0066119117224776956,1.5759659724035144,1257.7690775502824,112.23092244971758,0.08192038135015882
0.005204836216774079,1.5289756931793859,1020.5333216707014,349.4666783292986,0.2550851666637216
0.009758078846466319,1.6498151963993595,1773.1673517885401,403.16735178854015,0.2942827385317811
0.008492111125632872,1.7243547168327669,1476.419464690415,106.419464690415,0.07767844137986496
0.009367799666588066,1.7145821998513375,1637.9475351730105,267.94753517301046,0.19558214246205144
0.009164935592799156,1.5541425508783013,1767.9064042253983,397.9064042253983,0.2904426308214586
0.005665887057089747,1.5108471630492295,1124.2634259359393,245.73657406406073,0.17936976209055527
0.007594461307957625,1.6148946449476551,1409.8518623623957,39.85186236239565,0.029088950629485875
0.005793697378887759,1.6260723554697663,1068.1608184791585,301.8391815208415,0.220320570453169
0.009824558650303124,1.5840013391458765,1859.4230407202263,489.42304072022625,0.35724309541622357
0.009603126878781856,1.713332348321144,1680.3190661151611,310.31906611516115,0.2265102672373439
0.0056301504919691854,1.6128565414380736,1046.513816655006,323.48618334499406,0.2361213017116745
0.005628659190291962,1.5440056954562391,1092.8907703305442,277.1092296694558,0.20226951070763194
0.00799193933509209,1.6666432753768818,1437.5740584993196,67.57405849931956,0.04932413029147413
0.009782505910538907,1.6139640582643349,1817.0921944035422,447.0921944035422,0.326344667447841
0.005841606403306157,1.7698876835945347,989.480608599394,380.51939140060597,0.2777513805843839
0.0059123990467353175,1.6784971378072833,1055.9998006390085,314.0001993609915,0.22919722581094268
0.007777958716186455,1.7151044991708724,1359.5517724286208,10.44822757137922,0.0076264434827585555
0.0059437230885875545,1.7291585914152416,1030.4915715918341,339.50842840816586,0.247816371100851
0.005560354163510041,1.636174644602716,1018.8107043022696,351.18929569773036,0.25634255160418273
0.00827389904606091,1.6629301678499633,1491.615571247639,121.61557124763908,0.08877048996178036
0.009359445731231233,1.606713204189033,1746.3547532738764,376.35475327387644,0.2747114987400558
0.009450163658523032,1.5313818850419614,1850.0204419051638,480.0204419051638,0.35037988460230934
0.006224006934772342,1.5686256549277497,1189.5192021900145,180.48079780998546,0.13173780862042733
0.006327266849725879,1.5202562984821202,1247.7283489600663,122.27165103993366,0.08924938032111945
0.005274647414591084,1.6204122080043033,975.8625031905502,394.1374968094498,0.2876916035105473
0.005353835617291358,1.5107781175974757,1062.3926311483433,307.6073688516567,0.22453092616909248
0.005840837314594241,1.6141183103723036,1084.8269077106509,285.17309228934914,0.20815554181704318
0.005063464515648505,1.7335541094603009,875.6510482471372,494.34895175286283,0.3608386509144984
0.009473126609821305,1.7407445983399858,1631.4696101954291,261.46961019542914,0.1908537300696563
0.008020988682123819,1.6056026124609901,1497.6507225024857,127.65072250248568,0.09317570985582896
0.007556434159042958,1.759045152745275,1287.836168798275,82.16383120172509,0.059973599417317586
0.006386315728794501,1.5756691496149515,1215.0833126149805,154.9166873850195,0.11307787400366386
0.005132910714871287,1.7418122789356405,883.4522172768876,486.5477827231124,0.3551443669511769
0.009238816510370658,1.5378628420451732,1801.0237551299415,431.0237551299415,0.3146158796568916
0.00917246816248022,1.7195672919323186,1599.1446157751882,229.14461577518819,0.1672588436315242
0.005867878524189929,1.7919050631399678,981.7181513677672,388.2818486322328,0.28341740776075386
0.006812565103707578,1.7268542187397982,1182.7029841673398,187.29701583266024,0.1367131502428177
0.0074940298329796255,1.6321625943085056,1376.4888570468222,6.488857046822204,0.004736392004979711
0.008171617302002405,1.6044767610965343,1526.8461944742596,156.84619447425962,0.11448627333887564
0.00795220666444674,1.6156205111418216,1475.60121081503,105.60121081503007,0.0770811757773942
0.0097844967924271,1.5871100510040352,1848.2135765186315,478.2135765186315,0.3490610047581252
0.009096113606170778,1.7380923138708508,1568.9306226595554,198.9306226595554,0.14520483405806964
0.00864852063362763,1.7751286017417405,1460.6047450730894,90.60474507308936,0.0661348504183134
0.006984430325121025,1.5268259902289243,1371.3936940409471,1.393694040947139,0.0010172949203993715
0.006485144213797886,1.618941288309731,1200.906628534257,169.09337146574308,0.12342581858813363
0.009995806669069199,1.7093436475831314,1753.1100052643503,383.1100052643503,0.27964233960901486
0.009727420670649203,1.6172210927614252,1803.221195856698,433.22119585669793,0.3162198509902905
0.005263353432659367,1.604069028369521,983.6943641406642,386.3056358593358,0.28197491668564656
0.008079222026269093,1.7646122245815277,1372.5904174540913,2.5904174540912663,0.0018908156599206324
0.005606955183009615,1.6527235367342386,1017.0623451831364,352.93765481686364,0.2576187261436961
0.009829188306812044,1.733637070778141,1699.7309138765766,329.73091387657655,0.24067949917998288
0.00783473343103118,1.6816046251776773,1396.7575718432854,26.757571843285405,0.01953107433816453
0.008913358326011093,1.5354862480408544,1740.268012819437,370.268012819437,0.2702686224959394
0.009251838468114993,1.7110053354503434,1621.0536214634992,251.0536214634992,0.18325081858649578
0.00974786370305039,1.6574047986652696,1763.1999268614732,393.19992686147316,0.287007245884287
0.00719577040545975,1.6346484251539046,1319.6952102121456,50.30478978785436,0.03671882466266742
0.009928119308714343,1.5256768076988705,1950.8556962112477,580.8556962112477,0.42398226000821004
0.006299298781661929,1.7555064077160136,1075.7478623435093,294.25213765649073,0.21478258223101512
0.006106753900296092,1.7800787895951689,1028.4706344864708,341.5293655135292,0.24929150767410893
0.005544184566705848,1.6405519724030035,1013.1374969022395,356.8625030977605,0.26048357890347484
0.0061405370178385845,1.5173692991718837,1213.209392744731,156.79060725526892,0.11444569872647367
0.008249669949775211,1.7696304016712017,1397.573656960357,27.573656960357084,0.020126756905370136
0.009746884316257962,1.7831189437110122,1638.7254576137773,268.7254576137773,0.19614996906115129
0.00723893332706017,1.555685851180249,1394.9973343082358,24.99733430823585,0.01824622942206996
0.008945300549029962,1.5631032060220067,1715.6472002685443,345.64720026854434,0.25229722647339003
0.008552936000733674,1.705386205523883,1503.533744128628,133.5337441286281,0.09746988622527597
0.005850292041740417,1.6108732840122486,1088.771816267742,281.228183732258,0.20527604651989637
0.009361068490467143,1.601352883413361,1752.504248958271,382.5042489582711,0.27920018172136574
0.008710852318057872,1.537832511360013,1698.1354005814849,328.1354005814849,0.2395148909353904
0.005907525973450516,1.7027648278117886,1040.09179855771,329.90820144228996,0.24080890616225545
0.008977567617332935,1.7722207792923206,1518.6635290080342,148.66352900803417,0.10851352482338261
0.0083749839809283,1.662485562659697,1510.2429096204187,140.2429096204187,0.10236708731417422
0.007123597504217417,1.7299098773275512,1234.5156436075067,135.48435639249328,0.09889369079744036
0.006634919043066761,1.661433889786278,1197.2180781793634,172.78192182063663,0.12611819110995373
0.006954547178904886,1.6391759441017262,1271.932278254245,98.06772174575508,0.07158227864653656
0.007558563279507395,1.5474459692416018,1464.3485521000916,94.34855210009164,0.06886755627743915
0.009074775238455976,1.5072224823378055,1805.0083557103621,435.00835571036214,0.317524347233841
0.005279654234010191,1.5272142896965424,1036.3971388183677,333.6028611816323,0.2435057380887827
0.006712142117728109,1.5631317605257553,1287.3192361226288,82.68076387737119,0.060350922538227145
0.006260495745893088,1.6108120740491092,1165.1572757596628,204.84272424033725,0.14952023667177902
0.006314061053566092,1.5715069350242388,1204.5176772837162,165.48232271628376,0.12079001658122902
0.006793994011255897,1.7908070523864938,1137.357685495703,232.64231450429702,0.1698119083972971
0.00794040428964947,1.5712721215291754,1514.9974895443709,144.99748954437086,0.10583758360902983
0.009036037798527168,1.7322681591767637,1563.8086793032971,193.80867930329714,0.14146618927247967
0.005207525625349148,1.619238181279255,964.1428453027359,405.85715469726415,0.2962460983191709
0.007671173898565846,1.6873093172132365,1362.9747997805084,7.02520021949158,0.005127883371891665
0.009078280038508633,1.7498800340339808,1555.3065548629415,185.30655486294154,0.13526025902404493
0.0071340524247990094,1.572127248716674,1360.4083980334308,9.591601966569215,0.00700116931866366
0.008894513587497935,1.78376819243185,1494.8736626338737,124.87366263387366,0.09114865885684209
0.008499899280393295,1.7334170148473371,1470.0477012716751,100.04770127167512,0.0730275191764052
0.009755349017766585,1.5660834464370812,1867.4484219456485,497.44842194564853,0.36310103791653175
0.009442633133787655,1.7791464521582139,1591.117017790454,221.11701779045393,0.1613992830587255
0.005250087874850433,1.643511504257753,957.6670103250863,412.33298967491373,0.3009729851641706
0.0051905222813802285,1.6745905126284955,929.2298154706907,440.7701845293093,0.3217300617002258
0.007766854107264586,1.5692850057867032,1483.761251243821,113.7612512438211,0.08303740966702271
0.0057652466604299,1.617480729192681,1068.5613968144405,301.4386031855595,0.22002817750770765
0.005367016261826746,1.703743725430538,944.3855746863675,425.6144253136325,0.3106674637325785
0.006742987701487374,1.6479605998708782,1226.6657694674614,143.33423053253864,0.10462352593615959
0.006360747394772495,1.6927924703533133,1126.4842735258271,243.51572647417288,0.17774870545560065
0.008370588652450845,1.6241450937691888,1545.0832297263764,175.08322972637643,0.12779797790246455
0.006409210388109994,1.7152770698470619,1120.1880849849806,249.8119150150194,0.1823444635146127
0.008083738176967396,1.5905434549057043,1523.6576721163326,153.6576721163326,0.11215888475644716
0.00963428707272838,1.6991562965580222,1699.8357411037834,329.83574110378345,0.2407560154042215
0.007920869991205849,1.7109257709221066,1387.9135638258786,17.913563825878555,0.013075594033487997
0.006563540838600573,1.665631127698051,1181.3540275912492,188.64597240875082,0.13769779007938016
0.005161961575229793,1.6179812419578032,956.4493756844497,413.5506243155503,0.3018617695733944
0.007426775162081114,1.674908161902936,1329.321351162342,40.6786488376581,0.02969244440704971
0.005083255157782141,1.5227205664625842,1000.7887145918646,369.2112854081354,0.2694972886190769
0.007909670569536736,1.6059113846414483,1476.581836762499,106.58183676249905,0.07779696114051025
0.00689083305458488,1.645977443762744,1255.0717428904345,114.9282571095655,0.0838892387661062
0.006258809266062833,1.5959376166216255,1175.69997378601,194.3000262139899,0.14182483665254736
0.008336311344304511,1.5757746874345626,1585.9902360984693,215.99023609846927,0.15765710664121843
0.008150110637819799,1.660624812936255,1471.3387889006183,101.33878890061828,0.07396991890556079
0.0062443874293538724,1.5236317713499983,1228.6566159562387,141.34338404376126,0.10317035331661406
0.00934507390833269,1.7685340913829006,1584.127041045634,214.1270410456341,0.15629711025228765
0.008172517002473016,1.6731431812279924,1464.3450648497235,94.34506484972349,0.06886501083921422
0.006361097653294042,1.547119830715662,1232.618872306041,137.3811276939589,0.10027819539705028
0.009270092697574752,1.7804526661549889,1560.897365328702,190.8973653287021,0.13934114257569497
0.0075744688974565206,1.5449448440588358,1469.805642282569,99.8056422825689,0.072850833782897
0.005077040810949676,1.7233264963254116,883.2096223938694,486.7903776061306,0.35532144350812456
0.005103464843246922,1.5187486725774357,1007.3952967327259,362.6047032672741,0.26467496588852124
0.005280258806361348,1.7089929327535736,926.2658353330188,443.7341646669812,0.3238935508518111
0.00514845173968346,1.6156277967667658,955.3357555638154,414.6642444361846,0.3026746309753172
0.009144117078603374,1.7250603530974706,1589.1254646899833,219.12546468998335,0.15994559466422142
0.00886496775405187,1.738650822924848,1528.570566347021,158.57056634702099,0.11574493893943137
0.005037812312710352,1.7777127891935165,849.5737586808206,520.4262413191794,0.3798731688461164
0.009308580869431163,1.6168187426654235,1726.008157685012,356.00815768501207,0.2598599691131475
0.009970998980882769,1.5594656409159646,1916.8298516911163,546.8298516911163,0.3991458771468003
0.009150922097112673,1.7171061209895018,1597.6749456108282,227.67494561082822,0.16618609168673593
0.00548979620988934,1.5006677942939122,1096.7114147046673,273.2885852953327,0.19948071919367352
0.009173556096249575,1.799352023869688,1528.4185052244761,158.41850522447612,0.11563394541932563
0.0073694614527920485,1.7172055336698264,1286.572235967166,83.42776403283392,0.06089617812615614
0.009793404031034878,1.7540365765946344,1673.8468888437405,303.84688884374054,0.2217860502509055
0.0079592094181166,1.5131663415577892,1576.8993068782172,206.8993068782172,0.15102139188191036
0.005495653761379013,1.6987282104466948,969.8758985155849,400.12410148441506,0.2920613879448285
0.006052102969904062,1.6940140532566994,1071.05063380587,298.9493661941301,0.21821121620009498
0.006033281470720743,1.6990926850938348,1064.5283201918658,305.47167980813424,0.22297202905703228
0.005572008149362016,1.5710159518099092,1063.2902977011856,306.70970229881436,0.22387569510862362
0.009400806730790662,1.7308917728820858,1628.2306041087575,258.23060410875746,0.18848949205018792
0.00860420456650958,1.699389282480979,1517.8839025999348,147.8839025999348,0.10794445445250715
0.005635654636390666,1.7721568261464684,953.3731614241543,416.6268385758457,0.30410718144222315
0.005191125077450969,1.715549708343152,907.149550482845,462.85044951715497,0.3378470434431788
0.007720344888011808,1.5682514302438542,1475.848276589745,105.84827658974496,0.07726151575893793
0.008361846608303462,1.6331475924705898,1534.961420314742,164.9614203147421,0.12040979585017672
0.005552061341404499,1.7165922035831003,969.6339719079092,400.3660280920908,0.2922379767095553
0.005933559804701504,1.565726674946068,1136.1091990099335,233.8908009900665,0.1707232124015084
0.0069589451999837355,1.5269814584180983,1366.2505691141132,3.7494308858867953,0.0027368108656107993
0.00548887078935972,1.778561903984651,925.198083856378,444.80191614362195,0.32467293149169485
0.008897976478344881,1.6427526986095633,1623.8270324724008,253.8270324724008,0.18527520618423415
0.009644144494429713,1.6387087746277356,1764.3414303124434,394.34143031244344,0.2878404600820755
0.009935032196307782,1.6682663959120496,1785.354982716604,415.3549827166039,0.3031788195011707
0.007243583891740044,1.6404364986460664,1323.7768249037738,46.223175096226214,0.03373954386585855
0.00819649614258703,1.5116296027039913,1625.5620564575993,255.56205645759928,0.18654164704934253
0.009137450413063918,1.7438331291297655,1570.8720481486519,200.87204814865186,0.14662193295522033
0.008237147395913238,1.7202878323193946,1435.4776092322234,65.47760923222336,0.047793875351987855
0.008716989648194038,1.7046026999514248,1533.0773282637153,163.07732826371534,0.11903454617789441
0.005243733457272922,1.7320201031987577,907.6290392642684,462.3709607357316,0.3374970516319209
0.007720731307617312,1.666363962115884,1389.0224878178099,19.02248781780986,0.013885027604240775
0.006258972519397573,1.6217188683008108,1157.039480036808,212.96051996319193,0.15544563500962916
0.009582184738316821,1.7239211888042008,1666.3561735688822,296.35617356888224,0.21631837486779726
0.00918280662016406,1.5256735283213299,1804.4071139037592,434.4071139037592,0.31708548460128405
0.009085916129540413,1.534424355636408,1775.186322904151,405.186322904151,0.29575644007602264
0.007155476863972473,1.6416534949091335,1306.7057109583134,63.294289041686625,0.0462002109793333
0.007376820915329407,1.7087307805800092,1294.2444178840972,75.75558211590283,0.05529604534007505
0.005395939992524783,1.5049337122481135,1074.9058914781008,295.0941085218992,0.21539715950503593
0.005237747461507306,1.5777858531098299,995.2156579256839,374.7843420743161,0.2735652131929315
0.005665536632257629,1.6340334906082796,1039.4432933203127,330.5567066796873,0.24128226764940677
0.0059002401545312924,1.6837645931640894,1050.5313545008455,319.4686454991545,0.23318879233514928
0.00920956650828133,1.5841250148459822,1742.8918518154792,372.8918518154792,0.2721838334419556
0.009411528568753403,1.697872526372195,1661.7886439286756,291.7886439286756,0.2129844116267705
0.009661558773859111,1.5470295182626317,1872.273553111978,502.2735531119779,0.366623031468597
0.008503206688561244,1.6991674984699765,1500.2624734414073,130.26247344140734,0.0950820974024871
0.008130925622922638,1.5353985536943446,1587.5944212960455,217.59442129604554,0.15882804474163909
0.007020167525884031,1.7038525802437892,1235.196813714614,134.8031862853859,0.09839648633969773
0.009584776272730154,1.6372725780253874,1755.0184842448973,385.0184842448973,0.28103538995977906
0.009785859861377519,1.6485059783661227,1779.627747782631,409.6277477826311,0.2989983560457161
0.005367562741899376,1.614067804171975,996.9561524639531,373.0438475360469,0.2722947792233919
0.008816422630254263,1.5586107622173802,1695.8031313286394,325.80313132863944,0.23781250461944484
0.008136375176284752,1.7199549927934026,1418.190547734631,48.19054773463108,0.035175582288051885
0.00651737997913391,1.5870043811608658,1231.1631819411414,138.83681805885863,0.10134074310865593
0.009448931042767898,1.6884222825692516,1677.730916032083,307.7309160320831,0.22462110659276138
0.007422415561612534,1.5583008726929564,1427.955438199717,57.95543819971704,0.04230323956183725
0.0054864367981144755,1.577263562993613,1042.813903750244,327.186096249756,0.23882196806551534
0.005294252567543818,1.5800498782587749,1004.5106881346375,365.48931186536254,0.2667805196097537
0.009680723784598382,1.6777806844068142,1729.7898381932428,359.78983819324276,0.2626203198490823
0.006315944755281322,1.525053096888311,1241.5781500600872,128.42184993991282,0.09373857659847651
0.009709116704864145,1.767045416148842,1647.224194329879,277.2241943298791,0.2023534265181599
0.008134480069398781,1.5205503086529952,1603.7981516819361,233.79815168193613,0.17065558516929644
0.007336402850261116,1.545657173186488,1422.9534734560584,52.95347345605842,0.03865217040588206
0.005987121004587995,1.7425375017814844,1030.0459648494527,339.95403515054727,0.24814163149674984
0.008557864149029482,1.7487720351390172,1467.076941371422,97.07694137142198,0.07085908129300875
0.008084889455062158,1.7555548194458024,1380.6398157116573,10.63981571165732,0.007766288840625781
0.0069490755315593,1.540174814061461,1352.625958698923,17.374041301077114,0.012681781971589133
0.005548320644001195,1.692547292654048,982.7463556595841,387.2536443404159,0.2826668936791357
0.006425681008307889,1.7592341124844384,1095.0053151732416,274.99468482675843,0.20072604731880178
0.00964240616096468,1.5757190631267926,1834.540630798562,464.540630798562,0.3390807524077095
0.006656950653517381,1.530667773427031,1303.8123842736143,66.18761572638573,0.04831212826743484
0.009527832772983962,1.79351941044324,1592.6074676381174,222.60746763811744,0.1624872026555602
0.007399371521497822,1.6424104800642982,1350.622029639137,19.377970360862946,0.014144503913038647
0.009419344020703404,1.5679278044136735,1801.0065825513275,431.0065825513275,0.31460334492797626
0.009474323734820978,1.6922360996197203,1678.4482974852035,308.4482974852035,0.22514474268992957
0.007432226505691678,1.6473276563277992,1352.5696870293348,17.430312970665227,0.01272285618296732
0.00532441171453754,1.6088466511639508,992.1507896047076,377.8492103952924,0.27580234335422804
0.00862188378401204,1.7841769106688556,1448.7216580054971,78.72165800549715,0.057461064237589156
0.007861499929182161,1.5759897647840755,1495.452851281208,125.45285128120804,0.09157142429285259
0.00973678168139288,1.554603103418122,1877.6584884309561,507.65848843095614,0.37055364119047896
0.009795722486094543,1.607409023823628,1826.9672985949214,456.96729859492143,0.33355277269702294
0.0063929555644383325,1.5266604497920766,1255.3936684537618,114.60633154623815,0.08365425660309354
0.006852002132227759,1.5025400514836638,1367.1373081958307,2.8626918041693443,0.0020895560614374777
0.008661926488772254,1.602535923875883,1620.4193580907613,250.4193580907613,0.18278785262099365
0.008865567208182155,1.706190794373821,1557.7567254901057,187.75672549010574,0.13704870473730346
0.006920480253435415,1.6309928826426467,1272.0520167790564,97.94798322094357,0.07149487826346246
0.009497179304956872,1.7284628087249179,1647.2340125154967,277.2340125154967,0.2023605930770049
0.007109393616508645,1.5081091180134758,1413.2548909923048,43.25489099230481,0.0315729131330692
0.008694404007879436,1.7438369440160129,1494.702103491674,124.70210349167405,0.0910234332056015
0.007712289762846057,1.5171962729590425,1523.9203694473301,153.92036944733013,0.11235063463308768
0.0053954965998061315,1.6470930742357535,982.0508707663964,387.94912923360357,0.28317454688584204
0.0050356654784048825,1.7182672803782781,878.5912114350416,491.4087885649584,0.35869254639777987
0.007089919804565862,1.637912942669742,1297.6907562432345,72.30924375676545,0.05278046989544924
0.006446665694872661,1.6684986982796555,1158.3238012489126,211.67619875108744,0.15450817427086674
0.00742369244682865,1.6595522052783305,1341.0647757824142,28.935224217585755,0.021120601618675735
0.008243792707442084,1.7516753565954613,1410.8932169999684,40.893216999968445,0.0298490635036266
0.0060895037518984094,1.5414194842844429,1184.3546266247697,185.6453733752303,0.13550757180673745
0.008837823104240056,1.7789852414039413,1489.3393436464773,119.33934364647735,0.08710900996093236
0.007465780367356971,1.6491120310433816,1357.2059417952373,12.794058204762678,0.009338728616615093
0.0062690295421335305,1.682837009094399,1116.8091535627739,253.19084643722613,0.1848108368154935
0.008019345285608607,1.7631967096839043,1363.5116385592148,6.488361440785184,0.00473603024874831
0.007514150847255741,1.5340378102539058,1468.4682067313117,98.46820673131174,0.07187460345351222
0.009390694569883019,1.5952462261458296,1764.7804842229577,394.78048422295774,0.28816093738902027
0.005000999194743014,1.7575662421305989,853.0329071583429,516.9670928416571,0.37734824295011465
0.005328909897855553,1.5765682758368886,1013.3192588126954,356.68074118730465,0.2603509059761348
0.005361398685801982,1.754837285173585,915.9293023430114,454.0706976569886,0.3314384654430574
0.007900225172930892,1.7989728271026078,1316.5445790312315,53.45542096876852,0.039018555451655855
0.00828279374607746,1.5048125330548,1650.1185640730992,280.11856407309915,0.2044661051628461
0.009899407003147414,1.6199818223794624,1831.9758389985261,461.9758389985261,0.3372086416047636
0.00782668372314105,1.7179139689044243,1365.8313476811752,4.1686523188247975,0.003042811911550947
0.005310644737918512,1.6224713404736595,981.275415983968,388.72458401603205,0.28374057227447597
0.0057867357513322,1.523925270579317,1138.3889802082413,231.61101979175874,0.16905913853413046
0.005377394244383359,1.5214526271555815,1059.580961894707,310.4190381052931,0.22658323949291467
0.008509525376278138,1.6490240359026618,1547.0311368574758,177.03113685747576,0.1292198079251648
0.0050426405399278795,1.5839840656560202,954.3944507101617,415.60554928983834,0.303361714810101
0.005918947615175731,1.64835802509165,1076.4990537951298,293.50094620487016,0.21423426730282494
0.009058034735684069,1.6377833950453666,1658.0522835163358,288.0522835163358,0.21025714125279987
0.007555841522654142,1.6129897321273854,1404.338947246352,34.33894724635206,0.025064924997337274
0.00655373155304648,1.6328101478574102,1203.2992898397517,166.70071016024826,0.12167935048193304
0.0065263264132334195,1.5209540135415105,1286.3922378414313,83.60776215856868,0.061027563619393196
0.007589578910387286,1.7666668443960905,1287.904691225325,82.095308774675,0.05992358304720803
0.00721456521479986,1.5082934409744797,1433.9863718751951,63.98637187519512,0.04670538093079936
0.008510788669356995,1.785509175250855,1428.9874787938932,58.98747879389316,0.04305655386415559
0.0061949824840591364,1.5279759242133681,1215.470084791527,154.52991520847308,0.11279555854633072
0.009059538935850028,1.7739303835982074,1531.0530058209713,161.0530058209713,0.1175569385554535
0.005351171032934324,1.7741756086059248,904.2175472146903,465.7824527853097,0.3399871918140947
0.009645881125519073,1.7044164706683453,1696.6289999892076,326.6289999892076,0.23841532845927563
0.008090779035199891,1.670475544567509,1452.0143931382286,82.01439313822857,0.059864520538852974
0.009703402582686427,1.7511102786657606,1661.2357009540247,291.23570095402465,0.2125808036160764
0.007897099133324197,1.5168109999616615,1560.834382338189,190.83438233818902,0.139295169589919
0.008379706145905864,1.6518571256068337,1520.8171844014307,150.81718440143072,0.11008553605943848
0.007826275005571929,1.662748346241868,1411.0723527149303,41.072352714930275,0.029979819499949108
0.00998993231648133,1.777097039702205,1685.2801493121838,315.28014931218377,0.23013149584830933
0.008900694661709643,1.5398027220636858,1732.924024816115,362.924024816115,0.26490804731103285
0.009450972486340846,1.6013991701690244,1769.2842140485443,399.2842140485443,0.2914483314222951
0.008337494883015413,1.5524903024109595,1610.0056023924624,240.00560239246238,0.1751865710893886
0.007705980851772153,1.7646211338472346,1309.1733384247816,60.826661575218395,0.044399023047604666
0.006739989323356056,1.6675072839465581,1211.7476100976521,158.2523899023479,0.11551269335937801
0.0057868552568250365,1.5231136565700822,1139.019109999014,230.98089000098594,0.16859918978174157
0.007170118264030054,1.6792669152408986,1280.0510502619534,89.94894973804662,0.06565616769200483
0.00859086208578586,1.564589538148726,1646.10308214392,276.1030821439199,0.20153509645541598
0.005311676767291077,1.6892847069171313,942.6478719941443,427.35212800585566,0.3119358598582888
0.008092773128310294,1.622425037083184,1495.3864078270506,125.38640782705056,0.09152292542120478
0.008667745415713472,1.5648993490829368,1660.505964819886,290.505964819886,0.21204814950356643
0.005348871000380923,1.785768542019301,897.9613802110443,472.03861978895566,0.3445537370722304
0.006881917116243075,1.7108790506479254,1205.8987146107438,164.1012853892562,0.1197819601381432
0.005111840238220463,1.5815422918398905,968.9852480243138,401.0147519756862,0.2927114977924717
0.007392071481397108,1.6799229243684517,1319.160091795791,50.839908204208996,0.03710942204686788
0.00956982717461133,1.7787778861625902,1612.8837859015787,242.88378590157868,0.17728743496465596
0.006754742578365817,1.6017371404833074,1264.2654213003495,105.73457869965046,0.077178524598285
0.007863999065645177,1.5169034519974218,1554.1975374207784,184.19753742077842,0.1344507572414441
0.005592871359264503,1.648298105809168,1017.2314377857003,352.76856221429966,0.25749530088635014
0.009100059993382613,1.6769235998547458,1626.8656208308753,256.8656208308753,0.18749315389114984
0.007259009353511469,1.6568526646261008,1313.451885732575,56.548114267425035,0.04127599581563871
0.008949643644269985,1.5500518991314671,1730.9327951168268,360.9327951168268,0.263454594975786
0.006649578934218918,1.610982374346132,1237.4397417995538,132.56025820044624,0.09675931255507025
0.008256077104755542,1.7924287191446224,1380.869220759502,10.869220759502014,0.007933737780658404
0.006999794242904879,1.5934664654753297,1316.9310851789567,53.068914821043336,0.038736434175944044
0.00895014995217599,1.6762681274866509,1600.6910885160823,230.69108851608235,0.168387655851155
0.009551705643611654,1.526786207478801,1875.5273652356261,505.5273652356261,0.3689980768143256
0.008301572430641984,1.6889855423805573,1473.5169377112625,103.51693771126247,0.07555980854836676
0.006645619396343994,1.6366220898198451,1217.3284145161147,152.67158548388534,0.1114391134918871
0.005549413505279025,1.6570104677899102,1004.0204015276801,365.97959847231994,0.26713839304548903
0.009059904730439614,1.6236937544145638,1672.7853395997256,302.7853395997256,0.22101119678812087
0.009044834810173317,1.5768111764402484,1719.6562914193514,349.6562914193514,0.2552235703790886
0.007278078586097766,1.5297805441876742,1426.2915534737874,56.29155347378742,0.04108872516334848
0.008654647830183194,1.5910331886884812,1630.7630567240162,260.7630567240162,0.19033799760877096
0.006061402758732672,1.5948670876875468,1139.3819873750208,230.6180126249792,0.16833431578465635
0.009874354627542865,1.5476467276129289,1912.7472646943231,542.7472646943231,0.3961658866381921
0.006336401415008534,1.5255425475191862,1245.1998524519656,124.80014754803437,0.09109499821024407
0.005011649370540186,1.5910312243775857,944.3275910667046,425.6724089332954,0.3107097875425514
0.009763070139787753,1.717886697164904,1703.776389714027,333.7763897140269,0.24363240125111452
0.006812179782754132,1.523172459805473,1340.780624191817,29.21937580818303,0.02132801153881973
0.00848776870002457,1.5109481679456886,1684.0875785801907,314.08757858019067,0.2292610062629129
0.005420182593861611,1.699856958118643,955.9215290803161,414.0784709196839,0.30224705906546273
0.006762914696694146,1.729950562259801,1171.9819423728597,198.01805762714025,0.1445387281949929
0.005218283005855682,1.761080436077394,888.3193844056494,481.68061559435057,0.3515916902148544
0.006619418517237666,1.5718995886415397,1262.4545245465645,107.54547545343553,0.0785003470463033
0.009074443675561792,1.7936979726418518,1516.671042713174,146.67104271317407,0.10705915526509056
0.006464379808555803,1.5979504631411436,1212.7862264534645,157.21377354653555,0.11475457923104784
0.008354349784848177,1.7405736195991437,1438.9342851055112,68.93428510551121,0.050316996427380446
0.008916748255361578,1.6469003367806347,1623.1546118131148,253.1546118131148,0.18478438818475532
0.005005686939986071,1.635268526932989,917.6885428911688,452.3114571088312,0.3301543482546213
0.006766731028866451,1.6203831493089398,1251.9353392646083,118.06466073539173,0.08617858447838812
0.009647879584381906,1.7608218533842885,1642.6201943886426,272.62019438864263,0.19899284261944716
0.007247001170571445,1.647067792569664,1319.0691384141064,50.93086158589358,0.03717581137656466
0.009087196052604544,1.5673247337500844,1738.1674532883424,368.16745328834236,0.26873536736375353
0.005552555908045677,1.5869311283752388,1048.9518757879125,321.0481242120875,0.23434169650517334
0.006257672968190233,1.5490699652227753,1211.0512776123146,158.9487223876854,0.11602096524648568
0.00929726165544982,1.643364617508634,1696.062392156138,326.062392156138,0.2380017460993708
0.009910141672577984,1.7994492726330598,1651.0527839459814,281.05278394598145,0.20514801747881858
0.00629734004462629,1.5290350178488865,1234.6970663211614,135.3029336788386,0.09876126545900628
0.008177741211512511,1.7394368067801538,1409.436162975878,39.436162975878005,0.02878552042034891
0.008908480683502407,1.5657874139668375,1705.6563983910464,335.6563983910464,0.24500467035842804
0.007875778545679508,1.7844415754962686,1323.1584834691396,46.84151653086042,0.03419088797873023
0.008275116715753709,1.6533188170510396,1500.5076787776657,130.50767877766566,0.09526107939975596
0.0053998302495544374,1.6836876567652455,961.4778470294324,408.5221529705676,0.298191352533261
0.007467231652487968,1.756525704820422,1274.4588510212748,95.54114897872523,0.06973806494797462
0.008116062444393633,1.5234214218394468,1597.1511720954934,227.1511720954934,0.16580377525218495
0.007773854177745044,1.6631881614776927,1401.2502650386461,31.25026503864615,0.02281041243696799
0.00963391043410221,1.6448335900879951,1755.9063157488395,385.90631574883946,0.28168344215243757
0.006155242006264793,1.5444727236115166,1194.7735317254612,175.22646827453877,0.1279025315872546
0.005687875267041599,1.5505350721215059,1099.7378503478203,270.2621496521797,0.19727164208188297
0.006760349930880687,1.599523623547805,1267.0659519385829,102.93404806141712,0.07513434165066943
0.0065273186241051094,1.6754008586438482,1167.9837003626774,202.01629963732262,0.14745715301994353
0.00699639066786375,1.6689488881716683,1256.758172950944,113.24182704905593,0.08265826791901892
0.0056614205011326696,1.6805888540510991,1009.9145687625445,360.0854312374555,0.262836081195223
0.008868643416626203,1.7376648838987048,1530.0720142485634,160.0720142485634,0.11684088631282
0.009590872490918773,1.5640396061743276,1838.362166192257,468.36216619225706,0.3418701943009176
0.009375890863177992,1.532075321741116,1834.6495945235472,464.6495945235472,0.3391602879733921
0.006298037484151937,1.6605686474881254,1137.0226342681485,232.97736573185148,0.17005647133711788
0.009073329653319657,1.7468874763151847,1557.1213577824099,187.12135778240986,0.1365849326878904
0.007849257904392663,1.5365783272796767,1531.4210013620102,161.4210013620102,0.1178255484394235
0.005900965185364983,1.5350894164087245,1152.418118829615,217.58188117038503,0.15881889136524455
0.009419384379184919,1.556566112122781,1814.160268484572,444.16026848457204,0.324204575536184
0.00742731679835733,1.5879172323143833,1402.247871621681,32.24787162168104,0.0235385924245847
0.0067863705384704764,1.7342283217036727,1173.14581890128,196.8541810987199,0.14368918328373714
0.008192634665509454,1.5089312762629907,1627.7017532248542,257.7017532248542,0.18810346950719284
0.007791990097402097,1.6371588606922178,1426.8498434074643,56.84984340746428,0.04149623606384254
0.007776790141507284,1.5122531059267048,1541.6883739471286,171.68837394712864,0.12531998098330557
0.005792703928665538,1.5175676928343216,1144.3370582023126,225.66294179768738,0.1647174757647353
0.005268379618473484,1.6543907439150312,954.684061977795,415.31593802220505,0.3031503197242373
0.009576705258029956,1.6164436390490777,1776.1361667613057,406.13616676130573,0.2964497567600772
0.009710572542657423,1.5403200775983859,1889.9684899839478,519.9684899839478,0.3795390437839035
0.00866175598087374,1.5475311695809302,1677.98178617981,307.9817861798099,0.22480422348891232
0.006448929455352894,1.5430350276861233,1252.946548976279,117.05345102372098,0.08544047519979633
0.006418401448708347,1.543946904773621,1246.2788330283727,123.72116697162733,0.09030742114717323
0.0052548517364211424,1.742530771743083,904.0672015860002,465.93279841399976,0.34009693314890493
0.006263495533895035,1.6478652060858536,1139.5038349274937,230.4961650725063,0.16824537596533307
0.009464088488605549,1.706447391255671,1662.6720315361106,292.6720315361106,0.2136292200993508
0.006938616696015328,1.5848913405820435,1312.484270154666,57.51572984533391,0.04198228455863789
0.00916302698384419,1.6556946977539666,1659.1261576988973,289.12615769889726,0.2110409910210929
0.006689711000247541,1.5759004502046008,1272.6215693468896,97.3784306531104,0.07107914646212438
0.008977663940172794,1.6419016887773237,1639.218692640849,269.218692640849,0.19650999462835692
0.005755280383807663,1.7938476300844295,961.8373510684825,408.16264893151754,0.2979289408259252
0.005521459132582537,1.7772820134326843,931.3613667345888,438.63863326541116,0.3201741848652636
0.00602182572845103,1.7414567921993815,1036.6596201907282,333.3403798092718,0.24331414584618377
0.006932881271180763,1.5473285517672577,1343.2347738530407,26.76522614695932,0.01953666142113819
0.007462049667340579,1.6933662979341577,1321.0763756307479,48.92362436925214,0.03571067472208185
0.00850116101348475,1.7098954778786892,1490.4910791671073,120.49107916710727,0.08794969282270604
0.006479027775893445,1.5276345228434702,1271.4845294082124,98.51547059178756,0.07190910262174274
0.009590272142679098,1.5445330827162114,1861.463047127852,491.46304712785195,0.3587321511882131
0.006595894340158818,1.5857177713145731,1247.0058750147068,122.99412498529318,0.08977673356590743
0.006254883364450238,1.5301810418866397,1225.4542482240245,144.54575177597553,0.10550784801166098
0.009478127148921028,1.7249777814991476,1647.2508026985104,277.25080269851037,0.20237284868504407
0.006297712920748516,1.72833290089131,1092.3860995274129,277.61390047258715,0.20263788355663295
0.009486422458977926,1.7142388231953312,1659.0208249409936,289.02082494099363,0.21096410579634572
0.006715193020058821,1.632430912620592,1233.2308864428953,136.76911355710467,0.09983146974971144
0.006078882478276237,1.6378131581745836,1112.7051403633336,257.2948596366664,0.18780646688807764
0.008660017369909158,1.529404292124992,1697.5288398337932,327.5288398337932,0.23907214586408262
0.00940767827132655,1.7042391983146452,1654.9032529138378,284.90325291383783,0.2079585787692247
0.009700411117938863,1.5384356351298039,1890.3033875785457,520.3033875785457,0.37978349458288
0.008311524733464536,1.7559258432551685,1419.0419482373513,49.041948237351335,0.035797042509015574
0.008759049567614067,1.764459528221998,1488.2160557487591,118.21605574875912,0.08628909178741541
0.009475665046062842,1.5045017509181213,1888.1552737378386,518.1552737378386,0.3782155282757946
0.008265892350918232,1.5387752572072442,1610.405531177207,240.40553117720697,0.17547848991037004
0.006896872429098517,1.7291375241603824,1195.7581795212354,174.24182047876457,0.1271838105684413
0.008125425065691614,1.7498826819761861,1392.0596951034063,22.059695103406284,0.01610196722876371
0.008730352646785759,1.7526619504704333,1493.3249840245567,123.32498402455667,0.09001823651427494
0.00859527375181932,1.6008433064888434,1609.6505103254178,239.65051032541783,0.17492737979957507
0.0056603418404010996,1.5405508412892541,1101.507167419393,268.492832580607,0.1959801697668664
0.007277374763066849,1.7483276306038895,1247.8794190614014,122.12058093859855,0.08913911017415953
0.009110563309102235,1.6569562169945478,1648.370753666909,278.37075366690897,0.20319033114372917
0.008210839999248775,1.6559692488719948,1486.4695750215492,116.46957502154919,0.08501428833689723
0.005504753431097064,1.7010768766276705,970.1404942169079,399.8595057830921,0.2918682523964176
0.007208798409957244,1.535392318001099,1407.551261791598,37.55126179159811,0.027409680139852635
0.007887805468077352,1.7117659661821911,1381.4415265977216,11.441526597721577,0.00835147926840991
0.006493755213141501,1.6201053074582754,1201.6372195287943,168.36278047120572,0.12289254048993119
0.009452489054405627,1.6577996441185203,1709.3651442693663,339.3651442693663,0.24771178413822356
0.006861503170186555,1.6744179285194412,1228.502673035692,141.49732696430806,0.10328272041190369
0.00867608710354698,1.7258810971731633,1507.071073931277,137.07107393127694,0.10005187878195397
0.005757442403187031,1.5804393358206232,1092.1253165017206,277.8746834982794,0.20282823613013096
0.009691032831297165,1.7314731147474882,1677.93454504604,307.93454504604006,0.2247697409095183
0.006470282693350811,1.7372108173513863,1116.584085949856,253.415914050144,0.18497511974463066
0.005923600443507082,1.7988503641098912,987.2142633985046,382.7857366014954,0.2794056471543762
0.005175732429651359,1.5034273652275503,1032.0721725060823,337.9278274939177,0.24666264780577932
0.007355824503179905,1.532086554877709,1439.3577839347029,69.35778393470287,0.05062611966036706
0.006838737570716762,1.670324455336004,1227.4273656190385,142.57263438096152,0.10406761633646826
0.006750792136407061,1.7317771396064348,1168.6472362607137,201.35276373928627,0.1469728202476542
0.008326133669073171,1.7991075737087614,1387.4168030666485,17.416803066648527,0.012712994939159509
0.008450354816712777,1.7279108930216678,1466.1361599754061,96.13615997540614,0.07017237954409207
0.008805746307148489,1.7363476418694002,1520.3731478002194,150.37314780021939,0.10976142175198496
0.006690174431071074,1.5808799863119873,1268.7008846373808,101.2991153626192,0.07394096011870015
0.00961244469047175,1.508990413793207,1909.7128747833717,539.7128747833717,0.3939510034915122
0.006224250037596635,1.6946172674963504,1101.123689560012,268.87631043998795,0.19626008061312988
0.006129949818568683,1.7394148761393229,1056.5120194925614,313.4879805074386,0.22882334343608654
0.006980918579231452,1.5121982223188535,1383.9632325162086,13.963232516208564,0.010192140522779973
0.008631008516610477,1.6376627690776562,1580.002493230578,210.002493230578,0.15328649140918102
0.005973099506816883,1.670326837780779,1072.059756524273,297.9402434757269,0.2174746302742532
0.005506739742604504,1.7676756734633452,933.9264367242108,436.0735632757892,0.3183018710042257
0.005909103958308756,1.556130254223702,1138.4039320812847,231.59606791871533,0.16904822475818637
0.008962413292783276,1.6134499954579882,1665.2910956144558,295.2910956144558,0.21554094570398233
0.006523398776805243,1.549559372179063,1262.0786198482272,107.92138015177284,0.0787747300377904
0.006405758526956726,1.5973555067649354,1202.2358742420006,167.7641257579994,0.1224555662467149
0.006828566288117285,1.542974404770204,1326.757375755368,43.242624244632,0.031563959302651094
0.006523666948612032,1.5099664926491312,1295.2248670541953,74.77513294580467,0.05458038901153626
0.006466587467855714,1.693420191248306,1144.803966481228,225.19603351877208,0.16437666680202342
0.008465589324386727,1.6941539605042508,1498.0455679606978,128.04556796069778,0.09346391821948744
0.009971426730647184,1.6904125079595154,1768.4195516016714,398.4195516016714,0.2908171909501251
0.006478228752869127,1.6459319616922938,1179.9540725316988,190.04592746830122,0.13871965508635126
0.00926696145853264,1.7338753892822216,1602.2865143699003,232.28651436990026,0.1695522002700002
0.008452505180758473,1.7966270040269396,1410.419246019148,40.41924601914798,0.02950309928404962
0.0052344749967057295,1.573089870486161,997.5629206212969,372.43707937870306,0.2718518827581774
0.007468964736979696,1.5011862541758867,1491.579936190994,121.57993619099398,0.08874447897152846
0.00558793988588231,1.6263177813885556,1030.0706619063014,339.92933809369856,0.24812360444795514
0.007987447040107542,1.7552343016035297,1364.2488521965706,5.751147803429376,0.004197918104692975
0.009413455440208687,1.5212046909020376,1855.1631884728197,485.1631884728197,0.354133714213737
0.00896589896357247,1.60167654483544,1678.1845854808378,308.18458548083777,0.22495225217579398
0.0063806702997332414,1.5330619951778943,1247.7491705236994,122.25082947630062,0.08923418209948951
0.008723400491259187,1.5478448175225816,1689.5813105985644,319.5813105985644,0.23327102963398863
0.0063979696669087165,1.5879595228708916,1207.8790580154812,162.12094198451882,0.11833645400329841
0.009635421128957537,1.7086469665411101,1690.5929900562724,320.59299005627236,0.23400948179289954
0.00999300485453444,1.5998508868716492,1872.5666952654929,502.56669526549285,0.36683700384342544
0.009982312000534102,1.5932112314420066,1878.3584951597477,508.3584951597477,0.3710645950071151
0.008896959209854699,1.5890354477121351,1678.528489775558,308.528489775558,0.2252032772084365
0.009647948129643443,1.5708834181988747,1841.2455379780024,471.2455379780024,0.3439748452394178
0.0059269121320964045,1.5339240994791796,1158.364717677036,211.63528232296403,0.15447830826493725
0.005173950041599097,1.6114936043464536,962.5301623019803,407.46983769801966,0.2974232391956348
0.0074396197176448825,1.7891178575737987,1246.615404511453,123.38459548854689,0.09006174853178606
0.007954852366683692,1.7084117705460078,1395.919171917809,25.91917191780908,0.018919103589641665
0.00943449576840298,1.7202277434116824,1644.1954777398573,274.1954777398573,0.20014268448164768
0.006664548579426466,1.6239150531771263,1230.3484693843411,139.65153061565888,0.10193542380705028
0.007255943265058514,1.5911801594869988,1367.0840813159416,2.915918684058397,0.0021284077985827717
0.009006189113795894,1.6242580081795275,1662.2898320592956,292.2898320592956,0.21335024237904787
0.006173773862209505,1.5862312242436265,1166.8228521793817,203.1771478206183,0.14830448746030533
0.0085219556957041,1.5454820701721261,1653.0881168344401,283.08811683444014,0.20663366192294902
0.0058515038396990725,1.6322838073009183,1074.7130561814256,295.2869438185744,0.2155379151960397
0.007882605632718647,1.6004936300083374,1476.5105426036953,106.51054260369528,0.0777449216085367
0.0073662209063807115,1.5457254932014681,1428.6737725474188,58.67377254741882,0.04282757120249549
0.008138234310050707,1.718866008329616,1419.4132967705848,49.41329677058479,0.036068099832543644
0.006735933946998155,1.554886606724648,1298.7327732856515,71.26722671434845,0.05201987351412296
0.0056308470590919505,1.637037327749308,1031.183255172393,338.81674482760695,0.2473114925748956
0.009959321050026802,1.6084237594360487,1856.3076552944874,486.3076552944874,0.3549690914558302
0.008860704476775064,1.6757237847008786,1585.208969972441,215.20896997244108,0.1570868393959424
0.007054546936692156,1.693309461613981,1248.974280348904,121.0257196510961,0.08833994135116503
0.00632661122283335,1.5058833603406798,1259.5067979730563,110.49320202694366,0.08065197228244063
0.007241144375802314,1.5651580031015815,1386.978481950592,16.978481950591913,0.012393052518680229
0.0071439925447347175,1.6201672070280018,1321.9099088225653,48.090091177434715,0.03510225633389395
0.00971930892130773,1.7969862690258844,1621.4790072712578,251.47900727125784,0.1835613191761006
0.005475077262151307,1.628415869078929,1007.9654106347282,362.0345893652718,0.264258824354213
0.009935009362342206,1.5405445309854746,1933.3688946234463,563.3688946234463,0.41121817125799
0.007597727002584324,1.7120976056929798,1330.380491009331,39.61950899066892,0.02891934962822549
0.0069425738239097595,1.736662504000194,1198.4661767742832,171.5338232257168,0.1252071702377495
0.008612759725906444,1.507300009585028,1713.0235467216348,343.02354672163483,0.25038215089170424
0.007698896142508931,1.7148509213308427,1345.9309901167667,24.06900988323332,0.01756862035272505
0.009956235368124091,1.6161893881858518,1846.8159086150501,476.81590861505015,0.3480408092080658
0.008825240640525811,1.5241032471490459,1735.932646960625,365.9326469606251,0.2671041218690694
0.00746986735109669,1.7283794963362198,1295.6702500037038,74.32974999629619,0.0542552919680994
0.006692423856845754,1.5025360518114566,1335.3012033240657,34.69879667593432,0.0253275888145506
0.008403419861111937,1.606967412766797,1567.7243208256423,197.72432082564228,0.1443243217705418
0.00876760293556975,1.5558047425773633,1689.4544430222861,319.4544430222861,0.2331784255637125
0.007643816644504251,1.5507812414582396,1477.6801002586474,107.68010025864737,0.07859861332747983
0.00798115396111081,1.5440532909937124,1549.6160512296656,179.61605122966557,0.13110660673698216
0.00591654399533179,1.6499469207009176,1075.0256538387025,294.9743461612975,0.2153097417235748
0.006947835596535896,1.614941551741476,1289.7734342269434,80.22656577305656,0.05855953706062523
0.009612951196702118,1.571032975094561,1834.3919660374456,464.3919660374456,0.33897223798353693
0.005749366388059327,1.65990806827464,1038.3808081675681,331.61919183243185,0.24205780425724951
0.007119828538134344,1.6501506363202534,1293.5006362483343,76.49936375166567,0.055838951643551585
0.009161833347622522,1.7019934245285189,1613.7832846393003,243.7832846393003,0.17794400338635058
0.008766675925645851,1.5493972544792562,1696.2617667230297,326.2617667230297,0.23814727498031366
0.007361720943621058,1.614184488702973,1367.246700884601,2.7532991153989315,0.0020097073835028696
0.007727077772345666,1.6124277289399818,1436.6657165165248,66.66571651652475,0.04866110694636843
0.0054332551844500435,1.7329147080731035,939.9475456577452,430.0524543422548,0.31390690097974805
0.005937028505074955,1.6649128410816374,1069.0507784156202,300.94922158437976,0.2196709646601312
0.007164375597320069,1.772302527942584,1211.8843913455069,158.11560865449314,0.11541285303247675
0.0067675133595271495,1.730758014451503,1172.23173179611,197.7682682038901,0.1443564001488249
0.005826840619015941,1.7389515414835197,1004.537981581004,365.46201841899597,0.26676059738612845
0.0073563483340684,1.7439307863211724,1264.601649487949,105.39835051205091,0.07693310256354081
0.005406245411072047,1.5757908868881905,1028.5321572947446,341.4678427052554,0.24924660051478498
0.005975197281666935,1.5018362924764495,1192.7525583710974,177.2474416289026,0.12937769461963694
0.005581237119063841,1.7561969327175357,952.7478174192352,417.25218258076484,0.3045636369202663
0.0061927040701399505,1.5900091403503462,1167.6196870445594,202.38031295544056,0.14772285617185443
0.007092860467216926,1.6401683995827034,1296.4437519092505,73.55624809074948,0.053690692037043415
0.00533341842930607,1.6708322132863542,956.9594168401018,413.04058315989823,0.3014894767590498
0.008382271190523701,1.7268363209096085,1455.228647557053,85.22864755705291,0.06221069164748388
0.006669987026538082,1.6176570470121816,1236.1160291714816,133.8839708285184,0.0977255261522032
0.005226964750379476,1.775088610042637,882.7754296491038,487.2245703508962,0.35563837251890235
0.006793686198029508,1.614614100591284,1261.4134135469815,108.58658645301853,0.07926028208249528
0.005773420031331304,1.61800617239099,1069.7287883034078,300.2712116965922,0.21917606693181912
0.007694688165448112,1.797089164032119,1283.6366301866872,86.36336981331283,0.06303895606811155
0.005781638928789359,1.51648959439653,1142.9631644917372,227.0368355082628,0.16572031788924294
0.005327648748611568,1.5848964616533403,1007.7559969063987,362.24400309360135,0.26441168109021995
0.009918863142074439,1.7988779585664922,1653.0306282132287,283.03062821322874,0.2065916994257144
0.005419783196127095,1.6473578237953308,986.3128111721679,383.6871888278321,0.2800636414801694
0.008492135896806306,1.5800113823682207,1611.3037681777164,241.3037681777164,0.17613413735599737
0.0067622293502917685,1.66970518442635,1214.145693139359,155.85430686064092,0.11376226778148972
0.005435247472999852,1.5911836660972292,1024.0465852477816,345.95341475221835,0.2525207406950499
0.005797370823460435,1.7856882361579536,973.2987057372044,396.7012942627956,0.2895629885129895
0.008395760506133072,1.5031634609626858,1674.4590620244185,304.4590620244185,0.2222328919886266
0.0097537991052221,1.6401206320165294,1782.8660596736304,412.8660596736304,0.3013620873530149
0.009398449431030836,1.7111273839694623,1646.6244902125416,276.62449021254156,0.20191568628652667
0.006407418909000362,1.7671119770352877,1087.0255474062344,282.9744525937656,0.20655069532391648
0.008293354613438404,1.744476324594198,1425.2329650886497,55.232965088649735,0.04031603291142316
0.005910016494334569,1.6658636267406977,1063.5794810669047,306.4205189330953,0.22366461235992358
0.006000705693292424,1.6527017962520834,1088.5002446335677,281.4997553664323,0.20547427399009655
0.006602735595092699,1.521683142917702,1300.829507634224,69.170492365776,0.05048941048596788
0.007994499137965797,1.5346357585460524,1561.7325047347551,191.73250473475514,0.13995073338303296
0.007897480072902056,1.6443311157287779,1439.859004317381,69.85900431738105,0.05099197395429274
0.005695697876154827,1.5917490544662052,1072.7364728295418,297.26352717045825,0.21698067676675784
0.005658866285778776,1.6767899376619044,1011.7459529083936,358.25404709160637,0.261499304446428
0.006222084185549664,1.5274715905970935,1221.1905762120898,148.8094237879102,0.1086200173634381
0.008996632463012143,1.544688479420931,1746.0624557905003,376.0624557905003,0.2744981429127739
0.008810987558139187,1.707845231233305,1546.6668578360889,176.66685783608887,0.12895391082926194
0.009076646595438075,1.6244646585237281,1675.0811899574271,305.0811899574271,0.2226869999689249
0.008415507847325216,1.5683117664871458,1608.6761808329475,238.67618083294747,0.17421619038901276
0.006132247831901002,1.7718173608011063,1037.579657623154,332.42034237684607,0.24264258567652996
0.0066576139046187355,1.6409578861153262,1216.3032663839836,153.69673361601645,0.11218739680001201
0.008541913311729963,1.7619828675371423,1453.363273234247,83.36327323424689,0.06084910455054517
0.0052775384394757145,1.5300694096234557,1034.048658844355,335.95134115564497,0.24521995704791605
0.00589369361854352,1.6219263107208457,1089.374335272239,280.625664727761,0.20483625162610292
0.009325884094133414,1.5671811327255902,1783.98632884314,413.98632884314,0.30217980207528466
0.005998987254547153,1.742447259347715,1032.1409298922556,337.8590701077444,0.24661245993266015
0.005937112815438947,1.7101394380352068,1040.793285492957,329.206714507043,0.2402968719029511
0.007437057448656135,1.6131395330307494,1382.1332173484907,12.133217348490689,0.008856363028095393
0.006583870496065239,1.7681017814024285,1116.3354620928533,253.66453790714672,0.18515659701251586
0.007739033880053945,1.644404394677343,1410.908409729645,40.90840972964497,0.029860153087332097
0.006856066738586382,1.6629627003882683,1235.9850881159036,134.01491188409636,0.09782110356503385
0.006047993009035919,1.540246990873865,1177.1765832939566,192.82341670604342,0.14074701949346236
0.009160448302256617,1.7209067268605907,1595.8060190312153,225.80601903121533,0.16482191170161703
0.006304971488854434,1.7414792410788702,1085.389280375571,284.61071962442907,0.20774505082075115
0.008819107088401786,1.641936857970381,1610.2335352075322,240.2335352075322,0.1753529454069578
0.005668442304577272,1.7387606894673042,977.3376300800938,392.66236991990615,0.28661486855467605
0.0073484218395515645,1.7082696493863598,1289.609896477059,80.39010352294099,0.058678907680978824
0.008407752294807554,1.7134100036456037,1471.0902360511993,101.09023605119933,0.07378849346802871
0.005251760407178869,1.730481565995023,909.8266010074111,460.1733989925889,0.33589299196539335
0.005053806321630908,1.7220228912888604,879.8332630083019,490.16673699169814,0.35778593940999864
0.006689931198377486,1.5878098199301798,1263.11784486927,106.8821551307301,0.07801617162827014
0.009106552516186413,1.6726301407266853,1632.205289298153,262.20528929815305,0.19139072211544017
0.006634965767012781,1.7996523085764924,1105.276106145184,264.72389385481597,0.19322911960205547
0.0085162160847878,1.7908182239236874,1425.6596894149468,55.6596894149468,0.04062751052185898
0.009967937347911439,1.7346930200497364,1722.6750809400799,352.67508094007985,0.2574270663796203
0.005493610427803817,1.6102336638318884,1022.7975047587144,347.20249524128565,0.25343247827831067
0.005728811770884919,1.753334401455918,979.5362258259453,390.4637741740547,0.28501005414164576
0.006503991522746912,1.5226123921312156,1280.5935479654404,89.4064520345596,0.06526018396683184
0.0065093439088741,1.667620350366371,1170.2017248589982,199.7982751410018,0.14583815703722758
0.008361155634756442,1.6745491600048903,1496.8873170954644,126.88731709546437,0.09261847963172581
0.00922845970778637,1.6265629490437388,1700.9010447322332,330.90104473223323,0.2415336092936009
0.007956236222633195,1.5402363949146256,1548.6061889506589,178.60618895065886,0.13036948098588239
0.008851336512774718,1.7443911771172982,1521.1977477064752,151.19774770647518,0.1103633194937775
0.008726227988538664,1.512043678941828,1730.146671148544,360.1466711485441,0.26288078186025116
0.007899326831014528,1.6494673484248017,1435.7111157591119,65.71111575911186,0.04796431807234443
0.006323953211932026,1.6711237472993823,1134.4901780887988,235.50982191120124,0.1719049794972272
0.005662455959471432,1.6238460051674537,1045.3956748390274,324.6043251609726,0.2369374636211479
0.00976032406818242,1.5676657503164393,1866.514939607712,496.514939607712,0.362419663947235
0.009060654636841609,1.5887479557921789,1709.721113890238,339.72111389023803,0.24797161597827594
0.005873434591931423,1.5295200330343441,1151.218261407244,218.78173859275603,0.15969469970274164
0.006012332456899894,1.7548307736128033,1027.1371762283115,342.86282377168845,0.2502648348698456
0.007989117092275944,1.5749348405282957,1520.7467564434692,150.74675644346917,0.1100341287908534
0.007737451239585042,1.6571353998676892,1399.7827370989437,29.7827370989437,0.021739224159812918
0.008661143810216113,1.5630228328582647,1661.2333085422233,291.2333085422233,0.21257905733009
0.008786442317330681,1.5447252139808092,1705.2282927392584,335.22829273925845,0.24469218448121055
0.008049049964757329,1.692234412043828,1425.9516626807117,55.951662680711706,0.04084062969395015
0.009484197718915961,1.5225279330468717,1867.4803165166475,497.48031651664746,0.3631243186252901
0.00886924646008009,1.6267260918629753,1634.5303675741247,264.53036757412474,0.19308785954315674
0.008300015586526925,1.6402345889389103,1517.0281683505539,147.02816835055387,0.10731983091281304
0.009234745673613346,1.6058127017588395,1724.053559587041,354.05355958704104,0.2584332551730227
0.008004564170632167,1.7366995090199728,1381.7634861235806,11.763486123580606,0.008586486221591683
0.007420115366439822,1.6285741168074492,1365.91549711555,4.084502884450103,0.0029813889667519
0.008697370954683084,1.517394738698915,1718.34404729646,348.3440472964601,0.2542657279536205
0.007264000098897647,1.6033052860594583,1358.2518959399283,11.748104060071682,0.008575258438008528
0.00830362626256064,1.6047896673262918,1551.2092196567344,181.20921965673438,0.1322695033990762
0.007852035771083139,1.7507038731306026,1344.5912471236832,25.40875287631684,0.01854653494621667
0.00971918511592395,1.6406659159389971,1775.9486360708877,405.9486360708877,0.2963128730444436
0.009389476185317411,1.717477602692355,1638.9699292241605,268.9699292241605,0.19632841549208796
0.0053927794754588,1.6643959497463712,971.3521681220789,398.64783187792113,0.29098381888899355
0.008903483689284602,1.519325472453612,1756.8304542824249,386.83045428242485,0.2823579958265875
0.009628326784151871,1.5447119984803064,1868.6329593399123,498.6329593399123,0.3639656637517608
0.006742727608933765,1.6916546826435779,1194.9358839286338,175.06411607136624,0.12778402632946442
0.007323547696722153,1.5958229955807737,1375.80694811428,5.806948114279976,0.004238648258598522
0.008506522533582044,1.5168320048620203,1681.2615314027003,311.26153140270026,0.22719819810416078
0.00777755095152634,1.6804409489365442,1387.5233869145418,17.52338691454179,0.012790793368278678
0.00897763345610994,1.51355978276663,1778.2097750447526,408.20977504475263,0.29796333944872455
0.00721647779628163,1.61469584608476,1339.847143284301,30.152856715699045,0.0220093844640139
0.00640407037005266,1.504259814603949,1276.3034542330959,93.69654576690414,0.06839163924591543
0.0077754917879010585,1.7429220485703176,1337.4285999570498,32.571400042950245,0.02377474455689799
0.009874378552319634,1.578383692010238,1875.5035498701689,505.50354987016885,0.3689806933358897
0.009721322360437816,1.5124647890669336,1926.9070900116274,556.9070900116274,0.4065015255559324
0.006191005438396209,1.5174323871867035,1223.1297773399933,146.87022266000668,0.10720454208759611
0.008071552391937378,1.5757806077478393,1535.613853576441,165.613853576441,0.12088602450835109
0.007536447527964403,1.5416676222609436,1465.536472565323,95.53647256532304,0.06973465150753506
0.007081884446459437,1.5672333551522397,1354.6773609025238,15.322639097476213,0.0111844081003476
0.009648589818321958,1.614782018586165,1791.3095542153294,421.3095542153294,0.30752522205498495
0.00897864961597299,1.6156662055524662,1666.0195210141683,296.0195210141683,0.21607264307603524
0.007561390994532467,1.6802828156321268,1349.087172147957,20.912827852042938,0.015264837848206524
0.007835053052177078,1.7737157729138355,1324.2763293545306,45.72367064546938,0.03337494207698495
0.006684675460313329,1.6762438086916178,1195.5392627184924,174.4607372815076,0.12734360385511503
0.007154364693992232,1.7826508623338095,1203.1658146634438,166.83418533655617,0.12177677761792421
0.005703145263518424,1.5419685191207715,1108.816370554795,261.18362944520504,0.19064498499650004
0.005480290953701209,1.7971189230957614,914.2132301044738,455.78676989552616,0.33269107291644245
0.008704553632037672,1.6019222444604848,1629.0175994280426,259.01759942804256,0.18906394118835224
0.005259552180169012,1.798940197833464,876.5016635745309,493.4983364254691,0.36021776381421106
0.00974584712042298,1.7275568855004906,1691.2505099230768,321.25050992307683,0.23448942330151593
0.0071692952766541146,1.7216468869842185,1248.398071268158,121.60192873184201,0.08876053192105256
0.007168057942153231,1.754850931341325,1224.5653868286115,145.4346131713885,0.1061566519499186
0.005117231452250414,1.7541846876497726,874.5415497158584,495.4584502841416,0.3616485038570377
0.008072947135291287,1.734276003223044,1395.515281590258,25.515281590257928,0.01862429313157513
0.00514866907019769,1.708256004506127,903.5719189111762,466.4280810888238,0.3404584533495064
0.005248903307306625,1.726934428851304,911.1994051496637,458.8005948503363,0.3348909451462309
0.005348849025684887,1.6792025710715635,954.9441053188086,415.0558946811914,0.302960507066563
0.009178523249474076,1.7146743099169517,1604.7665902822405,234.7665902822405,0.17136247465856969
0.009857050479416096,1.684391451565264,1754.3839878243002,384.3839878243002,0.28057225388635054
0.009677813712995451,1.789508055212163,1621.303437352246,251.30343735224596,0.1834331659505445
0.009464343472398454,1.5903114756537213,1784.1402997989794,414.1402997989794,0.30229218963429155
0.008540130629823424,1.7506603279588182,1462.4577436680675,92.45774366806745,0.06748740413727551
0.007607942938806766,1.632632105957813,1397.0103280619667,27.010328061966675,0.01971556792844283
0.006665184754472038,1.5981675217502929,1250.289530586209,119.71046941379109,0.08737990468159934
0.0057130047469807115,1.5597364491378334,1098.0802151605444,271.9197848394556,0.19848159477332525
0.007419691758636272,1.7018180952980388,1307.0536951449901,62.946304855009885,0.04594620792336488
0.00876027084369166,1.5149049422925103,1733.6157904414283,363.6157904414283,0.2654129857236703
0.009267098648300779,1.791933281779237,1550.396050205645,180.396050205645,0.13167594905521532
0.009753779732989704,1.5279744944163811,1913.7162378227051,543.7162378227051,0.39687316629394537
0.009891896724307292,1.637127883121074,1811.413795975837,441.41379597583705,0.3221998510772533
0.005153238312496574,1.7445842549264494,885.5416274682888,484.45837253171123,0.35361925002314687
0.009721845806515203,1.7316334602484529,1683.1137290532665,313.1137290532665,0.22855016719216534
0.0075932113222058496,1.6341654508579828,1392.996948505033,22.99694850503306,0.016786093799294206
0.00953216598800757,1.7382938752324018,1643.9518727676184,273.9518727676184,0.1999648706332981
0.007725120800942575,1.7763623186134363,1303.7503267178263,66.24967328217372,0.048357425753411475
0.008401978395314178,1.6271986422175513,1547.9669720971724,177.9669720971724,0.12990289934100174
0.006459926888501315,1.6224201540314969,1193.6719077310624,176.32809226893755,0.12870663669265514
0.0070591693905269854,1.7304870331725684,1222.942271427818,147.057728572182,0.10734140771692116
0.008165308810089377,1.5808476939746485,1548.4717521085909,178.47175210859086,0.13027135190408093
0.007708921627281885,1.6667488759706885,1386.577544158391,16.577544158390992,0.012100397195905834
0.0099853542775224,1.5793455078070742,1895.4268638885637,525.4268638885637,0.38352325831282025
0.008522941403165693,1.50071348835299,1702.5991786408276,332.59917864082763,0.24277312309549462
0.005168581543239672,1.7833037353847758,868.8939155319636,501.10608446803644,0.3657708645752091
0.005442543287864759,1.5998979606860106,1019.8359333746255,350.1640666253745,0.25559420921560183
0.008677135680354327,1.5069798533802776,1726.194167876837,356.1941678768369,0.25999574297579336
0.00869120433936413,1.7463263156619293,1492.0221315514136,122.02213155141362,0.08906724930760118
0.005405817997024473,1.6039478472223143,1010.3966083655198,359.6033916344802,0.2624842274704235
0.0072283562269264065,1.7967395109010307,1206.0772679747886,163.92273202521142,0.11965162921548278
0.007325644022282219,1.6543892875346868,1327.4825002920884,42.51749970791161,0.031034671319643513
0.005447119691867427,1.5543183535171947,1050.6247949462133,319.37520505378666,0.2331205876305012
0.009413746770629953,1.7081678440616685,1652.1621649580877,282.1621649580877,0.20595778464093994
0.008093755803754517,1.506264167398897,1610.9039830971078,240.9039830971078,0.17584232342854586
0.007585612523192538,1.6329854224454576,1392.6085269995294,22.60852699952943,0.016502574452211264
0.007662491092586567,1.5967305556559663,1438.662917116857,68.66291711685699,0.05011891760354525
0.008770852776106217,1.756531195188501,1496.9478024116902,126.94780241169019,0.09266262949758408
0.00947364980961992,1.6324085381606397,1739.8394435362238,369.8394435362238,0.26995579820162324
0.006709917247643466,1.7276378615108483,1164.354306803896,205.64569319610405,0.1501063453986161
0.007032929816396353,1.5084134107177205,1397.7728529977344,27.77285299773439,0.020272155472798824
0.006027722486028716,1.7010370767409018,1062.3317768538373,307.66822314616275,0.2245753453621626
0.008980726486960309,1.6878980574119211,1595.0928175601798,225.0928175601798,0.16430132668626263
0.008441875992260182,1.7765828570254136,1424.5385425413153,54.53854254131534,0.03980915513964623
0.008628984059272475,1.5087677029962188,1714.5809365052373,344.58093650523733,0.2515189317556477
0.009767072022828168,1.661348412894923,1762.480709319993,392.4807093199929,0.28648226957663714
0.009418020069135063,1.7719704937985425,1593.3963888793355,223.39638887933552,0.1630630575761573
0.008577557637285854,1.67268838420305,1537.3378042221414,167.33780422214136,0.1221443826438988
0.00991470846222943,1.5851275791744148,1875.151791752471,505.1517917524709,0.3687239355857452
0.008788291775774532,1.741676605170233,1512.7168759455876,142.71687594558762,0.10417290215006396
0.0066214245622598245,1.5229846917724479,1303.3966498187476,66.60335018125238,0.04861558407390685
0.008249900451590469,1.6865777637374435,1466.435753995058,96.4357539950579,0.07039106131026124
0.008812970209256359,1.7503965997151176,1509.4076403848944,139.40764038489442,0.10175740174079885
0.00726387850165571,1.678063728824018,1297.7194806247417,72.28051937525834,0.052759503193619224
0.008093822164543713,1.5639141465976643,1551.5345561661945,181.53455616619453,0.13250697530379163
0.009076191129733964,1.5222696400339066,1787.4452570703147,417.4452570703147,0.30470456720460926
0.008642228525267286,1.776421058062131,1458.4801955758949,88.48019557589487,0.06458408436196705
0.00937231570285989,1.6492041187332407,1703.7003059818587,333.7003059818587,0.24357686568018885
0.0068087179197806325,1.7350766337863177,1176.4335022743817,193.56649772561832,0.14128941439826154
0.009659257412979131,1.6376218326070622,1768.2791378530421,398.27913785304213,0.29071469916280446
0.008031637045544498,1.731214112313144,1390.8298196751953,20.829819675195267,0.015204247938098735
0.007540804919475121,1.788191118211203,1264.225293977179,105.77470602282096,0.07720781461519778
0.009822372061059704,1.5964083620576253,1844.5612874266071,474.5612874266071,0.34639510031139203
0.007219160699685907,1.742492687713649,1242.0424751943049,127.95752480569513,0.09339965314284317
0.00944451737701097,1.5551263919178169,1820.6848612388933,450.6848612388933,0.3289670519991922
0.006696185917938146,1.5556358466752649,1290.4472726403537,79.55272735964627,0.05806768420412137
0.005523388689793584,1.7547031442174394,943.6754457638481,426.3245542361519,0.31118580601178975
0.009857106762003768,1.5609143358094937,1893.1764525162212,523.1764525162212,0.381880622274614
0.005694937206023984,1.7115755065757328,997.5015514011967,372.4984485988033,0.27189667780934546
0.008081630125078204,1.669302771596809,1451.39144382205,81.39144382204995,0.05940981300879558
0.005984495942540915,1.6896117814821394,1061.8455482901313,308.1544517098687,0.2249302567225319
0.00970332295374932,1.5837801938607352,1836.7340684954424,466.73406849544244,0.3406818018214908
0.005403664911404482,1.690056501148934,958.5348092782748,411.4651907217252,0.30033955527133227
0.0055007446793901875,1.7237236593777636,956.6972984869849,413.3027015130151,0.30168080402409864
0.00740599948551674,1.6914340354867157,1312.6511250974743,57.34887490252572,0.04186049262958082
0.00660942205593796,1.740957709473169,1138.140733302857,231.85926669714308,0.16924034065484897
0.005800410894385629,1.7174006025960933,1012.5298877904339,357.4701122095661,0.2609270892040628
0.006113530413653812,1.568278372990669,1168.6638936886861,201.33610631131387,0.14696066154110501
0.008437164872168385,1.717397198018852,1472.809201328888,102.8092013288881,0.07504321264882342
0.005862247350329737,1.6683669010149433,1053.3999095104307,316.6000904895693,0.23109495656172943
0.005237102101467981,1.7022519931551994,922.3333079410328,447.6666920589672,0.32676400880216583
0.006000215257618753,1.5525196525888587,1158.6450951593822,211.3549048406178,0.15427365316833416
0.009927524277808693,1.6342503376806699,1821.138926195827,451.138926195827,0.3292984862743263
0.006926177544312358,1.605278285678279,1293.4927290045891,76.50727099541086,0.0558447233543145
0.008426292448453509,1.6362305850365804,1543.8770965720826,173.87709657208256,0.1269175887387464
0.008912943004100988,1.6304206927484057,1638.8611252897458,268.8611252897458,0.19624899656185826
0.008214807976128932,1.5687062363272026,1569.9162903359663,199.91629033596632,0.1459242995153039
0.0051246094789190585,1.5990112115432522,960.7933083173928,409.20669168260724,0.29869101582672064
0.005630630011196695,1.6465197786725407,1025.2050616155627,344.7949383844373,0.2516751375068885
0.007508321794594471,1.512017055739178,1488.698978435818,118.69897843581793,0.08664159009913718
0.009152873950105812,1.6860423728336034,1627.4576626771373,257.45766267713725,0.18792530122418777
0.005470947022015128,1.5023645421267258,1091.7115049826216,278.2884950173784,0.20313028833385285
0.007586165224660272,1.7173830212812287,1324.2678489963964,45.732151003603576,0.03338113211941867
0.005259948639986985,1.5142465808623164,1041.371300860038,328.628699139962,0.23987496287588467
0.007842317599629868,1.7600956748289251,1335.76129027089,34.23870972911004,0.024991758926357695
0.008604505500785703,1.682527333004563,1533.1494492565673,163.14944925656732,0.1190871892383703
0.005475713418327285,1.623695008839799,1011.0135068758374,358.9864931241626,0.26203393658698004
0.006959772982158078,1.5442589707451948,1351.125354600536,18.874645399464043,0.013777113430265725
0.007149493069114629,1.584564981686467,1352.6514377230753,17.348562276924667,0.012663184143740633
0.009542329895677836,1.5092108732742577,1895.5061781828845,525.5061781828845,0.38358115195830983
0.009813162827277951,1.5475896289595636,1900.9640215292206,530.9640215292206,0.3875649792184092
0.0055081522406716914,1.5209461132632185,1085.7074322812616,284.2925677187384,0.20751282315236377
0.009728982235527053,1.6221884239219218,1797.9881098987387,427.9881098987387,0.31240008021805743
0.007989963142030437,1.623987981097493,1474.9682371786644,104.96823717866437,0.07661915122530245
0.00910825159221311,1.5467386126706968,1765.3824056264948,395.3824056264948,0.2886002960777334
0.008142533819247042,1.6499479006748343,1479.483217028727,109.48321702872704,0.07991475695527521
0.009525573644896992,1.576171786077196,1811.791812344892,441.7918123448919,0.3224757754342277
0.0065932540131015925,1.5397326746308349,1283.7344166122866,86.26558338771338,0.06296757911511926
0.005644252242255879,1.5560787669641925,1087.4155532493292,282.58444675067085,0.20626601952603713
0.005368529711404705,1.6676823970149037,965.0786749976493,404.9213250023507,0.295563010950621
0.006677091237052823,1.6595518195237238,1206.194088486377,163.80591151362296,0.11956635876906785
0.008043309244923108,1.634484172042488,1475.2810031658971,105.28100316589712,0.07684744756634826
0.005858162876078531,1.7686428354872512,992.9834406052365,377.0165593947635,0.2751945689012872
0.00958566173957099,1.6355755781561414,1757.0017141624269,387.0017141624269,0.2824830030382678
0.007360109826339433,1.7554058207581562,1256.977383745524,113.0226162544759,0.08249826003976343
0.006481182450512971,1.5892378280758064,1222.6046871400456,147.3953128599544,0.10758781960580613
0.008039222063276449,1.7298772936002598,1393.2191327522007,23.21913275220072,0.016948272081898336
0.008326612915125028,1.7183599164748422,1452.696684033961,82.69668403396099,0.06036254309048247
0.00505508374472105,1.7711693149259116,855.6358607020926,514.3641392979074,0.37544827685978643
0.005228182528259079,1.5918604822129307,984.6149888968655,385.3850111031345,0.28130292781250693
0.00879237026327739,1.568535554914351,1680.4759602774623,310.47596027746226,0.22662478852369508
0.005221340984632358,1.5645471515413973,1000.4931115670865,369.50688843291346,0.2697130572503018
0.007439563815185447,1.7654660896933687,1263.3066902971057,106.69330970289434,0.07787832825028784
0.009705713659534225,1.520932684040905,1913.1022596642974,543.1022596642974,0.3964250070542317
0.005177809724096872,1.5314934459571345,1013.5650977423444,356.4349022576556,0.2601714615019384
0.0067794052276034,1.749367685677479,1161.799531111253,208.20046888874708,0.15197114517426794
0.007114470403273862,1.5399003560018905,1385.0666124289821,15.066612428982125,0.010997527320424909
0.007483506791642151,1.7395166529673844,1289.7254485600831,80.27455143991688,0.058594563094829834
0.005034331545547202,1.5223163354676899,991.4198470207295,378.58015297927045,0.27633587808705873
0.007854665534545387,1.5748639463920981,1495.2209000427342,125.22090004273423,0.09140211681951403
0.009598398708600282,1.5624930765967795,1841.6257869012534,471.6257869012534,0.34425239919799516
0.006099195993600331,1.5159106128589401,1206.2010406383652,163.79895936163484,0.11956128420557288
0.007175192985320482,1.771199748675703,1214.4698774386707,155.53012256132934,0.11352563690607981
0.007426803640528578,1.5579258576788453,1429.143567714239,59.143567714239,0.043170487382656206
0.006333213548166761,1.5484631110824452,1226.151041671618,143.84895832838197,0.10499923965575327
0.0076220605365415256,1.5808805325964077,1445.4199518300622,75.41995183006225,0.05505105972997244
0.008992535893994787,1.5433495988619974,1746.7814429742725,376.7814429742725,0.27502295107611135
0.005315513740805068,1.7213074133317898,925.7793916103712,444.22060838962875,0.32424861926250276
0.008231589317991336,1.5026081630389483,1642.3232986410976,272.3232986410976,0.19877613039496175
0.005129673705555626,1.5283842571533695,1006.1851145933199,363.8148854066801,0.2655583105158249
0.00941269408195137,1.6366778817260805,1724.135657197406,354.1356571974061,0.25849318043606284
0.0071180840639214595,1.5944768489482672,1338.3373481911742,31.662651808825785,0.023111424677975025
0.008773617656278923,1.7033450996236004,1544.175870943172,174.17587094317196,0.1271356722212934
0.009726471838523326,1.5973915635882172,1825.4277577306439,455.42775773064386,0.3324290202413459
0.007825125983375522,1.6449373808787917,1426.141675656087,56.141675656087045,0.040979325296413904
0.0074232039225321685,1.727980372339418,1287.8737431249206,82.12625687507943,0.05994617290151784
0.005998785058412149,1.7084833838820872,1052.623943926615,317.3760560733849,0.2316613547980912
0.006582231667936966,1.5101979351422676,1306.6521711740843,63.34782882591571,0.04623929111380709
0.0063816222001903695,1.621001151927436,1180.234945020003,189.7650549799971,0.13851463867153074
0.009213894426181372,1.581854349652995,1746.2139029319342,376.2139029319342,0.2746086882714848
0.009948886289488089,1.7838299613067492,1672.0209547905683,302.02095479056834,0.22045325167194768
0.0058317321728381735,1.590831089981089,1098.9911710322558,271.0088289677442,0.19781666348010524
0.007755459817912499,1.5863291190501403,1465.6658153790918,95.66581537909178,0.06982906232050495
0.008207832787991547,1.5299484199128355,1608.319819373497,238.319819373497,0.17395607253539927
0.008809226387038883,1.6341084807532584,1616.134829941938,246.13482994193805,0.17966045981163362
0.008097067624435506,1.7644092123133719,1375.780509862023,5.780509862023109,0.004219350264250445
0.006019798345881308,1.5959077187012234,1130.8236194538733,239.17638054612667,0.1745812996687056
0.006504891977076989,1.7243955814708916,1130.8991833352763,239.10081666472365,0.1745261435508932
0.009228064005060049,1.6425935479205582,1684.2291838784665,314.22918387846653,0.22936436779450112
0.008456865258321332,1.6151525716141566,1569.6996477758235,199.69964777582345,0.14576616625972513
0.009834786190096468,1.710073819094431,1724.1330128045565,354.13301280455653,0.258491250222304
0.005578291626902769,1.7828145831515985,938.0278656424903,431.97213435750973,0.3153081272682553
0.008714227480597313,1.5028632457858597,1738.3216226126674,368.3216226126674,0.26884789971727546
0.008112072353634155,1.6245588468858576,1496.9836980861905,126.98369808619054,0.09268883071984711
0.006285773161832622,1.6248953815076403,1159.7222861620724,210.27771383792765,0.15348738236345083
0.005014906505675304,1.7448969686008162,861.6160008474021,508.3839991525979,0.3710832110602904
0.00993267486236838,1.6463248303648432,1808.7202212969898,438.72022129698985,0.3202337381729853
0.006525649805137136,1.516066880338534,1290.405206063493,79.5947939365069,0.05809838973467657
0.007925010795174823,1.6631338242133997,1428.5431703523238,58.54317035232384,0.0427322411330831
0.008055341266871435,1.6263005918095317,1484.922633974576,114.922633974576,0.08388513428801168
0.007601335528370943,1.5096791368258178,1509.475097419974,139.47509741997396,0.10180664045253573
0.007498840140512473,1.6673467408493567,1348.3072613487136,21.69273865128639,0.01583411580385868
0.0051035581229046546,1.5355014713352408,996.42251262774,373.57748737225995,0.27268429735201455
0.007889629268451234,1.6524370830638448,1431.3715029393052,61.371502939305174,0.04479671747394538
0.009833074080397328,1.5970829714729682,1845.7910458713443,475.7910458713443,0.34729273421266005
0.009609763702486071,1.7305367125267468,1664.7636888101863,294.7636888101863,0.21515597723371263
0.008749299592878778,1.7435377508858987,1504.3976130684775,134.39761306847754,0.09810044749523908
0.009909587402422454,1.6682920129538323,1780.755132836733,410.7551328367331,0.2998212648443307
0.009852784729898237,1.5514323693153242,1903.9119015059746,533.9119015059746,0.38971671642771866
0.009767787100669011,1.5434503484667847,1897.2485295941956,527.2485295941956,0.3848529413096318
0.006364142377299554,1.6051885424923706,1188.5967510023297,181.4032489976703,0.1324111306552338
0.00964401903466753,1.5420350793704505,1874.9276265376047,504.92762653760474,0.36856031134131734
0.0058947585783151665,1.6335972050487493,1081.7869656289922,288.2130343710078,0.21037447764307138
0.007091529866531805,1.7682924451578863,1202.2825610602874,167.71743893971257,0.12242148827716245
0.008104165827259258,1.7056798826204778,1424.3984572656457,54.398457265645675,0.039706903113609984
0.006790824058962726,1.7005250899010982,1197.1818872724637,172.81811272753635,0.1261446078303185
0.005826692974455234,1.6691880930325864,1046.4959677789675,323.5040322210325,0.2361343300883449
0.006325446543618097,1.7725251769444532,1069.8415976961323,300.15840230386766,0.21909372430939245
0.0069369381556147304,1.5790340113426946,1317.0341650192524,52.96583498074756,0.03866119341660406
0.006048226830816835,1.515366268436043,1196.5508444525976,173.44915554740237,0.126605223027301
0.006503609683513591,1.5919597085810666,1224.7377382628374,145.2622617371626,0.10603084798333036
0.008588360270351286,1.6614948607927598,1549.6440563226665,179.64405632266653,0.1311270484107055
0.006600635597663276,1.759896274502446,1124.396249287601,245.603750712399,0.17927281073897738
0.0058345738599388415,1.6521394237558944,1058.7249560797684,311.2750439202316,0.22720806125564352
0.007527585651512389,1.7480567322066909,1290.984076028029,79.015923971971,0.05767585691384745
0.00939131957800295,1.631661927319693,1725.5086565499016,355.5086565499016,0.25949536974445375
0.007317862632904581,1.7808376076352501,1231.9146993632878,138.0853006367122,0.10079219024577532
0.007056261199530681,1.725412667161276,1226.0335915915712,143.96640840842883,0.10508496964118894
0.006982322315917916,1.5274770617620643,1370.3954200284745,0.3954200284745184,0.0002886277580105974
0.00922285385929714,1.631118377875359,1695.1203945448754,325.12039454487535,0.23731415660209879
0.005385361227295582,1.7841153708050297,904.9250435078914,465.07495649210864,0.3394707711621231
0.008869111170039645,1.5917015279527775,1670.4718763204733,300.47187632047326,0.21932253746019945
0.005430892362227222,1.7294803262305503,941.404504990295,428.595495009705,0.3128434270143832
0.008436129079706369,1.744574302365399,1449.687679900684,79.68767990068409,0.058166189708528535
0.007939688433795998,1.6346054377542005,1456.167131434563,86.16713143456309,0.06289571637559349
0.006849429239739937,1.6326972318030322,1257.6779011323938,112.3220988676062,0.08198693348000452
0.008670409462716145,1.610285230415827,1614.2005873225976,244.20058732259758,0.17824860388510771
0.009309051372212978,1.57985227750009,1766.4837607096101,396.4837607096101,0.28940420489752566
0.006704923519699703,1.6573238959617056,1212.8501300021264,157.14986999787357,0.1147079343050172
0.005417869892902189,1.7538438932765987,926.1009708696951,443.89902913030494,0.324013889876135
0.00740500155132885,1.7610889604650641,1260.5630189064648,109.43698109353522,0.07988100809747097
0.007237647031792039,1.6693663828192844,1299.7697905794164,70.2302094205836,0.051262926584367596
0.008243567393800917,1.6693537800195994,1480.428751086672,110.42875108667204,0.08060492780049054
0.005250287888086588,1.7333550715436579,908.063637403136,461.936362596864,0.3371798267130394
0.008580409782733353,1.7852119211336392,1440.9169628328482,70.91696283284818,0.05176420644733444
0.009165644169342482,1.6428152628623487,1672.611070031669,302.611070031669,0.22088399272384598
0.009787371354179546,1.792193424934959,1637.200580475715,267.200580475715,0.19503692005526643
0.008869147385429054,1.5957885916806833,1666.2003406364086,296.20034063640855,0.21620462820175806
0.005900587863018632,1.511270752510585,1170.5061691696656,199.49383083033445,0.14561593491265287
0.009291444921048737,1.7788813767281662,1565.874570217885,195.8745702178851,0.1429741388451716
0.008642928944876045,1.567801546970757,1652.6867942630404,282.6867942630404,0.20634072573944554
0.00840931792196152,1.5762723441335784,1599.374688841622,229.37468884162195,0.1674267801763664
0.009260482469384108,1.7399345173582388,1595.5903938142112,225.5903938142112,0.16466452103227094
0.005706674236315659,1.603233717646713,1067.104488559252,302.8955114407479,0.22109161419032694
0.0075510868289368725,1.6730307352343183,1353.0886392839384,16.91136071606161,0.012344058916833291
0.008865460845782248,1.6164863402534388,1644.182342947061,274.182342947061,0.20013309704165036
0.008772878791659345,1.544225146256768,1703.1473053413877,333.14730534138766,0.24317321557765523
0.006393817280208763,1.5610642950305686,1227.8918969183935,142.1081030816065,0.1037285423953332
0.009432818632763844,1.5225788499794457,1857.301435536588,487.3014355365881,0.35569447849385993
0.007910097126079036,1.7842182151256192,1329.090489236492,40.909510763508024,0.02986095676168469
0.007998713713501696,1.6211168801291573,1479.1987390927247,109.19873909272474,0.07970710882680637
0.009275053695533234,1.7171634521818582,1619.2932256581769,249.29322565817688,0.18196585814465466
0.006264098251380684,1.6136694024569982,1163.7634134200923,206.23658657990768,0.15053765443788883
0.009380369452922631,1.7975576134324138,1564.436096081504,194.43609608150405,0.14192415772372557
0.0056616597433501465,1.7626888638251497,962.9168968227825,407.0831031772175,0.29714095122424633
0.009865484663349569,1.7628394273993415,1677.7466232135025,307.7466232135025,0.22463257168868797
0.008712321738532678,1.5999459169982468,1632.4853991201544,262.4853991201544,0.19159518183952876
0.006403186203837198,1.6000413385631163,1199.7358348278199,170.26416517218013,0.12428041253443806
0.007258414436973743,1.7488403376281312,1244.2633317769155,125.73666822308451,0.0917785899438573
0.007155918474293693,1.5700836807028666,1366.3541727252084,3.6458272747916,0.002661187791818686
0.005523492955474663,1.5897508335091979,1041.6107323008696,328.3892676991304,0.23970019540082513
0.007435467878842207,1.7203685131039603,1295.7091313862293,74.29086861377073,0.054226911396912936
0.009874684772801935,1.6402101410616603,1804.8638682951387,434.8638682951387,0.3174188819672545
0.007831438260878195,1.6582626876671736,1415.8228026023958,45.82280260239577,0.033447301169631946
0.007511288692871534,1.6215246983673224,1388.71008394191,18.710083941909943,0.013656995578036455
0.007140762234016888,1.513097074351777,1414.8111832458646,44.81118324586464,0.03270889288019317
0.007503950240032904,1.5538217254507567,1447.8029559771715,77.80295597717145,0.05679047881545361
0.006331356439935428,1.7847949424390397,1063.4795429263725,306.52045707362754,0.22373755990775732
0.009831016219179943,1.7150585656154145,1718.4629003781306,348.4629003781306,0.25435248202783256
0.006239239529638041,1.7382677098551118,1076.0580456256994,293.9419543743006,0.21455617107613184
0.007152339815840566,1.5762410989235078,1360.336014145616,9.66398585438401,0.007054004273273
0.006831727903333186,1.7823818317480973,1149.0806650103348,220.91933498966523,0.16125498904355126
0.009084551977554737,1.6659132307275533,1634.8271428221212,264.82714282212123,0.19330448381176732
0.008044171794319353,1.5615981332937,1544.3038662621834,174.30386626218342,0.12722909946144775
0.008629430479696314,1.6497413540047396,1568.1477392612203,198.1477392612203,0.1446333863220586
0.006033594215251391,1.6493167928462389,1096.7123164030181,273.2876835969819,0.19948006101969482
0.009863609349665195,1.626333584814359,1818.2221158677276,448.22211586772755,0.327169427640677
0.008626512948195046,1.5478151048314794,1670.8478374681526,300.84783746815265,0.21959696165558587
0.005738223557956436,1.546097129679407,1112.657227007449,257.3427729925511,0.18784144014054824
0.009346181496839134,1.6790737455617661,1668.7264220870115,298.72642208701154,0.2180484832751909
0.005706930054774833,1.6673454597643071,1026.1188398215152,343.88116017848483,0.25100814611568234
0.00501879204871063,1.5546570493968965,967.7993002106148,402.2006997893852,0.29357715313093813
0.007376350981253695,1.580547101932039,1399.119576403388,29.11957640338801,0.02125516525794745
0.009892583866411848,1.7164478202756235,1727.82533686723,357.8253368672299,0.2611863772753503
0.006631979710284488,1.6625732523669072,1195.8676081921844,174.13239180781557,0.12710393562614275
0.009321106881501649,1.5831183990744477,1765.122270652534,395.1222706525341,0.2884104165346964
0.0075202912434680965,1.5146637032302446,1488.4667744708381,118.46677447083812,0.08647209815389643
0.00599019477757087,1.6988059061620566,1057.1044106644538,312.8955893355462,0.22839094112083666
0.0054462379894069475,1.7868221266000979,913.768107855262,456.231892144738,0.333015979667692
0.006474622621047047,1.6363841301266888,1186.178107236851,183.82189276314898,0.1341765640606927
0.005508923542616001,1.782403358148025,926.5768728639044,443.42312713609556,0.323666516157734
0.008796468346649744,1.512801220232215,1743.1998547413423,373.1998547413423,0.27240865309587026
0.005045099612099383,1.7623450213595881,858.2217416197495,511.77825838025046,0.3735607725403288
0.008547051145931576,1.5386962578369048,1665.267890683426,295.267890683426,0.21552400779812117
0.005922140459756378,1.7776267263701797,998.7546984494966,371.2453015505034,0.27098197193467405
0.0062718631683050035,1.670252882636521,1125.7320942310294,244.26790576897065,0.17829774143720487
0.0071439601439899055,1.704488532491753,1256.509111439933,113.4908885600671,0.08284006464238475
0.008337421183184158,1.612421017613997,1550.1509609361901,180.15096093619013,0.13149705177824098
0.005149044882424923,1.5005572313311315,1028.7143931758833,341.2856068241167,0.24911358162344285
0.005176498879719644,1.6228916061894476,956.2408956129883,413.7591043870117,0.3020139448080377
0.009208599331694326,1.75231274910328,1575.4428710277493,205.44287102774933,0.14995830002025498
0.008116527322356041,1.6525417022054518,1472.4431299651158,102.44312996511576,0.07477600727380712
0.006647252587171973,1.6416042141793865,1213.9321858718022,156.06781412819782,0.11391811250233418
0.007356360960930763,1.7726714230576195,1244.1005737028743,125.89942629712573,0.09189739145775601
0.00574412489695115,1.7357343005642414,992.1134365762032,377.8865634237968,0.2758296083385378
0.00653457167162542,1.623556259431208,1206.6199074001102,163.38009259988985,0.11925554204371522
0.006886575601085628,1.7174576684148326,1202.0927587448523,167.9072412551477,0.12256003011324651
0.008169813571613171,1.516917907568668,1614.6216481558668,244.62164815586675,0.17855594755902682
0.009902598955461738,1.5022504152211202,1976.1848300165937,606.1848300165937,0.4424706788442289
0.009289954117627243,1.6137440960133538,1725.8363246756353,355.8363246756353,0.2597345435588579
0.0068776305731918334,1.575438517170283,1308.754199088983,61.24580091101711,0.04470496416862563
0.009680784803870114,1.6440470417437987,1765.2939350463794,395.2939350463794,0.28853571901195574
0.009989512432346083,1.762131527595113,1699.5215393494195,329.5215393494195,0.24052667105797046
0.008805563318274479,1.6774278072155393,1573.7437163642646,203.74371636426463,0.148718041141799
0.006422044517551308,1.7126772161330193,1124.135063610608,245.86493638939191,0.17946345721853424
0.0051623944828913994,1.6974930523560325,911.7250459691705,458.27495403082946,0.3345072657159339
0.009814447063906549,1.6920353829990284,1738.9099771568526,368.9099771568526,0.2692773555889435
0.007666642715414054,1.798770367464853,1277.7626904656483,92.23730953435165,0.06732650330974572
0.005765370802374231,1.5761982107956363,1096.5719109988904,273.4280890011096,0.19958254671613837
0.008320002265314616,1.608523550913021,1550.6604974906652,180.6604974906652,0.13186897627055855
0.009625068855866174,1.6952455118645222,1702.1269370863658,332.12693708636584,0.24242842123092398
0.006683634700667139,1.6537091011043858,1211.641922965155,158.3580770348451,0.11558983725171176
0.009392117881428113,1.5405620518956475,1827.7005473647819,457.70054736478187,0.334087990777213
0.007048133047987124,1.7431920605426796,1212.1309972633153,157.8690027366847,0.11523284871290855
0.008990965402783099,1.6760481432466166,1608.2017862995813,238.20178629958127,0.17386991700699364
0.00890443774938011,1.5262695327134457,1749.0248103483839,379.0248103483839,0.27666044550976926
0.007211804919313482,1.584275819572172,1364.6895929784075,5.310407021592482,0.0038762095048120305
0.0071005290469892575,1.7161230360470676,1240.4035208341113,129.5964791658887,0.09459597019407934
0.006572660786070493,1.7642701437198727,1116.8551140936536,253.14488590634642,0.1847772889827346
0.00846963066314068,1.5035931719895497,1688.7090485356114,318.7090485356114,0.2326343419967966
0.006551180667661593,1.6197734954676877,1212.5118485120497,157.4881514879503,0.11495485510069364
0.007119955174006245,1.7689885260058387,1206.6267423930735,163.37325760692647,0.11925055299775655
0.007418604787296439,1.6697793980433449,1331.937480316447,38.06251968355309,0.02778286108288547
0.009814300437623652,1.6377221929996224,1796.5521040883573,426.5521040883573,0.3113519007944214
0.00910769776371705,1.6032290410679932,1703.074875369626,333.07487536962594,0.24312034698512844
0.009870349758119474,1.5139448726422464,1954.5337936525934,584.5337936525934,0.4266670026661266
0.007669018994577113,1.7575842420611432,1308.1103026599503,61.88969734004968,0.045174961562080056
0.006636102367990966,1.646188940526593,1208.5207180429932,161.47928195700683,0.11786808901971302
0.005834907975667984,1.5678543854536309,1115.7039967861501,254.29600321384987,0.185617520594051
0.0058333527808550065,1.5110022726463874,1157.3742807751023,212.6257192248977,0.15520125490868444
0.007420357803664272,1.7470874570072965,1273.30048434473,96.69951565527003,0.07058358806954017
0.006868073478891771,1.6121340949523073,1277.186951388487,92.81304861151307,0.0677467508113234
0.00959070771433006,1.7255561601742768,1666.2580482736537,296.2580482736537,0.2162467505647107
0.008245059625237977,1.7420245543352197,1418.927583572395,48.92758357239495,0.03571356465138317
0.007620578823973309,1.6325618883047774,1399.390781683619,29.390781683619025,0.021453125316510238
0.007830569392920395,1.541521673078109,1522.8755371019831,152.87553710198313,0.11158798328611907
0.0052785699880540295,1.560093223634618,1014.3467374064898,355.65326259351025,0.2596009216011024
0.009814555366417396,1.5503419568145616,1897.858510854517,527.8585108545169,0.3852981831054868
0.006463152953663518,1.5893788062455179,1219.095474782263,150.90452521773705,0.11014928848010003
0.008855912744361842,1.6435977878274792,1615.3196780430555,245.31967804305555,0.179065458425588
0.008003905916188415,1.5861481517631322,1512.790987114045,142.79098711404504,0.10422699789346353
0.005809066915243025,1.78390004247879,976.2399281000578,393.7600718999422,0.2874161108758702
0.007213819641292347,1.5209220077214038,1421.9326900737806,51.93269007378058,0.03790707304655517
0.00614696781806382,1.7792398639420837,1035.7313978685872,334.26860213141276,0.24399168038789254
0.006179533398878187,1.7750641451643032,1043.6679215168915,326.3320784831085,0.2381985974329259
0.008532493891920036,1.6582542277292074,1542.572468053681,172.57246805368095,0.1259653051486722
0.00977933482590178,1.5461873126182302,1896.1291436919078,526.1291436919078,0.38403587130796185
0.006163898570729465,1.6825248553065257,1098.2841041269614,271.71589587303856,0.19833277071024713
0.008072045128549213,1.6658933563691156,1452.6369535736978,82.63695357369784,0.06031894421437799
0.009776837840827921,1.5640100262941041,1874.043131752949,504.04313175294897,0.36791469471018173
0.009203217796586803,1.7978114930872628,1534.6744057187877,164.67440571878774,0.12020029614510054
0.006189067956115509,1.5076820562292512,1230.654624844043,139.34537515595707,0.10171195266858181
0.00532473795777716,1.7576468628167745,908.2121752316538,461.78782476834624,0.3370714049403987
0.007770412796474446,1.537823301463595,1514.81067409543,144.81067409542993,0.1057012219674671
0.008250790984329778,1.5826811621843524,1562.8700010699595,192.87000106995947,0.14078102267880255
0.008217023759618292,1.620723590898114,1519.9394666522317,149.93946665223166,0.10944486616951216
0.00903061710563723,1.7939456102190465,1509.1376705814725,139.13767058147255,0.10156034349012595
0.007868576772462955,1.7513427554395489,1346.9322120137092,23.067787986290796,0.016837801449847298
0.009233955823876604,1.673614738174219,1654.066644109113,284.066644109113,0.20734791540811168
0.008709123650321272,1.6591676820504317,1573.6381647267315,203.63816472673147,0.14864099615089887
0.009383445935401701,1.5144532290080492,1857.4930328662092,487.4930328662092,0.35583433055927677
0.007241557103893886,1.72216874110895,1260.5990064166233,109.4009935833767,0.07985473984188081
0.005482956120877677,1.7937690853213324,916.3659392031533,453.6340607968467,0.33111975240645747
0.008410609997215542,1.6204055965504465,1556.0532805566147,186.0532805566147,0.13580531427490125
0.00975677528767833,1.7718086986987036,1650.8597388617636,280.8597388617636,0.2050071086582216
0.005742589351818343,1.7880506640551428,962.8278502812909,407.1721497187091,0.29720594869978767
0.00875775896214332,1.7121933731339398,1533.4191377150535,163.41913771505347,0.11928404212777625
0.006041011835269302,1.5003638198165028,1207.073753034094,162.9262469659061,0.11892426785832562
0.005163274462798723,1.5991040583244682,967.9862510967237,402.01374890327634,0.29344069263012873
0.009578925667719463,1.6441491628056086,1746.611399919823,376.61139991982304,0.274898832058265
0.007706639084368648,1.7025225928003827,1357.0405959908662,12.959404009133777,0.00945941898476918
0.005419484640137329,1.6742732450333782,970.403502641903,399.59649735809705,0.2916762754438665
0.006638459309615383,1.7551976757455854,1133.8666073137229,236.13339268627715,0.17236014064691763
0.007949943098891282,1.6522689129334056,1442.4607059545965,72.4607059545965,0.052891026244231025
0.006556617892589913,1.7440483531955162,1127.0470744602997,242.95292553970035,0.17733790185379586
0.008995564680154715,1.7511174016208095,1540.0466262658595,170.04662626585946,0.12412162501157625
0.00949277532639619,1.7235276425672554,1651.1846854414548,281.1846854414548,0.20524429594266774
0.009383492047986244,1.7744754501255007,1585.3136460638507,215.31364606385068,0.15716324530208078
0.007666721332666779,1.6603946657383084,1384.26440445061,14.264404450610073,0.010411974051540198
0.005418926346987187,1.5360834453661474,1057.5943996955284,312.4056003044716,0.2280332848937749
0.008501151173734003,1.5605396375305907,1633.140834689848,263.1408346898479,0.19207360196339263
0.006037846899601138,1.7552802362318665,1031.2318943127416,338.7681056872584,0.24727598955274338
0.006384214394597602,1.7741143325675828,1078.8139696642058,291.18603033579416,0.21254454769036069
0.009541741957493211,1.6925233843422136,1690.105023955311,320.105023955311,0.23365330215716135
0.006182669219402566,1.761547065413931,1052.2100934328962,317.7899065671038,0.23196343545044074
0.006183137973369834,1.6119716965095425,1149.9321825584595,220.06781744154046,0.16063344338798574
0.007951040563806366,1.78708010354199,1333.8305258711132,36.169474128886804,0.02640107600648672
0.005143308349035413,1.7140599162599814,899.5747684093066,470.42523159069344,0.3433760814530609
0.008043102624922808,1.7297719999227692,1393.9764928438653,23.976492843865344,0.017501089667054995
0.005426526723540329,1.5877374170441343,1024.6226909998059,345.37730900019415,0.252100225547587
0.005893246388453554,1.6360779634941294,1079.869578232635,290.1304217673651,0.21177403048712778
0.00634182535736372,1.6136333612000053,1178.230109643318,191.76989035668203,0.13997802215816207
0.007676269502552594,1.513703442732375,1520.3028793319263,150.3028793319263,0.10971013089921629
0.006909413515289925,1.7719371728275648,1168.997463821909,201.00253617809108,0.1467171796920373
0.008838205296625245,1.6081125409524846,1647.6628486551865,277.6628486551865,0.20267361215707044
0.0056347567467519705,1.5126328553105686,1116.7664178456735,253.23358215432654,0.18484203076958142
0.006463518093779983,1.6042618311352927,1207.8539419531708,162.14605804682924,0.11835478689549579
0.009740566777372523,1.788624714804564,1632.6222221639828,262.62222216398277,0.19169505267443998
0.00997488925169534,1.7089309088607383,1749.8639362998472,379.8639362998472,0.277272946204268
0.009227603527125582,1.6351319185006623,1691.830433707803,321.83043370780297,0.23491272533416274
0.007030024420026071,1.7262339065553185,1220.893815534669,149.1061844653309,0.1088366309965919
0.007220789381520265,1.503795402163178,1439.5164357281112,69.51643572811122,0.050741923889132276
0.006359845209575048,1.5610213887461748,1221.4013476198763,148.59865238012367,0.10846616962052823
0.009457513147341931,1.744646126568388,1625.1382270774864,255.13822707748636,0.1862322825383112
0.008906048107678574,1.5974353666112713,1671.4078760702264,301.4078760702264,0.22000574895636962
0.005586138429386375,1.657073179358162,1010.626562142934,359.37343785706605,0.26231637799785845
0.006227588847835799,1.6233436740478793,1150.085590595043,219.91440940495704,0.16052146671894674
0.006700733317976037,1.5690464830941961,1280.2866794851568,89.71332051484319,0.0654841755582797
0.0075623379825049694,1.689566942487735,1341.8420040012018,28.157995998798242,0.020553281750947623
0.009320498465475587,1.793572512240193,1557.9047547178043,187.90475471780428,0.13715675526847027
0.009702163565550929,1.6853401199784102,1725.8447886897854,355.84478868978545,0.25974072167137624
0.00921895372376266,1.518842653387043,1819.6570861845391,449.65708618453914,0.3282168512295906
0.00611927803608045,1.7101837770631063,1072.6995707866995,297.3004292133005,0.21700761256445292
0.008243847365477832,1.6730986690226457,1477.1652807046564,107.16528070465642,0.07822283263113608
0.005605477373352908,1.7633004857303214,953.0308949724091,416.9691050275909,0.30435701096904444
0.009805648213923225,1.7553737799457854,1674.6629201822443,304.6629201822443,0.22238169356368198
0.005894518237928849,1.5719284015171338,1124.1810438496977,245.81895615030226,0.17942989500022063
0.009717117868081047,1.767313392322405,1648.3316784691158,278.3316784691158,0.20316180910154438
0.005619579865646438,1.6880914603080566,997.9954880774151,372.0045119225849,0.2715361400894781
0.008674079194002432,1.6715829337057293,1555.6652739279727,185.66527392797275,0.13552209775764434
0.005156651027417638,1.7520394070991647,882.3574859639333,487.6425140360667,0.35594344090223845
0.009281420345096752,1.6052498235590864,1733.374941489501,363.374941489501,0.26523718356897885
0.006731743623267569,1.667517847824633,1210.2574914433237,159.74250855667628,0.11660037120925276
0.007024447129460321,1.5524378409181783,1356.4963540095418,13.503645990458153,0.009856675905443908
0.006938958896303702,1.5029366621225133,1384.1218967578027,14.121896757802688,0.01030795383781218
0.007054808751112394,1.675638782808257,1262.1923519049458,107.80764809505422,0.07869171393799577
0.008290268602682987,1.7076755618855206,1455.4052639450792,85.40526394507924,0.06233960871903594
0.008184280642673031,1.7141813326086262,1431.3454266211863,61.345426621186334,0.044777683665099516
0.006756206265009256,1.6163170512682123,1253.1326581953,116.86734180469989,0.08530462905452547
0.0061868534379693136,1.7954784202660072,1033.02383282322,336.9761671767801,0.24596800523852563
0.0052774304744712345,1.7472913567481871,905.4779832541967,464.5220167458033,0.3390671655078856
0.00680509186689832,1.7386694550673267,1173.3772694673908,196.62273053260924,0.14352024126467827
0.007768171318810359,1.7833378074796196,1305.8878492138251,64.11215078617488,0.046797190354872176
0.007699872135787377,1.790730263503213,1289.0627030324188,80.93729696758123,0.05907831895443886
0.006989268757054959,1.6980859718584385,1233.936381917646,136.06361808235397,0.09931650954916348
0.0072855413798207595,1.6869132289828337,1294.7615328348363,75.23846716516368,0.05491858917165232
0.0078861458922264,1.5378137994652408,1537.381874190025,167.38187419002497,0.12217655050366787
0.008427005564927727,1.5468800240045968,1633.1924083867116,263.1924083867116,0.19211124699759968
0.006684064760718097,1.7834840466132884,1123.549273037792,246.4507269622079,0.17989104157825395
0.00869340775048643,1.5995917501532482,1629.3020251354071,259.3020251354071,0.18927155119372782
0.006210379467069346,1.5369802490441893,1211.3525380064402,158.64746199355977,0.11580106714858378
0.008356909114523695,1.7562047620454198,1426.5639057986268,56.56390579862682,0.0412875224807495
0.005063907599275142,1.754190238532112,865.4256949587873,504.5743050412127,0.3683024124388414
0.008957204272789902,1.7559396813029386,1529.2679551243154,159.26795512431545,0.11625398184256602
0.005115545528430786,1.7870235548313487,858.187886686199,511.812113313801,0.3735854841706576
0.005794316126288737,1.6762450592462004,1036.299713068387,333.70028693161294,0.24357685177489996
0.006131390371965419,1.7109886249850654,1074.3172477754442,295.68275222455577,0.2158268264412816
0.007739249021458359,1.7340134436362635,1338.0337365503076,31.966263449692406,0.02333303901437402
0.008094268618346511,1.53644175131924,1579.363931449275,209.36393144927501,0.15282038791917885
0.008750396491191699,1.5870297446596568,1652.9638977444054,282.96389774440536,0.20654299105431048
0.008652438533941868,1.6664936472744762,1556.523074676396,186.52307467639594,0.13614822969079995
0.006012017532354792,1.5842928947801593,1137.641606234583,232.35839376541708,0.16960466698205626
0.009300430683315982,1.7988951474758352,1549.9508011471646,179.9508011471646,0.13135094974245592
0.007599998372103229,1.6575632892832244,1374.5612052943554,4.561205294355432,0.0033293469301864465
0.009034753167917554,1.743692286855884,1553.3422267510161,183.34222675101614,0.1338264428839534
0.008068609960396812,1.6618852761447898,1455.520695316575,85.52069531657503,0.06242386519458031
0.00977175215446694,1.6906065144316236,1732.8086531946951,362.8086531946951,0.26482383444868257
0.009599645914122448,1.5879403776169336,1812.3485523073432,442.3485523073432,0.32288215496886363
0.00738699210649654,1.6031854446983378,1381.3526864011026,11.352686401102574,0.008286632409563923
0.009945114576374023,1.7393773979906533,1714.1020386875339,344.1020386875339,0.25116937130476924
0.007752495113884856,1.7261315972470126,1346.444019408065,23.55598059193494,0.01719414641747076
0.0055551783203117225,1.5385840968893891,1082.4241369981419,287.5758630018581,0.20990938905245118
0.008391547096585163,1.5542060298231457,1618.6544655178666,248.65446551786658,0.1814996098670559
0.008529732711895683,1.7632808746643878,1450.2224645684566,80.22246456845664,0.058556543480625285
0.009166735597114948,1.6507991807995142,1664.71986929641,294.71986929641,0.2151239921871606
0.008872124485292678,1.6605829149988605,1601.724300005641,231.724300005641,0.16914182482163576
0.00787931521656114,1.7823054312875561,1325.339212159174,44.66078784082606,0.032599115212281794
0.00927279862126814,1.7899933829474328,1553.0309316739106,183.03093167391057,0.13359922019993473
0.0050244772160444075,1.777314809455571,847.5146703044472,522.4853296955528,0.38137615306244727
0.009737700877741281,1.500231036017061,1945.8931400040822,575.8931400040822,0.4203599562073593
0.005290989172428276,1.7858164585646628,888.2204224551467,481.7795775448533,0.3516639252152214
0.007933694420790286,1.6373943782602645,1452.589420733646,82.58942073364597,0.060284248710690484
0.008444425297552766,1.5927265222275184,1589.4599487237606,219.4599487237606,0.16018974359398583
0.009084762016139045,1.5799470220527319,1723.819278208975,353.819278208975,0.258262246867865
0.006275523530860708,1.7760576228709828,1059.286928715959,310.713071284041,0.22679786225112483
0.0073630216588526426,1.7746003733519127,1243.873490934365,126.12650906563499,0.0920631453033832
0.005735030124802633,1.7536163129889175,980.4418247502318,389.55817524976817,0.28434903302902786
0.009597089483782116,1.7715900718485975,1624.0410757025713,254.04107570257133,0.18543144211866522
0.009037566519549949,1.6985681291277763,1595.1048620143793,225.10486201437925,0.16431011825867098
0.005195832946870726,1.5931672590676567,977.720023829343,392.27997617065705,0.2863357490296767
0.005280961255053522,1.6634506131990465,951.7519442375037,418.2480557624963,0.30529055165145713
0.008336942110439602,1.7850460126095733,1400.161312278204,30.161312278203923,0.02201555640744812
0.006340431504313923,1.6164120767301553,1175.946141966515,194.05385803348508,0.1416451518492592
0.008732207044763005,1.7084197992334482,1532.3223337080392,162.3223337080392,0.11848345526134248
0.0074926545841040495,1.6989604481890113,1322.126914200903,47.873085799097,0.03494385824751606
0.007857999432134853,1.5231250250702466,1546.6681499856936,176.66814998569362,0.12895485400415593
0.009704718733746263,1.7710980072434455,1642.7106074816609,272.7106074816609,0.19905883757785464
0.007287306173651196,1.6937639697630047,1289.836995589859,80.16300441014096,0.058513141905212375
0.006058253955903434,1.552549736306453,1169.8297337316453,200.17026626835468,0.14610968340755817
0.007657082374673087,1.6050864045527498,1430.1632234255715,60.16322342557146,0.043914761624504715
0.006908733992332019,1.7135041389985637,1208.7431235735728,161.2568764264272,0.11770574921637021
0.008254104299945116,1.5166067354636772,1631.6149459222684,261.61494592226836,0.19095981454180172
0.007751278061009505,1.5358566819207264,1513.0153287775684,143.01532877756836,0.10439075093253165
0.0051664397759253276,1.5172752309043869,1020.8165585161566,349.18344148384335,0.2548784244407616
0.006646461337142135,1.6576668493620583,1202.026198467219,167.97380153278095,0.12260861425750434
0.006488178123535062,1.5102997818983441,1287.8945563718064,82.1054436281936,0.05993098075050628
0.008876183442555006,1.7825358884535163,1492.8242786803555,122.82427868035552,0.08965275816084345
0.006882627962958647,1.628631044385453,1266.9290332074527,103.07096679254732,0.07523428233032652
0.007980849056334734,1.631432365110559,1466.5630072647411,96.56300726474115,0.07048394690857018
0.007403151528605086,1.783240693618591,1244.5930611886738,125.4069388113262,0.09153791154111401
0.007711615893161842,1.6592722824044341,1393.3121816587732,23.31218165877317,0.017016190991805232
0.0072825942293609485,1.7569048266844205,1242.6779137245196,127.32208627548039,0.09293582939816086
0.005428016878283288,1.7368466983655764,936.9154592269717,433.08454077302827,0.31612010275403524
0.007419529496440249,1.602964933950271,1387.627974780345,17.627974780345085,0.012867134876164294
0.006121193575745049,1.6980766473399471,1080.6860048638555,289.3139951361445,0.21117809863952156
0.00514163261147272,1.6836606080510728,915.5186451209099,454.4813548790901,0.33173821524021174
0.007658663795208678,1.547382543745585,1483.8022139008438,113.80221390084375,0.08306730941667427
0.007710298236329604,1.794316283985638,1288.2284359856026,81.77156401439743,0.0596872730032098
0.0078007708205355625,1.6564069297826698,1411.8585333918354,41.85853339183541,0.030553674008638985
0.006035350344915852,1.7544665483263904,1031.2835639524944,338.71643604750557,0.24723827448723035
0.009825714579863658,1.7194723370214064,1713.1273717415388,343.1273717415388,0.2504579355777656
0.005398723211821791,1.6982815367395825,953.0201363673499,416.9798636326501,0.30436486396543805
0.009589438344312067,1.523524765634701,1886.9672203084303,516.9672203084303,0.377348335991555
0.008977265748326465,1.5612218729596254,1723.8527152505505,353.85271525055055,0.25828665346755514
0.007784843288275908,1.705373615343216,1368.519650790621,1.4803492093790283,0.0010805468681598747
0.009320075217269293,1.622353496828862,1722.2438041965072,352.2438041965072,0.2571122658368666
0.007125707379334599,1.6384242945391012,1303.8340174517452,66.16598254825476,0.04829633762646333
0.006772902292539937,1.5973747906706142,1271.1262491014695,98.87375089853049,0.07217062109381787
0.005651208602720976,1.676694703794047,1010.4342274397551,359.5657725602449,0.2624567682921496
0.009334317008457462,1.6256530668145632,1721.3745643773793,351.37456437737933,0.2564777842170652
0.0057005648840470855,1.7401067961945471,982.1157887058173,387.8842112941827,0.2831271615286005
0.00871330839133231,1.7809318607691658,1466.7513100817703,96.75131008177027,0.07062139422027026
0.009698705890803842,1.661740373934936,1749.7311397315834,379.7311397315834,0.27717601440261563
0.0055876738121746015,1.6580024215750853,1010.3377684229713,359.6622315770287,0.2625271763335976
0.008566506442650512,1.6413521742777615,1564.669705357473,194.66970535747305,0.14209467544341098
0.0070337243649999884,1.530370139213813,1377.8741902015302,7.874190201530155,0.005747584088708142
0.009010579937924944,1.534514013065678,1760.364444114326,390.36444411432603,0.2849375504484132
0.006812497520695328,1.7718221785633501,1152.6751395019498,217.32486049805016,0.1586312850350731
0.00576430194683248,1.5201455871691112,1136.7952279578926,233.20477204210738,0.17022246134460392
0.006946957847889319,1.73374999029207,1201.2375374204232,168.76246257957678,0.12318427925516554
0.0072451508262122355,1.5511139174590145,1400.3108026579157,30.3108026579157,0.022124673472931167
0.009413186472578033,1.6158730892155497,1746.4257119329227,376.4257119329227,0.2747632933816954
0.009498825540908331,1.666994285694809,1708.2699571673497,338.26995716734973,0.24691237749441586
0.007019415670325824,1.6797950997057254,1252.752718411519,117.24728158848097,0.08558195736385472
0.005359808288490274,1.6890288986155815,951.3336938949453,418.6663061050547,0.3055958438723027
0.005201923834182535,1.6406650906997768,950.5276496821234,419.4723503178766,0.30618419731231866
0.0058687275587281295,1.6164245386703417,1088.4518380367538,281.54816196324623,0.2055096072724425
0.00916440159732106,1.5725924749639157,1747.0632250246829,377.0632250246829,0.275228631404878
0.008279131751110311,1.7044059244880165,1456.2383421172244,86.23834211722442,0.06294769497607622
0.005850717642151058,1.6736483851933954,1048.0104653533601,321.98953464663987,0.23502885740630647
0.007114120245917104,1.735957517432603,1228.5782190023297,141.42178099767034,0.10322757737056229
0.007541124420444082,1.632364554110021,1384.9677269679194,14.967726967919361,0.010925348151765957
0.00792312983375129,1.6506037934987554,1439.0458674995293,69.04586749952932,0.050398443430313376
0.008276582118895048,1.618601260349926,1532.9636508042572,162.9636508042572,0.11895156993011476
0.008272754670220001,1.7208318285558697,1441.2270948623454,71.22709486234544,0.051990580191493024
0.008996864546680817,1.791875686946382,1505.2339603641296,135.23396036412964,0.09871091997381726
0.00929294867354881,1.7889346179397734,1557.3268564278126,187.32685642781257,0.13673493169913326
0.009657172986517068,1.5868185141052513,1824.4982656958853,454.49826569588527,0.33175055890210603
0.00781622071440142,1.7640634729748998,1328.3218297634683,41.67817023653174,0.030422022070461126
0.005150044826028842,1.6929191627972726,912.0013708476502,457.99862915234985,0.33430556872434297
0.009979008320899482,1.6544431183517219,1808.2407305156503,438.2407305156503,0.3198837449019345
0.006451703425760543,1.656089475766453,1167.9151740280345,202.08482597196553,0.1475071722423106
0.009573978474888018,1.5233317420314723,1884.1638105683687,514.1638105683687,0.3753020515097582
0.009861941801342845,1.6537505520394902,1787.7761368734646,417.77613687346457,0.3049460853090982
0.006097818268284202,1.5504183736932087,1179.0881468539396,190.91185314606037,0.1393517176248616
0.007747070519467609,1.6771772055504972,1384.7751481741707,14.775148174170681,0.01078477968917568
0.009005436263933082,1.769390816800371,1525.8143352461132,155.81433524611316,0.11373309142052056
0.006716488077397673,1.575616429172964,1277.9458455556025,92.05415444439745,0.06719281346306384
0.006752975919208425,1.5765302482235366,1284.1436134292617,85.85638657073832,0.06266889530710827
0.005715172116985225,1.767349280042688,969.4549437351059,400.54505626489413,0.29236865420795194
0.009453386965919892,1.7658330659871495,1604.9388639995661,234.93886399956614,0.17148822189749352
0.005841910272610461,1.7058371074005987,1026.6869166131057,343.3130833868943,0.2505934915232805
0.006186225737048134,1.5953271852195234,1162.5100083763216,207.4899916236784,0.1514525486304222
0.009207160198371842,1.592146011496995,1733.658324762805,363.658324762805,0.2654440326735803
0.0071463217346407135,1.795744951622034,1193.0499131024121,176.95008689758788,0.1291606473705021
0.006497793463275182,1.6133466926560898,1207.4214939658007,162.57850603419934,0.11867044236072945
0.007071264414601831,1.7746775341433199,1194.533485231021,175.4665147689791,0.12807774800655408
0.006153002817131531,1.7876462431449718,1031.8729702268022,338.1270297731978,0.24680805092934147
0.009285385876160825,1.7704359958842002,1572.3181531352072,202.31815313520724,0.14767748404029726
0.006906851409061297,1.5447993469663377,1340.3824678133878,29.617532186612152,0.021618636632563616
0.008707342884450775,1.675402015130789,1558.0712583627453,188.0712583627453,0.1372782907757265
0.005167204195637734,1.54954251072002,999.7072271856163,370.29277281438374,0.27028669548495166
0.009268215190981161,1.7849322127259284,1556.66472573422,186.66472573421993,0.1362516246235182
0.007535167397057974,1.7605880315068339,1283.086284229749,86.91371577025097,0.06344066844543866
0.007500996425695312,1.694292249243928,1327.2457316097061,42.75426839029387,0.031207495175396987
0.007405878383377265,1.7109215543376273,1297.6787150602493,72.32128493975074,0.05278925908011003
0.009982343885787566,1.718780734965119,1741.136230609577,371.13623060957707,0.27090235810918034
0.009049419904681031,1.691671619880986,1603.7083112438308,233.70831124383085,0.1705900082071758
0.005760546753925757,1.6185765968897914,1066.9674046330676,303.03259536693236,0.2211916754503156
0.006401135496943166,1.5099420038492106,1270.91778341659,99.08221658340995,0.07232278582730653
0.007655385880672922,1.5496377942687354,1481.0086322064951,111.00863220649512,0.08102819869087236
0.008871020164991212,1.6823878739633722,1580.768015145704,210.7680151457041,0.15384526652971103
0.007883014045708948,1.7400865312308642,1358.132549615181,11.867450384818994,0.0086623725436635
0.006826852560232206,1.5958929557151171,1282.4412201998286,87.55877980017135,0.06391151810231485
0.009826558319768905,1.6714506625978072,1762.4977741103291,392.49777411032915,0.28649472562797745
0.0099200923899928,1.7001157398801507,1749.2743649280521,379.27436492805214,0.27684260213726436
0.005228886634422097,1.6917033403079533,926.6286466345745,443.37135336542553,0.3236287250842522
0.0054444882422453435,1.5726836519380838,1037.8543139832236,332.1456860167764,0.2424421065815886
0.008859616823523177,1.5547913771317783,1708.2975526671248,338.2975526671248,0.24693252019498163
0.007128584788563415,1.5039031770288973,1421.0329417927499,51.03294179274985,0.03725032247645975
0.009829143264566412,1.5662486404409435,1881.3762663435916,511.3762663435916,0.3732673476960523
0.006463136065102375,1.5045828862846224,1287.7984091193182,82.2015908806818,0.06000116122677504
0.007173355748369527,1.5814609511038058,1359.8299410498512,10.170058950148814,0.00742340069353928
0.006147835911686064,1.642433079489551,1122.1612998185851,247.83870018141488,0.18090416071636123
0.006228817081799589,1.7547234472734443,1064.1861464190545,305.81385358094553,0.22322179093499675
0.007603489901680863,1.7252492273738587,1321.2403697017435,48.759630298256525,0.0355909710206252
0.008675209573316653,1.513324044450594,1718.5760123132955,348.57601231329545,0.25443504548415724
0.007226558101703227,1.5570631829829167,1391.3806709108949,21.380670910894878,0.015606329132040056
0.007739782654622765,1.652444180327925,1404.1796352568215,34.179635256821484,0.024948638873592326
0.008289966825765117,1.7415808122219376,1427.0193573526076,57.019357352607585,0.041619968870516486
0.006354375654101473,1.7860393369615042,1066.6024297310862,303.3975702689138,0.22145808048825824
0.007379182413360729,1.7702618209967966,1249.6587835160617,120.3412164839383,0.08784030400287467
0.008593559222695236,1.5138825561570313,1701.772856726901,331.77285672690095,0.24216996841379632
0.009838565779849663,1.7145233819996333,1720.3193898095512,350.31938980955124,0.2557075838025921
0.006711961437085744,1.5900826976827382,1265.4658906467967,104.53410935320335,0.07630226960087835
0.009219685222469296,1.670811804745563,1654.2809231894657,284.28092318946574,0.2075043234959604
0.0063774534778092435,1.647918073468318,1160.1987287323957,209.8012712676043,0.15313961406394475
0.007428467701597601,1.568515363406904,1419.8130559578253,49.81305595782533,0.036359894859726516
0.009830096340978221,1.5661959350661911,1881.622010667599,511.62201066759894,0.37344672311503574
0.0066685068721645474,1.774385560704439,1126.6818839544787,243.31811604552126,0.17760446426680385
0.005802755554915292,1.515313981051466,1148.0276515195203,221.9723484804797,0.1620236120295472
0.00869554228679744,1.6555518449115494,1574.6157414606494,204.61574146064936,0.14935455581069296
0.007580608154188829,1.6793108873034435,1353.2986469994,16.701353000599966,0.012190768613576618
0.005658600959954897,1.7307361785126087,980.1643437556878,389.8356562443122,0.2845515739009578
0.005745313651670532,1.5176100879413423,1134.943497872846,235.0565021271541,0.1715740891439081
0.007987975732901751,1.5192623339877374,1576.2484370459592,206.24843704595924,0.15054630441310893
0.008236755943461542,1.6012041372248236,1542.1627091947303,172.16270919473027,0.125666211091044
0.0054377241443930215,1.58704599191069,1027.1842753661474,342.8157246338526,0.2502304559371187
0.0057269401193211405,1.6459877312401285,1043.0779176564988,326.9220823435012,0.23862925718503736
0.008745432141020155,1.723038178038401,1521.6230442516653,151.6230442516653,0.11067375492822284
0.008105757229076905,1.5922540101771863,1526.16659661345,156.1665966134501,0.11399021650616796
0.006856135957097926,1.619392813136684,1269.2521754368706,100.74782456312937,0.07353855807527691
0.006954985821712268,1.6652040925277083,1252.1301768369128,117.86982316308718,0.0860363672723264
0.009075240388431934,1.53656095735235,1770.6350079836116,400.63500798361156,0.29243431239679674
0.00999326726906108,1.750759855444562,1711.203366198977,341.20336619897694,0.24905355197005616
0.005648235217447969,1.5872988163417636,1066.7798033790662,303.22019662093385,0.2213286106722145
0.007252534091632118,1.6426493005664664,1323.627034272866,46.37296572713399,0.03384888009279853
0.006447993890008943,1.709961672411669,1130.4697459846825,239.5302540153175,0.17483960147103467
0.009617373749200823,1.672202672477934,1724.2025522570957,354.2025522570957,0.2585420089467852
0.005281554449745614,1.5302357604552894,1034.7230351478497,335.2769648521503,0.2447277115709126
0.005803512032970653,1.6662671534030893,1044.1597758459561,325.8402241540439,0.23783957967448457
0.008522096003920893,1.6765574385066204,1523.8726986909214,153.87269869092142,0.11231583846052659
0.005832956232012228,1.5035696973217556,1163.0164463384747,206.98355366152532,0.15108288588432506
0.005645007352176754,1.5723418889520413,1076.31211852091,293.68788147909004,0.2143707164080949
0.007679724310552367,1.7712795456744406,1299.808058781713,70.19194121828696,0.05123499358999048
0.0058412464003651824,1.7350282762995635,1009.2986034117988,360.7013965882012,0.26328569094029286
0.00728397637619466,1.5100341625785254,1446.1137608333895,76.1137608333895,0.0555574896594084
0.007717513716403376,1.779659803839683,1300.0531908949627,69.94680910503735,0.051056065040173244
0.009215850962921825,1.5553680911074526,1776.327178455103,406.32717845510297,0.29658918135408974
0.009762326276826239,1.5539766527898644,1883.3434756393883,513.3434756393883,0.37470326689006445
0.005563258072239059,1.5030825223994269,1109.601626730701,260.3983732692991,0.19007180530605775
0.009044352396146906,1.7460855311805183,1552.8612931268544,182.86129312685443,0.13347539644295944
0.009561876292694935,1.7802570997690303,1610.2047267503388,240.20472675033875,0.1753319173360137
0.007984003754241424,1.5611096399213347,1533.2325475140085,163.2325475140085,0.11914784490073613
0.007478247272183802,1.6026359455226906,1398.8966973585425,28.896697358542497,0.021092479823753646
0.008770905996352652,1.689950871237164,1555.9336737455303,185.9336737455303,0.1357180100332338
0.005398188056291641,1.7282460970065165,936.4037152723923,433.59628472760767,0.3164936384873049
0.008816201896886111,1.5699197348576415,1683.5452018388805,313.54520183888053,0.22886511083129965
0.005192600469523049,1.7789378156022717,875.0741282337834,494.9258717662166,0.36125976041329677
0.0061564074468937816,1.7382754165516743,1061.7676021761338,308.2323978238662,0.22498715169625272
0.007949969980696246,1.6368995475311596,1456.0093471427704,86.00934714277037,0.0627805453596864
0.008020263029914149,1.779418110309559,1351.2363134970021,18.76368650299787,0.013696121535034942
0.009832288905863126,1.7763081900456963,1659.4226583952234,289.4226583952234,0.21125741488702438
0.006511697989658744,1.6550708817081965,1179.5011123986628,190.49888760133717,0.13905028292068408
0.007000825902621473,1.5689533024716218,1337.7038067803944,32.296193219605584,0.02357386366394568
0.006485301767098589,1.6326391738398776,1190.859921030483,179.14007896951694,0.1307591817295744
0.008799830215775621,1.785593779061105,1477.448432732115,107.44843273211495,0.0784295129431496
0.008458732332344888,1.649943173217162,1536.940301121499,166.94030112149903,0.12185423439525477
0.008795298462555721,1.5559478065833356,1694.635343021692,324.63534302169205,0.23696010439539567
0.009254557849958038,1.5069494931136338,1841.10128323518,471.10128323518006,0.34386954980670076
0.007100544109856477,1.6108176566820513,1321.4962991006391,48.503700899360865,0.03540416124040939
0.005810085273721164,1.5043569037580111,1157.850069386631,212.14993061336895,0.1548539639513642
0.006505301586001907,1.5028175664858379,1297.7226218211022,72.27737817889783,0.05275721034956046
0.009449977197917132,1.7335956866354176,1634.1941284509712,264.1941284509712,0.19284242952625635
0.009866414369798413,1.5175011629497275,1949.1758476275888,579.1758476275888,0.42275609315882395
0.0055111938654216555,1.7094273077135256,966.5309241135427,403.4690758864573,0.2945029750996039
0.009324080748657003,1.576937903228733,1772.6056812428014,402.60568124280144,0.2938727600312419
0.007042990267925702,1.7293537426825933,1220.9389623295012,149.06103767049876,0.10880367713175092
0.005922400523625563,1.588617948636331,1117.6324752985922,252.36752470140777,0.1842098720448232
0.005696644013578115,1.6475766438347133,1036.5593112601189,333.4406887398811,0.24338736404370884
0.005136927170624792,1.567434615076542,982.50479365188,387.49520634811995,0.2828432163124963
0.007916703959776486,1.6277442974355847,1458.0718501664098,88.07185016640983,0.06428602201927724
0.008538965654412863,1.6926707585178482,1512.3540649780875,142.35406497808754,0.10390807662634127
0.006440088613591698,1.7600019898242922,1096.9817115940962,273.01828840590383,0.1992834221940904
0.005791178448649077,1.7506394378310226,991.7242718969939,378.27572810300614,0.27611367014817967
0.009508739318816715,1.6110426356416019,1769.4431356461466,399.44313564614663,0.2915643325884282
0.008023602968358972,1.581484102608021,1520.9863013694971,150.98630136949714,0.11020897910182273
0.00804401557929547,1.671722209734289,1442.5454113519156,72.54541135191562,0.052952855001398264
0.007973496866977663,1.768106252949157,1351.95168311826,18.048316881739993,0.013173953928277367
0.006025873580580486,1.7512357982709454,1031.56379860617,338.43620139383006,0.24703372364513143
0.007917541982099085,1.6928751330742469,1402.1231251836061,32.123125183606135,0.023447536630369442
0.007449735959009476,1.5456233950917442,1444.966905712417,74.96690571241697,0.05472036913315108
0.007603234233788551,1.510459915003027,1509.0716788023128,139.07167880231282,0.10151217430825753
0.009551247228101568,1.521247191784107,1882.2660110353868,512.2660110353868,0.37391679637619474
0.008397400947400616,1.6702140645925263,1507.278332880603,137.2783328806031,0.1002031626865716
0.005991922988927525,1.7051260372725758,1053.4900539496798,316.5099460503202,0.23102915770096363
0.008564378834920963,1.783583440579399,1439.5380242653882,69.53802426538823,0.050757681945538854
0.006083369294190431,1.581889346407281,1152.8924180247452,217.1075819752548,0.15847268757317867
0.00930209185254448,1.7809435585519215,1565.8536552857195,195.85365528571947,0.14295887247132807
0.009825400236208147,1.7170821700308947,1715.4571511237707,345.4571511237707,0.2521585044699056
0.0074250317957409075,1.6214113697667527,1372.8585936174459,2.8585936174458766,0.002086564684267063
0.008034816418819011,1.580032567055733,1524.5112119841153,154.51121198411533,0.11278190655774842
0.005145813139519666,1.5253605674779196,1011.351678020632,358.648321979368,0.2617870963353051
0.006992846790064145,1.691380768253738,1239.4623179824646,130.53768201753542,0.09528297957484337
0.005247115440621182,1.7019349204529377,924.2689696589226,445.73103034107737,0.32535111703728276
0.009029104937291496,1.7018862650023883,1590.5043823164967,220.50438231649673,0.16095210388065453
0.009659487199963708,1.7849957414451703,1622.3239884886914,252.32398848869138,0.18417809378736597
0.009542456928565387,1.7184718766064584,1664.7095928174333,294.7095928174333,0.21511649110761555
0.005506092397588003,1.683488103101173,980.5147840411076,389.48521595889235,0.2842957780721842
0.005171238426023417,1.5035020206248784,1031.1248387928895,338.8751612071105,0.24735413226796388
0.009228693316445645,1.6150377243313947,1713.0823706367526,343.08237063675256,0.25042508805602376
0.009299627340630586,1.5690182473773537,1776.8806344934328,406.8806344934328,0.2969931638638196
0.005320427139911666,1.7255100849218725,924.3782136203786,445.6217863796214,0.3252713769194317
0.008895370610817546,1.6423186074456426,1623.7805552149646,253.78055521496458,0.18524128117880626
0.009478941260264367,1.607202398839109,1768.1127788913568,398.1127788913568,0.2905932692637641
0.00648648403952147,1.5951927458525703,1219.0370091901314,150.96299080986864,0.11019196409479463
0.008260813740857303,1.6901669964804111,1465.2573749273824,95.25737492738244,0.06953093060392879
0.006353488355301988,1.5200613732005588,1253.0598596159764,116.94014038402361,0.08535776670366686
0.007500053850590866,1.574032485439402,1428.4708859571772,58.47088595717719,0.04267947880085926
0.005038646631172912,1.5743863558831839,959.4520766190037,410.5479233809963,0.29967001706642066
0.006538250724103517,1.613240118881444,1215.0195328382613,154.98046716173872,0.11312442858521074
0.0057941286737126976,1.7022675822908546,1020.4248116638422,349.5751883361578,0.2551643710482904
0.008053757003545792,1.5743368627205656,1533.6334080721183,163.6334080721183,0.11944044384826154
0.008750752715371388,1.6296138669318698,1609.8351389403347,239.83513894033467,0.17506214521192312
0.008055687699887364,1.5832262157360526,1525.3880920022746,155.38809200227456,0.11342196496516391
0.008558503530304329,1.754066049302553,1462.7583785523975,92.75837855239752,0.06770684565868432
0.008354153362594697,1.5582820194364624,1607.2265096063688,237.22650960636884,0.17315803620902834
0.007009314836080541,1.6561794987590206,1268.7874262294586,101.21257377054144,0.0738777910733879
0.0066030445282741455,1.6240206301706521,1218.914903320376,151.08509667962403,0.11028109246687885
0.0050964650268120375,1.7953818591955335,851.0065809529917,518.9934190470083,0.3788273131729987
0.007378616384832688,1.5682588395869792,1410.515590162806,40.51559016280589,0.029573423476500653
0.007208749287750511,1.7976774391235248,1202.1782223256662,167.82177767433382,0.12249764793746994
0.007167952115046689,1.5499718793501804,1386.4109484986675,16.410948498667494,0.011978794524574813
0.005857237966217858,1.614496682434294,1087.6180707511833,282.38192924881673,0.20611819653198302
0.006013360676964293,1.6050937780478352,1123.1494401406517,246.85055985934832,0.18018289040828345
0.005888457571306937,1.6233917361224832,1087.4240208634558,282.5759791365442,0.2062598387857987
0.00836251917022696,1.587607887859886,1579.1179902072377,209.11799020723765,0.15264086876440705
0.007401440473972487,1.637597331827613,1354.9704736979115,15.02952630208847,0.010970457154809102
0.009608870333416591,1.5661498608402042,1839.3302760393735,469.33027603937353,0.34257684382436027
0.007246637217460453,1.5613388973343234,1391.42577397248,21.4257739724801,0.015639251074802994
0.009165534508037199,1.7025208035867174,1613.9351209451088,243.9351209451088,0.17805483280664874
0.008557910295355027,1.53389107586179,1672.6070078649836,302.60700786498364,0.2208810276386742
0.008375076214445342,1.5935370198987704,1575.6048669803743,205.60486698037425,0.15007654524114908
0.009920175362396678,1.5420505644551707,1928.596781607286,558.596781607286,0.4077348770856102
0.006393264068987729,1.598290125395698,1199.1892582145533,170.81074178544668,0.12467937356601948
0.007626985433490333,1.7824747941256758,1282.774218054412,87.2257819455881,0.06366845397488183
0.005612661578893072,1.5562422642568854,1081.2157266927732,288.78427330722684,0.21079144037023856
0.00805755497296544,1.656499674048586,1458.2521497946168,88.2521497946168,0.06441762758731154
0.006003152373404638,1.7692048513833327,1017.2365310689339,352.7634689310661,0.2574915831613621
0.007352228493730371,1.5747298262393525,1399.6957542722282,29.695754272228214,0.021675733045422054
0.006751208133480829,1.5919554366556647,1271.3680510163592,98.63194898364077,0.0719941233457232
0.008670304559204124,1.5170727918985745,1713.3600505480485,343.36005054804855,0.2506277741226632
0.008889165361855876,1.6323817190655114,1632.525470160747,262.5254701607471,0.19162443077426794
0.005667379391407828,1.5013092202054408,1131.703965646863,238.29603435313697,0.17393871120666932
0.005018964501390793,1.594660692382096,943.5535168544571,426.44648314554286,0.3112748052157247
0.0078025049297827925,1.5603406322658098,1499.116335937486,129.11633593748593,0.0942455006842963
0.008978355713378535,1.7299747616390264,1555.8858937120888,185.88589371208877,0.13568313409641516
0.007007095516679635,1.7885272761547522,1174.5274541758831,195.47254582411688,0.14268069038256706
0.006404131560883687,1.7697475584912175,1084.8498322718408,285.1501677281592,0.20813880856070016
0.007963374826749168,1.6619062051399465,1436.5189238134058,66.51892381340576,0.04855395898788742
0.007224111603104657,1.7837537598837963,1214.1441397730557,155.8558602269443,0.11376340162550679
0.00958517672300883,1.6005692930758846,1795.3385102327863,425.33851023278635,0.3104660658633477
0.005116850879713083,1.5474803892470863,991.2844861284473,378.71551387155273,0.27643468165806767
0.009283748601110071,1.618160692675788,1719.9761588440008,349.9761588440008,0.2554570502510955
0.007931683151413795,1.760536443303221,1350.6444567418614,19.355543258138596,0.014128133765064669
0.006952184465654876,1.6535768121871228,1260.4267634059188,109.57323659408121,0.07998046466721256
0.006984776880412699,1.5442251864926593,1356.0091156889373,13.9908843110627,0.010212324314644307
0.005746523492610145,1.692363793702122,1017.9634007861368,352.03659921386316,0.2569610213239877
0.0057822161584155105,1.7281240828894764,1003.0904678559291,366.9095321440709,0.267817176747497
0.009886588364573812,1.7016810389207453,1741.7627388794251,371.7627388794251,0.2713596634156388
0.005237413399470402,1.6614869607900342,945.0191747774958,424.9808252225042,0.3102049819142367
0.009507796529466187,1.5995229232697727,1782.0099044943788,412.0099044943788,0.30073715656524
0.005457370381639929,1.7583729441498488,930.4502132903642,439.5497867096358,0.32083926037199695
0.007734907332527461,1.6500187949467373,1405.3578593906163,35.35785939061634,0.025808656489500977
0.006653445342071794,1.7871555655541125,1116.1047038733343,253.8952961266657,0.18532503366909905
0.00606193153691044,1.7138782561272636,1060.3561537588896,309.6438462411104,0.22601740601540904
0.008744377365557507,1.5774772997611484,1661.8295455008956,291.8295455008956,0.2130142667889749
0.007217949893434472,1.6476891420328885,1313.2859136304037,56.714086369596316,0.041397143335471766
0.006109298611281011,1.5623658957306743,1172.274466779352,197.725533220648,0.1443252067304
0.00937757167158091,1.545513013637348,1819.0239983020176,449.0239983020176,0.32775474328614423
0.00849456531151089,1.6467295143634508,1546.4632121832014,176.46321218320145,0.12880526436730033
0.008432380011703565,1.5642298446935654,1616.1077216845404,246.10772168454037,0.17964067276243822
0.009518625480857718,1.535856355800011,1857.99415349709,487.9941534970901,0.3562001120416716
0.008828833731036122,1.5194377386605888,1741.971847977033,371.9718479770329,0.27151229779345465
0.008072202408837102,1.7541229325050876,1379.5985200209318,9.598520020931801,0.0070062189933808765
0.005301422636308692,1.5126776533881117,1050.6709869588092,319.3290130411908,0.233086870832986
0.007242509364735453,1.7975667186827058,1207.882668262348,162.11733173765197,0.11833381878660727
0.008911997395253474,1.5792044999330734,1691.8325681859853,321.83256818598534,0.23491428334743455
0.008941208458849693,1.760754022163858,1522.3630488004019,152.36304880040188,0.11121390423387
0.008701276171021018,1.6698713979666648,1562.1424345752482,192.14243457524822,0.14024995224470674
0.007650972918353863,1.6488332182453174,1391.1073308710324,21.107330871032445,0.015406810854768208
0.005972465341264517,1.7457206388732713,1025.6509690652044,344.34903093479556,0.2513496576166391
0.00766911724707209,1.792872500774505,1282.3798174140802,87.62018258591979,0.06395633765395606
0.006320035996696192,1.612789752066597,1174.7961094558052,195.2038905441948,0.1424845916380984
0.005456350694884151,1.6058578305025233,1018.6286453623625,351.3713546376375,0.25647544134134126
0.006846792871885622,1.5605399610374995,1315.324769456606,54.675230543394036,0.039908927403937255
0.009506946364573431,1.5081000226773493,1889.868560342433,519.868560342433,0.37946610243973217
0.009606848960206235,1.5019363061239859,1917.565246723066,547.5652467230659,0.39968266184165396
0.007597714163218649,1.5165136329764002,1501.9564312800196,131.95643128001961,0.0963185629781165
0.008675365972770037,1.6134957008717838,1611.9096491060086,241.9096491060086,0.1765763862087654
0.00799519580480486,1.7213155420254551,1392.4811250430755,22.481125043075508,0.01640958032341278
0.009530390154854166,1.6965646076673582,1684.0732603464307,314.07326034643074,0.2292505549973947
0.007399373854874566,1.7807389037350827,1245.7056286920938,124.2943713079062,0.09072581847292424
0.009778842284368774,1.7150901764188269,1709.3113849830274,339.31138498302744,0.2476725437832317
0.00736933218978536,1.5136018368187865,1459.6112116496968,89.61121164969677,0.06540964353992465
0.007455737146139342,1.5426580429378827,1448.9107132169672,78.91071321696722,0.057599060742311844
0.008102034140355957,1.7676975693508492,1374.0635116838475,4.063511683847537,0.0029660669225164502
0.0053232747674606794,1.582430368914857,1008.4978514667788,361.5021485332212,0.26387018141111035
0.006085437548669772,1.60665719823247,1135.5056216897083,234.49437831029172,0.17116377978853412
0.005350324873270649,1.7270493723275857,928.7441752140616,441.25582478593844,0.3220845436393711
0.005804479392237273,1.5311706929689402,1136.4762612031373,233.52373879686274,0.17045528379333047
0.008137426959485987,1.6808557549952883,1451.367389932046,81.36738993204608,0.05939225542485115
0.007909221866210667,1.5332107646626167,1546.5095333193863,176.50953331938626,0.1288390754156104
0.005403001293147666,1.7285473326645144,937.075316157566,432.924683842434,0.31600341886309047
0.008902910566331856,1.643511095984257,1623.9777440847686,253.97774408476857,0.18538521466041502
0.006466040475032738,1.6600930873051225,1167.6876329172162,202.3123670827838,0.14767326064436773
0.0051860861916705634,1.5697167624037316,990.4650087446128,379.53499125538724,0.27703284033239944
0.008399820506063378,1.759119256696512,1431.5134273503045,61.51342735030448,0.04490031193452882
0.00912429020138,1.6356261842123347,1672.3829768562325,302.3829768562325,0.22071750135491425
0.009726601788074827,1.628599526101052,1790.4720045050638,420.47200450506375,0.3069138719015064
0.006690488924149108,1.6681821951356937,1202.361543985478,167.63845601452203,0.12236383650695039
0.007496969038308443,1.780682817357909,1262.1758089849866,107.82419101501341,0.07870378906205358
0.008186617137898469,1.7214809661558088,1425.6829571320236,55.6829571320236,0.04064449425695153
0.009667567290407662,1.5803648431121908,1833.9206756613248,463.9206756613248,0.33862823040972617
0.005626276425284096,1.786280700807365,944.2610213282879,425.73897867171206,0.31075837859249056
0.005393337893830413,1.7235238824590233,938.1256856789763,431.8743143210237,0.3152367257817691
0.008158235579783757,1.685429007814852,1451.1305347576538,81.13053475765378,0.05921936843624363
0.007389473674555187,1.5601281217264165,1419.9529162834149,49.95291628341488,0.036461982688624
0.006706481302160163,1.531365471376067,1312.9148800116127,57.085119988387305,0.04166797079444329
0.00805589773752272,1.75936539278004,1372.7093837581904,2.70938375819037,0.0019776523782411458
0.00677759197128572,1.7265315958226115,1176.8513019448797,193.14869805512035,0.14098445113512434
0.009424897817634555,1.7048887617429096,1657.3006676746309,287.30066767463086,0.20970851655082545
0.005968346416421048,1.6502451682134232,1084.2420731408288,285.7579268591712,0.20858242836435856
0.00902100868673078,1.6159277917278063,1673.608425870751,303.60842587075103,0.22161198968667958
0.005476053733931992,1.6130273171936136,1017.7630543119296,352.23694568807036,0.25710725962632874
0.008554137761268255,1.5213448641972929,1685.6572404274136,315.6572404274136,0.23040674483752818
0.009515799761338244,1.7186197240165155,1659.9163621957775,289.91636219577754,0.21161778262465514
0.00825575397682707,1.5165822828890185,1631.9673553362884,261.9673553362884,0.19121704769072145
0.006145061992630693,1.597625035082906,1153.113652376844,216.8863476231561,0.1583112026446395
0.006629443031265077,1.5024871315806396,1322.7780656085172,47.22193439148282,0.03446856524925753
0.007229845756499692,1.7357991274686426,1248.677451211052,121.3225487889481,0.08855660495543657
0.009442640901892924,1.5278460484069596,1852.8257666676839,482.82576666768387,0.35242756691071814
0.005058068886179371,1.5752785335196768,962.6049437320632,407.39505626793675,0.29736865421017283
0.00863698148060204,1.6127519019156265,1605.517813802974,235.51781380297393,0.1719108129948715
0.006968744047706886,1.6791023089916919,1244.222520597614,125.777479402386,0.0918083791258292
0.006442223761774414,1.708169020687499,1130.6434393424613,239.3565606575387,0.17471281799820343
0.006118942306425192,1.709131097640345,1073.3013733914374,296.69862660856256,0.21656834059019164
0.00798078560661165,1.6140859213126901,1482.3122500389018,112.31225003890177,0.0819797445539429
0.005473112507674602,1.5920673925177395,1030.608289132478,339.3917108675221,0.24773117581570955
0.005195796384767835,1.579808655368776,985.9805262894049,384.0194737105951,0.2803061851902154
0.007843968399393626,1.6924963257204584,1389.4048283546686,19.404828354668552,0.014164108288079236
0.0057898904147871254,1.6156861690265962,1074.320936995716,295.679063004284,0.21582413357976934
0.006687840782825706,1.643797062070014,1219.715178509405,150.28482149059505,0.10969694999313508
0.006299295296071823,1.6081570411894077,1174.3139333460067,195.6860666539933,0.14283654500291482
0.005995447463454941,1.79564659985656,1000.9708658834099,369.02913411659006,0.26936433147196354
0.008395776084732819,1.5729055168174475,1600.2171283323125,230.21712833231254,0.1680416995126369
0.007833335475624306,1.7926754106655036,1309.9833258181475,60.01667418185252,0.04380779137361498
0.006119992346564981,1.6148192838315805,1136.1813466609917,233.81865333900828,0.17067054988248778
0.00568834686284137,1.5687115425832805,1087.0854466714488,282.91455332855116,0.2065069732325191
0.008243244926867888,1.5697352822507193,1574.3180945633114,204.31809456331143,0.14913729530168718
0.008422279980760245,1.6474481828433158,1532.6345579127972,162.63455791279716,0.11871135614072785
0.009278915901539954,1.6885197540549568,1647.448304361034,277.44830436103393,0.20251701048250653
0.009914596016920588,1.5074115816327645,1971.8046127588725,601.8046127588725,0.4392734399699799
0.006229828300300769,1.5036043350568318,1242.1190172975512,127.88098270244882,0.09334378299448819
0.00789593868017156,1.7290259379519106,1369.0615121424194,0.9384878575806397,0.0006850276332705399
0.009694533017711284,1.7438470276296212,1666.6300635855473,296.6300635855473,0.21651829458799074
0.00898654931675975,1.6498976511299746,1632.8889896682397,262.8889896682397,0.1918897734804669
0.0053188051459201165,1.6262965723232088,980.4716405695918,389.52835943040816,0.2843272696572322
0.007862572060392342,1.7248853759003022,1366.5486629549732,3.4513370450267757,0.0025192241204575003
0.009040827017297637,1.6040614510079187,1689.6932172800446,319.69321728004456,0.23335271334309823
0.006035244779832644,1.5011634228394037,1205.2790786464961,164.72092135350385,0.1202342491631415
0.009929411037262127,1.7758493146192589,1676.247256367784,306.2472563677841,0.22353814333414895
0.005679584346960603,1.6446938568127814,1035.2665602419559,334.73343975804414,0.24433097792557967
0.007921397750947192,1.5186022435532223,1563.7901976199087,193.79019761990867,0.14145269899263407
0.0056179157127197185,1.5176808707289575,1109.7252346233524,260.27476537664757,0.18998158056689604
0.008609099334830238,1.6300942732822703,1583.309071786427,213.309071786427,0.15570005239885185
0.009715202275673376,1.7250026194176553,1688.4289550670724,318.42895506707237,0.23242989420954188
0.006366659321523657,1.50535884411632,1267.92123665944,102.07876334056004,0.07451004623398544
0.009181730978594834,1.506744558653281,1826.8615492648332,456.86154926483323,0.3334755834049878
0.00834248806489431,1.6059417095400434,1557.3510470231467,187.35104702314675,0.13675258906799032
0.007570007261037929,1.561110852862376,1453.7283369104066,83.7283369104066,0.0611155743871581
0.009598848528853498,1.5400952223252968,1868.4964102997899,498.4964102997899,0.3638659929195547
0.009013313298569962,1.6987788156193495,1590.6269395743686,220.62693957436863,0.1610415617331158
0.006907675989924782,1.552079642027112,1334.254446751489,35.74555324851099,0.026091644706942325
0.00884992478295907,1.7318094431792366,1532.0049871813897,162.00498718138965,0.11825181546086835
0.005579692278538248,1.5996679956587372,1045.6855219996885,324.3144780003115,0.23672589635059235
0.008836412440944857,1.7609864375527309,1504.3215263225525,134.32152632255247,0.09804490972449086
0.008696136006564763,1.7197018797118764,1515.981356575097,145.98135657509692,0.10655573472634812
0.0069924790563562645,1.7376140189827831,1206.420103036321,163.57989696367895,0.11940138464502113
0.005814213787028874,1.7024098143854314,1023.8765236325409,346.12347636745915,0.2526448732609191
0.008088782732729602,1.6975411231993438,1428.5109353360856,58.510935336085595,0.04270871192415007
0.006982663263601831,1.6020965464162507,1306.6314810203758,63.36851897962424,0.04625439341578412
0.006205110108389423,1.7621856344527154,1055.6465648027204,314.3534351972796,0.22945506218779535
0.009464867956725898,1.5095741969854224,1879.6664881121412,509.6664881121412,0.37201933438842427
0.00793855026753214,1.66264907925814,1431.4009656938051,61.40096569380512,0.04481822313416432
0.005370580833078252,1.6255012765627264,990.500377976225,379.49962202377503,0.27700702337501826
0.007479809987194925,1.5684557636995673,1429.6805006122174,59.68050061221743,0.043562409205998125
0.009217399966506862,1.7057112278241895,1620.032129267914,250.0321292679139,0.18250520384519262
0.009053630586936366,1.6844093411885288,1611.3720703819379,241.37207038193787,0.1761839929795167
0.006366623597340107,1.7337793099073981,1100.87006258561,269.12993741439004,0.19644520979152558
0.005769543680315497,1.5579022550054729,1110.2530187005043,259.7469812994957,0.18959633671496037
0.009741632348624898,1.5172149116521594,1924.8874264927638,554.8874264927638,0.4050273186078568
0.006022073603581993,1.6707601013931082,1080.569404529958,289.4305954700419,0.21126320837229337
0.00709124009414459,1.5088360929481932,1408.9670230103332,38.96702301033315,0.02844308248929427
0.008976428766094098,1.79191175241426,1501.784694599808,131.78469459980806,0.09619320773708617
0.006490192870796603,1.6979881572091124,1145.8918988152693,224.10810118473069,0.16358255560929247
0.0072263966638669,1.68940470023697,1282.3565709505706,87.64342904942941,0.06397330587549592
0.00843404757949278,1.7557988733376482,1440.0646299189507,70.06462991895069,0.051142065634270574
0.007931150228101055,1.6809311037219565,1414.5130733704195,44.513073370419534,0.032491294430963165
0.006849112461341614,1.7244129635761831,1190.7311666491767,179.26883335082334,0.13085316302979805
0.005974017462509641,1.6392727976891432,1092.5365087161717,277.46349128382826,0.20252809582761186
0.006152447588477541,1.5712344368124698,1173.8906315009658,196.1093684990342,0.14314552445184978
0.007133866618201945,1.5051681645396002,1420.8906744776164,50.89067447761636,0.037146477720887854
0.009393814746186408,1.664683614692854,1691.7297604779255,321.72976047792554,0.23483924122476316
0.007307314197950582,1.7241201218578297,1270.6061816744725,99.39381832552749,0.07255023235439963
0.0070452128502285225,1.65709301944968,1274.5824481263114,95.41755187368858,0.06964784808298437
0.005702238098532279,1.7652548443957008,968.4086017877189,401.5913982122811,0.29313240745421976
0.005874276268297179,1.6746169558452804,1051.6218143479643,318.37818565203565,0.2323928362423618
0.006506697419676663,1.6137086631123463,1208.804821773036,161.1951782269639,0.11766071403428022
0.0071460065945361355,1.6763681540403155,1277.9525050609357,92.04749493906434,0.06718795251026594
0.008244884010717223,1.5402932883786569,1604.7294772670416,234.7294772670416,0.17133538486645372
0.009542695209498514,1.6044537554430736,1783.0542283285442,413.05422832854424,0.3014994367361637
0.007738684136568134,1.69472559617924,1368.9526754170752,1.0473245829248299,0.0007644704984852773
0.008861786097811537,1.7666844589639887,1503.7754042909717,133.77540429097166,0.09764628050435888
0.0065342339491245,1.710864089586477,1144.9851970582645,225.01480294173552,0.164244381709296
0.005554405555784936,1.6905218522654761,985.0028806584911,384.9971193415089,0.28101979513978753
0.008318176153657193,1.5972221850464703,1561.289655583717,191.28965558371692,0.1396274858275306
0.005561443984758967,1.5459766796345258,1078.4632033481614,291.5367966518386,0.2128005814976924
0.009213047662218685,1.5311014997101748,1803.9314864824557,433.93148648245574,0.31673831130106256
0.007869696641601275,1.7516532162917062,1346.8851471038527,23.11485289614734,0.016872155398647695
0.00988802447379274,1.5824768900172943,1873.2375685625877,503.23756856258774,0.3673266923814509
0.007464762086802334,1.6118502438639208,1388.3916219307357,18.39162193073571,0.01342454155528154
0.009024189608900232,1.5490514927321497,1746.4777620391562,376.47776203915623,0.2748012861599681
0.005615306636266045,1.6143553679015863,1042.78562972049,327.2143702795099,0.2388426060434379
0.009745676638461011,1.6893096327597488,1729.5114511034822,359.51145110348216,0.2624171175937826
0.009926328814335646,1.7062211026221437,1744.1107190578055,374.11071905780545,0.27307351756044196
0.0053637643625322525,1.6578701170856278,969.9288779045494,400.0711220954506,0.29202271685799314
0.005394513510454702,1.635341377786126,988.927747430194,381.072252569806,0.2781549288830701
0.007094977526222422,1.539999477023233,1381.1827755633,11.182775563300083,0.00816260990021904
0.0070368468726441065,1.5805200614644193,1334.746500189919,35.25349981008094,0.025732481613197765
0.008446838395971528,1.6582941050050921,1527.0502605141357,157.05026051413574,0.11463522665265383
0.009409319777103051,1.661676202411459,1697.588916536248,327.588916536248,0.2391159974717139
0.006191487967849677,1.7733470124804036,1046.6994804151966,323.3005195848034,0.2359857807188346
0.008196283683920782,1.7241681399055844,1425.141768483474,55.141768483473925,0.04024946604633133
0.008393339694130742,1.5393995132522516,1634.5723875255635,264.5723875255635,0.1931185310405573
0.006271097221561365,1.6541343099967927,1136.562877057122,233.43712294287798,0.1703920605422467
0.0057158720456729996,1.6956187756223198,1010.5899715323019,359.4100284676981,0.2623430864727723
0.009966131263988293,1.567313976964894,1906.3002259237935,536.3002259237935,0.391460018922477
0.00828918152001498,1.649255376789397,1506.7612558165972,136.7612558165972,0.0998257341726987
0.007181046198163101,1.799298930673907,1196.479058625659,173.52094137434096,0.1266576214411248
0.007585400403260189,1.5451020747827504,1471.7770876900195,101.77708769001947,0.0742898450292113
0.005030377072711492,1.5033576132868947,1003.1339808748679,366.8660191251321,0.26778541541980444
0.007355287503776904,1.518667607011344,1451.969943833464,81.96994383346396,0.059832075790849606
0.006590089744489496,1.6984174489631731,1163.2353424931964,206.7646575068036,0.1509231076691997
0.00993491561243954,1.6005847346643927,1860.827925552053,490.8279255520531,0.35826855879711905
0.009731448549208141,1.7317885585651593,1684.6253349108688,314.6253349108688,0.229653529132021
0.008705611386428988,1.731598681167449,1507.206412383467,137.20641238346707,0.10015066597333362
0.006320159492975616,1.5437140985016218,1227.3879931460656,142.61200685393442,0.10409635536783535
0.005185011629499638,1.586928511637099,979.5194741083272,390.48052589167276,0.28502228167275384
0.007399541913269735,1.5771920251593208,1406.5039785051354,36.503978505135365,0.02664523978477034
0.008571639679631716,1.5831044330994746,1623.2112518414358,253.2112518414358,0.184825731271121
0.007976360204515288,1.624945514386833,1471.5894228043398,101.58942280433985,0.074152863360832
0.009843711265640421,1.6933374457235486,1742.7538755617995,372.75387556179953,0.2720831208480289
0.009842253359046944,1.623360423047352,1817.6082679338379,447.60826793383785,0.3267213634553561
0.009999851165249665,1.7660759170872609,1697.4807999243205,327.48079992432054,0.23903708023673031
0.007158627112102222,1.6255253268880043,1320.2516025703421,49.74839742965787,0.03631269885376487
0.009865916194198163,1.6710679054648543,1769.9623436055988,399.9623436055988,0.2919433165004371
0.005701415774326944,1.571806127276718,1087.437833078592,282.5621669214081,0.20624975687694022
0.008927119014520028,1.7305724455200158,1546.472647908887,176.47264790888698,0.12881215175831168
0.007422020003847639,1.756664133983213,1266.6425967457683,103.35740325423171,0.0754433600395852
0.00565731155188475,1.6809697025913553,1008.9529473355576,361.0470526644424,0.26353799464557837
0.005473990296315053,1.5588444028927886,1052.74202027802,317.25797972198006,0.23157516768027742
0.006588122624916768,1.5114622596388116,1306.7276160776814,63.27238392231857,0.046184221841108444
0.009542790232404653,1.5133209584587166,1890.4492956105626,520.4492956105626,0.3798899967960311
0.006673480834597166,1.5833274425574713,1263.5789471242972,106.4210528757028,0.07767960063919913
0.00718211375432251,1.591767267200972,1352.6748416118194,17.325158388180625,0.01264610101327053
0.006420561439243611,1.6629900308274779,1157.4548613818758,212.54513861812416,0.15514243694753588
0.005640518439235027,1.5678741708464863,1078.5207886801522,291.47921131984776,0.212758548408648
0.006027898051638984,1.6246255047808844,1112.3291910390085,257.6708089609915,0.18808088245327848
0.00511109141188374,1.6503328698301383,928.4591523581702,441.5408476418298,0.32229258951958384
0.006566178459101864,1.6262844132863816,1210.42221387518,159.57778612482002,0.11648013585753286
0.009314384715976098,1.6622334822667564,1679.8977511583917,309.89775115839166,0.22620273807181873
0.009396366803073142,1.6314610504381846,1726.6485763826897,356.6485763826897,0.26032742801656183
0.009821838916603876,1.7116900740958738,1720.2373697493365,350.2373697493365,0.2556477151455011
0.00737865134902277,1.6098703400253775,1374.0634693683974,4.063469368397364,0.002966036035326543
0.009687064104040487,1.5439511433426139,1880.9589740427575,510.9589740427575,0.37296275477573543
0.005983573211867067,1.6138753975808917,1111.5047193218466,258.49528067815345,0.18868268662638937
0.006523362143696751,1.7536449106936831,1115.1942788174867,254.80572118251325,0.18598957750548412
0.00813577823679932,1.766661247237285,1380.5957192796109,10.595719279610876,0.007734101663949544
0.00588913595513388,1.7538359245807973,1006.6611812092734,363.3388187907266,0.26521081663556684
0.00723245851299509,1.750454507266851,1238.6705886914447,131.32941130855534,0.09586088416682871
0.005476268559003592,1.571464334681803,1044.7224131906453,325.2775868093547,0.23742889548128082
0.007571973258622491,1.7096277375221431,1327.78640945705,42.21359054294999,0.030812839812372254
0.0062076148625699115,1.7146951588699009,1085.3218476418206,284.67815235817943,0.20779427179429155
0.006941996243024,1.6318120159916272,1275.366339215392,94.63366078460808,0.06907566480628327
0.0063594045533524836,1.677193713304925,1136.721123709172,233.27887629082807,0.17027655203710076
0.008413601916651234,1.5955857784488774,1580.820306432181,210.82030643218104,0.15388343535195698
0.00755895170847558,1.54513208555371,1466.6168243960276,96.6168243960276,0.07052322948615153
0.00722779377346469,1.5831902701327898,1368.652967455599,1.3470325444009177,0.000983235433869283
0.005876017015190707,1.6818060378010693,1047.4368295984277,322.5631704015723,0.23544756963618416
0.009648270636038004,1.7725755104896517,1631.7943874944121,261.79438749441215,0.1910907937915417
0.00754218494585349,1.7612674486983084,1283.785813039983,86.21418696001706,0.062930063474465
0.009559496700889847,1.6068428848162402,1783.5377934479266,413.53779344792656,0.30185240397658875
0.006791391474347698,1.7848273652285416,1140.7310213860576,229.2689786139424,0.16734961942623533
0.0057645112705208045,1.7391090666911986,993.7024859781216,376.29751402187844,0.2746697182641448
0.006374262598534837,1.7491120058106038,1092.529149650778,277.470850349222,0.20253346740819125
0.007891169834846992,1.6919951472755894,1398.179660913005,28.17966091300491,0.02056909555693789
0.007042251283935907,1.7743395064467313,1189.8589951889703,180.1410048110297,0.1314897845335983
0.009065726092970938,1.5423907165462123,1762.093274946824,392.09327494682407,0.2861994707641052
0.0064180457558456715,1.5421618137360598,1247.6522862669892,122.34771373301078,0.08930490053504436
0.005765455139528156,1.5775541731886957,1095.6453966168394,274.35460338316057,0.20025883458624857
0.008386261350398458,1.6019958182710983,1569.3785682784455,199.37856827844553,0.14553180166309893
0.006804516303354579,1.6679932265265474,1222.9921774513127,147.00782254868727,0.10730497996254545
0.005053928337555922,1.779425740526101,851.4711034942002,518.5288965057998,0.3784882456246714
0.006040551719243789,1.546698122811588,1170.8243650650754,199.17563493492457,0.14538367513498143
0.009821581032305841,1.749387750707689,1683.1236630815654,313.1236630815654,0.22855741830771195
0.005868015639810622,1.7642906939734502,997.1071310699448,372.8928689300552,0.2721845758613542
0.005744663841170326,1.7318677539404326,994.4217099774055,375.5782900225945,0.2741447372427697
0.0058889565081931316,1.7456912130133164,1011.3270511334405,358.6729488665595,0.2618050721653719
0.009723512178717642,1.6321678021185482,1785.990149215657,415.9901492156571,0.30364244468296137
0.009338494735181066,1.757363367518705,1593.0742283725178,223.07422837251784,0.16282790392154586
0.006548026311870112,1.6495225637955022,1190.0709612406263,179.92903875937373,0.13133506478786403
0.006784887492426882,1.5737711404651447,1292.4738841042185,77.52611589578146,0.05658840576334413
0.006821991962099318,1.6357670951641863,1250.2890813858296,119.7109186141704,0.08738023256508788
0.00697351385795035,1.5145730801162427,1380.3274915011332,10.327491501133181,0.00753831496433079
0.006821282146062017,1.5029460472919005,1360.640287097595,9.359712902404908,0.00683190722803278
0.007268844208185262,1.729115779664005,1260.2653319226351,109.73466807736486,0.08009829786668968
0.007288366507010707,1.6187061990782063,1349.8418126685926,20.158187331407362,0.014714005351392235
0.0059177009953874414,1.6075203656230275,1103.6140910281194,266.38590897188055,0.19444226932254055
0.007202182540602972,1.720599912907589,1254.8878973051621,115.11210269483786,0.08402343262396925
0.008551716659928254,1.6828440353635994,1523.4567813323908,153.45678133239085,0.11201224914773054
0.0050620579103723825,1.7712564107108255,856.7741939067214,513.2258060932786,0.37461737671042233
0.009225631845647446,1.661321381977099,1664.8042200710386,294.80422007103857,0.2151855620956486
0.007800835180688538,1.6242996500258513,1439.7784012539007,69.77840125390071,0.05093313960138738
0.00962000687073574,1.7142392322758186,1682.3821619844502,312.38216198445025,0.22801617663098558
0.006956936329094814,1.7801991844509397,1171.5751026434139,198.42489735658614,0.14483569150115777
0.009023821188866764,1.7108716573852465,1581.2252912631468,211.2252912631468,0.1541790447176254
0.009182874311679821,1.5118402470896362,1820.9307939136577,450.9307939136577,0.32914656490048005
0.007163076984772702,1.743584596800163,1231.6216030178432,138.3783969821568,0.10100612918405606
0.007820038882660642,1.6061148248867347,1459.66442869596,89.66442869595994,0.06544848809924084
0.009770809331442629,1.7091155706669114,1713.877631446256,343.8776314462559,0.25100557039872695
0.008357039086345237,1.5299050974990944,1637.603073153363,267.6030731533631,0.19533071033092195
0.007090480708569068,1.7345727916481426,1225.4732982429339,144.52670175706612,0.10549394288836943
0.006232591587169606,1.6723017783279934,1117.3126620099943,252.68733799000574,0.18444331240146405
0.00898163318885433,1.695014862939804,1588.555917362857,218.55591736285692,0.15952986668821673
0.009241207607017198,1.7080722083135111,1621.9714423732826,251.97144237328257,0.18392076085641063
0.009762474321448706,1.698751499401025,1722.8630403098637,352.86304030986366,0.2575642629999005
0.00626583401197215,1.5891972893024915,1182.0116938996262,187.98830610037385,0.137217741679105
0.007860588388279511,1.772638883087657,1329.3994263196141,40.60057368038588,0.029635455241157575
0.008841575204346742,1.6031286264713998,1653.4154024416641,283.4154024416641,0.20687255652676215
0.009132912774248332,1.7300076263022839,1582.6394795401325,212.63947954013247,0.15521129893440327
0.005869168802671051,1.6936211874017695,1038.9174124994374,331.08258750056257,0.24166612226318435
0.009245707559873783,1.6859786338192921,1644.0264068143772,274.0264068143772,0.20001927504699066
0.006361417056769986,1.5574464362490719,1224.507508845851,145.4924911541491,0.10619889865266358
0.006537863079361056,1.773570370839258,1105.1165912867737,264.88340871322634,0.1933455538052747
0.006775964073492234,1.7231412428754425,1178.8835844484329,191.11641555156712,0.13950103324931906
0.007127578135122669,1.6089971622514931,1328.0285502340064,41.97144976599361,0.030636094719703365
0.009512385260017612,1.5525446526168427,1836.8176101969023,466.81761019690225,0.34074278116562207
0.009154315367409755,1.7629751846826012,1556.6836840060416,186.68368400604163,0.1362654627781326
0.009485205926565425,1.5699700879664253,1811.2403676712775,441.24036767127745,0.32207326107392514
0.00886342152876398,1.5066741916790707,1763.6108331005817,393.61083310058166,0.28730717744568
0.009330302560260892,1.6480331069549876,1697.268293106386,327.26829310638595,0.23888196577108464
0.005139420632252168,1.7380335520438648,886.4958574746233,483.50414252537666,0.35292273177034794
0.006152905485454513,1.658888977709206,1111.945816816102,258.054183183898,0.18836071765248028
0.005264421250912451,1.6686253681673182,945.8287143817555,424.1712856182445,0.3096140770936091
0.0064902073833744585,1.680959583318774,1157.5026810282297,212.49731897177026,0.15510753209618267
0.008297416757277035,1.5078162349390636,1649.738812379216,279.7388123792159,0.20418891414541307
0.006557997200238634,1.7718908291396283,1109.5706732515239,260.4293267484761,0.1900943990864789
0.0058222755750922985,1.5420764261751643,1131.8987024136088,238.10129758639118,0.17379656758130743
0.008222368230787666,1.7914985888096957,1375.9452549313694,5.945254931369391,0.004339602139685686
0.00902861970418293,1.5715748359851234,1722.2928437687553,352.29284376875535,0.2571480611450769
0.009827675407348226,1.5625065486899063,1885.6003958929891,515.6003958929891,0.3763506539364884
0.00581417238574432,1.5186885965097512,1147.7303739317451,222.26962606825487,0.1622406029695291
0.007106571570704264,1.7143807503984534,1242.7207658737336,127.27923412626637,0.09290455045712874
0.008999170354984027,1.739219007888265,1551.203953294603,181.20395329460302,0.1322656593391263
0.008295036080271611,1.5609525749124524,1593.1228761660395,223.12287616603953,0.16286341325988288
0.007117479302871333,1.534162223526826,1390.8350644084367,20.835064408436665,0.015208076210537711
0.0076459418315471435,1.7340185905495082,1321.897993422404,48.10200657759606,0.0351109537062745
0.009479898986552932,1.560877128940403,1820.7725426149957,450.7725426149957,0.3290310530036465
0.008088774415139447,1.5538189041261503,1560.6410487623286,190.64104876232864,0.13915405019148075
0.005829977730778948,1.608134219862159,1086.8392279751959,283.16077202480415,0.20668669490861616
0.008507818806787297,1.7014379179088095,1499.0731577442675,129.07315774426752,0.09421398375493979
0.00993627876092527,1.5079105645402815,1975.4629373653456,605.4629373653456,0.44194374990171215
0.008366612667197435,1.6948603746263988,1479.91387030094,109.91387030094006,0.0802291024094453
0.0050722357757548965,1.625461195817645,935.4994352874667,434.50056471253333,0.3171536968704623
0.009861414884676921,1.664457512751084,1776.1809989061587,406.1809989061587,0.2964824809534005
0.005364514148755371,1.5582674840494117,1032.0698462191322,337.93015378086784,0.24666434582545096
0.008681074031579063,1.5531479016000944,1675.6424287254745,305.6424287254745,0.22309666330326605
0.007505431566798308,1.646938360888312,1366.214930197892,3.785069802107955,0.0027628246730715
0.006604706147911975,1.706237981923668,1160.4718166090056,209.5281833909944,0.15294027984744116
0.007201595382965848,1.6024820519697578,1347.2749842826493,22.725015717350743,0.016587602713394704
0.007185984014978603,1.5958435527585766,1349.9467458919844,20.053254108015608,0.014637411757675627
0.008078088043641738,1.6373746178293314,1479.0444679998052,109.04446799980519,0.07959450218963883
0.009948067510677934,1.7781902910928327,1677.1858593059774,307.1858593059774,0.2242232549678667
0.007826747466010206,1.606630494783903,1460.4477311978756,90.44773119787556,0.06602024175027413
0.00833905621110111,1.5214247501174063,1643.1875179717222,273.1875179717222,0.19940694742461473
0.009835187974848652,1.5072172602661182,1956.2642066289245,586.2642066289245,0.42793007783133175
0.008290832122204397,1.5200355404951433,1635.1781748283101,265.17817482831015,0.19356071155351107
0.009084125780185252,1.7988854205250537,1513.9109836289738,143.91098362897378,0.10504451359779109
0.008124458597729551,1.7482293056904308,1393.2104930426501,23.210493042650114,0.01694196572456213
0.007444284348865299,1.6293898209077065,1369.6785596426466,0.3214403573533673,0.0002346279980681513
0.005739558706850291,1.5251481849770514,1128.2027736785726,241.7972263214274,0.17649432578206378
0.009163001664736032,1.551711599352098,1770.302415008233,400.3024150082331,0.29219154380163
0.006544873252349468,1.518499865688599,1292.1329029756218,77.86709702437815,0.05683729709808624
0.006402681021721072,1.5677501223221915,1224.3503948502555,145.6496051497445,0.10631358040127335
0.007834902187616156,1.6912097959799146,1388.8546474827303,18.854647482730343,0.013762516410752075
0.007373425528542246,1.6242609908327312,1360.924984074354,9.075015925646085,0.0066240992158000615
0.007548133528156323,1.5922058756147552,1421.2191641639897,51.21916416398972,0.037386251214591035
0.006419372784752929,1.6848463850099227,1142.2284922123933,227.77150778760665,0.16625657502745012
0.00507510236227064,1.5212428144768968,1000.1542142435069,369.8457857564931,0.269960427559484
0.00945706177977551,1.5455190808728,1834.4359713861695,464.4359713861695,0.3390043586760361
0.007874765509953415,1.6200750094841467,1457.213582446572,87.21358244657199,0.06365954923107445
0.00574455429480909,1.7841045682849703,965.2876197782346,404.71238022176544,0.29541049651223755
0.008044112232436921,1.5537458280448357,1552.09696146038,182.09696146038004,0.13291749011706572
0.009760596477621272,1.5846827621703372,1846.5230262015632,476.5230262015632,0.3478270264244987
0.007108697534887231,1.630039495234454,1307.4124359519617,62.5875640480383,0.045684353319735985
0.006888629004044793,1.6230653924991008,1272.3818959585294,97.61810404147059,0.07125409054121941
0.00730528707497558,1.5343428695287127,1427.3667327533246,57.36673275332464,0.04187352755717127
0.007925595697052033,1.5159973463123833,1567.3073708955237,197.30737089552372,0.14401997875585673
0.009537149134909523,1.5685740023289945,1822.7800392087686,452.7800392087686,0.3304963789845026
0.006695311154875677,1.6387325308672036,1224.8513716468435,145.14862835315648,0.10594790390741349
0.009330368264061528,1.68673693159816,1658.3344939734702,288.3344939734702,0.21046313428720453
0.007323816155847934,1.6757037274360451,1310.2703129157785,59.729687084221496,0.04359831174030766
0.005303639030318889,1.7074614891860036,931.2016647602582,438.79833523974185,0.3202907556494466
0.009593053331492792,1.6467856566577102,1746.3869850617016,376.3869850617016,0.2747350255924829
0.00868507562274786,1.7223100420074935,1511.7604295128028,141.76042951280283,0.1034747660677393
0.007054424014710137,1.710786231726758,1236.1936727825853,133.80632721741472,0.0976688519835144
0.009919254610128133,1.5794644136307014,1882.7380315979926,512.7380315979926,0.37426133693284136
0.00777039733748275,1.777099799292177,1310.847324595083,59.15267540491709,0.04317713533205627
0.009566366971320128,1.687441268828524,1699.570065898105,329.570065898105,0.240562091896427
0.005094087439696458,1.779394024000772,858.2522893832453,511.7477106167547,0.37353847490274067
0.005248282662859483,1.5778624948021913,997.1689960060039,372.8310039939961,0.2721394189737198
0.006656127499326271,1.6745776150065805,1191.617997220496,178.3820027795041,0.1302058414448935
0.005537717536760549,1.7483503612387372,949.5613630204494,420.43863697955055,0.30688951604346754
0.00714136619965108,1.6918863815565677,1265.4086880833108,104.59131191668916,0.0763440232968534
0.009459905927162877,1.7668392509523119,1605.1309980941064,235.13099809410642,0.17162846576212148
0.008395578798555035,1.6383379488506253,1536.2710764999686,166.27107649996856,0.12136574927005005
0.005445404435435669,1.7688219986269689,922.9256430384555,447.0743569615445,0.32633164741718573
0.0077156021878492815,1.610939775374224,1435.8571190584587,65.8571190584587,0.048070889823692474
0.007887100758740497,1.7433190927788909,1356.3170005712618,13.682999428738185,0.009987590823896485
0.008524649432412618,1.6467172113054747,1551.951719084329,181.95171908432894,0.1328114737841817
0.008961302380289927,1.6111086050608934,1667.50451150798,297.50451150797994,0.21715657774305105
0.006036886490435227,1.65410714327249,1094.1328964059915,275.86710359400854,0.20136284933869236
0.0056141880582121825,1.7560254079235285,958.4663354250126,411.53366457498737,0.3003895361861222
0.008759038917027073,1.559134407403299,1684.1997676304043,314.19976763040427,0.22934289608058706
0.007679577166612318,1.7019569460762864,1352.724768089514,17.2752319104859,0.012609658328821825
0.006383174643373359,1.6905299991944887,1131.9690375751904,238.03096242480956,0.17374522804730624
0.009364385464360893,1.796214041563152,1562.938531299484,192.9385312994841,0.14083104474414898
0.009853312124978895,1.5628919646714268,1890.0530095243319,520.0530095243319,0.37960073687907436
0.007429868958695131,1.7925450701885872,1242.6012125378666,127.39878746213344,0.09299181566579083
0.005617843852379991,1.5428627695815915,1091.5988449328652,278.4011550671348,0.20321252194681375
0.009829280576767333,1.608229984610476,1832.2902897463744,462.29028974637436,0.3374381676980835
0.007539061036743607,1.56956770863772,1439.9847975842065,69.98479758420649,0.05108379385708503
0.005413616520703149,1.6962545870220083,956.7911655645518,413.20883443544824,0.3016122879090863
0.009927826057140206,1.5076743554585859,1974.0916634223843,604.0916634223843,0.4409428200163389
0.00685442710334527,1.555555417603412,1321.0108275406972,48.989172459302836,0.035758520043286744
0.007520661912955985,1.7889628363639072,1260.3043924907017,109.69560750929827,0.08006978650313742
0.008346536656531837,1.6389857377267698,1526.6934192601987,156.69341926019865,0.1143747585840866
0.00892899154448477,1.670068938533529,1602.8346260561054,232.83462605610544,0.1699522817927777
0.00651164940392625,1.6169358447849442,1207.3103498407038,162.6896501592962,0.1187515694593403
0.0072973341008905745,1.6451481689144072,1329.7803616052438,40.2196383947562,0.029357400288143213
0.0052853014709633404,1.7200136666505919,921.2098426732988,448.7901573267012,0.3275840564428476
0.00567606634014516,1.5352678280608079,1108.3680962900917,261.63190370990833,0.19097219248898417
0.008292536509737613,1.6052535197980544,1548.6898939313528,178.6898939313528,0.13043057951193635
0.00853598793667523,1.5820872016337337,1617.4992139192154,247.49921391921544,0.18065636052497477
0.0057623367323129775,1.5790146891721977,1094.039912769554,275.9600872304461,0.20143072060616504
0.007425547611189924,1.734437721790031,1283.4840607924389,86.51593920756113,0.06315032058946068
0.009696842210602625,1.5102075384292062,1924.9275925204154,554.9275925204154,0.4050566368762156
0.008557948128416329,1.7584709893252164,1458.9995060646065,88.99950606460652,0.06496314311285148
0.006234644266611166,1.677024162765496,1114.5333328774054,255.46666712259457,0.1864720197975143
0.007472482729334045,1.5888560660399331,1409.9414117309343,39.941411730934306,0.029154315132068835
0.006792419238003446,1.5290012678600668,1331.7948793969883,38.205120603011665,0.02788694934526399
0.009068550903646368,1.7432395085933412,1559.5580254465615,189.5580254465615,0.13836352222376752
0.0076593137933267975,1.6958904123098788,1353.9816559061803,16.018344093819678,0.011692221966291735
0.008806064239594336,1.5048016388239815,1754.3785011804403,384.37850118044025,0.2805682490368177
0.007882479977680684,1.5160604251230487,1558.7162678247994,188.7162678247994,0.13774910060204335
0.009881724629896522,1.6316907610826366,1815.5808604996969,445.5808604996969,0.3252415040143773
0.009010103005513193,1.7625439796765219,1532.535334154742,162.53533415474203,0.1186389300399577
0.005645434854845838,1.7881452697718185,946.4884202775527,423.5115797224473,0.3091325399433922
0.006268068605436045,1.7532318929959534,1071.803280355134,298.1967196448661,0.21766183915683657
0.007938245053636014,1.7756645966039775,1340.24522502019,29.75477497981001,0.021718813853875918
0.007626117068884261,1.6293454719419735,1403.172267911755,33.17226791175494,0.02421333424215689
0.005134927867562613,1.6794690576899478,916.6067335510804,453.3932664489196,0.3309439901087004
0.007701093044991846,1.520659368518074,1518.2424552414607,148.24245524146068,0.10820617170909538
0.006376433038735594,1.7155369420921884,1114.290509899278,255.70949010072195,0.1866492628472423
0.006533884991051301,1.6390021603233629,1195.1231604051816,174.87683959481842,0.12764732817140031
0.0057266880535533,1.5194142699992859,1129.920866002388,240.07913399761196,0.17524024379387734
0.005185364939118165,1.6170327171436503,961.3493185661727,408.65068143382734,0.298285168929801
0.0091574987579928,1.5615480879109158,1758.094472430507,388.09447243050704,0.28328063681058907
0.006557885546283729,1.6679497871570796,1178.6953314428058,191.3046685571942,0.1396384442023315
0.009858295696942897,1.5845604479688664,1865.1498606226746,495.1498606226746,0.3614232559289596
0.009717671157927363,1.689889349340866,1723.9498690296286,353.94986902962864,0.25835756863476544
0.008046399896478191,1.6341748402621818,1476.127243905633,106.1272439056329,0.07746514153695831
0.007507656662380887,1.5855270583836425,1419.552465367413,49.552465367413106,0.03616968274993657
0.005668851233112697,1.5375303664575146,1105.3302635750879,264.6697364249121,0.1931895886313227
0.006022828773007044,1.5070725847891628,1198.0833970418923,171.91660295810766,0.12548657150226836
0.0073429206826649916,1.741915813789273,1263.7535195036025,106.24648049639745,0.07755217554481567
0.006233067785352072,1.5432214648097653,1210.861016945265,159.13898305473504,0.116159841645792
0.007865463162750124,1.7512381315624337,1346.4796662265046,23.520333773495395,0.017168126841967443
0.009435206295986934,1.503267876650759,1881.6364875121608,511.6364875121608,0.3734572901548619
0.006479881977603234,1.593337316488932,1219.214365666348,150.78563433365207,0.11006250681288472
0.009695822178252739,1.718216671205329,1691.7158422809555,321.7158422809555,0.2348290819569018
0.007613644824236472,1.6963329345023848,1345.5573783730135,24.442621626986465,0.017841329654734648
0.006802823997333412,1.548168351559321,1317.3214175627877,52.6785824372123,0.03845152002716226
0.008882006175299067,1.6208904748993362,1642.7750699376859,272.7750699376859,0.19910589046546415
0.009845063922861424,1.6452041187227988,1793.9876754581867,423.9876754581867,0.30948005507896836
0.00650641639784511,1.740049676847693,1120.9878606541793,249.01213934582074,0.18176068565388376
0.008027687200121845,1.694453957407126,1420.3042031678071,50.304203167807145,0.03671839647285193
0.008538464980403584,1.6927083624718189,1512.2317941905535,142.2317941905535,0.10381882787631642
0.007142914768710465,1.5619255561398793,1370.9949026561917,0.994902656191698,0.0007262063183881008
0.006402057574887337,1.5721280870734426,1220.8220134313606,149.17798656863943,0.10888904129097768
0.009635674155124736,1.5852256754535006,1822.2657405706727,452.26574057067273,0.3301209785187392
0.00855727747716635,1.6615120917077626,1544.0196080853796,174.01960808537956,0.12702161174115295
0.008229838495210943,1.6319564491894203,1511.8317113473033,141.83171134730333,0.10352679660387104
0.006925013830504118,1.671129351310879,1242.3137181465347,127.68628185346529,0.09320166558647101
0.006995385841368263,1.7356565256616292,1208.2827938798284,161.71720612017157,0.11804175629209604
0.009767630379913747,1.7230556672799462,1699.45868612152,329.45868612152003,0.2404807927894307
0.008232237891749277,1.6959841349675426,1455.1803767052838,85.18037670528383,0.062175457449112286
0.007807604414186323,1.6918445360596193,1383.4964552192664,13.496455219266409,0.009851427167347743
0.005514163616897967,1.690719031351349,977.7524437059935,392.2475562940065,0.28631208488613613
0.005777329315039652,1.6244659659779852,1066.1963945723353,303.8036054276647,0.22175445651654357
0.006484097150917824,1.6202743597602047,1199.7248559016507,170.2751440983493,0.12428842634916007
0.007898417957065296,1.7423144254442045,1359.0463920174734,10.953607982526592,0.007995334293815031
0.006529566298641138,1.6545578984398328,1183.1044003896325,186.89559961036753,0.1364201457009982
0.007678129831236809,1.6243629932025831,1417.0757549772202,47.075754977220186,0.03436186494687605
0.006050515958173845,1.7998573864187002,1007.8015430313629,362.19845696863706,0.2643784357435307
0.006932834083924741,1.7072997495312359,1217.3675838098345,152.6324161901655,0.11141052276654415
0.008726258415583278,1.5973318669552554,1637.7726593143702,267.77265931437023,0.1954544958499053
0.009979323508567953,1.5140594272989942,1975.9633405855536,605.9633405855536,0.44230900772668147
0.00851737978499511,1.7216373123687843,1483.1499080081703,113.14990800817031,0.08259117372859147
0.007378393297475442,1.5420374317910304,1434.4571779763683,64.45717797636826,0.047049035019246906
0.00825302317441709,1.7767113696723633,1392.5695223336802,22.569522333680197,0.016474103893197225
0.009778043844448681,1.5069819736338224,1945.201634688783,575.2016346887831,0.41985520780203145
0.0052512206035482,1.7653079265608356,891.7856814391333,478.2143185608667,0.3490615463947932
0.00514311908101115,1.601612949968234,962.6972054100928,407.3027945899072,0.29730130991964027
0.007356367167823737,1.5845023517829724,1391.8460851198822,21.84608511988222,0.015946047532760743
0.007109949841512966,1.6455775200116565,1295.295611007608,74.70438899239207,0.054528751089337274
0.009708597128718216,1.6338115453286406,1781.4564998466315,411.45649984663146,0.30033321156688425
0.009393367370867422,1.7061824752519403,1650.5038199935286,280.5038199935286,0.2047473138638895
0.00942553526321967,1.5878153434520947,1779.6177598226836,409.61775982268364,0.2989910655640027
0.009554191438290716,1.7440219171818543,1642.338612416109,272.3386124161091,0.19878730833292632
0.006336681922480886,1.5400449475368911,1233.5285746971383,136.4714253028617,0.09961417905318372
0.008030659725360687,1.562809330988735,1540.515001215359,170.515001215359,0.1244635045367584
0.006318068430005081,1.6603692998244712,1140.7758892215504,229.22411077844959,0.16731686918135005
0.0062709232544765365,1.632846863970584,1151.3483216774873,218.65167832251268,0.15959976519891436
0.0060000039793358835,1.6246510289411193,1107.164498056694,262.8355019433061,0.1918507313454789
0.005335059538333259,1.7468411935151835,915.6016119328885,454.39838806711145,0.33167765552343903
0.006186015094247349,1.6560748269772096,1119.8290319493128,250.17096805068718,0.1826065460223994
0.007299670692602473,1.7310169144577114,1264.2200092027579,105.77999079724214,0.07721167211477528
0.00543478237437333,1.7995327375804429,905.405460363637,464.59453963636304,0.3391201019243526
0.009920464852660304,1.5845320919747323,1876.9456028973038,506.94560289730384,0.37003328678635317
0.008156512373923227,1.657827112830611,1474.979432029415,104.97943202941497,0.076627322649208
0.005020824256684034,1.677615288070965,897.2290940601262,472.77090593987384,0.34508825251085684
0.007975608575274289,1.5382999197072913,1554.3310301168858,184.3310301168858,0.1345481971656101
0.009845738324531464,1.506836556087563,1958.8575026345231,588.8575026345231,0.4298229946237395
0.0073542539720985465,1.7520345072457681,1258.3940932291314,111.60590677086861,0.08146416552618146
0.008201349763330633,1.577983874466019,1558.1292332905618,188.12923329056184,0.13732060824128603
0.007406712135175577,1.7619846556078296,1260.213265555777,109.78673444422293,0.08013630251403134
0.008692622340818662,1.7684446564413376,1473.601454548083,103.60145454808298,0.07562149967013357
0.005579514789456572,1.7127361751915482,976.622364498997,393.37763550100306,0.28713696021971025
0.008223935613495919,1.6950514150044569,1454.5127364158432,84.51273641584316,0.06168812877068844
0.008545123238801314,1.5868661308806602,1614.3538826753265,244.35388267532653,0.17836049830315806
0.008336106824625558,1.7817371110806997,1402.621037392693,32.6210373926931,0.023810976199046055
0.009332917137417539,1.6044504398730335,1743.8607634138823,373.8607634138823,0.27289106818531556
0.008158180358694834,1.6327545348282384,1497.9354767480304,127.9354767480304,0.09338355967009518
0.009863656393292043,1.5135846754383533,1953.6731859127983,583.6731859127983,0.42603882183415936
0.008224149457830827,1.5987756899036203,1542.1412750347124,172.1412750347124,0.12565056571876818
0.00713124664899477,1.5117974942878998,1414.140431892576,44.14043189257609,0.03221929335224532
0.008811960783882408,1.6975205452747055,1556.2458967306368,186.2458967306368,0.13594591002236261
0.007024662495319162,1.543297532809475,1364.5721523693578,5.427847630642191,0.0039619325771110886
0.008385277281291334,1.5641164093876223,1607.196799472296,237.1967994722961,0.17313634997977817
0.008632801518201302,1.5270333378757028,1694.821404598805,324.821404598805,0.23709591576555109
0.007243961128489713,1.6355780194416267,1327.7782450926925,42.22175490730751,0.030818799202414243
0.007836746267719037,1.7252010915009224,1361.8107697102394,8.189230289760644,0.005977540357489521
0.00501527926085761,1.7910578969792499,839.471967770981,530.528032229019,0.3872467388532985
0.007740789133275034,1.541317687659513,1505.6144620309153,135.61446203091532,0.09898865841672651
0.006961755043735959,1.727835954985649,1207.916556275642,162.08344372435795,0.11830908301048025
0.007414279294998919,1.5050382549178387,1476.8694462637259,106.86944626372588,0.07800689508301159
0.005441655231447322,1.5234677044492273,1070.8249296390125,299.17507036098755,0.2183759637671442
0.00902687785192043,1.626806338951607,1663.498496715341,293.49849671534093,0.21423247935426346
0.007340137470374042,1.5171701306810286,1450.409423308094,80.40942330809389,0.05869300971393715
0.005959854399906841,1.5876164421883752,1125.40998719273,244.5900128072701,0.1785328560637008
0.00805661084637306,1.6518637458318628,1462.1733631954687,92.17336319546871,0.06727982714997716
0.005801210494911298,1.77226365051281,981.3207832489388,388.6792167510612,0.2837074574825264
0.005984944026442994,1.5721240934256469,1141.284640431993,228.715359568007,0.1669455179328518
0.006885373690466305,1.6760444648179589,1231.5801556837712,138.41984431622882,0.10103638271257578
0.006798880818343936,1.7443790249197182,1168.4692163013062,201.53078369869377,0.14710276182386406
0.007761244532184327,1.6851304700407963,1380.761084562354,10.761084562353972,0.00785480624989341
0.009867608450904267,1.6416887054394431,1801.946119429694,431.9461194296939,0.31528913826984956
0.005320395264710593,1.5059417512486994,1059.1474554819881,310.8525445180119,0.22689966753139554
0.0064912423588228355,1.66346255774427,1169.8643249681038,200.1356750318962,0.14608443432985124
0.007166245771216572,1.6490552216997263,1302.7983575775718,67.20164242242822,0.0490522937389987
0.009088713761711609,1.6261932381534887,1675.5252541671036,305.52525416710364,0.2230111344285428
0.0060221751679589534,1.5516386792919759,1163.545817852901,206.4541821470989,0.15069648331905028
0.006459646175157378,1.5771360579439693,1227.8922892583616,142.10771074163836,0.10372825601579443
0.008907814783214237,1.7812027605454825,1499.2654112273608,129.2654112273608,0.09435431476449693
0.006291609197994541,1.601717414664926,1177.5966028544267,192.4033971455733,0.14044043587268124
0.007596239159431021,1.6591147409951517,1372.5965738787527,2.596573878752679,0.0018953094005494007
0.005007761817787135,1.7296961983134338,867.9496583832512,502.0503416167488,0.36646010336988966
0.006833984364908946,1.649258904104824,1242.2409638598533,127.75903614014669,0.09325477090521657
0.007090294150316762,1.7069646884174172,1245.2610916264543,124.73890837354566,0.09105029808288004
0.00917340658735042,1.6575477107767997,1659.1486876515596,289.1486876515596,0.2110574362420143
0.009132364594058359,1.715146816766516,1596.2563684002264,226.2563684002264,0.1651506338687784
0.008327956786529764,1.5852211137383267,1574.9592366101074,204.95923661010738,0.14960528219715868
0.008926360051696976,1.5771975904711326,1696.7153875069423,326.7153875069423,0.23847838504156374
0.007217801872127876,1.594245345462346,1357.2832881470217,12.716711852978278,0.00928227142553159
0.006484769164917351,1.5702060657735706,1238.108124716367,131.891875283633,0.0962714418128708
0.009668102884394642,1.6264585492990562,1782.0462311558285,412.04623115582854,0.3007636723765172
0.00520669192200414,1.7411670532381034,896.4831757202504,473.5168242797496,0.345632718452372
0.007579056917860722,1.6163111197295335,1405.7591233472308,35.7591233472308,0.026101549888489634
0.00735479363269574,1.5680927805898524,1406.110460121631,36.11046012163092,0.026358000088781693
0.005723903086833732,1.704717072289536,1006.6086646571827,363.39133534281734,0.26524914988526815
0.0050659335673150325,1.6229791768137243,935.7659653968515,434.23403460314853,0.3169591493453639
0.008713173992098385,1.6686769379453004,1565.398183838551,195.39818383855095,0.1426264115609861
0.009517920230730337,1.5759999941623928,1810.5334464389325,440.5334464389325,0.3215572601744033
0.008453193071190161,1.5252753253562732,1661.4728414155188,291.4728414155188,0.2127538988434444
0.009167051256508267,1.6462853542906521,1669.3417223436004,299.3417223436004,0.21849760755007328
0.009834205356317504,1.5376037192669363,1917.4125031726483,547.4125031726483,0.39957117019901334
0.006939503047111009,1.7096190156604951,1216.8855497832376,153.1144502167624,0.11176237242099446
0.0065933761231077295,1.5975716129492485,1237.2806442247233,132.71935577527665,0.09687544217173479
0.007058876658607849,1.7372112855105062,1218.158091565124,151.8419084348759,0.11083350980647876
0.008556738444739406,1.5662443382825382,1637.832353555026,267.832353555026,0.19549806828834013
0.009167094012112055,1.5536180253856926,1768.9197741677174,398.9197741677174,0.2911823169107426
0.00870897776768117,1.6098798615637835,1621.7892489843084,251.78924898430841,0.18378777298124702
0.009989348181032007,1.5021393026333574,1993.6441578749964,623.6441578749964,0.4552147137773696
0.00884496222740393,1.7329069457917994,1530.1762010417624,160.1762010417624,0.11691693506697985
0.00583852698114273,1.7426553924732873,1004.4133581062723,365.5866418937277,0.26685156342607863
0.008495497040258452,1.7131909390066096,1486.6328566432958,116.63285664329578,0.08513347200240567
0.005286054071884909,1.789453886365395,885.5881425086892,484.4118574913108,0.353585297438913
0.00986627349105295,1.5556484408364444,1901.3514258996909,531.3514258996909,0.38784775613116124
0.009806648588382556,1.6957308321236662,1733.741717352363,363.7417173523629,0.2655049031769072
0.007655437395225317,1.5606931011682705,1470.5276726486077,100.52767264860768,0.07337786324715889
0.00736711842816176,1.6103798924396813,1371.4816934342941,1.4816934342941295,0.0010815280542292916
0.005599285921536586,1.695187022839635,990.2291999913723,379.7708000086277,0.2772049635099472
0.008325455729232961,1.7804574101421131,1401.8357433428932,31.835743342893238,0.023237768863425722
0.008098724463931483,1.6499744931762097,1471.4994224140767,101.49942241407666,0.07408716964531144
0.007883264728372485,1.6218279318358093,1457.2096481951264,87.20964819512642,0.06365667751469081
0.007293426453867996,1.7057087173284513,1281.880207115266,88.1197928847339,0.06432101670418533
0.00916010173498498,1.7789208638271379,1543.7052150556258,173.70521505562579,0.12679212777782903
0.008821385531630175,1.536544918021297,1721.1243358239346,351.12433582393464,0.2562951356379085
0.007438277032954951,1.6442408784850218,1356.2120880057084,13.787911994291562,0.01006416933889895
0.009179091410903006,1.753375106470682,1569.4430507915465,199.4430507915465,0.14557886919090987
0.005800549613132298,1.670197020964232,1041.1711938439155,328.8288061560845,0.24002102639130257
0.006903360385600488,1.7005039714722439,1217.0364863465877,152.9635136534123,0.11165219974701628
0.009891339692594706,1.5065957750412595,1968.24462704651,598.24462704651,0.436674910252927
0.007135562359706497,1.6569182835365601,1291.0641401474338,78.93585985256618,0.05761741595077823
0.006679638906467996,1.5487554475796725,1292.9771252471787,77.02287475282128,0.05622107646191334
0.006624562924471528,1.5914960649648866,1247.8786759342725,122.12132406572755,0.08913965260272085
0.005916590351282183,1.5199429955919992,1166.9840050146852,203.01599498531482,0.14818685765351447
0.006175541698935738,1.714106957632354,1080.0847736845426,289.9152263154574,0.2116169535149324
0.007907939302134575,1.6734574911188842,1416.6721136828141,46.67211368281414,0.03406723626482784
0.006201570641316313,1.5516767954616955,1198.1774242281306,171.82257577186942,0.12541793851961272
0.006911556680126663,1.573012749523052,1317.2382527539883,52.76174724601174,0.03851222426716185
0.005919966940179632,1.7977450983909253,987.215285339225,382.78471466077497,0.2794049012122445
0.007653029591526684,1.7655408240609467,1299.5001424624777,70.4998575375223,0.05145975002738854
0.006268949602707983,1.6742668994993721,1122.5114771342073,247.48852286579267,0.180648556836345
0.009182298514737525,1.582886693598278,1739.0908982658634,369.0908982658634,0.26940941479260105
0.009300697056997154,1.78563665747261,1561.5040272398262,191.5040272398262,0.13978396148892425
0.009580093175897857,1.554590877605351,1847.4569241622307,477.45692416223073,0.34850870376805165
0.00533856945160154,1.628822504347469,982.5888663912508,387.4111336087492,0.28278184934945194
0.006811154520135355,1.631771632980608,1251.3593900878006,118.64060991219935,0.08659898533737179
0.007259146111355032,1.7772333710221035,1224.5084360827034,145.49156391729662,0.10619822183744279
0.009102056328661852,1.5447016569809988,1766.5080032069636,396.5080032069636,0.28942190015106833
0.006965381884178199,1.7529410103559273,1191.2374367591867,178.76256324081328,0.13048362280351333
0.008115970518503502,1.5444561340497505,1575.380936471015,205.38093647101505,0.14991309231460953
0.007724370763664298,1.767907680689334,1309.8580446459328,60.14195535406725,0.04389923748472062
0.008781939578122932,1.6341943903198088,1611.0441130676813,241.04411306768134,0.17594460807859952
0.008820665489316985,1.561263503410676,1693.7365040951286,323.73650409512857,0.23630401758768507
0.0063162988062727445,1.6090562040918956,1176.825731618028,193.17426838197207,0.14100311560727888
0.007302088628082492,1.6859238519329296,1298.463804184785,71.53619581521502,0.05221620132497447
0.006687593477848011,1.5567163433140208,1287.8968576643235,82.10314233567647,0.05992930097494632
0.005177452360813723,1.6048720112239019,967.1557348941147,402.84426510588526,0.2940469088364126
0.009100536198013452,1.7200736675427282,1586.136784372728,216.13678437272802,0.157764076184473
0.00852517371962947,1.7268693661078982,1480.0093362273653,110.00933622736534,0.08029878556741996
0.0051088433902418545,1.567724556951226,976.9526864311972,393.0473135688028,0.286895849320294
0.005730489311095253,1.5901506214070638,1080.3740557582007,289.6259442417993,0.2114057987166418
0.006786729550725561,1.708674898546426,1190.7533349521898,179.2466650478102,0.1308369817867228
0.009159774291151689,1.6807788900572782,1633.7849467968936,263.78494679689356,0.1925437567860537
0.005351795701933178,1.7754049357905883,903.6969289949227,466.3030710050773,0.3403672051131951
0.006851790083706349,1.5377058275654527,1335.8309203695324,34.16907963046765,0.0249409340368377
0.006994597148057297,1.5296911681707557,1370.8175319096908,0.8175319096908424,0.0005967386202122937
0.005966165253048387,1.786622012783252,1001.1134606246213,368.8865393753787,0.2692602477192545
0.008708253937715797,1.7629360325100896,1480.8641974144095,110.86419741440955,0.08092277183533543
0.007134399910607414,1.7140268323477423,1247.8446925048186,122.15530749518143,0.08916445802567988
0.007298924206465263,1.6622229387668468,1316.407310703613,53.59268929638711,0.039118751311231464
0.008374155203537936,1.5485187915265708,1621.2322290691752,251.23222906917522,0.18338118910158774
0.008265582054928949,1.746477683736003,1418.8324214639138,48.83242146391376,0.035644103258331214
0.005321564785450226,1.7207332686482946,927.1425249362379,442.8574750637621,0.32325363143340297
0.007805691669423393,1.6328979766341256,1433.088610220559,63.088610220559076,0.04605008045296283
0.007682594067022184,1.7720258312733845,1299.746154103025,70.25384589697501,0.051280179486843075
0.009907840755217445,1.797963763260671,1652.0332579409037,282.0332579409037,0.20586369192766693
0.00964174660536843,1.7236213967789729,1677.0057041750806,307.0057041750806,0.2240917548723216
0.0070977409248047674,1.5383394681899694,1383.2117306319064,13.211730631906448,0.009643599001391568
0.005280745535375734,1.578750455096041,1002.7725908250079,367.2274091749921,0.26804920377736646
0.00785750122741178,1.7626769155542374,1336.3876192609684,33.61238073903155,0.024534584481044928
0.0060872990431953,1.7052487596597248,1070.181891294689,299.81810870531103,0.21884533482139493
0.008801688915140087,1.7548452885926609,1503.6538956305094,133.6538956305094,0.0975575880514667
0.0073321220591259185,1.789283797455676,1228.488682224169,141.511317775831,0.10329293268308833
0.009299249356769273,1.7349714329503987,1606.8534439670402,236.85344396704022,0.17288572552338702
0.007933774333240728,1.7699805782162257,1343.7919815914424,26.208018408557564,0.0191299404442026
0.0067115810064747785,1.6742875266910497,1201.7537817854566,168.24621821454343,0.12280745855076163
0.006262212307595418,1.6539760709572384,1135.0611736029277,234.93882639707226,0.1714881944504177
0.0053986507132490575,1.5839006449102644,1021.8284665829418,348.1715334170582,0.25413980541391107
0.006850983497340325,1.5333065526723462,1339.5059055904173,30.494094409582658,0.02225846307268807
0.009870671308750066,1.6829673420851512,1758.2948520521786,388.2948520521786,0.28342689930815956
0.0077178407109163155,1.7992526219703067,1285.9508492166888,84.04915078331123,0.06134974509730747
0.006336577210779212,1.6132997490247376,1177.4985141320788,192.50148586792125,0.1405120334802345
0.0059329412135197684,1.6156158785464745,1100.9120751962391,269.08792480376087,0.1964145436523802
0.006635570854317866,1.6086774796298189,1236.6021914516261,133.39780854837386,0.09737066317399552
0.009912467308814591,1.7991178910651562,1651.7444210366923,281.7444210366923,0.2056528620705783
0.008842475045869963,1.5228904924399418,1740.7077803459088,370.70778034590876,0.27058962069044434
0.00887836567320031,1.5688362859688123,1696.5868854492178,326.5868854492178,0.23838458791913708
0.0074605293353638535,1.7411849447263452,1284.5335208095053,85.46647919049474,0.062384291379923164
0.005350506231580139,1.651352505550072,971.350095947815,398.649904052185,0.29098533142495253
0.008793902681318,1.5401238115655147,1711.775170572361,341.77517057236105,0.24947092742508106
0.00952781839719619,1.5967966135578509,1788.8114694261164,418.81146942611645,0.3057018025008149
0.007031835374307172,1.7833986769716204,1182.0639088364894,187.93609116351058,0.13717962858650407
0.005696663662568635,1.6807880594222637,1016.0809938093923,353.91900619060766,0.25833504101504207
0.006115228563024894,1.5515924295486943,1181.5599040234333,188.44009597656668,0.13754751531136253
0.007284956073704607,1.735705025028243,1258.2638502889602,111.73614971103984,0.08155923336572252
0.007553167890900111,1.5156018376455442,1494.0485762522508,124.04857625225077,0.09054640602354071
0.006189209729567533,1.7738974177524025,1045.9896831325962,324.01031686740384,0.2365038809251123
0.00736006196129598,1.5270477270966611,1444.9391641506652,74.93916415066519,0.05470011981800379
0.0075267148880508155,1.783045686584774,1265.5045094643272,104.49549053567284,0.07627408068297288
0.005061981760052287,1.7240279418273547,880.2316467033277,489.76835329667233,0.35749514839173163
0.00607722120494628,1.665381081238856,1093.9868978728127,276.01310212718727,0.20146941761108558
0.008164401831811519,1.609449622180905,1520.7845337475,150.78453374750006,0.11006170346532851
0.009898697601703522,1.7079356583903877,1737.5097653327998,367.5097653327998,0.2682553031626276
0.0060222500407254,1.522380967255942,1185.922040035686,184.077959964314,0.13436347442650656
0.008743132957084215,1.7513093553690984,1496.6660868848428,126.6660868848428,0.09245699772616263
0.005161734570246757,1.512685953221557,1022.9810695751204,347.0189304248796,0.253298489361226
0.009968577327340243,1.6936569029369253,1764.5275702204597,394.52757022045967,0.28797632862807276
0.006971086895523879,1.7918075151634567,1166.3525560947571,203.64744390524288,0.14864776927389992
0.006606460329022905,1.6134086862780244,1227.5668264103865,142.4331735896135,0.10396582013840401
0.008521265868358312,1.7333643883662293,1473.7877719724438,103.7877719724438,0.07575749779010497
0.005672291293680837,1.7813325323479248,954.6281328973332,415.3718671026668,0.3031911438705597
0.007699748648996597,1.597934963887494,1444.5685372883495,74.56853728834949,0.05442958926156897
0.0056843188894710175,1.7680856210006515,963.8198013091124,406.18019869088755,0.2964818968546624
0.008836202290472123,1.5853416340075603,1670.9501265979084,300.95012659790837,0.2196716252539477
0.005779656374609907,1.6608647264666867,1043.2501595875315,326.74984041246853,0.23850353314778724
0.0088170575027944,1.6498618843908281,1602.1264362174443,232.12643621744428,0.169435354903244
0.00703534662447283,1.5408113308849303,1368.8527694181566,1.1472305818433597,0.0008373945852871239
0.006349438327407774,1.7899763587844144,1063.4295328825879,306.57046711741214,0.22377406358935192
0.008669831487318369,1.6194191449840454,1604.9891098790094,234.98910987900945,0.1715248977219047
0.009347842509029885,1.7698870028204694,1583.3850852133876,213.38508521338758,0.15575553665210773
0.007967732496874384,1.5532858984990496,1537.8148428648149,167.81484286481486,0.12249258603271158
0.005038420067318926,1.6418158095896747,920.0059638818851,449.9940361181149,0.32846280008621526
0.007284145315845837,1.6740158867723633,1304.4869202985997,65.51307970140033,0.0478197662054017
0.009928634226556399,1.6318150491943728,1824.060674542611,454.06067454261097,0.3314311493011759
0.008781174737804157,1.692425621973852,1555.4774901738554,185.47749017385536,0.13538502932398203
0.005667782844495611,1.7069567557622842,995.431515546959,374.56848445304104,0.2734076528854314
0.00822577415006957,1.6231703615536075,1519.2644652788485,149.26446527884855,0.10895216443711572
0.006737997856561125,1.6760582302217677,1205.2092838981582,164.79071610184178,0.12028519423492101
0.006544075689828703,1.5215394870523478,1289.394427871523,80.60557212847698,0.05883618403538465
0.00791373086187105,1.7013194361732427,1394.4922843926145,24.492284392614465,0.017877579848623697
0.007282187556003064,1.6693799127585163,1307.757982677352,62.24201732264805,0.04543212943258982
0.00521537112723221,1.7261731073157935,905.7775972691805,464.22240273081945,0.33884846914658356
0.009055508618062057,1.6989098772747513,1597.950087501886,227.95008750188595,0.16638692518385836
0.009348790505364794,1.620057834903877,1729.998043617169,359.99804361716906,0.2627722946110723
0.007913952563664325,1.7280797558765448,1372.9362221206563,2.936222120656339,0.0021432278252965977
0.009241927485330835,1.5298329852379045,1811.0866899985322,441.08668999853217,0.32196108759016945
0.009458361237481054,1.6246891566649273,1745.2848456605807,375.2848456605807,0.2739305442777961
0.00584992548975685,1.7171720323032482,1021.3091692034673,348.69083079653274,0.2545188545960093
0.006592853488894836,1.6823673330364237,1174.825327297809,195.17467270219095,0.14246326474612478
0.007711231815880619,1.6708391926920705,1383.5976259127078,13.597625912707827,0.00992527438883783
0.006883644269358751,1.645146366079078,1254.3957656649493,115.6042343350507,0.08438265279930708
0.008038740095393362,1.6447177153297536,1465.268860400128,95.268860400128,0.06953931416067738
0.009284198808493425,1.6839053232963483,1652.9033686468608,282.9033686468608,0.20649880923128527
0.006839411010351537,1.705548722538471,1202.195991805975,167.80400819402507,0.12248467751388692
0.005388610203347373,1.7742089095136577,910.5267645782573,459.47323542174274,0.3353819236655057
0.008321206526189411,1.549519156239391,1609.941347266932,239.9413472669321,0.17513966953790663
0.005706896687902123,1.7761675422292293,963.2450458310605,406.75495416893955,0.2969014264006858
0.007594984228883415,1.6903509164256743,1347.0096465311738,22.990353468826243,0.01678127990425273
0.008886876178740113,1.705720590838204,1561.9313431966773,191.9313431966773,0.14009587094647977
0.008822552121651096,1.6776216456616495,1576.5977943970447,206.5977943970447,0.15080130977886474
0.006111344737151594,1.7971086365659104,1019.4904321071328,350.50956789286715,0.25584639992180086
0.008053833153484484,1.5134344267794821,1595.3637598577045,225.3637598577045,0.16449909478664562
0.006215636866949465,1.6500126869546385,1129.3252888966588,240.67471110334122,0.17567497160827827
0.005585665855407202,1.6989480185967674,985.633743957788,384.36625604221194,0.28055931097971676
0.006302523101999455,1.7319457651339643,1090.9399880683068,279.0600119316932,0.20369343936619944
0.008769229856285882,1.7764692627314838,1479.8730428584406,109.87304285844061,0.08019930135652599
0.009619698475988443,1.5166385236747368,1901.5164169428167,531.5164169428167,0.38796818754950124
0.007561675103877326,1.5962473036284053,1420.164131733133,50.16413173313299,0.03661615454973211
0.005683148415569428,1.7600159345136854,968.0395496834725,401.9604503165275,0.29340178855220983
0.008708157335549336,1.7007763174984267,1534.9695697285488,164.96956972854878,0.12041574432740787
0.00663641970062661,1.6334051876671487,1218.0373794526606,151.96262054733938,0.110921620837474
0.007285820296992278,1.7065435824415274,1279.916902126023,90.08309787397707,0.06575408603939932
0.005407109338333422,1.580202611799533,1025.8245285189887,344.1754714810113,0.2512229718839499
0.0054188929905845855,1.5036253391239303,1080.4175794435898,289.58242055641017,0.2113740296032191
0.0066957982878658034,1.537129887539211,1305.907746159984,64.09225384001593,0.04678266703650798
0.008978623497593183,1.567916020179717,1716.7524109432134,346.75241094321336,0.2531039495935864
0.007432119099592244,1.7020557261895615,1309.0601081573272,60.93989184267275,0.044481672877863324
0.008675079507548209,1.787554577989427,1454.9057359907306,84.90573599073059,0.061974989774255904
0.006700413325391091,1.5430990296102645,1301.752733874953,68.24726612504696,0.04981552271901238
0.008384984959135127,1.699141413505789,1479.4267453028474,109.4267453028474,0.07987353671740685
0.009213674754993878,1.5536960880772095,1777.8188560869298,407.8188560869298,0.2976779971437444
0.009342140066025538,1.5662433980624364,1788.1659624798824,418.1659624798824,0.3052306295473594
0.007246321958606089,1.6991117375312774,1278.5460917280634,91.4539082719366,0.06675467757075663
0.006703660534221821,1.5934324731146388,1261.2438261808695,108.75617381913048,0.07938406848111713
0.008575701374681676,1.6351983566221735,1572.2438710741892,202.2438710741892,0.14762326355780234
0.008556774954421168,1.5487756019959606,1656.3126335621669,286.31263356216687,0.20898732376800502
0.007758411451943033,1.7631432290639564,1319.185645846915,50.814354153085105,0.037090769454806646
0.007960984162162022,1.6267066542118132,1467.1625052336321,97.16250523363215,0.07092153666688478
0.009459249567239944,1.683589306281073,1684.3844683608747,314.38446836087473,0.22947771413202536
0.00964674431055991,1.540232692607888,1877.6521251886716,507.65212518867156,0.37054899648808143
0.0064892778249780805,1.6403315562888825,1186.002026441816,183.99797355818396,0.13430509018845543
0.008179729365998705,1.7240272835023869,1422.3795620135488,52.37956201354882,0.03823325694419622
0.0056776636600389535,1.6922783002784427,1005.8160906869113,364.18390931308875,0.26582767103145166
0.005587204137978634,1.531249137414728,1093.8792525299712,276.12074747002885,0.20154799085403566
0.005602669586291686,1.522936477111661,1102.8943832389914,267.1056167610086,0.19496760347518877
0.008144851960124655,1.7405323515690685,1402.8841158687267,32.88411586872667,0.024003004283742094
0.009425813749908845,1.7569940990862352,1608.3081179413095,238.30811794130955,0.17394753134402158
0.00929741177317345,1.7827782289263254,1563.4552202246991,193.45522022469913,0.14120818994503587
0.005989687740418263,1.5725687507496537,1141.866267847719,228.13373215228103,0.16652097237392777
0.00900607374315882,1.5803144357614893,1708.490996027538,338.4909960275379,0.24707371972812986
0.006689316553660679,1.6698566196404498,1200.9454155374274,169.05458446257262,0.12339750690698731
0.007034690780220446,1.7880934235029393,1179.4390676415117,190.56093235848834,0.13909557106459003
0.007315432325947764,1.7555555392188067,1249.2407043439,120.7592956561,0.08814547128182482
0.0054266542250745635,1.5194527701830152,1070.69468744016,299.3053125598401,0.21847103106557672
0.009791244413701805,1.5677758406196185,1872.2965066883053,502.29650668830527,0.3666397859038725
0.0056082350726970286,1.7344472819415115,969.3615914365665,400.6384085634335,0.29243679457184923
0.0066629204419682946,1.6620528112067956,1201.8230006216027,168.17699937839734,0.12275693385284478
0.007529506380133158,1.6696750208585351,1351.9332786485118,18.06672135148824,0.013187387847801636
0.008353244258987407,1.6751804967589978,1494.9073449226642,124.90734492266415,0.09117324446909793
0.0062984962626595085,1.540189306025336,1225.9802537905987,144.01974620940132,0.1051239023426287
0.008655657952707946,1.7976021969770093,1443.534602713189,73.53460271318909,0.0536748924913789
0.007382651075911347,1.5643638716866197,1414.800707598531,44.80070759853106,0.032701246422285446
0.00928056038432833,1.547283968456448,1798.1456965593368,428.1456965593368,0.3125151069776181
0.0067260431001593445,1.7515652780473487,1151.2085897584238,218.79141024157616,0.15970175930042055
0.006183560334870102,1.7167513876512466,1079.8213214309644,290.1786785690356,0.211809254429953
0.009088086859377564,1.7173458909076469,1586.482905112571,216.48290511257096,0.1580167190602708
0.009539017837803237,1.737726873108937,1645.6703574967405,275.6703574967405,0.2012192390487157
0.007977994735131274,1.5132263072210859,1580.558466465138,210.55846646513805,0.15369231128842192
0.009084582780449896,1.5770863277330447,1726.9120616690534,356.9120616690534,0.26051975304310465
0.009744341282499097,1.672427564193137,1746.7303739882143,376.7303739882143,0.27498567444395206
0.006623469571728456,1.542129338285092,1287.6132851507898,82.3867148492102,0.06013628821110233
0.008426327440471258,1.5325011993747504,1648.383320236472,278.38332023647195,0.2031995038222423
0.009341479434192114,1.758141352631466,1592.8782271921984,222.87822719219844,0.1626848373665682
0.008969325436931639,1.5226295677196438,1765.981809591894,395.98180959189403,0.2890378172203606
0.008171315576394157,1.7716835170346101,1382.6954747770765,12.69547477707647,0.009266769910274796
0.009957089006642147,1.7890613979585708,1668.5062856043762,298.5062856043762,0.21788779971122352
0.006693385202392361,1.7719986860827468,1132.4085158335893,237.59148416641074,0.1734244409973801
0.008315807873198945,1.652616513566679,1508.5269099614845,138.52690996148453,0.10111453281860185
0.008679066574960606,1.7758638472118184,1465.15663671976,95.15663671975994,0.0694573990655182
0.009866725256170095,1.6850430341422493,1755.4268686458984,385.42686864589837,0.28133348076342946
0.005502410631110876,1.6704274684164209,987.5204037382583,382.4795962617417,0.2791821870523662
0.008112934499816725,1.7509238511416347,1389.0932913542865,19.09329135428652,0.013936709017727388
0.006044685364546657,1.6636031211218982,1089.2929090274804,280.7070909725196,0.2048956868412552
0.008599421199300938,1.6681361449298513,1545.4623572251342,175.46235722513416,0.12807471330301765
0.008404874549497898,1.6230488830505405,1552.4597112810159,182.45971128101587,0.13318227100804078
0.007425137773558637,1.693229466710524,1314.6477473300138,55.35225266998623,0.04040310413867608
0.008755088287126534,1.797389385569444,1460.2898285020858,90.28982850208581,0.06590498430809183
0.00811334968763943,1.7189041534555103,1415.041694198752,45.04169419875211,0.032877149050184025
0.008527908526980666,1.6009944730575425,1596.8841254149693,226.88412541496928,0.1656088506678608
0.00994025428012663,1.5686676294164517,1899.709796964928,529.709796964928,0.38664948683571393
0.0054481066939731536,1.6034719004374356,1018.6030056322735,351.3969943677265,0.25649415647279306
0.005123930592593165,1.6846192039797514,911.8474628248183,458.1525371751817,0.3344179103468479
0.0059985540702016185,1.5780060890905463,1139.6161786600428,230.3838213399572,0.16816337324084465
0.009519580703622774,1.6729423649670943,1705.9156119371605,335.9156119371605,0.24519387732639453
0.005543265531542689,1.6791375359208125,989.6921267599072,380.3078732400928,0.2775969877664911
0.006354315130810645,1.7718841113974624,1075.113061694472,294.886938305528,0.21524594036899855
0.0065350178980428004,1.5046416339245132,1302.0702302502773,67.92976974972271,0.04958377353994358
0.00522114824808884,1.6423200609629807,953.0790642349887,416.92093576501134,0.30432185092336594
0.006447102040137589,1.6248738960708355,1189.503119142609,180.49688085739103,0.13174954807108835
0.0074791169317220555,1.780102944730209,1259.58043902354,110.41956097645993,0.08059821969084667
0.005929139093870982,1.5438453744329135,1151.3531161942892,218.6468838057108,0.15959626555161371
0.006708643988551544,1.5990808507884031,1257.7230664623357,112.27693353766426,0.08195396608588633
0.00682950649043272,1.5946028759232986,1283.9777029175893,86.02229708241066,0.06278999787037275
0.006216805717056117,1.5251153956918178,1222.0396385017655,147.96036149823453,0.10800026386732448
0.007427520629904823,1.6436501595114472,1354.7375964400696,15.262403559930362,0.011140440554693695
0.008021339286048028,1.726463338720656,1392.8688591778969,22.868859177896866,0.016692597940070705
0.00840755048642766,1.5237136130583353,1654.1955158004787,284.1955158004787,0.20744198233611583
0.00901970066783942,1.5873367454495444,1703.5063551496248,333.5063551496248,0.24343529572965317
0.007078575283092383,1.749598190705819,1212.9090522208514,157.09094777914856,0.11466492538623983
0.0054203958416823425,1.590221799811034,1021.8661276710118,348.1338723289882,0.25411231556860453
0.009116561450006406,1.6597523485893166,1646.6772093610257,276.6772093610257,0.20195416741680708
0.008363631268412223,1.7258954895487684,1452.7841291354787,82.78412913547868,0.06042637163173626
0.006583853250286915,1.5122381976526542,1305.210747935467,64.789252064533,0.04729142486462263
0.007339816230613546,1.7295784221823594,1272.2299959474904,97.77000405250965,0.07136496646168587
0.009283836422700443,1.7472127783753457,1592.9508845621465,222.95088456214648,0.16273787194317263
0.008332378215968843,1.5486753798922093,1612.9811184347868,242.98111843478682,0.17735848060933346
0.006349740160113971,1.5364831571318027,1238.9359437010644,131.0640562989356,0.09566719437878511
0.0068546022508922545,1.6788634911750626,1224.0173594870566,145.98264051294336,0.10655667190725793
0.005702979558271041,1.6813621477760015,1016.8602058511458,353.1397941488542,0.2577662731013534
0.008161942610265996,1.6111427366277733,1518.728776513046,148.7287765130459,0.10856115073944955
0.009049369866856425,1.7761697705470783,1527.406265280829,157.40626528082907,0.11489508414659057
0.006002119343897725,1.5608389763581503,1152.8351986153618,217.16480138463817,0.15851445356542931
0.007042212838095155,1.7656220901820237,1195.72716507758,174.2728349224201,0.1272064488484818
0.005754065853984016,1.6974895488571733,1016.2216003162449,353.7783996837551,0.2582324085282884
0.008364721102131656,1.5926704338303266,1574.5129980605084,204.51299806050838,0.1492795606281083
0.005714973133279283,1.5304067988918315,1119.5100833780689,250.48991662193112,0.18283935519848987
0.009634788205345482,1.7190913530374246,1680.2113705513177,310.2113705513177,0.22643165733672826
0.007976962903278059,1.7038047446903721,1403.5841393217474,33.58413932174744,0.02451397030784485
0.005820459176267866,1.5425431567934882,1131.2032052115903,238.79679478840967,0.1743042297725618
0.00803232519129855,1.79973072834001,1337.994887032779,32.005112967221066,0.023361396326438733
0.005647068582363194,1.7477047549318194,968.6696600349306,401.33033996506936,0.2929418539891017
0.006545327446514186,1.607869925145059,1220.3971060832682,149.60289391673177,0.1091991926399502
0.007726133612168716,1.6941564652420753,1367.1916578835678,2.8083421164321862,0.002049884756519844
0.009670684023068806,1.7365138251230645,1669.5508506024496,299.5508506024496,0.2186502559141968
0.00914208887938215,1.7901289855641187,1531.023361169006,161.02336116900597,0.11753530012336202
0.009685035448053127,1.5053440976526236,1928.7952749916692,558.7952749916692,0.40787976276764176
0.007532708296459711,1.580002559494082,1429.2692894850388,59.269289485038826,0.043262255098568486
0.007290494030917888,1.6827366043398644,1298.857539514108,71.14246048589189,0.051928803274373644
0.009389970662854501,1.7975051401071842,1566.083079682977,196.0830796829771,0.14312633553501977
0.008389423402865092,1.7974136864081565,1399.2804673550952,29.280467355095197,0.02137260390882861
0.008175364467838647,1.768391241553023,1385.956088940357,15.956088940356949,0.01164678024843573
0.008226149048393314,1.6869828566420662,1461.8627767214132,91.86277672141318,0.06705312169446218
0.00770464923922611,1.723906935227759,1339.861036727171,30.13896327282896,0.021999243264838656
0.0057619067308575505,1.6458514171169325,1049.5334898677581,320.46651013224186,0.23391716068046853
0.00950624368299288,1.6817220672729325,1694.632077161706,324.6320771617061,0.23695772055598985
0.009897934544234386,1.7279431759869208,1717.2590900996136,347.25909009961356,0.2534737883938785
0.00541362228090269,1.6978795932057,955.8764571821789,414.1235428178211,0.30227995826118326
0.008994041348830747,1.7792023309659741,1515.4801207211158,145.48012072111578,0.10618986913950057
0.007982820390590454,1.5010030030949961,1594.3934434061694,224.39344340616935,0.16379083460304333
0.007788891097953645,1.7651256883458073,1322.8807573120425,47.11924268795747,0.034393607801428805
0.009215684661281084,1.704542736876388,1620.841001511779,250.84100151177904,0.18309562154144454
0.008594743791666271,1.6644932277877722,1548.0023133578047,178.00231335780472,0.1299286958816093
0.008814224440953436,1.7596610069590652,1501.6744702910705,131.67447029107052,0.09611275203727775
0.005498437057835919,1.5403406631799703,1070.146364456733,299.85363554326705,0.21887126681990296
0.009997333275155973,1.6453834348646512,1821.5359730121156,451.5359730121156,0.32958830146869755
0.00932539415187415,1.6990455799602886,1645.4431049898728,275.44310498987284,0.20105336130647652
0.009583020965504365,1.7959872250863043,1599.63131707467,229.63131707467005,0.1676141000545037
0.0063907809098949515,1.660881449871508,1153.5488686836172,216.45113131638277,0.15799352650830858
0.00933132839655159,1.5428718306679454,1813.1524737192933,443.1524737192933,0.3234689589191922
0.009460987489690056,1.6113763818134788,1760.1925451143572,390.19254511435724,0.2848120767258082
0.009541993896984825,1.7547573322227297,1630.2070674208667,260.2070674208667,0.18993216600063262
0.009265639629326337,1.7985797595416617,1544.4235178793626,174.42351787936263,0.1273164364082939
0.007960862851652062,1.5259166606906627,1564.0478301203104,194.04783012031044,0.14164075191263537
0.005364490955829933,1.760527467121428,913.4955060920394,456.50449390796064,0.33321495905690557
0.009345614108242088,1.7567660789155424,1594.8307851884867,224.83078518848674,0.1641100621813772
0.007658636253709172,1.6918057667066597,1357.1306071954566,12.869392804543395,0.009393717375579121
0.009411229231893829,1.7347921199762153,1626.3709707590704,256.37097075907036,0.1871320954445769
0.005571766572126268,1.6212286210561815,1030.313414385548,339.68658561445204,0.24794641285726426
0.00649230055310401,1.5549171188029391,1251.7340746677305,118.26592533226949,0.0863254929432624
0.009468831581550392,1.7905506245533456,1585.3694697568976,215.36946975689762,0.15720399252328293
0.00815089562126327,1.578116787964382,1548.413306186249,178.41330618624897,0.13022869064689707
0.007192032986891188,1.6347644517217246,1318.9161563223256,51.083843677674395,0.03728747713698861
0.005725773299487082,1.6921288351891433,1014.4284617737927,355.5715382262073,0.2595412687782535
0.007052153475200274,1.5946333591129083,1325.8109849775424,44.189015022457625,0.03225475549084498
0.007456338101985706,1.5279995657044985,1462.9283786757612,92.92837867576122,0.0678309333399717
0.007812767424833104,1.6656733875789977,1406.163277590315,36.16327759031492,0.026396552985631327
0.0064276051468965595,1.705877469899907,1129.5931742123512,240.4068257876488,0.17547943488149548
0.009182877638031219,1.6406984907005022,1677.9179564206388,307.9179564206388,0.22475763242382393
0.006960035762321651,1.650728003082105,1264.0278865194296,105.97211348057044,0.07735190765005141
0.005080912483762574,1.653674494712523,921.1118918870824,448.8881081129176,0.3276555533670932
0.006058054775395505,1.538890224281836,1180.174585007852,189.8254149921479,0.1385586970745605
0.00975515629631183,1.7356324129457388,1684.9894381045585,314.98943810455853,0.2299192978865391
0.009126128453337767,1.5796988613292215,1731.9405286826218,361.9405286826218,0.2641901669216217
0.008131177321662155,1.5962554324568137,1527.1150131298955,157.1150131298955,0.11468249133569014
0.005384583984165835,1.7821280438940537,905.8034148844106,464.1965851155894,0.33882962417196305
0.00959120964085885,1.7158121813466305,1675.8083108896437,305.80831088964374,0.22321774517492243
0.005360920843334946,1.780094893832561,902.8527874188651,467.1472125811349,0.3409833668475437
0.005985764142540052,1.781865448326228,1007.0833053000563,362.9166946999437,0.26490269686127277
0.009315128131478376,1.544936739272832,1807.585442259123,437.58544225912306,0.3194054323059292
0.007895899927656274,1.5490558915093358,1528.112226556049,158.1122265560491,0.1154103843474811
0.005273501747944906,1.7700616423936397,893.164403667765,476.835596332235,0.3480551798045511
0.0070214300516313844,1.735952583185885,1212.5744644421777,157.4255355578223,0.11490915004220605
0.006784188277143188,1.6897955593837801,1203.60623972833,166.3937602716701,0.12145529946837233
0.008368019746142527,1.6132221979710546,1555.0673747508254,185.06737475082537,0.13508567500060245
0.007482215750275911,1.561301469146366,1436.6936145188797,66.69361451887971,0.04868147045173701
0.009399561337146489,1.6700833257259005,1687.2916183149764,317.2916183149764,0.231599721397793
0.007053546521471569,1.764736729304307,1198.2524158846782,171.74758411532184,0.12536320008417653
0.006968248828680025,1.513923851096193,1379.8768298636646,9.876829863664625,0.0072093648639887774
0.006201376324051477,1.7735819262452144,1048.2322940143422,321.7677059856578,0.23486693867566263
0.005596071220114572,1.7907694648869583,936.8374763566276,433.1625236433724,0.31617702455720614
0.006736899793772879,1.776412601653361,1136.938426689326,233.06157331067402,0.17011793672311973
0.007759558974227514,1.6772270102229234,1386.9662506630143,16.966250663014307,0.01238412457154329
0.005154652558285296,1.7506488394528281,882.7161254494274,487.2838745505726,0.35568166025589243
0.006455057785366357,1.7124212772106593,1130.0826880399445,239.91731196005549,0.17512212551828868
0.005622059955753997,1.5237685564066754,1106.1070699171426,263.89293008285745,0.19262257670281566
0.008172785314391844,1.727843844163405,1418.0328890161672,48.032889016167246,0.03506050293150894
0.009367513092792025,1.6986470927221173,1653.2626391129472,283.2626391129472,0.20676105044740672
0.007211481334844562,1.790860450961432,1207.2117143653043,162.78828563469574,0.11882356615671222
0.0056437603184133255,1.5595874296075087,1084.8745931773747,285.12540682262534,0.2081207349070258
0.00956213004919066,1.6221299004762433,1767.216343352591,397.2163433525909,0.289938936753716
0.00957735906385607,1.791837881954309,1602.3882762041108,232.38827620411075,0.16962647898110275
0.009668664726152241,1.5925266093563861,1820.1220292341193,450.1220292341193,0.32855622571833526
0.00810067640691475,1.723666383463565,1408.9279194571675,38.92791945716749,0.028414539749757294
0.0062123009344791785,1.6745818447681817,1112.1588191116623,257.8411808883377,0.1882052415243341
0.005758836143355961,1.5886451628302716,1086.7471749072863,283.2528250927137,0.2067538869289881
0.008842777132523105,1.6429991987082273,1613.5113724885462,243.51137248854616,0.1777455273639023
0.006008596978885734,1.7420796237059775,1034.0124715996053,335.9875284003947,0.2452463710951786
0.007086205406877531,1.7731994010178693,1198.0552980117416,171.94470198825843,0.12550708174325434
0.009626780028579028,1.554189371156833,1856.939766126986,486.9397661269859,0.3554304862240773
0.008766161892870394,1.5566409988847136,1688.2693074205622,318.2693074205622,0.23231336308070233
0.009430120180735697,1.6690001060470459,1693.8758110171557,323.8758110171557,0.2364057014723764
0.006272730608933532,1.537855187754728,1222.8182098013922,147.1817901986078,0.10743196364861884
0.009154734936951217,1.7014928826904778,1613.0073284510718,243.00732845107177,0.17737761200808158
0.005342619542500142,1.6909945011262477,947.1805163991917,422.8194836008083,0.3086273602925608
0.00879689905756572,1.6601909506545687,1588.5184714479478,218.51847144794783,0.15950253390361155
0.0067500829406195026,1.5194627398993394,1331.8022899371974,38.19771006280257,0.027881540191826693
0.009014862490887766,1.646950933686062,1640.9643598953794,270.9643598953794,0.19778420430319665
0.008755090004626122,1.5123380316554544,1735.5312751243869,365.53127512438687,0.2668111497258298
0.008717056876420035,1.6933136142972427,1543.3100433627217,173.31004336272167,0.12650368128665815
0.008369296984801454,1.5658788969781279,1602.3283279745629,232.32832797456285,0.16958272114931594
0.008159854473202345,1.5385106327010138,1590.0200996004555,220.02009960045552,0.16059861284704782
0.008952974108168183,1.7799401907639498,1507.9350015385128,137.93500153851278,0.10068248287482684
0.009733036036477218,1.7264529332001157,1690.1073530973958,320.10735309739584,0.23365500226087288
0.006427407517842723,1.7320719425827897,1112.4759029745942,257.5240970254058,0.18797379344920132
0.0067594165095598985,1.5696846207919513,1290.9740359336347,79.0259640663653,0.05768318544990168
0.00950704477395743,1.5174761448645417,1878.2109562290163,508.21095622901635,0.3709569023569462
0.008174576004519927,1.6871862193300242,1452.5226708383161,82.52267083831612,0.06023552615935483
0.005179185259627149,1.5732254310913265,986.940999513284,383.05900048671595,0.2796051098443182
0.006576130956969102,1.7669044557260818,1115.7787606062222,254.22123939377775,0.1855629484626115
0.007301631497986837,1.5087644555082025,1450.8388278900538,80.83882789005384,0.059006443715367764
0.0056114657065397715,1.6509777051125873,1018.956883510152,351.043116489848,0.25623585145244376
0.008009814939608787,1.7129740939826654,1401.820446266912,31.820446266912086,0.02322660311453437
0.005515730962425524,1.6673753469110384,991.723037020817,378.27696297918305,0.27611457151765184
0.008868060189431967,1.5055936232453797,1765.8002271230814,395.8002271230814,0.2889052752723222
0.009526429830913003,1.6113918330534467,1772.350930662317,402.35093066231707,0.2936868107024212
0.007094005443037288,1.6646004265428216,1277.6215210099956,92.3784789900044,0.0674295467080324
0.005594877400091669,1.7563614735162465,954.9868140891076,415.0131859108924,0.3029293327816733
0.009045264610089344,1.5386971552692437,1762.3364685070844,392.3364685070844,0.28637698431174047
0.005854648495601904,1.7626855110768047,995.7416976498987,374.2583023501013,0.2731812425913148
0.00997308686453423,1.7826456299905051,1677.2016685010774,307.2016685010774,0.22423479452633385
0.009840773095157622,1.777087628451452,1660.126100471678,290.126100471678,0.21177087625669927
0.008184762973866382,1.619454891750586,1515.1581081893414,145.15810818934142,0.10595482349586965
0.008736625902039923,1.6213041926857963,1615.473867035514,245.4738670355141,0.17917800513541177
0.009476108830822868,1.5023381131111688,1890.9631153434484,520.9631153434484,0.38026504769594777
0.007276501147303368,1.566329279160767,1392.7085406707736,22.708540670773573,0.016575577131951513
0.00941808096906737,1.6932288045640744,1667.5062671678547,297.50626716785473,0.2171578592466093
0.007513456606793499,1.7647163177865606,1276.3964392034347,93.60356079656526,0.06832376700479216
0.005883913811355513,1.6985884608522572,1038.481671588281,331.51832841171904,0.24198418132242266
0.00964881132354335,1.773778181158422,1630.7793692524526,260.7793692524526,0.19034990456383402
0.005915701070972001,1.546116442770268,1147.0562732534395,222.94372674656051,0.16273264726026315
0.008428181002267826,1.7996116068707846,1404.0280077612308,34.02800776123081,0.02483796186951154
0.0059738140322928065,1.5752862814291095,1136.8755085908779,233.12449140912213,0.17016386234242492
0.008108599518917159,1.7786192312609799,1366.7326530537791,3.2673469462208686,0.002384924778263408
0.005863993134874475,1.7482877430237809,1005.5443805598032,364.45561944019676,0.2660259995913845
0.008746532087384302,1.6055254150865594,1633.200152930274,263.20015293027404,0.19211689994910514
0.009221967929469633,1.5904048467795175,1738.34759040831,368.34759040831,0.268866854312635
0.008822791664737654,1.7889565046107085,1478.5191214971367,108.51912149713667,0.07921103758915085
0.006376934371292847,1.5627976731904303,1223.2913207323513,146.70867926764868,0.10708662720266326
0.0056465749127986445,1.6424862943120697,1030.6329972135595,339.3670027864405,0.24771314072002953
0.006090225941302619,1.629333406481151,1120.5832995603023,249.4167004396977,0.18205598572240708
0.007774444677383351,1.5023634792551552,1551.368834240633,181.36883424063308,0.1323860103946227
0.009845771918885627,1.787754193259954,1651.0592874559118,281.0592874559118,0.20515276456635895
0.008483827462717874,1.6041949104720519,1585.4603899395709,215.46038993957086,0.1572703576201247
0.008267447031195573,1.7076199756335764,1451.4460490234785,81.44604902347851,0.0594496708200573
0.0073196257131092814,1.6973275525260225,1292.8374260509104,77.16257394908962,0.05632304667816761
0.005079775607354139,1.6839000205804326,904.3757923895095,465.62420761049054,0.3398716843872194
0.006270110354985199,1.7097708436791916,1099.4056906522871,270.59430934771285,0.19751409441438894
0.005518906651691996,1.5841450793581096,1044.4287029908285,325.57129700917153,0.23764328248844638
0.007306110567795536,1.5664867112243428,1398.2351907902748,28.235190790274828,0.020609628314069216
0.00915643675980395,1.5189368940638126,1807.2052193024545,437.20521930245445,0.31912789730106167
0.007224548288930021,1.5578056830947464,1390.33071517322,20.330715173219915,0.014839938082642274
0.007964945121942514,1.673691865815281,1426.684639337186,56.6846393371859,0.041375649151230584
0.0078073982683407985,1.6654845244141283,1405.3562690858323,35.35626908583231,0.025807495683089276
0.007562562881178602,1.749033285266172,1296.2585297986866,73.7414702013134,0.053825890657893
0.008788989237015262,1.6431443861483261,1603.5551768379414,233.55517683794142,0.17047823126857037
0.005142815642688465,1.7750204083739012,868.5969667102864,501.40303328971356,0.3659876155399369
0.009937192840198953,1.726568136939151,1725.4433250833451,355.44332508334514,0.2594476825425877
0.009182444037689405,1.539590262361919,1788.0260325128183,418.02603251281835,0.3051284908852689
0.008058383622175265,1.6772027501779494,1440.3998761286002,70.39987612860023,0.05138677089678849
0.008045017831901096,1.5818918236643418,1524.6527192312126,154.6527192312126,0.11288519651913327
0.005480369806819929,1.7265189468149673,951.61048661901,418.38951338099,0.305393805387584
0.007614972004235372,1.6883910580878556,1352.1222845946372,17.87771540536278,0.01304942730318451
0.009936621866316709,1.745443684498018,1706.685996217838,336.685996217838,0.24575620161885986
0.005841393347952603,1.7008865955051502,1029.5840266807825,340.4159733192175,0.2484788126417646
0.009057867403628213,1.6901755190886645,1606.6262364490733,236.6262364490733,0.17271988061976154
0.009367133776315904,1.5281318839340479,1837.6660344178545,467.66603441785446,0.34136206891814197
0.008235205472961471,1.5185773253930601,1625.7667288922203,255.76672889222027,0.1866910429870221
0.007422471559903311,1.7066473571501686,1303.843458964037,66.15654103596307,0.04828944601165188
0.007096114498089778,1.6227876496579603,1310.9303660772628,59.06963392273724,0.04311652111148703
0.009273439254641584,1.778922626307397,1562.8038606903901,192.80386069039014,0.14073274502948185
0.009236818533834498,1.554876895308182,1780.931043939237,410.93104393923704,0.29994966710893217
0.008902653361932467,1.6741153147769783,1594.2440228206435,224.24402282064352,0.16368176848222155
0.007395877553158183,1.5806969661627293,1402.690305726859,32.690305726858924,0.023861537026904325
0.005840639241626906,1.710297174272915,1023.7867552362447,346.21324476375526,0.2527103976377776
0.006632399544978032,1.5282612160523659,1301.0494155986714,68.95058440132857,0.050328893723597494
0.007713793165639663,1.5497666140529152,1492.184044140053,122.18404414005295,0.08918543367887076
0.008006660881930706,1.6835276654430422,1425.7779040030055,55.77790400300546,0.04071379854233975
0.008670572899273674,1.6942141329140674,1534.2643596476742,164.26435964767415,0.11990099244355777
0.0066234170388395856,1.7075867485829277,1162.8401755170737,207.1598244829263,0.15121155071746445
0.009771370382626248,1.7465811954578316,1677.2098272064836,307.2098272064836,0.22424074978575448
0.008249263137102763,1.6587406541349738,1490.930403373107,120.93040337310708,0.0882703674256256
0.009836961771501522,1.7062500861726742,1728.379076800837,358.3790768008371,0.2615905670079103
0.006340735976229939,1.7279871749165618,1100.0688265726224,269.93117342737764,0.197030053596626
0.00888467209020158,1.5670716661001898,1699.703811934812,329.70381193481194,0.24065971674073863
0.009110315080846528,1.5605499504258438,1750.1546493248468,380.1546493248468,0.2774851454925889
0.005314394447203502,1.7346786822943505,918.4498491682868,451.55015083171315,0.32959865024212637
0.007230059391265618,1.6882542771885634,1283.8808144487882,86.11918555121179,0.06286071938044656
0.007616561082172134,1.631225072851829,1399.7992100130828,29.799210013082757,0.02175124818473194
0.009138346576239277,1.7016683881697559,1609.9537378685548,239.95373786855475,0.1751487137726677
0.006948283185877537,1.733123967853913,1201.9006913588996,168.09930864110038,0.12270022528547472
0.0071992223966798954,1.7888134110103606,1206.5386835233294,163.46131647667062,0.11931482954501504
0.00943490239209286,1.5916795400015968,1777.0615931349853,407.0615931349853,0.2971252504634929
0.00883656199505573,1.5499845129050633,1709.13620020757,339.13620020757,0.24754467168435768
0.009520854650113632,1.6636945102684204,1715.6277190322555,345.6277190322555,0.25228300659288727
0.00775509671032614,1.6169057700665679,1437.8818777551091,67.88187775510914,0.04954881587964171
0.00765871762362951,1.7326027870185625,1325.1887845954448,44.81121540455524,0.03270891635368996
0.008368422820211616,1.5283422166158982,1641.5106640249535,271.5106640249535,0.19818296644157188
0.006940101639795941,1.798187842029448,1157.0482686703556,212.95173132964442,0.15543921994864557
0.005160415287920547,1.5175663538507198,1019.4306031765509,350.5693968234491,0.25589007067405045
0.0069306002703913554,1.6560030941270583,1254.6725895891789,115.32741041082113,0.08418059154074535
0.0076692073395733884,1.579307604719183,1455.8091864891403,85.8091864891403,0.06263444269280315
0.008740486735223967,1.6154146463982313,1622.0801317553642,252.08013175536416,0.18400009617179866
0.009022729773153517,1.5269400457577742,1771.481692472799,401.48169247279907,0.29305233027211613
0.008479976629449854,1.6325022001725236,1557.2616301874891,187.26163018748912,0.13668732130473657
0.00570649051155474,1.674913444344856,1021.4037165853903,348.59628341460973,0.25444984190847425
0.008517606136097627,1.6147409153931789,1581.3769599037043,211.37695990370435,0.15428975175452872
0.007194698974637344,1.5219349803723512,1417.2198668098854,47.21986680988539,0.03446705606560977
0.007212071217382054,1.5818070403195268,1366.8699799776252,3.130020022374765,0.0022846861477188066
0.005708751446173918,1.6837472264210571,1016.4474817264233,353.55251827357665,0.2580675315865523
0.007811224203450182,1.528299120926926,1532.256396588865,162.25639658886507,0.11843532597727377
0.009709510720672313,1.5769049683757324,1845.9185196974615,475.91851969746153,0.3473857808010668
0.0051924935002439,1.532378106606338,1015.8526690482436,354.14733095175643,0.25850170142463974
0.006168373560332138,1.5734809327023889,1175.2489865499692,194.75101345003077,0.14215402441608085
0.009842568018930683,1.6282699589817315,1812.1857761674307,442.18577616743073,0.32276334026819764
0.006035085192999123,1.7171050734922395,1053.6763603923907,316.32363960760927,0.2308931675967951
0.006388812618393566,1.660381545181838,1153.5407895417588,216.45921045824116,0.15799942369214684
0.007881698470793189,1.6857750970288143,1401.6542075740151,31.654207574015118,0.023105261002930744
0.0058657942395796475,1.5474943455452306,1136.36659046159,233.63340953840998,0.17053533542949634
0.005729850877673235,1.6438202559466244,1044.9841291205582,325.01587087944176,0.2372378619557969
0.008048936932766686,1.5641160524766262,1542.7311698133506,172.73116981335056,0.126081145849161
0.005107066474861415,1.7378710871483565,880.9974588969022,489.00254110309777,0.3569361613891225
0.007851352740263091,1.587579460455352,1482.6195445696897,112.61954456968965,0.08220404713116033
0.007746488989231897,1.6178597204124965,1435.439022092504,65.43902209250405,0.0477657095565723
0.006175573144445345,1.6503474341720084,1121.8184814889692,248.18151851103084,0.18115439307374515
0.007964740046336426,1.6802262799882561,1421.0996603617698,51.09966036176979,0.037299022161875764
0.009724492181974513,1.5267900394877683,1909.4501133986985,539.4501133986985,0.39375920686036386
0.007058368589616448,1.653447326636957,1279.7780944465023,90.22190555349766,0.06585540551350194
0.008134682677605965,1.6122515012622156,1512.6154406184562,142.6154406184562,0.1040988617652965
0.00652978150932594,1.534047260141833,1276.0879666137419,93.91203338625814,0.06854892947902054
0.007328228445972987,1.772756919936067,1239.2830590011138,130.71694099888623,0.09541382554663229
0.006797720876049568,1.6451898858259801,1238.705311639858,131.2946883601419,0.09583553894900868
0.009745702402640312,1.6565086325600402,1763.762663710808,393.76266371080806,0.287418002708619
0.0065521702130365116,1.7604844520933263,1115.76743041663,254.23256958336992,0.18557121867399265
0.009580725379779338,1.6545108738386292,1735.9989930819702,365.9989930819702,0.26715254969486874
0.007797238608820166,1.5768330242353328,1482.4355478502664,112.4355478502664,0.08206974295639884
0.0075080123698530125,1.7481237261844518,1287.577903862363,82.42209613763703,0.06016211396907812
0.006650808825546505,1.7772373204199723,1121.8886203827396,248.11137961726035,0.18110319680091996
0.006384389935310332,1.7886995032498936,1070.046672490045,299.953327509955,0.21894403467879925
0.009936375350062709,1.5906055350016495,1872.7775832886314,502.7775832886314,0.3669909367070302
0.007205823237035495,1.7561291643415875,1230.1210548794195,139.8789451205805,0.10210141979604417
0.006460693560575076,1.5671909674376887,1235.884613396091,134.11538660390897,0.0978944427765759
0.00519213564451688,1.6286185350982167,955.7567187120698,414.24328128793024,0.3023673586043287
0.005760211465079272,1.6343474837723815,1056.6100360309915,313.3899639690085,0.22875179851752445
0.008178707026000018,1.7852188981205317,1373.4532415984265,3.45324159842653,0.002520614305420825
0.0077935980157283775,1.6458665074527077,1419.593809837745,49.593809837745084,0.03619986119543437
0.00767616607352788,1.6047057628665085,1434.067695431195,64.06769543119503,0.04676474119065331
0.005564468556258584,1.7040276934698972,978.9663116023423,391.03368839765767,0.2854260499252976
0.008215145531028473,1.714496690871997,1436.479104734892,66.47910473489196,0.04852489396707443
0.007505583464891495,1.7155919244451272,1311.5690763068449,58.43092369315514,0.04265030926507674
0.0074679718828815096,1.6290549441087896,1374.3192979097112,4.3192979097111674,0.0031527721968694655
0.009010005798198313,1.6538371379958416,1633.251378131113,263.2513781311129,0.19215429060665176
0.006408632523571248,1.6909601387570719,1136.1945516186888,233.80544838131118,0.17066091122723442
0.006244209152206296,1.5386680997419595,1216.6150778845401,153.38492211545986,0.11195979716456923
0.00620312833973937,1.5140772127561428,1228.2405920862636,141.75940791373637,0.10347402037499005
0.005738135055445242,1.7171952253013125,1001.7787070809302,368.2212929190698,0.26877466636428454
0.008901513862017386,1.5117426816037072,1765.2519526565973,395.25195265659727,0.2885050749318228
0.008814745574088276,1.5248863414660458,1732.9778426370588,362.97784263705876,0.2649473303920137
0.005982602930330367,1.6619502733356897,1079.1774377953814,290.82256220461863,0.2122792424851231
0.007475521675680186,1.6426612510046363,1364.313559240411,5.686440759589004,0.00415068668583139
0.007324270854273762,1.7158746841342412,1279.6745489420052,90.32545105799477,0.06593098617371881
0.008480329954123879,1.6632705767350489,1528.5179676468283,158.5179676468283,0.11570654572761191
0.0056912689678266975,1.558581707155933,1094.7129080048844,275.2870919951156,0.20093948320811356
0.008572937248830787,1.6394671762599233,1567.6446392600858,197.6446392600858,0.14426616004385825
0.009035190130401632,1.5470103043739214,1750.913907963047,380.913907963047,0.27803934887813647
0.009141464413695885,1.633763988074343,1677.440625638709,307.440625638709,0.2244092157946781
0.009514591647085693,1.5911201396263626,1792.70109510141,422.7010951014099,0.3085409453294963
0.009472611973366029,1.6781573980600082,1692.2236438956993,322.2236438956993,0.2351997400698535
0.008818491703116809,1.7102453336449648,1545.8117332766317,175.81173327663168,0.12832973231870926
0.007070205555068021,1.5635683405853458,1355.6134688206807,14.386531179319263,0.010501117649138149
0.006528288801001755,1.7372510736650006,1126.5681603853125,243.43183961468753,0.17768747417130476
0.0073003681799706085,1.5199155766069155,1439.945319768504,69.94531976850408,0.05105497793321465
0.006066031820257523,1.6477536275714604,1103.6544294437304,266.34557055626965,0.1944128252235545
0.007159992562833449,1.7686310964121286,1213.6571464948256,156.3428535051744,0.11411887117166014
0.005503572664007866,1.5436966279325475,1068.817244832785,301.18275516721496,0.21984142712935398
0.007748717930172216,1.7863799752559522,1300.3992581713535,69.6007418286465,0.05080346118879307
0.00660988600562179,1.5337011635234077,1292.0339501945712,77.96604980542884,0.05690952540542251
0.006794936370458697,1.6032051226534192,1270.623856965922,99.37614303407804,0.07253733068180879
0.007152330600440819,1.527911528712257,1403.3631730902246,33.363173090224564,0.024352681087755155
0.007866263899217903,1.6696376251744136,1412.4301908786058,42.4301908786058,0.030970942247157518
0.00840445674503834,1.6436581852648757,1532.91771265915,162.91771265915008,0.11891803843733582
0.009997941853120824,1.7299910267996936,1732.5567107899276,362.5567107899276,0.26463993488315884
0.006003375549288414,1.5180074747373273,1185.611231940542,184.38876805945802,0.13459034164923941
0.007291698888303123,1.776300188314964,1230.6457811018659,139.35421889813415,0.10171840795484245
0.008058426101978843,1.725119131776781,1400.3991517011311,30.39915170113113,0.02218916182564316
0.008963776031882156,1.7887404420737831,1502.3266575467699,132.32665754676987,0.0965888011290291
0.005327721679611135,1.6174154143026598,987.5080722902221,382.4919277097779,0.2791911881093269
0.007139186686653734,1.5455190474923968,1384.8255887789878,14.825588778987822,0.01082159764889622
0.005306069691303595,1.5252228516563653,1042.9424613902895,327.0575386097105,0.23872813037205146
0.008641664983189436,1.7576924163433043,1473.9245401721555,103.9245401721555,0.07585732859281423
0.006866440235416317,1.6434323091894636,1252.5657335414114,117.43426645858858,0.08571844267050262
0.005724366227464449,1.612838917864465,1064.0379537071465,305.96204629285353,0.22332996079770331
0.0073253761813577584,1.7010761463916282,1291.0018965596048,78.9981034403952,0.05766284922656584
0.006175402564553234,1.7736372157422133,1043.8093526314447,326.19064736855535,0.23809536304274112
0.009697752970897004,1.5225896529910627,1909.4528814843327,539.4528814843327,0.3937612273608268
0.0060464160961,1.7638126269756138,1027.6998337679124,342.3001662320876,0.24985413593583033
0.009657000287884715,1.5445762260064686,1874.3625626667788,504.3625626667788,0.3681478559611524
0.008788621361447051,1.5377627617835266,1713.3737829128272,343.3737829128272,0.25063779774658923
0.009429221478192593,1.7430668292293108,1621.7447527376858,251.74475273768576,0.1837552939691137
0.009090245048512908,1.6503493168037375,1651.2788408904453,281.2788408904453,0.20531302254777029
0.00580821682405911,1.7211405836687035,1011.6893499600397,358.31065003996025,0.2615406204671243
0.007647728503861143,1.7480906671042233,1311.5631639903372,58.436836009662784,0.04265462482457138
0.005536353769663679,1.6019961104649234,1036.0556396627915,333.94436033720854,0.2437550075454077
0.007963853608206803,1.547609187223545,1542.7042357119467,172.7042357119467,0.12606148592112898
0.007026703270407856,1.5035477497544647,1401.0547023971924,31.054702397192386,0.022667665983352108
0.008400736718585855,1.6467612040830748,1529.351981107673,159.35198110767305,0.11631531467713362
0.007181738111198627,1.7925523684285776,1201.0979199207138,168.90208007928618,0.12328618983889503
0.0061174071133825,1.767063895783269,1037.8529715218397,332.14702847816034,0.242443086480409
0.005118131874746898,1.741804418747446,880.912528745283,489.087471254717,0.35699815420052333
0.009986697093414735,1.6432275750673973,1821.9852894164474,451.98528941644736,0.32991626964704185
0.009899896506231944,1.587730860968664,1869.280481037058,499.28048103705805,0.36443830732631977
0.006707550199159173,1.7275722340788426,1163.9877752703833,206.01222472961672,0.15037388666395382
0.008624906902226396,1.7667699667364332,1463.5080338250673,93.50803382506729,0.06825403928837029
0.007417202315863339,1.615919538523876,1376.071803542406,6.071803542406087,0.004431973388617582
0.006540681279787896,1.5313329768923742,1280.4837010964545,89.51629890354548,0.06534036416317188
0.006459489702927363,1.7866013073468303,1083.9051149817346,286.09488501826536,0.2088283832250112
0.00744391073360544,1.5460275036118099,1443.4596349331796,73.45963493317959,0.05362017148407269
0.009099136139705671,1.6146188898053966,1689.471370750389,319.47137075038904,0.23319078156962703
0.008330759237098443,1.5747296014563374,1585.9858012361085,215.9858012361085,0.15765386951540766
0.007029778221825952,1.728435911930955,1219.2957099356183,150.70429006438167,0.11000313143385523
0.008801875782872403,1.643737206041041,1605.3271570784823,235.3271570784823,0.1717716475025418
0.009023228757772115,1.7759464623811543,1523.1855158301614,153.18551583016142,0.11181424513150469
0.008989704445992928,1.5398433066795816,1750.2076872803182,380.20768728031817,0.2775238593286994
0.008061270375617626,1.6564016238118784,1459.0109220899092,89.01092208990917,0.06497147597803589
0.005589069555803835,1.7130271644109458,978.1286221713655,391.87137782863454,0.28603750206469675
0.008991539920290616,1.5936110407438298,1691.5017435188317,321.50174351883174,0.23467280548819835
0.009850512121925427,1.6671792271729453,1771.3207995030264,401.32079950302636,0.2929348901481944
0.0091011616371457,1.5910875203252093,1714.83943089286,344.83943089286004,0.2517076137904088
0.006840582929636934,1.723482353497702,1189.8904369208162,180.10956307918377,0.1314668343643677
0.005769901124651008,1.7803188077622008,971.6084742992492,398.3915257007508,0.2907967340881393
0.00690130908051163,1.5626880637453484,1323.9753093816769,46.02469061832312,0.033594664684907384
0.007416431309734749,1.5556914839619806,1429.197366479816,59.19736647981608,0.043209756554610276
0.005234684253442088,1.7880478195146248,877.6716383453876,492.3283616546124,0.35936376763110395
0.005589789985956752,1.6947534549021577,988.8027516607169,381.1972483392831,0.27824616667100954
0.0071655975794846245,1.612291939224423,1332.3840795395356,37.615920460464395,0.027456876248514155
0.006731649234625686,1.6616298700828533,1214.5290035870776,155.47099641292243,0.11348247913352003
0.007574213628850201,1.767722602875838,1284.5296640524946,85.47033594750542,0.06238710653102585
0.006296099099198585,1.5414275117904799,1224.5292174445717,145.4707825554283,0.10618305296016663
0.00859464524999909,1.5788626525114744,1631.940448421321,261.940448421321,0.19119740760680365
0.007028574065339531,1.5175495731888224,1388.49730678354,18.497306783539898,0.013501683783605764
0.0094951221620789,1.5188729004827652,1874.1304891772988,504.13048917729884,0.3679784592535028
0.006108326695039202,1.5684321326181347,1167.5546783882853,202.4453216117147,0.14777030774577715
0.009560840463690472,1.7672875473887346,1621.8457870031937,251.84578700319366,0.18382904160817057
0.008318548965889728,1.6125637549381817,1546.5052056642821,176.50520566428213,0.12883591654327162
0.006659151380788301,1.7013166416368994,1173.422578597623,196.577421402377,0.14348716890684454
0.008170147580928154,1.7712696902012022,1382.8208313274858,12.820831327485848,0.009358271041960473
0.006212551269457644,1.538197271498052,1210.8173964629775,159.1826035370225,0.11619168141388503
0.005778048352580608,1.7120157262063236,1011.7987186376073,358.2012813623927,0.2614607893156151
0.006526351586033586,1.6012435825992617,1221.8946605070435,148.10533949295655,0.10810608722113617
0.007683647188249713,1.5991949912430572,1440.41188822112,70.41188822112008,0.0513955388475329
0.00625384563233844,1.6869183003008204,1111.4087467881347,258.59125321186525,0.18875273957070457
0.00784435153175477,1.7149070761705894,1371.314784222685,1.3147842226849207,0.0009596965129087012
0.007034137303026626,1.5343832731773228,1374.3510821889279,4.351082188927876,0.0031759724006772817
0.009601172966571064,1.6074969563002908,1790.5845681699661,420.58456816996613,0.30699603516055923
0.007811089567059202,1.6558604026853074,1414.1927285472202,44.19272854722021,0.03225746609286147
0.009894597710904467,1.6813425696949553,1764.2601942871177,394.26019428711766,0.28778116371322454
0.007748157765638699,1.6460872447765897,1411.127671940544,41.127671940543905,0.030020198496747377
0.009980636137817845,1.5561896246968272,1922.7216225291022,552.7216225291022,0.40344643980226436
0.006459099109429335,1.6343753049940744,1184.7885810343003,185.21141896569975,0.13519081676328448
0.005747727816310157,1.7694484672770654,973.8206462820837,396.17935371791634,0.28918201001307764
0.00984022219469093,1.7228847423013858,1712.2587057518313,342.25870575183126,0.24982387281155566
0.005006168378452437,1.5334671875239885,978.7046867050441,391.2953132949559,0.28561701700361747
0.009524285301088025,1.6371352008263322,1744.0886370687358,374.0886370687358,0.2730573993202451
0.008337323682467639,1.5747978403693779,1587.1667434610656,217.1667434610656,0.15851587113946394
0.008761382076459892,1.5147259409468352,1734.0405925425719,364.04059254257186,0.26572306025005243
0.005488719052539195,1.691374117459712,972.8637555974373,397.13624440256274,0.2898804703668341
0.006968831455537769,1.6880360545170563,1237.6531329723891,132.34686702761087,0.09660355257489844
0.008880739784486794,1.6965371987515077,1569.3017581983743,199.30175819837427,0.1454757359112221
0.006620882704190672,1.5063507678514632,1317.6816066885244,52.318393311475575,0.038188608256551515
0.008609193482993306,1.6038816454137839,1609.2030749552484,239.20307495524844,0.17460078463886747
0.007911391167200944,1.6740987973969796,1416.7475706347095,46.74757063470952,0.034122314331904754
0.006026936051835962,1.7538483440739854,1030.2087858928912,339.7912141071088,0.24802278401978742
0.0053772670058274685,1.5182979729299815,1061.757390012441,308.24260998755904,0.22499460583033506
0.009313022985983181,1.6614737383526545,1680.4202124474323,310.4202124474323,0.22658409667695786
0.009379591873630098,1.5766780971194088,1783.4527592980398,413.45275929803984,0.3017903352540437
0.006508688750689825,1.7860111633701687,1092.5216140554628,277.4783859445372,0.20253896784272787
0.00762184178744202,1.7520065444417616,1304.2021396514888,65.79786034851122,0.0480276352908841
0.006307783310785352,1.5194889543634507,1244.514386130509,125.48561386949109,0.09159533859086941
0.00702812773382667,1.6066018632711898,1311.4510424952837,58.54895750471633,0.04273646533190973
0.005705827622053555,1.642596628276464,1041.3780585526847,328.6219414473153,0.2398700302535148
0.00627830664126548,1.7327088131878814,1086.2696407712058,283.7303592287942,0.2071024519918206
0.009512654749685115,1.6723848678930242,1705.2427370419707,335.2427370419707,0.24470272776786184
0.006178816468463742,1.6229740875319498,1141.338355825819,228.661644174181,0.16690630961619052
0.008550368690341379,1.6213070467276178,1581.0305960597773,211.03059605977728,0.15403693143049438
0.009629483498384774,1.7770023284842655,1624.5597886827823,254.55978868278225,0.18581006473195785
0.007820159351584385,1.5535616403301982,1509.06454761903,139.06454761903,0.10150696906498541
0.006551738613047897,1.5266703323570128,1286.5657904982588,83.43420950174118,0.06090088284798626
0.005964420213116181,1.5363862505416466,1163.8272573739844,206.17274262601563,0.15049105301169025
0.008399874373461888,1.782952311311241,1412.3871790263247,42.3871790263247,0.030939546734543577
0.007844498056361988,1.6869384093470212,1394.076595246465,24.076595246465104,0.017574157114208105
0.006122504124604188,1.7233651866988409,1065.0560744737727,304.9439255262273,0.2225868069534506
0.006289929281354963,1.6097133506810302,1171.434255114922,198.56574488507795,0.1449384999161153
0.007677266319699507,1.5212676334336799,1512.9399259671209,142.93992596712087,0.10433571238475976
0.008237591189702315,1.7666326898949638,1397.8954000374752,27.895400037475156,0.020361605866770188
0.00697787861874675,1.7681414933499593,1183.1153731799736,186.88462682002637,0.13641213636498276
0.009846290837473818,1.6696452025368909,1767.9467038051357,397.9467038051357,0.2904720465730918
0.008043842976912217,1.7032934532427797,1415.776860542438,45.776860542438044,0.03341376681929784
0.006308216721401987,1.700684721398837,1111.9966991590898,258.00330084091024,0.18832357725613885
0.007347722121632165,1.681429231570524,1310.0710004236,59.928999576399974,0.043743795311240855
0.008916692827025887,1.539992665657411,1735.8246694661427,365.8246694661427,0.26702530617966624
0.00997667271267199,1.6295343668853464,1835.4514614565996,465.45146145659965,0.33974559230408735
0.006650170956986929,1.686860968138796,1181.882286075448,188.11771392455194,0.1373121999449284
0.005621446331544991,1.6224532514017391,1038.7154217188986,331.2845782811014,0.2418135607891251
0.006862750920004341,1.524450657951576,1349.6015474285136,20.39845257148636,0.014889381439041139
0.005872793862687466,1.5593501076639709,1129.0724890896606,240.92751091033938,0.17585949701484627
0.006085496513460655,1.6762209026312695,1088.3923205210879,281.60767947891213,0.2055530507145344
0.008795581293418179,1.7541341168679168,1503.2196855054985,133.21968550549855,0.0972406463543785
0.006399857481097467,1.6143817612282774,1188.4605309515755,181.5394690484245,0.13251056134921496
0.005007303177033896,1.7344817015940417,865.4756784200123,504.5243215799877,0.36826592816057496
0.007834262532035143,1.721619642061851,1364.2112135078332,5.788786492166764,0.004225391600121726
0.005606361520435725,1.6181640010281109,1038.6740154769054,331.3259845230946,0.2418437843234267
0.006298725752552112,1.7292075417716903,1092.0091602716439,277.99083972835615,0.20291302169953004
0.0058908538429613445,1.7994797610311264,981.413401553439,388.58659844656097,0.2836398528807014
0.009104021819678329,1.7070877992668447,1598.814706647882,228.81470664788208,0.16701803404954896
0.008669495318475072,1.789835612882555,1452.116212482402,82.11621248240203,0.059938841228030684
0.005984040890802724,1.6039408555811778,1118.4766079022436,251.5233920977564,0.1835937168596762
0.005238848694474824,1.694903711381803,926.64103374124,443.35896625876,0.32361968340055475
0.006441679536055021,1.7129476752629398,1127.3940060462137,242.6059939537863,0.17708466711955206
0.009334456655451726,1.7782982807253376,1573.6390993365367,203.63909933653667,0.14864167834783698
0.005428395220803068,1.7811473288745652,913.6762129993409,456.3237870006591,0.3330830562048606
0.006561084505301414,1.7248422727115074,1140.3730544578402,229.62694554215977,0.16761090915486115
0.005730910502089449,1.5943801975656469,1077.5872333478787,292.41276665212126,0.21343997565848266
0.007783309655744272,1.7425706801490548,1339.0432650175878,30.956734982412172,0.022596156921468737
0.005269456412160782,1.5161121664505042,1041.9699314358843,328.0300685641157,0.23943800625117934
0.0051909738517357945,1.6899014819812734,920.8908489748555,449.10915102514446,0.3278168985584996
0.009413121880811929,1.6377133800846235,1723.1238264392603,353.12382643926026,0.2577546178388761
0.00563600148128344,1.7916745153229228,943.0455827302274,426.95441726977265,0.3116455600509289
0.00788318044774747,1.6245785845199667,1454.726823194011,84.7268231940111,0.061844396491978905
0.009629399105819832,1.668366320679731,1730.3281606767102,360.32816067671024,0.26301325596840164
0.009666082005739311,1.5077355969444033,1921.9672796761681,551.9672796761681,0.4028958245811446
0.007903780125845888,1.546273171647339,1532.3900814333615,162.3900814333615,0.11853290615573832
0.005887649216171001,1.5551068206131697,1135.0170978362244,234.98290216377563,0.17152036654290193
0.008947025890892107,1.7131475176991782,1565.6858828027541,195.68588280275412,0.14283641080493
0.00678449358897179,1.6780314857183483,1212.0988352327522,157.9011647672478,0.11525632464762613
0.006984294522076687,1.7734421123376471,1180.6637541776481,189.33624582235188,0.13820163928638823
0.008227698741095638,1.7136498493371892,1439.3850822153702,69.38508221537018,0.05064604541267896
0.009961537801114785,1.6566552030608026,1802.6647291111121,432.66472911111214,0.31581367088402346
0.0062879637364415516,1.5149721476510136,1244.3028126197087,125.69718738029133,0.09174977181043162
0.006003376264774145,1.7390797375718674,1034.8961510116635,335.1038489883365,0.244601349626523
0.00961404359713059,1.7703679557619623,1628.0331735119107,258.0331735119107,0.18834538212548227
0.008292964564496678,1.5000939676170264,1657.3416629671274,287.3416629671274,0.20973844012199078
0.006008595428808475,1.6445559636487825,1095.3300663198079,274.6699336801921,0.20048900268627162
0.00956313860516865,1.7978615396170206,1594.6482893498676,224.64828934986758,0.16397685354004932
0.005820919295433888,1.7048022292596938,1023.6188535227014,346.38114647729856,0.2528329536330646
0.0075414945889969755,1.7766267904964526,1272.57070079267,97.4292992073299,0.07111627679367147
0.008069263984768146,1.7580970721716231,1375.9789049966446,5.978904996644587,0.004364164231127436
0.005640298810347991,1.7217088527451443,982.1167159085277,387.8832840914723,0.283126484738301
0.008044562974798981,1.6144565249335496,1493.8149590928397,123.81495909283967,0.090375882549518
0.009182559592669696,1.6222922194813518,1696.8965750806715,326.8965750806715,0.23861063874501567
0.006181952252728916,1.785682177801068,1037.8681515242765,332.1318484757235,0.24243200618665947
0.005237743850794477,1.5388880069742248,1020.3706158523345,349.6293841476655,0.25520393003479236
0.007919921157544214,1.717460881092742,1382.4667898553273,12.466789855327306,0.00909984660972796
0.006311839655880183,1.6003436160105473,1182.3972714405622,187.60272855943776,0.1369362982185677
0.006188768916300123,1.6849851290442701,1101.1054124044226,268.8945875955774,0.19627342160261121
0.006570274951685615,1.7748714180080545,1109.7811692253658,260.21883077463417,0.1899407523902439
0.008491379692338794,1.589080209849698,1601.965447683921,231.96544768392096,0.16931784502475983
0.00991716723602474,1.6599383752344954,1791.0857333272518,421.0857333272518,0.3073618491439794
0.007054671577489191,1.6160928045419705,1308.6731941719356,61.32680582806438,0.044764091845302466
0.0064639585440683656,1.650113618689519,1174.3712665527528,195.6287334472472,0.14279469594689578
0.009334406685715509,1.671445328990454,1674.230485284552,304.23048528455206,0.2220660476529577
0.005958335614414116,1.6718666499407668,1068.4249724686083,301.5750275313917,0.22012775732218373
0.005000272429831251,1.5222821028430351,984.7346688298496,385.2653311701504,0.28121557019719007
0.006904528393447821,1.5429578828959971,1341.5308099774206,28.46919002257937,0.020780430673415597
0.005760694304376627,1.6222072707054715,1064.6066852755625,305.39331472443746,0.22291482826601275
0.008890963997051358,1.787228048871515,1491.384354866485,121.38435486648495,0.08860171888064595
0.00760986515289219,1.6799026497293459,1358.0430863667339,11.95691363326614,0.008727674184865796
0.009221469260795014,1.5557297580000902,1776.9968864123377,406.99688641233774,0.2970780192790786
0.005585957905530209,1.6394823685398414,1021.4370602075417,348.56293979245834,0.25442550349814474
0.00542007577307769,1.5959888002344287,1018.1135596431102,351.8864403568898,0.2568514163188977
0.0072682543374746385,1.6045477223344375,1357.99503054389,12.004969456110075,0.008762751427817572
0.008485350818304612,1.6803557783248477,1513.8723665697855,143.87236656978553,0.1050163259633471
0.008066439237998824,1.7035002216921427,1419.581644706321,49.58164470632096,0.03619098153746055
0.00875060564127578,1.6377794968825676,1601.7819121439602,231.7819121439602,0.1691838774773432
0.007988587360963455,1.6680568439020087,1435.7533735413028,65.75337354130284,0.04799516316883418
0.007882755981401465,1.6996708174629684,1390.3814592792673,20.381459279267347,0.014876977576107552
0.0066548808027073,1.7199406555198067,1159.9720415572554,210.02795844274465,0.15330507915528807
0.007392931634995946,1.6701843006863293,1327.0063344330501,42.99366556694986,0.03138223764010938
0.009711793965405741,1.5387013332456214,1892.1947499305836,522.1947499305836,0.38116405104422163
0.00979466269859416,1.5941361342633846,1841.979453686549,471.97945368654905,0.3445105501361672
0.007710333463003149,1.5195191786451432,1521.204768823241,151.204768823241,0.11036844439652628
0.005975871667027938,1.7059099736615417,1050.1851114133335,319.8148885866665,0.23344152451581496
0.0056570189560065974,1.5424145804084097,1099.5303333587217,270.4696666412783,0.19742311433669948
0.008215366326250875,1.6396061280047731,1502.1320195443973,132.13201954439728,0.09644672959445057
0.008870759803394636,1.7150672742038,1550.6020817882284,180.60208178822836,0.13182633707169952
0.006750191653323745,1.5690624394302184,1289.723402247695,80.27659775230495,0.058596056753507264
0.008409556182547975,1.7724071929473135,1422.4279435826554,52.427943582655416,0.03826857195814264
0.009807531762789912,1.6094497504163754,1826.850483104058,456.85048310405796,0.3334675059153708
0.009603295250785345,1.6508072252894594,1743.992541362817,373.99254136281706,0.2729872564692095
0.006529381332366817,1.5981459919899903,1224.8313287149444,145.16867128505555,0.10596253378471208
0.0066832125891099995,1.6604722751983418,1206.630643192465,163.36935680753504,0.11924770569893069
0.006836601807537507,1.747825738416365,1172.6350145787062,197.3649854212938,0.14406203315422905
0.008350150334152404,1.7167970139114612,1458.1293379825108,88.12933798251083,0.06432798392884002
0.007297561348236072,1.6108829998891665,1358.1084747582597,11.891525241740283,0.008679945431927214
0.007379223909574536,1.6330866598335707,1354.6345876153139,15.365412384686124,0.011215629477873083
0.007460464866938332,1.5937675193795835,1403.3358523661832,33.33585236618319,0.024332738953418385
0.008605399795582088,1.7675985231912719,1459.5135280677578,89.51352806775776,0.06533834165529763
0.005400612196588772,1.5405441684401007,1050.968117817441,319.031882182559,0.23286998699456862
0.005726142028192896,1.5338815153882168,1119.1569728608263,250.84302713917373,0.18309710010158667
0.007386518601535413,1.5842925569302064,1397.7358903381992,27.73589033819917,0.020245175429342458
0.009957764011883603,1.6795086581969272,1777.461839649829,407.461839649829,0.29741740120425475
0.00890732724944316,1.7903647578778341,1491.5114467993542,121.51144679935419,0.08869448671485708
0.00620208887791086,1.737935166818422,1069.8554842222263,300.1445157777737,0.2190835881589589
0.008222769736160526,1.5419815148596137,1598.6730885006798,228.6730885006798,0.16691466313918232
0.00699073738240443,1.6770585669913751,1249.6703361190891,120.32966388091086,0.08783187144592033
0.009241965808489561,1.7514959634204135,1581.8886850691506,211.8886850691506,0.15466327377310263
0.007850222977259635,1.6924156164374915,1390.579015782597,20.579015782597025,0.015021179403355492
0.00777100539491221,1.6163093924558034,1441.3631569215147,71.3631569215147,0.05208989556314942
0.0059014710959581305,1.5694629062420657,1127.275145297615,242.72485470238507,0.1771714267900621
0.007781737539588213,1.602870502043375,1455.4552108420376,85.45521084203756,0.062376066308056616
0.008972593809840591,1.5142350192694005,1776.4190622044564,406.4190622044564,0.29665624978427474
0.006432496652208543,1.6189050069895004,1191.1841486168664,178.81585138313358,0.13052251925776173
0.00874639079587901,1.5080338299762124,1738.7554199407484,368.7554199407484,0.26916454010273605
0.00660386163203819,1.5436964197843852,1282.4982202375943,87.5017797624057,0.06386991223533263
0.0053976754525638295,1.678354828915236,964.1479641442959,405.8520358557041,0.29624236193847014
0.007951557911352073,1.6966121218969994,1405.0454198737034,35.045419873703395,0.025580598447958684
0.008292894534261946,1.587649262770896,1565.9297646270595,195.9297646270595,0.14301442673507994
0.005312039061816444,1.7414744877901436,914.460279779804,455.53972022019605,0.3325107446862745
0.005810790097875778,1.5412443793823312,1130.275684808905,239.724315191095,0.17498125196430292
0.009268436535621333,1.6715556527117745,1662.2882799763042,292.28827997630424,0.21334910947175492
0.00941022445315117,1.6000360723781433,1763.1566986792088,393.15669867920883,0.2869756924665758
0.008284950450103658,1.6554570449488417,1500.3504122461463,130.35041224614633,0.09514628631105572
0.008253414298670377,1.6623454810001772,1488.4459264159873,118.44592641598729,0.08645688059561116
0.009836320112873715,1.7297373838719343,1704.7990127335854,334.7990127335854,0.24437884141137622
0.008746033596019779,1.6105960799143373,1627.9655353692433,257.9655353692433,0.18829601121842576
0.005603297695401339,1.5961049596069365,1052.4535864005984,317.5464135994016,0.23178570335722745
0.00994291199506275,1.5305552807364522,1947.535031366707,577.535031366707,0.4215584170559905
0.007753965480435044,1.7899973694787488,1298.6501601975513,71.34983980244874,0.05208017503828375
0.006797787789685937,1.5464800722004588,1317.7832337228933,52.21676627710667,0.03811442793949392
0.008703600130069633,1.7717950135613776,1472.6724347180277,102.67243471802772,0.07494338300585965
0.006406824832276676,1.7199226714919027,1116.746581855093,253.25341814490707,0.1848565095948227
0.006048786438292544,1.6281167494117363,1113.790245636862,256.209754363138,0.18701441924316645
0.007042646923295433,1.7529325059457808,1204.457344934523,165.542655065477,0.12083405479231897
0.006882158939489849,1.6678641466045763,1237.0428065239123,132.9571934760877,0.09704904633291073
0.008756956393203248,1.747187332978912,1502.568975955884,132.56897595588407,0.09676567588020735
0.007970935688272517,1.6261468816216342,1469.5021892266857,99.50218922668569,0.07262933520196035
0.007917048606379797,1.5576447178327835,1523.7566273228108,153.7566273228108,0.11223111483416846
0.00773303064137862,1.602768844930762,1446.4370648958811,76.43706489588112,0.0557934780261906
0.006003950054308207,1.7048764925325244,1055.7591428904948,314.2408571095052,0.2293728884010987
0.006663300537030133,1.7566571282910677,1137.1639998593919,232.83600014060812,0.16995328477416652
0.007849000711602841,1.5652307556825429,1503.3382187465847,133.33821874658474,0.09732716696831004
0.009073218908621675,1.6390391760687457,1659.5592334235223,289.5592334235223,0.21135710468870242
0.009939135429715584,1.5597650879960017,1910.3375654455983,540.3375654455983,0.3944069820770791
0.005158714918710885,1.6997335366425455,909.8742786804501,460.12572131954994,0.33585819074419704
0.009689514047238421,1.7053544300401653,1703.3662808608753,333.36628086087535,0.2433330517232667
0.006033827745946828,1.503849217866007,1202.8440282549468,167.1559717450532,0.12201165820806803
0.008644503923905044,1.6076318663934255,1612.0339075836177,242.03390758361775,0.17666708582745821
0.008653293434706775,1.7358165931356722,1494.5081864321385,124.50818643213847,0.09088188790667041
0.009834212135389566,1.7299199592146177,1704.253779406278,334.253779406278,0.2439808608804949
0.008798325459179891,1.6607508086001748,1588.2404524702758,218.24045247027584,0.15929960034326704
0.0054607119735945175,1.7585800028371172,930.9103153412582,439.0896846587418,0.3205034194589356
0.009837259027688946,1.6008587277363155,1842.2213108484386,472.22131084843863,0.34468708821053917
0.006516680922298204,1.6072064951978813,1215.5574268364,154.44257316359995,0.11273180522890507
0.006096514259460803,1.5569119580249553,1173.9192994537384,196.0807005462616,0.14312459893887708
0.008834023432883866,1.5130228467162232,1750.3857292847415,380.3857292847415,0.2776538169961617
0.005539463394545269,1.7777800080081396,934.1365858379854,435.8634141620146,0.3181484774905216
0.0065640885898534465,1.5960547475843452,1232.955358116827,137.04464188317297,0.10003258531618466
0.007254286120220979,1.6860363365635314,1289.877459847013,80.12254015298709,0.05848360595108546
0.009698491602033458,1.6645076899401672,1746.7835407660284,376.7835407660284,0.27502448231096965
0.0051311256962768325,1.5052893028078445,1021.9117228325637,348.08827716743633,0.25407903442878566
0.00810162740187379,1.7045056602887168,1424.9332514369562,54.9332514369562,0.04009726382259576
0.008461624479813384,1.5409981816724505,1646.161060828185,276.1610608281851,0.20157741666290882
0.006327798885525699,1.6699628535644777,1135.969208879271,234.03079112072896,0.17082539497863428
0.0077766713738558705,1.60106665387512,1456.1463887738503,86.14638877385028,0.06288057574733596
0.005798971888936207,1.7033335519312265,1020.6386379731697,349.3613620268303,0.2550082934502411
0.0069065468792955265,1.671748521176232,1238.5419451601624,131.4580548398376,0.09595478455462597
0.009224950172681448,1.6951665845811652,1631.4446688311764,261.4446688311764,0.19083552469428933
0.009191432344784572,1.6052706096447107,1716.5467794825825,346.54677948258245,0.2529538536369215
0.008968724154091454,1.7120889292830441,1570.4533878418297,200.45338784182968,0.14631634149038664
0.006731628276501882,1.7879073979820004,1128.7449168970438,241.25508310295618,0.1760986008050775
0.008697600025492375,1.5308669706553968,1703.2668026189801,333.26680261898014,0.24326043986786872
0.005629268748606799,1.5263074377922474,1105.6830839588195,264.31691604118055,0.19293205550451134
0.008031905465222908,1.7065104235240987,1411.0108257471215,41.010825747121544,0.02993490930446828
0.006347539306604949,1.711849682083366,1111.6305543035648,258.36944569643515,0.1885908362747702
0.008741020749377087,1.5339856840498916,1708.2897990067092,338.28979900670925,0.24692686058883886
0.008495405493844282,1.6264109941257565,1565.937825005476,195.93782500547604,0.1430203102229752
0.005028562402982739,1.5193505509263103,992.2167613507502,377.7832386492498,0.27575418879507285
0.005342298179580509,1.5010910136508824,1066.944434455095,303.055565544905,0.22120844200358028
0.007258772591026483,1.559868420086854,1395.0697694140704,25.06976941407038,0.018299101762095166
0.009239056370144296,1.7348358686115728,1596.5772145481678,226.57721454816783,0.16538482813734878
0.008582172648961932,1.5465547370687818,1663.6143369157987,293.61433691579873,0.21431703424510856
0.0071448096385952255,1.5752412825456585,1359.7663210267403,10.233678973259657,0.0074698386666128885
0.009929277131099352,1.6836121349860043,1768.0571049817293,398.05710498172925,0.290552631373525
0.008108991246363923,1.5402073849343572,1578.3682388664383,208.36823886643833,0.15209360501199878
0.007614062607013708,1.6585304071523344,1376.3018962322044,6.301896232204399,0.004599924257083503
0.00647033944011394,1.5428351078220166,1257.269137195363,112.7308628046369,0.08228530131725321
0.008826103810059906,1.611114645217921,1642.3408251143567,272.3408251143567,0.19878892344113627
0.008906509273084267,1.7147728222717258,1557.1183963834808,187.11839638348079,0.13658277108283268
0.007515089310698001,1.7118246637036085,1316.120245439907,53.87975456009303,0.03932828800006791
0.007752558946354399,1.5134790547950001,1535.639819364584,165.6398193645839,0.12090497763838241
0.007365572243093652,1.6788763115724976,1315.2505590274193,54.749440972580715,0.03996309560042388
0.006066986147115703,1.7390011576344415,1045.9088435397734,324.09115646022656,0.23656288792717267
0.009721436908847032,1.521070431048721,1916.0279541991981,546.0279541991981,0.3985605505103636
0.009103343722827098,1.50174009387573,1817.301010883873,447.301010883873,0.32649708823640367
0.009384643219823886,1.715769321967722,1639.7572927212914,269.7572927212914,0.1969031333732054
0.005979547376037775,1.5785871436924628,1135.5871056929436,234.41289430705638,0.17110430241390975
0.008187765227412441,1.7474355086837356,1404.7043515224586,34.70435152245864,0.0253316434470501
0.007698160809694265,1.7299195290569518,1334.0797143758562,35.920285624143844,0.02621918658696631
0.006214922971125645,1.5203483825036848,1225.5000598784827,144.49994012151728,0.10547440884782283
0.006970995648586541,1.5834393991547708,1319.8180627011127,50.181937298887306,0.03662915131305643
0.009583536686979147,1.6625486069956918,1728.1130955409715,358.11309554097147,0.2613964201028989
0.007535755542226408,1.7048006986278377,1325.1770008714423,44.82299912855774,0.03271751761208594
0.0066473200812195874,1.6541723750055835,1204.7211381189056,165.27886188109437,0.12064150502269662
0.006817334825154244,1.5588136707952764,1311.1160124733133,58.883987526686724,0.04298101279320199
0.005761348860659101,1.6052848340096362,1075.9516938924269,294.0483061075731,0.21463380007852054
0.0067036310319170105,1.5920958338095954,1262.2971443714137,107.70285562858635,0.07861522308655938
0.009640504986041295,1.6643261909414384,1736.5289940499827,366.52899404998266,0.2675394117153158
0.009294372822736898,1.7630827872445698,1580.403877943466,210.4038779434659,0.15357947295143495
0.008201689993523458,1.6892295726963265,1455.5776447766593,85.57764477665933,0.06246543414354695
0.008946802363769263,1.5040566081127376,1783.2998155835055,413.2998155835055,0.3016786975062084
0.005823493404517909,1.5359439857864425,1136.655645025556,233.34435497444406,0.17032434669667448
0.006419813308329146,1.7025405474889124,1130.435110308373,239.56488969162706,0.1748648829865891
0.008788179443718434,1.7057080203627955,1544.5960770103252,174.5960770103252,0.12744239197833956
0.009806299816455635,1.5436887628130833,1904.4348813570746,534.4348813570746,0.3900984535453099
0.006090958830493032,1.5258443192862654,1196.7298998265162,173.2701001734838,0.12647452567407577
0.007316907042952339,1.5997667802326756,1371.1708321916492,1.1708321916491968,0.0008546220377001437
0.008756114908458863,1.7022487329137284,1542.0879218068806,172.08792180688056,0.12561162175684712
0.005631424920276379,1.6961644933321254,995.3390284544367,374.66097154556326,0.27347516171208996
0.009900358935100901,1.500135957012886,1978.5226308062329,608.5226308062329,0.44417710277827216
0.009442991652167283,1.5580750639002805,1816.9456298145951,446.9456298145951,0.32623768599605485
0.009476753192824537,1.725171679070169,1646.8269030868198,276.8269030868198,0.20206343291008746
0.008950277365712841,1.5106070727480352,1776.2565127989253,406.2565127989253,0.29653760058315715
0.006181071528197994,1.7160099732214005,1079.853063460729,290.1469365392711,0.2117860850651614
0.006484204240813382,1.6601675981908852,1170.915231477706,199.0847685222941,0.14531734928634607
0.009080260076527433,1.6086172591715266,1692.2567951455505,322.25679514555054,0.23522393806244565
0.0059938432563538,1.781964641588567,1008.3864520943245,361.61354790567555,0.26395149482166097
0.008046024814026179,1.7320997241358975,1392.6089372996453,22.608937299645277,0.01650287394134692
0.006784934106981035,1.6418088691476762,1238.9213577313915,131.07864226860852,0.09567784107197702
0.005015175784539604,1.6177271500685624,929.3976896446873,440.60231035531274,0.32160752580679763
0.009023951527265548,1.6617671149559734,1627.9733693631713,257.9733693631713,0.18830172946216883
0.0073330359885113525,1.7045812852157936,1289.694368150927,80.30563184907305,0.05861724952487084
0.00859176048286793,1.6591590602534363,1552.4400616013263,182.4400616013263,0.13316792817615059
0.009650165680073732,1.56763318508722,1845.4871438407206,475.4871438407206,0.3470709079129347
0.007448565491334251,1.529950569411968,1459.5398059685867,89.53980596858673,0.06535752260480783
0.006902922663507493,1.7329920344597336,1194.1452190932744,175.85478090672564,0.12836115394651507
0.006216289202615092,1.5300002133656692,1218.036836472937,151.963163527063,0.11092201717303868
0.008452774347382041,1.6711284173138234,1516.3873537584216,146.38735375842157,0.10685208303534421
0.008175808454776565,1.7216630727305315,1423.6500460611767,53.65004606117668,0.039160617562902685
0.007354962899009549,1.6376009741108197,1346.4588998489837,23.54110015101628,0.01718328478176371
0.005132157666255821,1.7478073928524567,880.2927415814275,489.70725841857245,0.3574505535901989
0.009004704910338859,1.5283287944049395,1766.3362939427134,396.3362939427134,0.2892965649216886
0.0068206838973570005,1.6396165629573383,1247.11450044243,122.88549955757003,0.08969744493253287
0.005920567683083763,1.5472996505551493,1147.1220444147468,222.87795558525318,0.16268463911332348
0.008164192404373154,1.5756302375943554,1553.386860757924,183.38686075792407,0.13385902245103948
0.008617108291844831,1.6005216214953932,1614.0638407937802,244.06384079378017,0.17814878890056948
0.00792274251285674,1.767350873555568,1343.9201505312972,26.079849468702832,0.019036386473505716
0.009271566620052744,1.5135775521579147,1836.4078818251185,466.40788182511847,0.34044370936140034
0.00945328448068121,1.6361583979500471,1732.1204317304719,362.12043173047186,0.26432148301494296
0.006499154070603336,1.6718226618673588,1165.43304393936,204.56695606064,0.14931894602966422
0.008713879002751014,1.776899155173406,1470.1764010318175,100.17640103181748,0.07312146060716604
0.006414538646668005,1.5783171600561847,1218.4054995335277,151.59450046647225,0.1106529200485199
0.009113945752943872,1.7237214014543785,1585.1124184269863,215.11241842698632,0.15701636381531847
0.008903263375191976,1.5803349642942905,1688.9654862898624,318.9654862898624,0.23282152283931562
0.009048789475207668,1.5116221705806427,1794.6011189125486,424.6011189125486,0.3099278240237581
0.006885027031672668,1.7757334954221502,1162.3811695520749,207.61883044792512,0.15154659156782854
0.006990865331108361,1.6349001522301139,1281.9184696393447,88.08153036065528,0.0642930878544929
0.005106368846827268,1.648377914565255,928.7013945759643,441.2986054240357,0.3221157703825078
0.009456973951513115,1.5007037245146815,1889.1999932118201,519.1999932118201,0.3789780972349052
0.009398054529444482,1.6494694814526216,1708.1042719983916,338.1042719983916,0.24679143941488438
0.008487227637966648,1.7058513429332927,1491.575948708594,121.57594870859407,0.08874156840043362
0.009504882727043874,1.7891527607635556,1592.6488884750959,222.64888847509587,0.1625174368431357
0.00797131675940636,1.6450029745841444,1452.7272483523332,82.72724835233316,0.06038485281192202
0.009983081611728645,1.7882454034751896,1673.6252020995369,303.62520209953686,0.221624235109151
0.005701621110388331,1.7515247165256127,975.8943114765983,394.1056885234017,0.2876683857835049
0.0071279776997561235,1.5014344502634487,1423.2482509004114,53.24825090041145,0.03886733642365799
0.007663017859556323,1.5056981538589052,1525.747344463812,155.74734446381194,0.11368419303927879
0.005268013242393237,1.661262925789593,950.6686835637271,419.3313164362729,0.30608125287319193
0.0052744444156748805,1.7473142114503877,904.953811740026,465.046188259974,0.33944977245253577
0.00811082407160979,1.7478505440899954,1391.1738009038077,21.17380090380766,0.015455329126866904
0.008611339921702234,1.7635559829883054,1463.8689027757162,93.86890277571615,0.06851744728154463
0.009544054100981476,1.7925871785044911,1596.1485569729844,226.14855697298435,0.16507193939633893
0.006073271828484576,1.7130114619636907,1062.8773537080615,307.1226462919385,0.22417711408170693
0.006956801082874398,1.7406045242775317,1198.2023873674812,171.79761263251885,0.12539971725001375
0.00504704764450562,1.6156176368763222,936.5253166676573,433.4746833323427,0.3164048783447757
0.006582296228405107,1.751538278831608,1126.622689007992,243.377310992008,0.17764767225694014
0.005076486170485685,1.587475260929544,958.6872340686233,411.3127659313767,0.300228296300275
0.00847325150215666,1.5918092242623658,1595.8048592543225,225.80485925432254,0.16482106514914055
0.00815073088758992,1.7532634066833452,1393.7025309331777,23.70253093317774,0.017301117469472802
0.005475712258757868,1.542217187215841,1064.4267558172442,305.57324418275584,0.22304616363704807
0.006206335861845962,1.7577148260863424,1058.540700449751,311.45929955024894,0.2273425544162401
0.005269270611774901,1.5479233869032454,1020.5205257163683,349.4794742836317,0.2550945067763735
0.0056279059359039246,1.664092027460966,1013.8884905852985,356.11150941470146,0.2599354083318989
0.007324056009215407,1.68394106129661,1303.9035652718767,66.09643472812331,0.048245572794250596
0.008691133405407184,1.7503969253426723,1488.5402326120106,118.54023261201064,0.08652571723504426
0.005662968819495231,1.7600544732919912,964.5811352636382,405.4188647363618,0.2959261786396801
0.008088201826511647,1.6453077334900157,1473.7558555241123,103.75585552411235,0.07573420111249077
0.0064059633960687964,1.6880534541843637,1137.6769542487164,232.32304575128364,0.16957886551188586
0.008188254053806118,1.7767816509634848,1381.586087512702,11.586087512702079,0.008456998184454072
0.008297321420655781,1.5654454402465512,1588.9882327184023,218.9882327184023,0.15984542534189947
0.005869857541041545,1.6511012475591391,1065.7971598895847,304.2028401104153,0.2220458686937338
0.005638880474547877,1.6021499731780735,1055.1408208556154,314.8591791443846,0.2298242183535654
0.007275836116334045,1.6681403844722147,1307.5882663263278,62.41173367367219,0.045556009980782616
0.008792034565762925,1.709849471596085,1541.5308172307211,171.53081723072114,0.12520497608081835
0.008222404124016886,1.7582127765083462,1402.0002447619897,32.000244761989734,0.02335784289196331
0.0076858763372638465,1.5227182811755176,1513.193732233634,143.1937322336339,0.10452097243330942
0.008318238249931898,1.520774179812304,1639.7865799408057,269.7865799408057,0.1969245109056976
0.006148701484449041,1.7016522717575797,1083.2614642398757,286.73853576012425,0.20929820128476223
0.0067169122902534005,1.7389959487272884,1157.955340344076,212.04465965592408,0.15477712383644093
0.00968138203055165,1.7624968526152216,1646.7577297908213,276.75772979082126,0.2020129414531542
0.008330417490898528,1.7747143837804007,1407.210286109725,37.210286109725075,0.027160792780821223
0.00808372253938457,1.6245686805335173,1491.7430570409808,121.74305704098083,0.08886354528538747
0.00790471857769248,1.7592248882968828,1347.0563246174215,22.943675382578476,0.01674720830845144
0.009128729516562555,1.5411905311205574,1775.7209150497717,405.72091504977175,0.29614665332100126
0.009424327716798018,1.777580102775658,1589.4318162116501,219.43181621165013,0.16016920891361322
0.008629180153577089,1.7088969105606926,1513.820472597674,143.8204725976741,0.10497844715158693
0.005996897441458583,1.6500800064295542,1089.537851100272,280.46214889972794,0.2047168970071007
0.008273972341147334,1.6176139160308796,1533.415656847763,163.4156568477631,0.1192815013487322
0.009024630936265427,1.5391933417631278,1757.7494766360646,387.7494766360646,0.2830288150628209
0.007992586366333827,1.737247966245476,1379.2602778053451,9.26027780534514,0.006759326865215431
0.007330509996977505,1.5604256120017577,1408.3539730985801,38.35397309858013,0.027995600801883305
0.0075500471258327095,1.69494539108786,1335.410095080694,34.589904919306036,0.025248105780515354
0.00996831867000166,1.7768004009444405,1681.9147241404382,311.91472414043824,0.22767498112440748
0.007124464393974985,1.758352836787444,1214.6940295017887,155.3059704982113,0.1133620222614681
0.005533341017140592,1.546117694644698,1072.9156714437624,297.08432855623755,0.21684987485856755
0.007867158613792618,1.7612630755393108,1339.1042207494008,30.895779250599162,0.022551663686568732
0.005995895660485171,1.7562166273711033,1023.5208287824455,346.4791712175545,0.25290450453836094
0.008022853100300365,1.5002617123723194,1603.18085256519,233.18085256518998,0.17020500187240145
0.008106757162762615,1.552233769978256,1565.707887071517,195.707887071517,0.14285247231497591
0.0063422268148416215,1.6936903251966475,1122.608860503541,247.3911394964589,0.1805774740850065
0.008220175362677898,1.5664042370595608,1573.250709404551,203.2507094045509,0.14835818204711743
0.00807053025522449,1.7890242800769103,1352.4042851297152,17.595714870284837,0.012843587496558275
0.009769245200235605,1.573036470013471,1861.8424221011564,491.84242210115644,0.3590090672271215
0.0067816671071276105,1.7341433740915981,1172.3901735913487,197.60982640865132,0.1442407492033951
0.008975390560457184,1.5890119202646602,1693.3506686226078,323.3506686226078,0.23602238585591812
0.008593320740595455,1.6152868727953706,1594.8948701274155,224.89487012741552,0.16415683950906243
0.006978882699126688,1.5642150652337523,1337.550343917835,32.44965608216489,0.023685880351945177
0.006522220359210455,1.777932168797805,1099.7677568472595,270.23224315274047,0.1972498125202485
0.009038393768610226,1.6392813160267024,1652.9452619097658,282.9452619097658,0.2065293882553035
0.007149155791712737,1.5902112169980795,1347.7851020749563,22.214897925043715,0.016215253959885923
0.009401697539775922,1.5147670855646589,1860.7203983253335,490.72039832533346,0.3581900717703164
0.005091966414339346,1.7175466634615855,888.7869889552967,481.2130110447033,0.3512503730253309
0.008426225295689534,1.5363413698837323,1644.243162733888,274.2431627338881,0.20017749104663363
0.0058982554273359755,1.796280454713573,984.3966669196154,385.6033330803846,0.28146228691998876
0.009278608646987353,1.7553203607272132,1584.7004087322143,214.70040873221433,0.15671562681183526
0.006013854052870597,1.6038529489783344,1124.1105923780626,245.88940762193738,0.17948131943207107
0.0053610342143021236,1.5376262991530374,1045.2459257577843,324.75407424221567,0.23704676951986545
0.007333290768392068,1.6559835832254322,1327.5888039921986,42.411196007801436,0.030957077377957252
0.00502613468925262,1.5695918683917,959.9930421874993,410.0069578125007,0.2992751516879567
0.009909052465494315,1.6453802215470832,1805.454542469407,435.454542469407,0.31785003099956716
0.007131762649823452,1.7385159945871422,1229.8124730056934,140.1875269943066,0.10232666203963986
0.009827782087778379,1.5823350467950599,1861.991842215101,491.9918422151011,0.3591181330037234
0.008521962535459936,1.7349585256888802,1472.5539876954886,102.55398769548856,0.07485692532517413
0.00995690735436636,1.608904283941778,1855.303487992818,485.30348799281796,0.3542361226224949
0.007735511522205135,1.741786364915534,1331.4193174555355,38.58068254446448,0.028161082149244145
0.007330849523040522,1.5131559913248391,1452.4169420339979,82.41694203399788,0.060158351849633494
0.007964035566005612,1.6214700571052334,1472.4649323433612,102.46493234336117,0.0747919214185118
0.008339107750707285,1.6518561797473876,1513.44992425049,143.44992425049008,0.10470797390546721
0.006590738688485754,1.5749424866815036,1254.5561302496071,115.44386975039288,0.084265598357951
0.009818410347739198,1.545580036361394,1904.4535401291314,534.4535401291314,0.3901120730869572
0.007224920510065836,1.5342279755701085,1411.7697715441466,41.76977154414658,0.030488884338793123
0.006435477162272246,1.7288950690697282,1115.9193819197887,254.08061808021125,0.1854603051680374
0.00761597527334483,1.5543437838600016,1468.9233945358096,98.92339453580962,0.07220685732540848
0.009053981524744806,1.675270073565425,1620.2255497903336,250.22554979033362,0.1826463867082727
0.008970497928228424,1.6932093661815861,1588.2782584957054,218.27825849570536,0.1593271959822667
0.009082972303963807,1.5897347396706898,1712.8685213957758,342.8685213957758,0.25026899371954436
0.009521502769840155,1.5315463219230998,1863.7860823170802,493.7860823170802,0.36042779731173735
0.005751708533242417,1.799402386592284,958.2730642843268,411.7269357156732,0.3005306100114403
0.006106303058273149,1.7691571445846705,1034.743357160838,335.25664283916194,0.24471287798478975
0.009260040228245149,1.5333745874547564,1810.4449127545004,440.44491275450036,0.32149263704708053
0.0054385189580525095,1.7618230965904362,925.4203611415019,444.57963885849813,0.32451068529817384
0.005944083336665314,1.754972764740252,1015.3954465039706,354.60455349602944,0.2588354405080507
0.005419561239683389,1.727734422773294,940.3896593772978,429.6103406227022,0.31358419023554907
0.005023070226173739,1.798794108703938,837.1600521286188,532.8399478713812,0.3889342685192564
0.00803610955914715,1.577670412603715,1527.0394996620648,157.03949966206483,0.11462737201610572
0.005027213413944478,1.686872018489678,893.4410256009642,476.55897439903583,0.3478532659846977
0.009168462217503972,1.6975384192173668,1619.1891701236884,249.18917012368843,0.18188990519977258
0.009442758573935905,1.5381478978913583,1840.4392757430196,470.4392757430196,0.3433863326591384
0.009693119331027296,1.5552113230315912,1868.5075313568561,498.50753135685613,0.36387411047945706
0.006853245761619795,1.6232643410762042,1265.6912002341762,104.30879976582378,0.07613781004804655
0.009659660994758446,1.6234614450838156,1783.7772013833387,413.7772013833387,0.3020271542944078
0.0073663086289563785,1.6963442743485018,1301.8370171995816,68.16298280041838,0.049754002044101006
0.005537122014378567,1.5516183193134938,1069.8426270649572,300.15737293504276,0.21909297294528668
0.005207412076834234,1.613395613895607,967.61318357844,402.38681642155996,0.29371300468727
0.006806729374332825,1.6592006366818772,1229.873039437177,140.1269605628229,0.10228245296556415
0.007867735448316412,1.5374720926659018,1534.1336992040353,164.13369920403534,0.1198056198569601
0.005991014861056745,1.5224410619930278,1179.7245331517177,190.27546684828235,0.1388872020790382
0.0076981524221065595,1.618021026682668,1426.3399539458533,56.33995394585327,0.041124053975075375
0.008544083676117479,1.584398884044309,1616.6710746997103,246.6710746997103,0.18005187934285422
0.006191297673891161,1.6313883276571752,1137.7452666533734,232.2547333466266,0.16952900244279315
0.00826088158737906,1.640007369903937,1510.0846750904377,140.0846750904377,0.10225158765725381
0.009971477590305205,1.5567513641082489,1920.2641125687478,550.2641125687478,0.4016526369114948
0.005119515370127669,1.7509366506835793,876.554897620173,493.44510237982695,0.360178906846589
0.008819344874623184,1.7745019257413293,1489.9803936862004,119.98039368620039,0.08757692969795648
0.008493481426087036,1.5435051951015988,1649.674832183751,279.67483218375105,0.20414221327281099
0.006473396354640233,1.5434361700115236,1257.3732833741649,112.62671662583512,0.08220928220863877
0.0051243912354393,1.695059509003316,906.3126315425419,463.6873684574581,0.33845793318062634
0.007390258621494648,1.6162434322717474,1370.7983297289966,0.7983297289965776,0.0005827224299245092
0.0064417719607970745,1.6037727117558829,1204.1573197042837,165.84268029571626,0.1210530513107418
0.007256394005925645,1.6137320980206231,1348.062790546981,21.937209453019022,0.016012561644539434
0.00955574690499819,1.795179340297644,1595.7964691150694,225.79646911506939,0.16481494095990465
0.00786820014510526,1.52336952566313,1548.4273656519772,178.4273656519772,0.1302389530306403
0.008858585070501416,1.7669822263311141,1502.978894248405,132.9788942484049,0.09706488631270431
0.009522510828561096,1.7964898148397834,1589.0860633020318,219.0860633020318,0.1599168345270305
0.007107120821614913,1.7809640201623809,1196.3527596816073,173.64724031839273,0.12674981045138156
0.005185672356416813,1.6758600561455295,927.6582829287548,442.34171707124517,0.32287716574543446
0.007125727605355087,1.5418108537302153,1385.539211038433,15.539211038432995,0.011342489809075179
0.007458969086481066,1.6657656671948815,1342.411313079706,27.588686920294094,0.020137727679046785
0.009799127839795089,1.7201499896095631,1707.8188757337348,337.8188757337348,0.24658312097352905
0.008499475793728357,1.6095540045273387,1583.0961451098333,213.0961451098333,0.1555446314670316
0.007312653194821148,1.7276051573742095,1268.9695133285159,101.03048667148414,0.07374488078210521
0.00805715756392918,1.6521845752647553,1461.9886341673125,91.98863416731251,0.06714498844329381
0.005404366116112104,1.5238428367610026,1063.2252636531368,306.77473634686316,0.22392316521668845
0.009667115579982215,1.553515160505238,1865.5294876880555,495.5294876880555,0.3617003559766828
0.007441753177813687,1.6583131610562143,1345.3318283894687,24.668171610531317,0.01800596467921994
0.005843453060455197,1.6780285369224395,1043.9769751558506,326.0230248441494,0.23797301083514555
0.00945996944197721,1.549111078569563,1830.7450839703513,460.7450839703513,0.3363102802703294
0.007069571029669491,1.6761073633711077,1264.4799028431626,105.52009715683744,0.07702196872761857
0.009119820033550823,1.7841466517077091,1532.4150970207097,162.4150970207097,0.11855116570854723
0.005294524001084037,1.683069309922597,943.0736778736549,426.9263221263451,0.3116250526469672
0.006063639485428755,1.7301998781337475,1050.6493548729864,319.35064512701365,0.2331026606766523
0.009349200913676366,1.7137563205235509,1635.4833465417212,265.4833465417212,0.19378346462899357
0.005580198207893979,1.6303866605665833,1026.0764377760383,343.92356222396165,0.2510390965138406
0.006651853776376479,1.6669081013705453,1196.3320546806747,173.66794531932533,0.12676492359074842
0.00519912186251102,1.6430261862925355,948.650444896928,421.349555103072,0.30755441978326425
0.008314648331180115,1.6157540436043116,1542.727911142721,172.72791114272104,0.12607876725746062
0.006302669551001146,1.7741274933298963,1065.0265010605083,304.9734989394917,0.2226083933864903
0.005203986603895472,1.5302211546840216,1019.536248473213,350.46375152678695,0.2558129573188226
0.0075614832281867324,1.6042434750207395,1413.0496264443707,43.04962644437069,0.03142308499589101
0.006984853320056095,1.703284539902723,1229.3931498425206,140.60685015747936,0.10263273734122581
0.0068612332246910344,1.5514098488169665,1325.8559463896167,44.14405361038325,0.03222193694188558
0.005445573403577866,1.5360551143294174,1062.814622111225,307.18537788877507,0.22422290356844896
0.0053305975851579545,1.604296570245536,996.1206564312382,373.8793435687618,0.2729046303421619
0.007396093929695664,1.502474512853974,1475.7609262672675,105.76092626726745,0.07719775639946529
0.009191116142033367,1.6993023202726976,1621.5050536395897,251.50505363958973,0.18358033112378813
0.007937408020832997,1.7913797493995383,1328.3476390263208,41.65236097367915,0.030403183192466533
0.009383139185446867,1.5870536510632238,1772.4633053688567,402.4633053688567,0.29376883603566184
0.009661816322871043,1.6878585929777756,1716.1032779812797,346.1032779812797,0.2526301299133428
0.007739770825552994,1.6806909657997944,1380.5779690408717,10.577969040871722,0.0077211452853078255
0.006617315184999207,1.612160882947948,1230.5354916217061,139.46450837829389,0.10179891122503203
0.006159082643691584,1.6644362433816848,1109.3525102685564,260.64748973144356,0.19025364213973983
0.005839291086219127,1.7848050515050666,980.8216456127352,389.1783543872648,0.28407179152355094
0.00732259233086704,1.6032379575053286,1369.265207030431,0.7347929695690709,0.0005363452332620955
0.008285494303938858,1.5834989907420525,1568.6329562855112,198.63295628551123,0.14498755933248994
0.005474819834617435,1.6807548749909484,976.531271602561,393.468728397439,0.287203451384992
0.005352080765172287,1.7244167947193474,930.4673051892066,439.5326948107934,0.32082678453342584
0.006385937529170201,1.7701074311681009,1081.5478624599775,288.4521375400225,0.21054900550366604
0.008680729027832474,1.780989583657784,1461.219715356797,91.219715356797,0.0665837338370781
0.0067382230633058066,1.5463213942634686,1306.3703717705594,63.62962822944064,0.04644498410908076
0.006153427678949738,1.660850838536176,1110.7266024102953,259.2733975897047,0.18925065517496695
0.008107444820877496,1.5493547055123167,1568.7503980223414,198.75039802234141,0.14507328322798643
0.009487304366631416,1.5224190563488906,1868.2256268439396,498.2256268439396,0.3636683407619997
0.008890703149677045,1.5461865620146602,1723.831920461841,353.83192046184104,0.258271474789665
0.006708672793315806,1.6258941057544987,1236.9867751581316,133.01322484186835,0.09708994514004989
0.00878932643217609,1.7054293372651947,1545.0501042112078,175.05010421120778,0.12777379869431224
0.009305294443218783,1.75391742714233,1590.5293204660773,220.52932046607725,0.16097030690954545
0.005219764881946605,1.6552617263881964,945.3768665064032,424.6231334935968,0.30994389306101955
0.005683083605562448,1.5041574583353723,1132.6909916841932,237.30900831580675,0.17321825424511442
0.008909042057702713,1.5065189278296849,1772.8709328277494,402.87093282774936,0.29406637432682436
0.0068997126131486435,1.790180917736881,1155.4596428188818,214.54035718111822,0.1565988008621301
0.005309793839738234,1.6472942799782888,966.3338032773133,403.66619672268666,0.2946468589216691
0.007805846446107307,1.6336729893723847,1432.437157296757,62.43715729675705,0.04557456736989566
0.005323578911722982,1.6321214319024522,977.8493046574887,392.1506953425113,0.2862413834616871
0.007344523453730053,1.5360401017019354,1433.447431868964,63.44743186896403,0.04631199406493725
0.005263377932424297,1.5479815515111968,1019.34096449923,350.65903550076996,0.2559555003655255
0.007305281116079464,1.5084178082488386,1451.8975911010707,81.8975911010707,0.05977926357742387
0.007970111469992248,1.771506707908444,1348.7836639038335,21.216336096166515,0.015486376712530303
0.00568721069289723,1.5239560216764374,1118.7874509081742,251.21254909182585,0.1833668241546174
0.0072143283859436216,1.6966152343790915,1274.7741478536996,95.22585214630044,0.06950792127467185
0.005448609304480161,1.7429250096719782,937.1900494899644,432.8099505100356,0.3159196719051355
0.005265190210255677,1.6825075013297994,938.1618291285591,431.83817087144087,0.31521034370178164
0.00809472331642333,1.5151489547099721,1601.6491265210188,231.64912652101884,0.16908695366497725
0.009348031335263763,1.7842226113761346,1570.6948637413902,200.69486374139024,0.14649260127108776
0.005889849648993856,1.598430439103125,1104.6664655066586,265.3335344933414,0.19367411276886234
0.009518194587957982,1.6024657462221987,1780.6826498309156,410.6826498309156,0.29976835754081427
0.005241091894331811,1.6127763940449193,974.2452998489555,395.7547001510445,0.2888720439058719
0.007175092054500243,1.580662197139214,1360.8464144255415,9.153585574458475,0.006681449324422244
0.009342312502797483,1.6789776863807402,1668.1310605474387,298.13106054743866,0.21761391280834938
0.009291968360083733,1.663605891865778,1674.4723302245209,304.4723302245209,0.22224257680621962
0.007866084023048572,1.57861386629799,1493.8375459949946,123.83754599499457,0.0903923693394121
0.005094090852913542,1.7404043716579438,877.4799942702135,492.5200057297865,0.3595036538173624
0.008533069189668544,1.6262415082383066,1573.0442088063674,203.04420880636735,0.14820745168347982
0.00952756980041369,1.7514728699029782,1630.795211455837,260.79521145583703,0.19036146821593944
0.008320836827623936,1.5066931230175182,1655.6285331510724,285.62853315107236,0.2084879804022426
0.006958198040816715,1.787645269810034,1166.9067287207936,203.09327127920642,0.14824326370744995
0.006094753795050882,1.7880533054070884,1021.8717840221996,348.12821597780044,0.25410818684510983
0.008229954567358186,1.6018802653424355,1540.2389069630024,170.23890696300236,0.12426197588540319
0.007826615301169057,1.554003678485347,1509.8807496033903,139.8807496033903,0.10210273693678125
0.006919173111567154,1.6847138264784516,1231.2571321267997,138.74286787320034,0.10127216633080317
0.005481803612127014,1.649310063316359,996.4186939163847,373.58130608361535,0.2726870847325659
0.009727548409018322,1.519264840714404,1919.5110488322007,549.5110488322007,0.4011029553519713
0.005906583396386556,1.717435769485877,1031.0424332869209,338.95756671307913,0.24741428227232054
0.007022613096662028,1.7659539945127518,1192.1751350109128,177.82486498908725,0.1297991715248812
0.00913288934793251,1.7723155728449922,1544.8554355721217,174.85543557212168,0.12763170479716912
0.006569839376329757,1.672340824273457,1177.7433563225761,192.25664367742388,0.14033331655286416
0.007428225023335951,1.5859284427701141,1404.178005934025,34.178005934024895,0.024947449586879486
0.008497939422888932,1.6855975911839396,1511.403528841996,141.40352884199592,0.1032142546291941
0.007933971593647247,1.5508132059553337,1533.7403864164617,163.74038641646166,0.11951853023099392
0.006521691705542345,1.674365304033158,1167.698579284484,202.3014207155161,0.1476652705952672
0.005203209111360123,1.5181966438913201,1027.4577112649124,342.5422887350876,0.25003086768984495
0.006504712429969306,1.6499716488999028,1181.8771124121015,188.1228875878985,0.13731597634153175
0.006482081005532921,1.6999208847950653,1143.1584934248858,226.84150657511418,0.16557774202563078
0.007284417349342771,1.6508406799478836,1322.8492663060956,47.150733693904385,0.03441659393715649
0.009672413260910999,1.6030322608097562,1808.894691124644,438.89469112464394,0.3203610884121489
0.009539260177548796,1.532242106987702,1866.41408892689,496.4140889268899,0.3623460503115985
0.005453437994520047,1.7672573220240047,925.1055636059481,444.8944363940519,0.3247404645212058
0.007007124446399048,1.7251258644326712,1217.6984326814293,152.30156731857073,0.11116902723983266
0.005535951828219356,1.728739876868397,960.0267964882589,409.9732035117411,0.29925051351221976
0.009502896166245731,1.5565480355236423,1830.265777078431,460.26577707843103,0.33596042122513214
0.0070185537713958746,1.5832881478731056,1328.9491805761788,41.05081942382117,0.02996410176921253
0.005780507917433651,1.564274930949703,1107.8312659551377,262.1687340448623,0.1913640394488046
0.006191115705646373,1.7750320464760325,1045.642978019998,324.35702198000195,0.2367569503503664
0.007144985816715136,1.5756303601773018,1359.4640687979206,10.535931202079382,0.0076904607314448046
0.008514935061817448,1.75012297995479,1458.590819691184,88.59081969118392,0.06466483189137513
0.007326095917878269,1.6483504047942539,1332.4280422272438,37.57195777275615,0.027424786695442446
0.008862437718419457,1.5261584002378599,1740.9018533481126,370.9018533481126,0.2707312798161406
0.008168040121698344,1.591087971925079,1539.020386260497,169.02038626049693,0.12337254471569119
0.00721002059725975,1.7103150093343205,1263.8080033715073,106.19199662849269,0.07751240629816984
0.00769748094889592,1.640232056984746,1406.9025929903166,36.902592990316634,0.02693619926300484
0.007283234756028316,1.5817005539860678,1380.450202282721,10.450202282720966,0.007627884877898515
0.009503816896593225,1.6763077130411344,1699.6716090047007,329.6716090047007,0.24063621095233628
0.006769342507358353,1.752205564352471,1158.1962017537646,211.80379824623537,0.15460131258849297
0.0088339182862292,1.65150340843373,1603.59467820382,233.59467820381997,0.17050706438235033
0.008969333493124839,1.5426393907200822,1743.0765418679366,373.0765418679366,0.2723186436992238
0.008462507661627332,1.664948800096849,1523.768161865106,153.7681618651061,0.11223953420810664
0.007967653773560662,1.6775932375800628,1423.8508213792966,53.850821379296576,0.0393071688899975
0.006595710927546833,1.723649520956173,1147.1847189269763,222.8152810730237,0.16263889129417788
0.007832536292737342,1.6682807259043977,1407.5180939952293,37.518093995229265,0.027385470069510413
0.007741231801678608,1.676454530985941,1384.3279772151843,14.327977215184319,0.01045837752933162
0.006705693780098743,1.7411059184134903,1154.620405151991,215.379594848009,0.15721138310073648
0.0068793655024683405,1.5906513424464945,1296.5643937365626,73.43560626343742,0.05360263230907841
0.007815894206312242,1.7411137471773803,1345.7743007180977,24.22569928190228,0.017682992176571006
0.009489641121378884,1.6623723656822904,1711.3631675105505,341.3631675105505,0.24917019526317555
0.00685480331423418,1.6537763235974032,1242.621692763505,127.37830723649495,0.09297686659598171
0.005536245998399056,1.7833204164553302,930.6935425837372,439.3064574162628,0.32066164774909695
0.006086150391857392,1.669320468302208,1093.0088142921368,276.9911857078632,0.20218334723201695
0.007141377923959923,1.6232992468375054,1318.876507521224,51.123492478775916,0.037316417867719644
0.006826734438280899,1.6431571220117567,1245.5312215424499,124.46877845755012,0.09085312296171541
0.006109063034243273,1.5835598836005074,1156.5404264653362,213.45957353466383,0.15580990768953565
0.005318052348930316,1.6204534253536813,983.8678239768092,386.1321760231908,0.28184830366656266
0.007196956683046254,1.6567122839381123,1302.3343612816248,67.66563871837525,0.04939097716669726
0.008916667057628468,1.7953711529143694,1488.9119333541848,118.91193335418484,0.08679703164539039
0.0058457435719843675,1.560050341808934,1123.3674884175825,246.63251158241746,0.18002373108205655
0.0051202859601207976,1.7686445078316346,867.9093547913981,502.0906452086019,0.3664895220500744
0.007951158436383107,1.5537372266173595,1534.1701870529769,164.17018705297687,0.11983225332334078
0.007256850388090867,1.6254406851583079,1338.436422226093,31.5635777739069,0.02303910786416562
0.005607019355124263,1.6910418269182494,994.0275206495763,375.97247935042367,0.27443246667914134
0.009968244539490741,1.6495274208905384,1811.673146255212,441.67314625521203,0.32238915785051975
0.007068304286040159,1.6635954294469226,1273.761804279784,96.23819572021603,0.0702468581899387
0.008711081882814452,1.7078985094050043,1529.081871731365,159.08187173136503,0.11611815454844163
0.008079381317142783,1.5507350199348002,1561.928732535717,191.92873253571702,0.14009396535453797
0.009529483895995856,1.7167778254035382,1664.086848267912,294.08684826791205,0.21466193304227157
0.006877728553239566,1.5793569217114833,1305.5257618386142,64.47423816138576,0.0470614877090407
0.005090854794781808,1.5700078943489888,972.0969415135137,397.9030584864863,0.29044018867626736
0.009593893455642575,1.7761445194821353,1619.3372044386338,249.33720443863376,0.18199795944425823
0.008808633597872817,1.7383732721454694,1519.099470891251,149.09947089125103,0.10883173057755549
0.00683645302361568,1.7864573283994523,1147.2521752240837,222.74782477591634,0.16258965312110682
0.006418873480582341,1.593267597773618,1207.7882340818285,162.21176591817152,0.11840274884538067
0.005010628704790616,1.761870626328745,852.5873994872148,517.4126005127852,0.37767343103123
0.005524027479344888,1.5223448906109966,1087.8361311592698,282.1638688407302,0.20595902835089794
0.009616138288588181,1.5646253771475855,1842.515004620071,472.51500462007107,0.34490146322632925
0.007852026904518559,1.668395998388549,1410.923095153299,40.92309515329907,0.029870872374670857
0.007604727916840507,1.616788219996305,1410.104333031351,40.10433303135096,0.02927323578930727
0.005161417488057446,1.5659884345701995,988.1005512876685,381.8994487123315,0.2787587216878332
0.00687973647021545,1.5056098384760186,1369.8722299037267,0.12777009627325242,9.326284399507476e-05
0.007389393775309535,1.6008403472311927,1383.826017917085,13.826017917084982,0.010091983881083929
0.007608504708282598,1.5446115753951695,1476.7287546819366,106.7287546819366,0.07790420049776395
0.005960986064419131,1.5693461401835305,1138.7281738539632,231.2718261460368,0.16881155193141373
0.007191502019235821,1.6349386202213574,1318.6782918901083,51.32170810989169,0.03746110081013992
0.006914759419790062,1.6807840727510326,1233.348623743521,136.6513762564789,0.09974553011421818
0.009957687138984967,1.605114998893376,1859.8290499119516,489.82904991195164,0.35753945249047564
0.007568828075519276,1.5737263163526418,1441.850180276757,71.8501802767571,0.052445387063326354
0.005895832912471711,1.5046425227066922,1174.7150662787337,195.28493372126627,0.1425437472418002
0.00667311262418239,1.591750397987116,1256.8232045955874,113.17679540441259,0.08261079956526467
0.0060576085354393005,1.6181747402410278,1122.2677670587234,247.7322329412766,0.18082644740239168
0.005328262649168214,1.6918238392175966,944.1721528184956,425.82784718150435,0.31082324611788636
0.005164643667967551,1.5598242650243805,992.6254223836729,377.3745776163271,0.27545589607031173
0.006808324921454613,1.6127933895464894,1265.5585497157076,104.44145028429239,0.07623463524400904
0.006947092779891209,1.6184566195157108,1286.8346270911102,83.16537290888982,0.06070465175831374
0.009388597896890808,1.681216841675899,1674.162886613007,304.162886613007,0.22201670555693942
0.0068576963765295896,1.638011051016079,1255.1109784407174,114.88902155928258,0.08386059967830846
0.006656063751914061,1.558563490880099,1280.3056946138413,89.6943053861587,0.06547029590230562
0.0051581520124895286,1.6273224740854448,950.2573062115086,419.74269378849135,0.30638152831276744
0.009867984369781087,1.6371252601125414,1807.037837482812,437.03783748281194,0.3190057207903737
0.007637296097785778,1.6351503931287845,1400.240478949435,30.2404789494351,0.022073342298857736
0.008034999321156325,1.6772757197840547,1436.1575548401295,66.15755484012948,0.04829018601469305
0.009880856743192817,1.5279271781896768,1938.7091037266182,568.7091037266182,0.4151161341070206
0.00750428917476434,1.6874887033232706,1333.1818416412916,36.81815835870839,0.026874568145042618
0.006264524055477281,1.5143730736211045,1240.1548188524855,129.8451811475145,0.09477750448723686
0.00861615575021668,1.6379954541580386,1576.9631742940549,206.96317429405485,0.15106801043361667
0.006111861380599789,1.6172932818926569,1132.9361017941192,237.06389820588083,0.1730393417561174
0.00960710240944278,1.5229054682740149,1891.2118352616967,521.2118352616967,0.38044659508153045
0.009582805999672688,1.5142569303593563,1897.2031149939994,527.2031149939994,0.3848197919664229
0.005723564925397248,1.5105222368235633,1135.9525571207141,234.04744287928588,0.170837549546924
0.008341316281529294,1.7193514322913763,1454.4226759170797,84.42267591707969,0.061622391180350136
0.008023728509375518,1.6123766561981316,1491.8680960205963,121.86809602059634,0.08895481461357398
0.00941425527231849,1.6660807034475635,1693.9892062177323,323.9892062177323,0.23648847169177542
0.005452624505621474,1.7284036305898578,945.7603965651427,424.23960343485726,0.3096639441130345
0.007357610630071084,1.5700247916296295,1404.9180545145678,34.91805451456776,0.02548763103253121
0.005923866214152377,1.6404387299993768,1082.5947843870829,287.4052156129171,0.20978482891453804
0.007431069955688347,1.7479962972314573,1274.475655992064,95.52434400793595,0.06972579854593865
0.009478997313721732,1.5802382727401414,1798.2933036601228,428.2933036601228,0.31262284938695095
0.009554746244214164,1.513238458868847,1892.9210035148167,522.9210035148167,0.3816941631495012
0.00783960593644277,1.6095090669675085,1460.2308130302783,90.23081303027834,0.06586190732137105
0.006054843586134007,1.7824504332941669,1018.3713429483497,351.6286570516503,0.2566632533223725
0.008147620016126442,1.5598004843354247,1565.9663245490322,195.96632454903215,0.1430411128095125
0.005157707182166019,1.772662204658181,872.2709322298455,497.72906777015453,0.3633058888833245
0.005127663326285165,1.6237694854358746,946.7075260198277,423.2924739801723,0.3089726087446513
0.00732612789816221,1.5376585409992858,1428.3521546890968,58.35215468909678,0.04259281364167648
0.006820106240330033,1.753625925639845,1165.9364655342106,204.06353446578942,0.1489514850115251
0.006587160817414006,1.6351680469259806,1207.6930786449173,162.30692135508275,0.11847220536867353
0.007137334921174257,1.6368045122096253,1307.253959545557,62.74604045444289,0.045800029528790434
0.008065184359260673,1.5307303649649007,1579.5606454447995,209.56064544479955,0.15296397477722595
0.009445957425856386,1.61501390923437,1753.438022216987,383.43802221698706,0.2798817680415964
0.009104095828193014,1.7814470648539358,1532.0911409878534,162.09114098785335,0.11831470145098785
0.006337217095991881,1.7840141670749217,1064.9298223915066,305.0701776084934,0.22267896175802437
0.007918720075162996,1.7471069337963447,1358.8020914029446,11.197908597055402,0.008173655910259418
0.008104360039116482,1.754966145166075,1384.4289950184693,14.428995018469323,0.010532113152167389
0.009296435609510139,1.5647023169528964,1781.170291510262,411.1702915102619,0.30012430037245397
0.008329185677504321,1.52906473648704,1633.0420732442153,263.0420732442153,0.19200151331694548
0.005132067697205014,1.6226327310347803,948.1844906372178,421.8155093627822,0.30789453238159287
0.005203501623770196,1.5497017501974932,1006.6263019953719,363.37369800462807,0.2652362759157869
0.007909037415216815,1.6524735490650968,1434.8609503996427,64.86095039964266,0.04734375941579756
0.00899144704581904,1.6189699621315028,1664.9895142551,294.98951425509995,0.21532081332489048
0.008490344053568903,1.6667331515282837,1527.1437486865825,157.1437486865825,0.11470346619458578
0.005392282174811071,1.5422109561115207,1048.2129704824242,321.7870295175758,0.23488104344348595
0.006667484981834554,1.5357410348401426,1301.5616995545936,68.43830044540641,0.049954963828763806
0.0073659889069643825,1.5300470902091643,1443.2679452484729,73.26794524847287,0.05348025200618458
0.007765501508344678,1.7825817838187197,1305.992693250875,64.00730674912506,0.04672066186067523
0.005281742797934988,1.5680924379298178,1009.7788992638428,360.22110073615715,0.2629351100263921
0.006218876844668329,1.7576901563588785,1060.6945533133783,309.30544668662174,0.22577039904132973
0.005644011878488578,1.6096458181050597,1051.1829217344327,318.81707826556726,0.23271319581428268
0.005125921572970931,1.660807632508377,925.2803261478454,444.71967385215464,0.3246129006220107
0.008952918270475159,1.6531262054400462,1623.6010086503934,253.6010086503934,0.18511022529225796
0.008955891215575124,1.6136218657602195,1663.9019946801127,293.9019946801127,0.21452700341614064
0.006202687056341523,1.6895093171853892,1100.6265428137708,269.3734571862292,0.19662296144980232
0.008403207517412522,1.7644090788991926,1427.797140049238,57.797140049237896,0.042187693466597
0.009045278406414971,1.7108028818149184,1585.0489121673286,215.04891216732858,0.15697000888126172
0.00771498152433683,1.5213206976354718,1520.3193371393443,150.31933713934427,0.10972214389733158
0.009037193249445824,1.7728900674701902,1528.1727995342414,158.17279953424145,0.11545459820017624
0.006851083216174583,1.5272141173741123,1344.8691011781627,25.130898821837263,0.018343721767764425
0.005658056383665186,1.7777965765230126,954.1263905902342,415.8736094097658,0.3035573791312159
0.007875817455344082,1.693472137989866,1394.2424092666333,24.24240926663333,0.01769518924571776
0.00646108233408352,1.7727816293906045,1092.6239995735493,277.3760004264507,0.2024642338879202
0.0069322847217414465,1.6343132866102112,1271.6329808449893,98.36701915501067,0.07180074390876691
0.006989809898717614,1.683191779852195,1244.951594685957,125.04840531404307,0.0912762082584256
0.00651535872410839,1.6855774652739777,1158.8048884687191,211.19511153128087,0.15415701571626342
0.006272173285672205,1.6723662273984878,1124.3651154320762,245.6348845679238,0.17929553618096628
0.009304413317557075,1.6591648313693703,1681.203028162175,311.2030281621751,0.22715549500888693
0.007451299064820308,1.6333731614438909,1367.6257910108422,2.3742089891577507,0.0017329992621589422
0.009197796005201063,1.7346780972635247,1589.5916809762489,219.59168097624888,0.1602858985228094
0.0075806772063239415,1.5043034617314495,1510.7522589708306,140.75225897083055,0.10273887516119018
0.006197882645661267,1.691149472175023,1098.7074196041465,271.2925803958535,0.19802378131084197
0.006400851384344452,1.7437057206516875,1100.487855879805,269.512144120195,0.1967241927884635
0.00689783020935435,1.5258125969217202,1355.2892914247495,14.710708575250464,0.01073774348558428
0.009652238130515176,1.7881190123849988,1618.274943841062,248.27494384106194,0.18122258674530067
0.007982573377626402,1.6013679244489778,1494.419400755413,124.41940075541311,0.09081708084336723
0.00991546435881333,1.795452195305652,1655.617142083808,285.61714208380795,0.20847966575460433
0.006017400992077367,1.548543223392711,1164.947420863192,205.05257913680794,0.14967341542832696
0.0060557142431328275,1.6183401701297493,1121.802134929918,248.1978650700819,0.1811663248686729
0.008407118406222054,1.6368734850299405,1539.7590068802726,169.75900688027264,0.1239116838542136
0.008865529405112886,1.753476799881576,1515.7422396518564,145.74223965185638,0.10638119682617254
0.007059385453894212,1.5672255798850196,1350.3802798749996,19.619720125000413,0.014320963594890813
0.005450809359325325,1.7755867343203164,920.3220007988356,449.6779992011644,0.3282321162052295
0.00949041595611547,1.6412979595784425,1733.4787448691143,363.4787448691143,0.2653129524592075
0.00638666589212465,1.718441247312288,1114.192451571702,255.8075484282981,0.18672083826883074
0.00937970344225187,1.6510107646595797,1703.177477975769,333.1774779757691,0.2431952393983716
0.007259182945929102,1.75173576239488,1242.3382254047924,127.66177459520759,0.09318377707679386
0.008700696184070891,1.7164900251625785,1519.614479021966,149.61447902196596,0.10920764892114304
0.005520658109435578,1.5303584074619812,1081.4797738460109,288.52022615398914,0.2105987052218899
0.006246263827872044,1.632687936848692,1146.9324566019557,223.06754339804434,0.16282302437813456
0.007702145937796236,1.677406242130558,1376.5569750317693,6.556975031769298,0.0047861131618754
0.007367663844080344,1.6701644426195863,1322.4865750765277,47.51342492347226,0.03468133206092865
0.007760557026219989,1.5600201620027825,1491.3630753033249,121.36307530332488,0.08858618635279188
0.006340328054110689,1.5169730182668508,1253.0101122298495,116.98988777015052,0.08539407866434344
0.00773549100094874,1.500356535773817,1545.6605184948555,175.66051849485552,0.12821935656558797
0.008924613714952546,1.7080185471524594,1566.4536469856698,196.45364698566982,0.14339682261727724
0.008776379101033877,1.712664059343676,1536.2570661096597,166.25706610965972,0.12135552270778081
0.007684619397496705,1.5387574094014436,1497.1761785804565,127.17617858045651,0.09282932743099015
0.009164148914168769,1.7699359792722702,1552.227176932291,182.22717693229106,0.1330125379067818
0.005433672157178071,1.5885152029088605,1025.4695258714733,344.53047412852675,0.25148209790403414
0.006947116101659651,1.7078733699320192,1219.4657102773522,150.53428972264783,0.1098790435931736
0.009882921752418424,1.5346695401865011,1930.5950413397327,560.5950413397327,0.40919346083192165
0.009442662462029598,1.7712005459387679,1598.260002825253,228.26000282525297,0.16661314074835984
0.007096620092289192,1.501291473293971,1417.1220038248834,47.12200382488345,0.03439562322984194
0.005564323631464397,1.798095329332547,927.727374278544,442.27262572145605,0.3228267341032526
0.005371520691903002,1.6731569244249014,962.4568789188553,407.5431210811447,0.29747673071616404
0.0058194534674349385,1.6005476692353544,1090.0195556514861,279.98044434851386,0.20436528784563054
0.006936260449011034,1.5581503739814553,1334.555768211079,35.44423178892089,0.02587170203570868
0.009306727487659861,1.538296315431282,1813.7511488997332,443.75114889973315,0.323905948101995
0.009366875779576966,1.5605913367154496,1799.3940166618156,429.3940166618156,0.31342628953417195
0.005889205156670142,1.7186898378443032,1027.2588169828684,342.74118301713156,0.25017604599790627
0.009307296317932557,1.7199414179448325,1622.2978360631864,252.29783606318642,0.18415900442568353
0.00761053832061293,1.78320898818818,1279.4809834140256,90.51901658597444,0.06607227488027331
0.007561521592143367,1.7585716077980582,1289.0502350183779,80.94976498162214,0.0590874196946147
0.009136223869846688,1.7778315591679759,1540.6245865392598,170.62458653925978,0.12454349382427721
0.009309394529197452,1.5210324238118127,1834.8631000289279,464.8631000289279,0.33931613140797656
0.005365575219646548,1.5809633515675994,1017.4549473817763,352.54505261822374,0.25733215519578373
0.00767881700096635,1.77347651287525,1298.044494268316,71.95550573168407,0.05252226695743363
0.006087405570081072,1.7318806519090983,1053.7436726288245,316.25632737117553,0.23084403457750038
0.005993649283883198,1.7499781718379497,1026.784722302053,343.21527769794693,0.25052210050945034
0.006976806311327218,1.788506904637232,1169.463706088931,200.53629391106892,0.14637685686939336
0.009809665283274304,1.7044812162532217,1725.3717080524095,355.37170805240953,0.2593954073375252
0.009062797448228806,1.532687561079727,1772.675914096044,402.6759140960439,0.2939240248876233
0.008118535695066788,1.7695913356208697,1375.388612270117,5.388612270116937,0.003933293627822582
0.006327351783523957,1.6324339286676823,1162.0025230432984,207.99747695670158,0.15182297588080407
0.0077523112654635015,1.79203768135242,1296.8948553026223,73.10514469737768,0.05336141948713699
0.006792520512595763,1.6249321050984018,1253.188618833516,116.8113811664839,0.0852637818733459
0.008078265684158075,1.7506570885463113,1383.3680745792356,13.368074579235554,0.009757718670974858
0.005209582275850836,1.6919013839043568,923.0995910804481,446.90040891955186,0.32620467804346853
0.007485489138953376,1.588275352201821,1412.9119268822985,42.91192688229853,0.031322574366641265
0.00788051117756503,1.5941867781276837,1481.957979223356,111.957979223356,0.0817211527177781
0.0064224185795316874,1.5097161782613462,1275.3341853168968,94.66581468310324,0.06909913480518484
0.006077186602623781,1.7087274192397512,1066.22898937026,303.77101062974,0.22173066469324085
0.005417183953538206,1.645439682711001,986.9890157223194,383.01098427768056,0.27957006151655517
0.009232022006428465,1.628473702485199,1699.561107676184,329.56110767618406,0.24055555304830953
0.008944959163318306,1.504851801562396,1781.9902873469957,411.99028734699573,0.3007228374795589
0.006564416163706873,1.6536705879500764,1190.057119835541,179.94288016445898,0.13134516800325474
0.007496026048627505,1.7978980981134773,1249.9329504314478,120.06704956855219,0.08764018216682642
0.00958005236446986,1.70108036303734,1688.3549469614845,318.35494696148453,0.23237587369451426
0.00674242325381347,1.7210159794282127,1174.4967300121527,195.50326998784726,0.14270311677945055
0.00705928652460242,1.6632055415202476,1272.4349493222712,97.56505067772878,0.07121536545819619
0.005589500181581929,1.5178507686389937,1103.98863514786,266.0113648521401,0.19416887945411687
0.008224566391130426,1.7659453825305023,1396.2283311661772,26.228331166177213,0.019144767274581906
0.008236994184741817,1.6118666647473119,1532.0055853146976,162.00558531469756,0.11825225205452376
0.0050457181482865,1.6871644838750568,896.5742584716706,473.42574152832935,0.3455662346922112
0.007876338591400786,1.615752423147693,1461.4039084999474,91.40390849994742,0.06671818138682294
0.005241460822023036,1.7977570042628177,874.061633256898,495.93836674310205,0.3619988078416803
0.007147412522936114,1.7444534569553136,1228.3161583060155,141.6838416939845,0.10341886255035365
0.006542693911391258,1.621136293686418,1209.9231244631117,160.07687553688834,0.11684443469845864
0.00950088497937898,1.7636520725438363,1614.9974847561712,244.99748475617116,0.17883028084392055
0.005353159306883668,1.589792367594777,1009.463134550215,360.53686544978495,0.26316559521882116
0.008046570763839318,1.7970310316127098,1342.381508903302,27.618491096698108,0.020159482552334386
0.005732282938323082,1.519753431191906,1130.772371860062,239.2276281399379,0.17461870667148752
0.005161635093881548,1.6586122708147943,932.9602218206423,437.03977817935765,0.3190071373571954
0.006732817046158917,1.697817428388345,1188.848540357072,181.1514596429281,0.13222734280505702
0.005735215552331128,1.6124136438900454,1066.3357843121953,303.6642156878047,0.22165271218087934
0.008290340317416938,1.5155011218397785,1639.9733827961384,269.97338279613837,0.19706086335484552
0.006817171664947648,1.7915817238986154,1140.7443058725137,229.25569412748632,0.16733992272079293
0.0058880652029593555,1.7596577615194509,1003.1482136249151,366.8517863750849,0.26777502655115687
0.006981697496193068,1.6745124055309564,1249.9520735007607,120.04792649923934,0.08762622372207252
0.005865467395772406,1.5544001189711203,1131.2549879765795,238.7450120234205,0.17426643213388357
0.006419580688152415,1.6721376819080638,1150.9470151013304,219.0529848986696,0.15989268970705808
0.0061679204563955415,1.7132998218201565,1079.2600400826977,290.73995991730226,0.21221894884474618
0.006790815682334308,1.7516475153683388,1162.2402951337222,207.75970486627784,0.15164941961042178
0.009941244442376717,1.5261654521860648,1952.8093121817085,582.8093121817085,0.4254082570669405
0.009147442936849246,1.620367013539694,1692.415594453593,322.41559445359303,0.2353398499661263
0.008963177157693967,1.5367621456867144,1748.5418411277815,378.5418411277815,0.2763079132319573
0.009690268994027813,1.6808242583660857,1728.3600863928375,358.3600863928375,0.26157670539623173
0.00574225846870208,1.5867903821386957,1084.885439299974,285.114560700026,0.20811281802921605
0.008463263936033577,1.5461591969415236,1640.9841257647802,270.9841257647802,0.197798631945095
0.005827544301825194,1.521374384488478,1148.3391913000228,221.66080869997722,0.16179621072991038
0.007114244364707152,1.6011707483873359,1332.023337958373,37.97666204162692,0.02772019127126053
0.008086812723526952,1.7932038267875483,1351.9742862220921,18.025713777907868,0.013157455312341509
0.008873626785856455,1.698884134218188,1565.8786446497536,195.8786446497536,0.14297711288303183
0.009228773436421544,1.5144157304889743,1826.920189171968,456.9201891719681,0.33351838625691105
0.00996030504408028,1.7520231080167172,1704.3293081760733,334.32930817607325,0.24403599136939655
0.006059972853975314,1.7630884035469547,1030.4271491160941,339.57285088390586,0.2478633948057707
0.008306118431762462,1.7647973869607148,1410.9901111002748,40.99011110027482,0.029919789124288186
0.008197038047624877,1.5437847547736276,1591.8088172708535,221.80881727085352,0.16190424618310476
0.007009254159651713,1.6701462344988396,1258.1661951890426,111.83380481095742,0.08163051446055286
0.00847481960105047,1.5493928909276884,1639.7951831212295,269.79518312122946,0.19693079059943755
0.00601547871079952,1.5354268881135154,1174.5236212275663,195.4763787724337,0.1426834881550611
0.007673122971758265,1.638658998483693,1403.796884140179,33.79688414017892,0.024669258496480963
0.009181080225662948,1.5112375225018742,1821.3011303411943,451.30113034119427,0.32941688346072573
0.009731766211961587,1.5960839258150246,1827.9177342604432,457.91773426044324,0.33424652135798777
0.006855660718170073,1.7843522142330275,1151.8327836400144,218.16721635998556,0.1592461433284566
0.006126901283823506,1.7353148402762166,1058.481581076339,311.5184189236611,0.22738570724354826
0.009074048052604219,1.5508798450842276,1754.056691318077,384.0566913180769,0.28033335132706344
0.0076461885272490196,1.79599258327133,1276.3246765418733,93.67532345812674,0.06837614850958157
0.007288667347459478,1.644852987206315,1328.4393904104816,41.560609589518435,0.030336211379210536
0.0072771091912779496,1.6603369877248517,1313.96365178678,56.03634821321998,0.04090244395125546
0.00875926807942871,1.5252368061932127,1721.6752816022872,351.6752816022872,0.25669728584108553
0.00873767381634007,1.649928779813817,1587.6374439013186,217.63744390131865,0.1588594481031523
0.006862789267754451,1.7430339962801185,1180.362785640978,189.63721435902198,0.13842132434965107
0.005525468702754227,1.711780053018988,967.7025042319419,402.29749576805807,0.2936478071299694
0.005161100274198603,1.5341366461299235,1008.5535347126036,361.44646528739645,0.2638295367061288
0.008305836775947586,1.6006393141097441,1555.6454229621647,185.64542296216473,0.1355076080015801
0.00943033264405184,1.7768571203970525,1591.091692553306,221.09169255330607,0.161380797484165
0.009023838419226955,1.668509914930968,1621.3740632202416,251.37406322024162,0.18348471767900848
0.005884406156895547,1.5494696178797343,1138.5189908144262,231.48100918557384,0.16896424028144075
0.008108676638824646,1.5219606962067334,1597.2292232901514,227.22922329015137,0.16586074692711777
0.00513094821126084,1.5421492564577943,997.4518158234372,372.5481841765628,0.2719329811507758
0.006209188888682821,1.7825290834974754,1044.2847841069447,325.7152158930553,0.2377483327686535
0.0051136406663328735,1.587378727727512,965.7625353738824,404.23746462611757,0.2950638427927865
0.007969806328843074,1.5528179728341864,1538.678628730011,168.67862873001104,0.12312308666424164
0.008732182179080368,1.66947335044379,1568.0647783173106,198.06477831731058,0.14457283088854786
0.008286529808973828,1.5594455287785085,1593.0271970887009,223.02719708870086,0.1627935745172999
0.009499575749724282,1.778262488333644,1601.5077541424816,231.50775414248164,0.1689837621477968
0.007531633171156087,1.5063856409220622,1498.9035740895242,128.90357408952423,0.09409020006534616
0.006568758767352226,1.7303779605377119,1138.0544492497054,231.94555075029461,0.16930332171554352
0.0076604415951748335,1.7541436274321458,1309.210134944745,60.78986505525495,0.04437216427390872
0.009017104903068883,1.7606900734332485,1535.3412186073522,165.34121860735218,0.12068702088127896
0.006692977315912027,1.5161261231891343,1323.4414275870906,46.55857241290937,0.033984359425481295
0.00839870946745929,1.795417272725156,1402.3869512270917,32.386951227091686,0.023640110384738455
0.008753531867177358,1.5965005087077295,1643.7469454780162,273.7469454780162,0.1998152886700848
0.005238633973238665,1.7843254050621318,880.1662246942225,489.8337753057775,0.3575429016830493
0.007952400712134827,1.6861775543914344,1413.8901032591998,43.890103259199805,0.032036571722043654
0.006920700949441847,1.6442844704553345,1261.8096114120447,108.19038858795534,0.07897108656055134
0.00812013163080392,1.7832977745449368,1365.0856607520052,4.914339247994803,0.0035871089401421923
0.006626957097442934,1.762942671408037,1126.9293037851337,243.0706962148663,0.17742386585026737
0.008369130432212955,1.547075448261856,1621.7710561011072,251.7710561011072,0.18377449350445782
0.008620245871666475,1.5663414220242688,1649.885945741914,279.88594574191393,0.20429631076052113
0.006795214696942376,1.7544931414979574,1161.1069137008944,208.89308629910556,0.15247670532781427
0.009484767235023242,1.705478901366141,1667.2511636865052,297.25116368650515,0.21697165232591617
0.006338559322541938,1.5618958411450536,1216.631883782054,153.36811621794595,0.11194753008609194
0.009776975451615409,1.6919404450298714,1732.368010384488,362.3680103844879,0.26450219736094005
0.007557299478040256,1.720463853494863,1316.8666006911662,53.13339930883376,0.03878350314513413
0.008786254992553083,1.7838272370132842,1476.6300940905774,106.63009409057736,0.07783218546757471
0.008549586123784383,1.6563366639954171,1547.4519731690878,177.45197316908775,0.1295269877146626
0.005206627026047699,1.673911560301829,932.4910294224962,437.50897057750376,0.31934961356022173
0.00805816550252319,1.6239374268447606,1487.6048812213053,117.60488122130528,0.0858429789936535
0.009077379253275238,1.7906856216387876,1519.713904915984,149.7139049159839,0.10928022256641161
0.008178200423153403,1.535620806771269,1596.593896138182,226.5938961381819,0.16539700448042474
0.00773177801078434,1.6929959919827058,1369.1283059972336,0.8716940027663895,0.0006362729947199924
0.008254960550000424,1.6056708143384175,1541.2716553594064,171.2716553594064,0.1250158068316835
0.00531298568871903,1.5256777659147378,1043.9904641232831,326.0095358767169,0.23796316487351596
0.008771177366763125,1.6325734672056154,1610.6673758680574,240.66737586805743,0.17566961742193973
0.008480522142041345,1.592951278926034,1596.0290887239694,226.02908872396938,0.16498473629486815
0.006318091028204812,1.7019644566880756,1112.8998797654729,257.10012023452714,0.1876643213390709
0.00847432890227338,1.6340939337765628,1554.7085996712099,184.70859967120987,0.13482379538044517
0.008757445856818178,1.7228849110754851,1523.8488667119157,153.84886671191566,0.11229844285541289
0.009451425344055277,1.7781684645822482,1593.4744609046386,223.4744609046386,0.16312004445594058
0.005696735013423838,1.7349473349956686,984.3746595646714,385.62534043532855,0.2814783506827216
0.00875370976740623,1.5559146453527943,1686.6581824572252,316.65818245722517,0.2311373594578286
0.007051620042178178,1.531937112581563,1379.9668980955673,9.96689809556733,0.007275108098954256
0.0069873536616661645,1.7248857110387175,1214.4317248038124,155.56827519618764,0.11355348554466252
0.00601835267666734,1.5152399752129957,1190.7399300202321,179.26006997976788,0.1308467664085897
0.007556176401713826,1.5227541551882526,1487.6233887349558,117.62338873495582,0.08585648812770498
0.008350687518734837,1.5056833155672744,1662.6823923384184,292.68239233841837,0.21363678272877254
0.006082885401185648,1.5471019385620608,1178.7220484312054,191.2779515687946,0.13961894275094497
0.009005597724472654,1.6588124181808763,1627.556104589324,257.5561045893239,0.187997156634543
0.0062281045629908605,1.6470417904148318,1133.6316944027142,236.36830559728583,0.17253160992502614
0.005634143875124243,1.7323162970026884,975.0377826333644,394.9622173666356,0.28829358931871213
0.008522482368854618,1.5041292827608526,1698.641178589975,328.64117858997497,0.23988407196348538
0.00554288196477373,1.6069632022243716,1034.07110151821,335.92889848178993,0.24520357553415323
0.006018334756163771,1.6105045599732133,1120.3019317419235,249.69806825807655,0.18226136369202667
0.00905951036248317,1.5721961120272039,1727.5026054754073,357.50260547540734,0.2609508069163557
0.008331891255551475,1.6943216867799367,1474.240800185726,104.2408001857259,0.07608817531804811
0.009568852724142138,1.6715511264566825,1716.1723820506234,346.17238205062336,0.25268057083987105
0.007878133060229308,1.7421075662881171,1355.7170178701817,14.282982129818265,0.0104255344013272
0.007239426669174149,1.6883128208086537,1285.4996354425282,84.50036455747181,0.06167909821713271
0.009034864081573361,1.54833349074508,1749.3544684662095,379.3544684662095,0.2769010718731456
0.006492855368379227,1.7148893053463818,1135.0639742497772,234.93602575022283,0.1714861501826444
0.005756483811354823,1.7218833158013491,1002.2458638204075,367.7541361795925,0.26843367604349816
0.006399893675686388,1.6952920596529477,1131.7459107107786,238.25408928922138,0.17390809437169444
0.008560202488475827,1.5495927385678214,1656.102330067524,286.102330067524,0.20883381756753577
0.007580255556595238,1.7227879118653677,1319.084856544684,50.915143455315956,0.03716433828855179
0.009381024326149835,1.6781193748506,1675.9000482576705,305.9000482576705,0.22328470675742373
0.008053996857152013,1.7820982371072893,1354.879020838464,15.12097916153607,0.01103721106681465
0.005194800973195899,1.7065310624661565,912.5893966000258,457.4106033999742,0.3338763528466965
0.0060254350128233205,1.6174067539590575,1116.8371645487086,253.16283545129136,0.18479039084035864
0.007717107832308506,1.5794124476245395,1464.8046678234075,94.8046678234075,0.06920048746234124
0.005822834819889992,1.7238921209675413,1012.6167072467732,357.3832927532268,0.26086371733812175
0.008572250866917526,1.7436262432562395,1473.8801781203572,103.88017812035719,0.07582494753310744
0.009672542261093675,1.6560789444312962,1750.9764430692267,380.97644306922666,0.2780849949410414
0.005403266760021209,1.6258970002806021,996.2861257120802,373.7138742879198,0.27278384984519694
0.007476173745913655,1.684446978271019,1330.5853687499732,39.41463125002679,0.02876980383213634
0.007185102140254169,1.700956808182013,1266.3692700757645,103.63072992423554,0.07564286855783615
0.009313658271850567,1.680679178449722,1661.3310512156393,291.33105121563926,0.21265040234718194
0.005535466866513463,1.5543053610528763,1067.6738687728005,302.32613122719954,0.22067600819503616
0.005185852424328063,1.5782678971834707,985.0542153768716,384.94578462312836,0.28098232454242944
0.00885861166208411,1.728106189827002,1536.7950073192685,166.7950073192685,0.1217481805250135
0.008683824766924822,1.5230351415231982,1709.3139224049983,339.31392240499827,0.24767439591605714
0.00723348770849056,1.793138325230859,1209.3573761310251,160.64262386897485,0.1172573896853831
0.00891582361993223,1.5283377016980604,1748.8914100229406,378.8914100229406,0.27656307300944566
0.0066809129566033215,1.5666560510867111,1278.447375577335,91.55262442266508,0.06682673315522998
0.0065596158969715304,1.7258458570789665,1139.4548158648163,230.54518413518372,0.16828115630305382
0.009744607432227463,1.5332544474296872,1905.3326858107864,535.3326858107864,0.39075378526334775
0.009932986113153117,1.5713913838765623,1895.0303232513822,525.0303232513822,0.3832338125922498
0.008133266914910564,1.546250266575776,1576.9064896530597,206.90648965305968,0.15102663478325523
0.008313928057164213,1.6699300078731931,1492.5493380808146,122.54933808081455,0.08945207159183544
0.009437828875066908,1.6100483218490007,1757.3322975737613,387.33229757376125,0.28272430479836586
0.006450005832722528,1.7449726274782942,1108.1337737088809,261.8662262911191,0.19114323086943003
0.0062777824590200815,1.631111252479558,1153.8341307608023,216.16586923919772,0.15778530601401294
0.00849514100134802,1.7035525020155273,1494.9813397811506,124.98133978115061,0.09122725531470847
0.009443440856238456,1.6186071707069787,1749.0793303682137,379.07933036821373,0.27670024114468156
0.0055967587767893155,1.5901175232770441,1055.1836867182362,314.81631328176377,0.2297929294027473
0.009232100827639467,1.6344912547666477,1693.3184509555604,323.31845095556037,0.235998869310628
0.005187519335882635,1.5106608143138376,1029.4694599152397,340.53054008476033,0.24856243801807323
0.00697453622237683,1.778989852935029,1175.3374276231734,194.66257237682657,0.14208946888819457
0.007998605424372019,1.579923274208632,1517.7455892253477,147.74558922534766,0.1078434957849253
0.0075816324238217915,1.7484272083934997,1299.977607920233,70.02239207976709,0.0511112350947205
0.005097135993591718,1.6363762268978046,933.8212711486461,436.17872885135387,0.3183786341980685
0.008439778352868531,1.6111416142704331,1570.4279965032003,200.42799650320035,0.1462978076665696
0.008503374832452249,1.5493540089227236,1645.3616330645489,275.36163306454887,0.20099389274784588
0.006916605372641264,1.7698058280861069,1171.6235152883933,198.37648471160674,0.1448003538040925
0.007352762446344555,1.5259968375087796,1444.500193380673,74.50019338067295,0.0543797031975715
0.007646161686316964,1.5066608545038083,1521.4184395607085,151.41843956070852,0.11052440843847337
0.008321003545279235,1.5799628874866312,1578.8814570412394,208.8814570412394,0.15246821681842293
0.009389279232192124,1.5989403615117777,1760.4378297173253,390.43782971732526,0.2849911165819892
0.006118332498348691,1.7498282502191915,1048.234270027056,321.765729972944,0.23486549633061604
0.008092490992652569,1.7914878411082504,1354.2194986539005,15.780501346099527,0.011518614121240531
0.00886255655268681,1.50295609464315,1767.801216924321,397.8012169243209,0.2903658517695773
0.0068240052718148755,1.6857241353223473,1213.5943663469827,156.40563365301728,0.1141646960970929
0.009325215466957757,1.5290211007204766,1828.3784735878266,458.37847358782665,0.3345828274363698
0.00910679907113759,1.501098263778679,1818.7681272616448,448.76812726164485,0.3275679761033904
0.006343621796550013,1.7114542351705495,1111.2011831391972,258.79881686080284,0.1889042458837977
0.007301125987985556,1.599354617684637,1368.5660965387372,1.4339034612628438,0.0010466448622356525
0.007187222620471306,1.7897269005509144,1203.9128064293166,166.08719357068344,0.12123152815378353
0.008365899579762125,1.753915741889001,1429.9624198006536,59.962419800653606,0.04376818963551358
0.009123276183841001,1.5606464065835424,1752.5362443591687,382.5362443591687,0.2792235360285903
0.0053215064372924325,1.6716830266978648,954.3361209152598,415.6638790847402,0.30340429130273006
0.008580541515843497,1.7765816748567729,1447.9388526920113,77.93885269201132,0.05688967349781848
0.00845460439319486,1.722447357396902,1471.5263265195013,101.52632651950125,0.07410680767846807
0.006332077653525827,1.7318001476451579,1096.1479167088855,273.85208329111447,0.19989203159935362
0.009819779721403882,1.7226807833882658,1708.9038944917027,338.90389449170266,0.2473751054683961
0.007501745452783653,1.696349993289056,1325.7681006145488,44.23189938545124,0.032286057945584846
0.0070067516984061995,1.6988590085602848,1236.4600615333109,133.53993846668914,0.09747440763991908
0.005215678426775516,1.582381230011519,988.1443397108687,381.85566028913127,0.2787267593351323
0.009967470516901729,1.5352800333663883,1946.337099006214,576.337099006214,0.4206840138731489
0.0056458665350580806,1.5610573338695186,1084.2575537500923,285.74244624990774,0.2085711286495677
0.00998817849921708,1.6213761982792356,1846.8141979640327,476.8141979640327,0.3480395605576881
0.0053027822837832805,1.7544044573259945,906.1389056872687,463.8610943127313,0.33858474037425645
0.007441157449590981,1.5088734389464828,1478.4559291702224,108.45592917022236,0.07916491180308202
0.006731504764627867,1.7527682811277359,1151.3526238209183,218.64737617908168,0.1595966249482348
0.0059217996583435534,1.6077921499933667,1104.1917796188384,265.8082203811616,0.19402059881836614
0.007395831301298734,1.6349029138403282,1356.174991187415,13.82500881258511,0.010091247308456286
0.007302879783110663,1.6331601635734903,1340.5594438862483,29.440556113751654,0.021489457017336976
0.007314340586254369,1.751122676897371,1252.2161764745804,117.78382352541962,0.08597359381417491
0.005172976571113962,1.7776189610337245,872.4138273867369,497.5861726132631,0.3632015858490972
0.006025314806154772,1.6935676495783127,1066.590954551299,303.4090454487009,0.22146645653189848
0.0075336610017085436,1.7018717260151552,1327.0887076367317,42.91129236326833,0.031322111214064474
0.006559886378393517,1.644587885747316,1195.8038111691837,174.19618883081625,0.12715050279621623
0.009003771955544049,1.7982812627609894,1501.0237729328874,131.02377293288737,0.09563779046196158
0.005984467253943243,1.5510555594223334,1156.6949597526598,213.30504024734023,0.1556971096695914
0.007145918821482028,1.6340636979565324,1311.0214557973413,58.97854420265867,0.04305003226471436
0.008024706595993072,1.6763260904063275,1435.1303895523351,65.13038955233515,0.04754043033017164
0.00817524513627632,1.5787473036821726,1552.418698318945,182.41869831894496,0.1331523345393759
0.005431741354943154,1.6804515903944872,969.0223159813795,400.9776840186205,0.292684440889504
0.008849156670592745,1.697712165480587,1562.6385222686506,192.6385222686506,0.14061206005010993
0.006995965246764932,1.7588363884194638,1192.4574856533175,177.54251434668254,0.1295930761654617
0.007989544251385058,1.571295251708216,1524.3507589159808,154.3507589159808,0.11266478752991299
0.008582409344303842,1.6450385153931188,1564.061612427448,194.06161242744793,0.1416508119908379
0.008805919646486615,1.5157256949497373,1741.7058406852805,371.70584068528046,0.27131813188706605
0.005206466765614906,1.5438693877227774,1011.0048696938578,358.9951303061422,0.26204024109937385
0.00664814804942216,1.5098741942390612,1320.0203384419253,49.97966155807467,0.036481504786915815
0.008961703189345208,1.6857645409502544,1593.7285200493016,223.72852004930155,0.16330548908708142
0.005607301651838155,1.794279299935475,936.8813121861646,433.11868781383544,0.3161450276013397
0.007171252864526719,1.5955846014255501,1347.3980140415133,22.601985958486694,0.016497799969698315
0.009498417302263256,1.5787241464224708,1803.70578141092,433.70578141092005,0.3165735630736643
0.009849440706162841,1.6165556071506675,1826.5923090826318,456.5923090826318,0.33327905772454874
0.005038512385139042,1.5886297105970184,950.8244762944893,419.1755237055107,0.30596753555146766
0.005092764622875194,1.5337527665000636,995.4488478551891,374.5511521448109,0.2733950015655554
0.009946328233937235,1.654226735059673,1802.5547079670905,432.5547079670905,0.3157333634796281
0.006651154272109183,1.6095749185417452,1238.8152081664648,131.1847918335352,0.09575532250623008
0.009027081085704545,1.617838757294228,1672.7568276178356,302.7568276178356,0.22099038512250774
0.006171602147222509,1.5149753397683505,1221.27385769647,148.72614230352997,0.108559227958781
0.007611985825402775,1.7495794695643792,1304.3225418202046,65.6774581797954,0.04793975049620102
0.007091627922110637,1.531198027604654,1388.466108016634,18.466108016634053,0.013478910961046755
0.009088371306207023,1.5770021433764314,1727.7244577936533,357.7244577936533,0.2611127429150754
0.007996812498645875,1.6842782329979058,1423.389573150857,53.389573150856904,0.03897049135099044
0.00630295123084446,1.6364827314634178,1154.6576116078165,215.34238839218347,0.15718422510378355
0.007690806348838626,1.577743310431499,1461.3566884271959,91.35668842719588,0.06668371418043495
0.006845145738074534,1.5050544574835054,1363.487584108284,6.512415891716046,0.004753588242128501
0.009649502835355987,1.5714492562498885,1840.8791515119249,470.8791515119249,0.34370740986271886
0.005415731535087441,1.687275991875674,962.2583836845176,407.74161631548236,0.29762161774852725
0.007451515548256126,1.5354899678699545,1454.8503792153192,84.85037921531921,0.061934583368846136
0.008725341613625412,1.7796969219233323,1469.7961079864892,99.79610798648923,0.07284387444269287
0.0064870711043486665,1.5861784567708384,1226.0757818843776,143.92421811562235,0.10505417380702362
0.008098948486710568,1.6361194287715335,1484.001492402903,114.00149240290307,0.08321276817730151
0.00901481584861007,1.6104004474546003,1678.199857646499,308.1998576464989,0.22496339974197002
0.009917568390879317,1.7482409844891633,1700.6878523406706,330.6878523406706,0.2413779944092486
0.009952052204850396,1.72473556028258,1729.8594992426524,359.8594992426524,0.26267116733040324
0.009170415204665678,1.710643596325752,1607.1268854554387,237.1268854554387,0.17308531785068518
0.006732280713770972,1.7195173875618053,1173.7520060726051,196.24799392739487,0.14324671089590868
0.005799477559167141,1.6677592929666034,1042.5003415725973,327.49965842740266,0.2390508455674472
0.00775904036873285,1.5342716452352363,1516.0951394021276,146.09513940212764,0.1066387878847647
0.005684222962986809,1.7786739396869518,958.0660827547625,411.93391724523747,0.3006816914198814
0.008999521262839962,1.678575480363121,1607.308477797143,237.30847779714304,0.1732178670052139
0.006610057835338819,1.5375488129741641,1288.8341945678976,81.16580543210239,0.05924511345408934
0.005967268206452421,1.5345529222194139,1165.7740683001584,204.22593169984157,0.14907002313857048
0.009249257858452677,1.6209975807233366,1710.587221742807,340.58722174280706,0.24860381149110006
0.0055168102869804425,1.586604031426858,1042.4139126674067,327.58608733259325,0.2391139323595571
0.008314500430650882,1.5294185750417502,1629.7856988423478,259.78569884234776,0.18962459769514434
0.005982949328010358,1.7029162278248264,1053.2773461350675,316.72265386493245,0.23118441887951274
0.008783496524334564,1.7094323280419021,1540.4096258557297,170.4096258557297,0.1243865882158611
0.008430871227165977,1.5395884047446546,1641.6800753268597,271.68007532685965,0.19830662432617494
0.009964146424785856,1.600307307789211,1866.6264498193045,496.6264498193045,0.3625010582622661
0.008717664635945022,1.7048987098382404,1532.9298416077745,162.9298416077745,0.11892689168450694
0.0051252567521835445,1.5832361001242832,970.4890631899981,399.5109368100019,0.2916138224890525
0.00517610663208196,1.6946534268926639,915.6785130675794,454.3214869324206,0.3316215233083362
0.006759749253524911,1.6942479527092258,1196.1188094914573,173.88119050854266,0.1269205770135348
0.00888843284047898,1.5264023263725464,1745.729211083992,375.7292110839919,0.27425489860145397
0.009040518250303341,1.5035340456112227,1802.6057978291435,432.6057978291435,0.3157706553497398
0.008266345135075345,1.7620192387708762,1406.4477119156077,36.44771191560767,0.026604169281465452
0.008374853776617546,1.7832975453236821,1407.9075057701841,37.907505770184116,0.027669712241010305
0.009048501717939167,1.5394495956174459,1762.1054816999062,392.10548169990625,0.28620838080285127
0.007454859414442046,1.6245297989654996,1375.727690143457,5.727690143457039,0.004180795725151123
0.005113148358176275,1.5259772359709012,1004.5256759292577,365.47432407074234,0.26676957961368053
0.005253938963041914,1.7047434211972068,923.9462410162297,446.0537589837703,0.3255866853896134
0.0072389618540992995,1.7916716643651924,1211.263319486378,158.7366805136221,0.11586619015592854
0.006844636891205578,1.5775812442417152,1300.7067149294774,69.29328507052264,0.05057904019746178
0.007662131816323467,1.6216141733288203,1416.5202601925187,46.52026019251866,0.033956394301108514
0.00821742224737662,1.7167989646779604,1434.9503143060383,64.95031430603831,0.04740898854455351
0.009125255676767004,1.6091812214724697,1700.046453881165,330.046453881165,0.24090982035121533
0.007107467048135418,1.6982113829835337,1254.7113026477584,115.28869735224157,0.08415233383375297
0.009681577270517442,1.5127077291258149,1918.720841680813,548.720841680813,0.4005261618108124
0.0075429159507561065,1.5770997248635317,1433.8404082596956,63.84040825969555,0.046598838145763176
0.00570300703563948,1.5142650071846582,1129.0748244816043,240.9251755183957,0.17585779234919394
0.009406385902218761,1.7331454183825354,1627.0784439741078,257.0784439741078,0.18764849925117358
0.007708242808602567,1.664501072399472,1388.3277678641164,18.327767864116367,0.013377932747530196
0.00916463295499538,1.6428980308210492,1672.3422809587234,302.34228095872345,0.2206877963202361
0.005660784686378336,1.5718697697391186,1079.6445023685262,290.3554976314738,0.21193831943903196
0.005124933210530915,1.6226205878341216,946.8734316515157,423.1265683484843,0.3088515097434192
0.007618626987086947,1.5612439645031442,1462.9404263354834,92.94042633548338,0.06783972725217766
0.008931060584335779,1.7244972993334446,1552.6058557237736,182.60585572377363,0.13328894578377637
0.005677529049649618,1.705310763067266,998.1056978139324,371.89430218606765,0.27145569502632677
0.007119389412631969,1.552294988978684,1374.9572514412225,4.957251441222525,0.003618431708921551
0.008969240475663928,1.6435622291799097,1636.0260663413196,266.0260663413196,0.19417961046811652
0.009421042948232306,1.5140295281246325,1865.4574233255198,495.4574233255198,0.36164775425220425
0.00868295032469361,1.6500473194248617,1577.580830493469,207.58083049346897,0.15151885437479487
0.009773208610987103,1.6325263606311051,1794.7239950857088,424.7239950857088,0.31001751466110133
0.005685107442388084,1.6961473495192543,1004.8374244317206,365.1625755682794,0.26654202596224774
0.007763364219084318,1.584259253450166,1469.0765015384825,99.07650153848249,0.07231861426166605
0.008620202939028097,1.5331972263538198,1685.5442881904082,315.5442881904082,0.2303242979492031
0.008325532833417618,1.7557100446834015,1421.6082888220026,51.60828882200258,0.037670283811680715
0.006338358541594818,1.6149000258408295,1176.662366997383,193.33763300261694,0.14112235985592478
0.007467678389568106,1.6942347966760123,1321.3951598411302,48.60484015886982,0.035477985517423226
0.008692051900210633,1.7997129616348766,1447.9040045700242,77.9040045700242,0.056864236912426425
0.0053610294123042105,1.560073318056002,1030.205546318613,339.79445368138704,0.2480251486725453
0.0095979221696267,1.5218895808686812,1890.6658637367734,520.6658637367734,0.38004807572027255
0.008628106682902521,1.6266360224986502,1590.178303306153,220.1783033061531,0.16071409000449133
0.00557905503718724,1.7962686973691562,931.129415863729,438.87058413627096,0.3203434920702708
0.006410127987257609,1.5752082412613155,1219.970779136975,150.0292208630251,0.10951038019198912
0.005141220639603159,1.7005374099626338,906.3600504388963,463.63994956110366,0.3384233208475209
0.009178115962992027,1.6482122680756262,1669.4026598691512,299.4026598691512,0.21854208749573079
0.005069835220652333,1.6585877248024143,916.3810510145908,453.61894898540925,0.33110872188716
0.009366983157174784,1.771725057076147,1584.9811987014966,214.98119870149662,0.15692058299379316
0.005992502423541142,1.7207775203167246,1044.0088912793865,325.9911087206135,0.2379497143946084
0.008819010174469687,1.7681608655532186,1495.2670816543985,125.26708165439845,0.09143582602510836
0.009200071318079246,1.7459224203350094,1579.744874169751,209.74487416975103,0.15309844829908834
0.008224041317866406,1.7561263848197095,1403.9454009056683,33.94540090566829,0.024777664894648388
0.006326437044706298,1.551197332292267,1222.6801017070134,147.31989829298664,0.10753277247663258
0.005505070208598449,1.7652618989395057,934.9199290426985,435.0800709573015,0.31757669412941714
0.0075356995006755296,1.5287617641050373,1477.761891421605,107.76189142160501,0.07865831490628103
0.005270897479269966,1.672231899226063,944.9498672448951,425.05013275510487,0.31025557135409115
0.007149543246885471,1.548761693473065,1383.9308865876028,13.9308865876028,0.010168530355914453
0.009828964850155157,1.6235194349422768,1814.9764447558846,444.9764447558846,0.32480032463933184
0.009494164885423982,1.7342476645987643,1641.2183137159127,271.2183137159127,0.19796957205541074
0.0063188648320105295,1.7096971949763737,1108.0020633620866,261.9979366379134,0.19123936980869594
0.005350037036153945,1.646445471366155,974.1596556664417,395.8403443335583,0.2889345579077068
0.007320042985265216,1.5608857258037463,1405.9284692915667,35.92846929156667,0.026225160066836985
0.009009204028671412,1.7521371761463431,1541.4839985983606,171.48399859836059,0.12517080189661356
0.0064054331650460735,1.5806472721432572,1214.8824009926493,155.1175990073507,0.11322452482288371
0.008679352947915336,1.6019019297682269,1624.322004831818,254.32200483181805,0.18563649987723946
0.007956375837771288,1.552661594586167,1536.2404000293513,166.24040002935135,0.12134335768565792
0.008304700107203264,1.662646068049402,1497.4241998552359,127.42419985523588,0.09301036485783641
0.006061368592150584,1.6338681463018556,1112.1782337196662,257.8217662803338,0.18819107027761592
0.008521319837744967,1.640690023360872,1557.0445258932564,187.04452589325638,0.13652885101697546
0.005047519302568923,1.6720455256716207,905.0041971266086,464.9958028733914,0.33941299479809595
0.006416023960452731,1.5388194233268049,1249.9683618059735,120.03163819402653,0.08761433444819454
0.00664167806662907,1.7684150958950053,1125.937568312657,244.06243168734295,0.17814776035572477
0.007682928862150731,1.7910518162300109,1285.995250026601,84.00474997339893,0.06131733574700652
0.009831637777238406,1.737761445496246,1696.1193741769691,326.11937417696913,0.23804333881530593
0.006539702341242141,1.678703822833698,1167.897167327509,202.1028326724911,0.14752031581933658
0.006372837572414043,1.6643845167154194,1147.8889770250282,222.11102297497177,0.16212483428830057
0.007349773892920475,1.5615992281624265,1410.9937693140787,40.99376931407869,0.02992245935334211
0.00561962496695651,1.6694512995051567,1009.1466473933264,360.85335260667364,0.26339660774209755
0.007140006396240092,1.7264804665583109,1239.817136148435,130.1828638515649,0.09502398821282108
0.005283186808324197,1.7312075113338594,914.8871807518643,455.1128192481357,0.3321991381373253
0.007299097750944592,1.748499856786668,1251.4810610047032,118.51893899529682,0.08651017444912176
0.007211276857898729,1.6921814384139977,1277.5736487064953,92.4263512935047,0.0674644899952589
0.007403380770230483,1.692001264184396,1311.747080571595,58.252919428404994,0.042520379144821166
0.008035425630104552,1.6373833321806397,1471.2254322981473,101.22543229814733,0.07388717685996155
0.00958589439237963,1.5576905722439522,1844.8971145020441,474.89711450204413,0.34664022956353585
0.005253793147362498,1.5329244089564622,1027.4789495612329,342.52105043876713,0.2500153652837716
0.006785774338680618,1.7169001546091116,1184.8819297762504,185.11807022374956,0.13512267899543765
0.007418779827048639,1.6119037997169758,1379.7934095708697,9.793409570869699,0.007148474139320948
0.008860774640193615,1.6770300880701972,1583.9867322979824,213.98673229798237,0.15619469510801634
0.009748712861842292,1.5471641025459046,1888.9984497305134,518.9984497305134,0.3788309852047543
0.009312542672751823,1.653466338821759,1688.4710577680005,318.4710577680005,0.23246062610802956
0.009792217601784971,1.7620523111101212,1666.0305517606828,296.0305517606828,0.21608069471582686
0.00850694420055398,1.7817828401821716,1431.3291465373948,61.32914653739476,0.04476580039225895
0.006115035985557855,1.7820311484176459,1028.7371634871076,341.26283651289236,0.2490969609583156
0.007413698010527499,1.5026825788385811,1479.0686873894333,109.06868738943331,0.0796121805762287
0.006302360105387617,1.5097532105783944,1251.46283111493,118.53716888507006,0.08652348093800734
0.008317578444155446,1.674815914438554,1488.8485742727642,118.84857427276415,0.08675078414070377
0.005369111339833556,1.7621468561659326,913.4420778904736,456.55792210952643,0.3332539577441799
0.007271037260694857,1.598154658589133,1363.9494280970584,6.050571902941556,0.00441647584156318
0.0064831804207428735,1.7566826763035688,1106.4084710402808,263.5915289597192,0.19240257588300672
0.00805081066221128,1.5747642839820148,1532.6562469488244,162.65624694882445,0.11872718755388646
0.008994791564090686,1.7413060175677602,1548.5909110697014,178.5909110697014,0.13035832924795723
0.0062075498291851725,1.7725849568161092,1049.865967942976,320.1340320570239,0.23367447595403204
0.006334706109863805,1.651088535299164,1150.2091346298319,219.79086537016815,0.1604312885913636
0.006647170398724159,1.6186069526243738,1231.164582202813,138.8354177971869,0.10133972101984445
0.0077638959873704205,1.5886746350322487,1465.0938652790082,95.09386527900824,0.06941158049562646
0.00748578661262329,1.7550576341359236,1278.6944001224892,91.30559987751076,0.06664642326825602
0.008713137960809915,1.558660219211496,1675.8835658779774,305.8835658779774,0.22327267582334115
0.0071621976461800525,1.689690227882843,1270.7493963082854,99.25060369171456,0.07244569612533909
0.007346594928285597,1.6682955805039088,1320.1819732782733,49.81802672172671,0.036363523154545045
0.009980432047437558,1.5359880190825481,1947.9697876748066,577.9697876748066,0.42187575742686617
0.006990632098434686,1.6888158033503935,1240.9516630563,129.04833694369995,0.09419586638226274
0.007087953861899934,1.7076924444866988,1244.319559596274,125.68044040372592,0.09173754773994593
0.009910967238547768,1.7705536576813925,1678.137918447866,308.137918447866,0.2249181886480774
0.009337403941593592,1.7699808508907058,1581.5330869712802,211.53308697128023,0.1544037131177228
0.007087766494727539,1.7820697140312585,1192.3545540638383,177.64544593616165,0.12966820871252674
0.009789556624778019,1.6364623101478881,1793.402283128148,423.40228312814793,0.30905276140740723
0.006536552687191517,1.7318229869810071,1131.5297300422892,238.4702699577108,0.17406589048008086
0.008499078089375327,1.7966730166482812,1418.154270442057,48.15427044205694,0.03514910251245032
0.007674602452240004,1.6210291254778217,1419.3378127315682,49.33781273156819,0.0360130019938454
0.006316095065374477,1.722724311398445,1099.1414308614455,270.85856913855446,0.1977069847726675
0.0070320442969106734,1.710674999783104,1232.3520509757986,137.64794902420135,0.10047295549211778
0.00877968409134596,1.5496740490948882,1698.4752862999878,328.47528629998783,0.23976298270072105
0.005674436511667761,1.663427928635049,1022.6792759177313,347.3207240822687,0.25351877670238593
0.006861738892629564,1.7888864862499427,1149.9318624111947,220.06813758880526,0.16063367707212062
0.008337501569687855,1.5724831819372433,1589.5369297853222,219.53692978532217,0.1602459341498702
0.009987246039628424,1.6199187388375464,1848.3032309506693,478.30323095066933,0.3491264459493937
0.009109309398705943,1.7828701703293175,1531.744880119973,161.744880119973,0.1180619562919511
0.007946615060974568,1.7436414557930515,1366.2988190572928,3.7011809427071967,0.0027015919289833552
0.006933395807046838,1.510349366386509,1376.2244799389957,6.224479938995728,0.0045434160138654945
0.0061198629706308,1.6573284228722323,1107.0158076508353,262.9841923491647,0.1919592644884414
0.005189179951455916,1.5794691643546592,984.9366152627041,385.0633847372959,0.28106816404182183
0.006206834318690839,1.5194577415842838,1224.6224859527401,145.37751404725987,0.10611497375712399
0.009297825330661043,1.537214511836112,1813.291436212198,443.29143621219805,0.323570391395765
0.005388664994638421,1.5614840206030236,1034.580631479874,335.419368520126,0.24483165585410657
0.005598775615908563,1.7188343406250013,976.516854482537,393.48314551746296,0.28721397483026495
0.008549611520887155,1.5507984039348095,1652.7674043825125,282.7674043825125,0.20639956524270986
0.008297214710588724,1.793254963608347,1387.1102788618393,17.110278861839333,0.012489254643678345
0.007948223576141217,1.7141723035102876,1390.068826654931,20.068826654930945,0.014648778580241566
0.007812732671822383,1.7002756229390859,1377.5403821492364,7.540382149236393,0.005503928576084958
0.009246423181452336,1.7811959595059499,1556.2621947809982,186.26219478099824,0.13595780640948776
0.007987711610252211,1.5520196484193327,1542.9287250786451,172.92872507864513,0.12622534677273367
0.005214842302687015,1.5276686616947501,1023.3700744182077,346.62992558179235,0.2530145442202864
0.009460908247980121,1.6120595219658265,1759.4318943730416,389.4318943730416,0.2842568572065997
0.005914388916233949,1.7413951047376497,1018.2003991752675,351.79960082473247,0.2567880297990748
0.009379555097217041,1.7505999256535492,1606.2607088774753,236.26070887747528,0.17245307217333963
0.00765959991554682,1.553073380431706,1478.5459044698043,108.54590446980433,0.07923058720423673
0.006203646844801482,1.6779252572360508,1108.3965320544328,261.6034679455672,0.1909514364566184
0.009249785699736661,1.6272745959737638,1704.0860821881915,334.08608218819154,0.24385845415196464
0.006763404403378936,1.627015516096665,1246.218988372898,123.78101162710209,0.09035110337744678
0.009404086455224538,1.5104286885235434,1866.5390925619502,496.53909256195016,0.3624372938408395
0.0076648740291958735,1.785820440505586,1286.7315063447481,83.26849365525186,0.060779922376096245
0.0069104191741950986,1.5351411443508096,1349.5121003472088,20.487899652791157,0.014954671279409604
0.006568145908924387,1.606266670275529,1225.8740363462327,144.12596365376726,0.10520143332391771
0.009312987954183189,1.691909691946748,1650.1847370449636,280.18473704496364,0.20451440660216325
0.006072721335402985,1.607500783090174,1132.5382077822462,237.46179221775378,0.17332977534142613
0.005615803319303295,1.6590699254628354,1014.7706584873581,355.2293415126419,0.2592914901552131
0.006522196409883723,1.612646313562901,1212.4824128099497,157.51758719005034,0.11497634101463527
0.008358883395937041,1.5729813597288527,1593.108642962762,223.1086429627619,0.16285302406041016
0.008093000343072802,1.668848838385719,1453.8287768420817,83.82877684208165,0.06118888820589902
0.009582331065095255,1.7294095591945622,1661.0932720370597,291.0932720370597,0.2124768409029633
0.009170924470150886,1.6006314146237535,1717.6808876296814,347.68088762968137,0.2537816698026871
0.007601572037214113,1.662444981751682,1370.8086527466703,0.8086527466703046,0.0005902574793213903
0.0064187787754708845,1.7780434531988447,1082.2578396465349,287.7421603534651,0.21003077398063147
0.005120118173825722,1.7414851141763505,881.4159823052304,488.5840176947696,0.3566306698501968
0.005827652001707658,1.5920396674682513,1097.388559883606,272.6114401163941,0.19898645263970371
0.009900300145701903,1.5790319847445864,1879.6549685456948,509.6549685456948,0.3720109259457626
0.009919706391298695,1.6938640699110723,1755.662224916237,385.66222491623694,0.2815052736614868
0.00726518650299067,1.565192604889333,1391.552779355226,21.552779355225994,0.0157319557337416
0.007964584402574628,1.5608650217333813,1529.7429961911,159.74299619110002,0.11660072714678833
0.005154570688243281,1.770361308099025,872.8734691013528,497.12653089864716,0.3628660809479176
0.00714532816148539,1.6549035684097797,1294.4050237360448,75.59497626395523,0.055178814791208196
0.007872854428041795,1.7893583206472696,1319.0328360867732,50.96716391322684,0.03720230942571302
0.009143867394708006,1.6359152526485994,1675.6751166953038,305.6751166953038,0.22312052313525826
0.0067258356140806625,1.5368133061528761,1312.0362654177866,57.96373458221342,0.04230929531548425
0.00768638968721397,1.564377692840669,1472.9957273242844,102.99572732428442,0.07517936301042658
0.00985649709553158,1.660990595112429,1779.000736207818,409.0007362078179,0.29854068336337075
0.006742727954940991,1.6672360919650797,1212.437156908316,157.56284309168404,0.1150093745194774
0.006236247227360744,1.5833457503578499,1180.7780357282174,189.22196427178255,0.13811822209619165
0.008164196585630362,1.574394301795989,1554.607101416257,184.6071014162569,0.13474970906296124
0.008850412295517682,1.7354634001254348,1528.8636200538112,158.86362005381125,0.11595884675460674
0.005589685092544652,1.6871076749057985,993.2652540588352,376.73474594116476,0.27498886565048525
0.008172749727142428,1.7046397199215817,1437.329366836278,67.32936683627804,0.049145523238159156
0.008203459465092213,1.6808708367108818,1463.1316240549288,93.1316240549288,0.0679792876313349
0.006724193913970419,1.556930709670701,1294.767075385261,75.23292461473898,0.05491454351440801
0.00916212709322848,1.6101063036464864,1705.934940796575,335.9349407965749,0.2452079859829014
0.009685419258086497,1.5051090541376388,1929.1729314630502,559.1729314630502,0.40815542442558406
0.006202821122821793,1.6053097859569347,1158.3801501817738,211.61984981822616,0.1544670436629388
0.007274883971074431,1.775341337197136,1228.4709997213504,141.52900027864962,0.10330583961945228
0.0054776838468932896,1.6606758378075528,988.8554209201045,381.1445790798955,0.2782077219561281
0.008319601683372946,1.7109197696241925,1457.7853868549078,87.78538685490776,0.0640769247116115
0.005880125330705689,1.6609319782464835,1061.342215893394,308.65778410660596,0.2252976526325591
0.0061119589777526495,1.5864330152159716,1154.9931119444009,215.00688805559912,0.15693933434715265
0.009038670084250227,1.5815026758718416,1713.3863653532176,343.38636535321757,0.25064698200964786
0.005952916863353997,1.795503039817541,993.9496281308997,376.05037186910033,0.27448932253219005
0.009916699746210402,1.6499099597702243,1801.8872936426314,431.88729364263145,0.315246199739147
0.006069899910067448,1.5011774760054561,1212.1885939131191,157.81140608688088,0.11519080736268678
0.00605606191794468,1.7107437611461151,1061.27038392032,308.72961607968,0.22535008472969342
0.006794599390727885,1.5546237066987816,1310.265399719838,59.73460028016211,0.043601898014716874
0.006973915618979712,1.5193196384414842,1376.0944388523696,6.094438852369649,0.004448495512678576
0.00846544509683542,1.5284401602623705,1660.4356909914543,290.4356909914543,0.2119968547382878
0.005908354747330349,1.7977395368621316,985.2818810058653,384.71811899413467,0.2808161452511932
0.007435147371586298,1.5252632564526234,1461.387794330133,91.38779433013292,0.06670641921907512
0.005301350507122819,1.7813342641170666,892.1991404222209,477.8008595777791,0.3487597515166271
0.005062144912917408,1.623855425440863,934.5615640528416,435.4384359471584,0.3178382744139842
0.006719737174895282,1.7656290076767138,1140.9681852852136,229.03181471478638,0.16717650709108495
0.0064401999940861595,1.555890567603924,1240.9120708354153,129.0879291645847,0.09422476581356547
0.006168506375255224,1.5542757682850306,1189.7963837311177,180.20361626888234,0.13153548632765136
0.009176525297588315,1.668533474290566,1648.7850661988584,278.78506619885843,0.20349274905026163
0.007350716795081009,1.7666466593762475,1247.3855167151974,122.61448328480265,0.08949962283562236
0.00944244148225835,1.5056259991398615,1880.1300874882386,510.1300874882386,0.3723577280936048
0.006071575262477237,1.78891056994734,1017.4977455265566,352.5022544734434,0.2573009156740463
0.006990827409960159,1.7036471465527097,1230.1827505340684,139.81724946593158,0.10205638647148291
0.008790862404536446,1.5405109035825246,1710.7533884161128,340.7533884161128,0.24872510103365897
0.008935889782127577,1.5645876682974804,1712.2162065333114,342.2162065333114,0.24979285148416888
0.009643871231288959,1.643455632766579,1759.1955653811292,389.1955653811292,0.28408435429279505
0.005247347774951649,1.6797912455515918,936.4945147794378,433.50548522056215,0.3164273614748629
0.007850256574639726,1.7526599473224396,1342.7862706837657,27.21372931623432,0.01986403599725133
0.009206475163479243,1.6965503429092366,1626.8493477432,256.84934774320004,0.18748127572496354
0.009537831653585765,1.5394188948829457,1857.4346494792774,487.43464947927737,0.35579171494837764
0.007216743913750075,1.6600189631133326,1303.3136637198563,66.68633628014368,0.04867615786871801
0.009581664977972202,1.7733568466474656,1619.8154933730846,249.81549337308456,0.18234707545480625
0.009476969790432391,1.6457149997473117,1726.376722762876,356.37672276287594,0.2601289947174277
0.006051654467195685,1.6750042397117446,1083.1258361468338,286.87416385316624,0.20939719989282207
0.00529594726092217,1.5795910578946244,1005.1241040237264,364.87589597627357,0.26633277078560114
0.0050624462855891955,1.5709174271191804,966.1126608245419,403.8873391754581,0.2948082767704074
0.007462612090313986,1.7946340480630087,1246.624527195641,123.3754728043591,0.09005508963821833
0.007754531571818544,1.6890720374389285,1376.3475026672097,6.34750266720971,0.004633213625700518
0.005004192909435836,1.7584887935945215,853.129856778528,516.870143221472,0.37727747680399415
0.00989099067911329,1.7170702708741512,1726.9208244091678,356.92082440916784,0.26052614920377215
0.007535379760890058,1.6072044147022149,1405.5772867567955,35.5772867567955,0.025968822450215694
0.007879436646173401,1.6751313470102664,1410.1554985688672,40.15549856886719,0.02931058289698335
0.006942103392485932,1.5284964450033078,1361.5931175548087,8.406882445191286,0.006136410543935245
0.006860215621042134,1.506805874928161,1364.901038456776,5.09896154322405,0.0037218697395795986
0.00552556296819302,1.591331802359857,1040.965876262782,329.0341237372179,0.2401708932388452
0.00994400374771186,1.756176092143255,1697.5161768940495,327.5161768940495,0.23906290284237192
0.006250132844135717,1.7960925316290641,1043.2328263569384,326.7671736430616,0.23851618514092088
0.009426483692337506,1.7816755685936538,1586.1410271531308,216.14102715313084,0.15776717310447505
0.005977833928041021,1.6227829058797454,1104.343359983615,265.6566400163849,0.19390995621633936
0.005500949674624609,1.581482905781687,1042.782832657228,327.217167342772,0.238844647695454
0.005975088585444874,1.7704612836164604,1011.7625899953387,358.23741000466134,0.26148716058734406
0.008009854006439825,1.5899060173680988,1510.33695990836,140.3369599083601,0.10243573715938692
0.009085131472070934,1.7906138953129411,1521.0726904301707,151.07269043017072,0.11027203681034359
0.009226303848983732,1.7812073593131281,1552.8659786181852,182.86597861818518,0.13347881650962423
0.009657492728246068,1.5106810753367679,1916.515358791129,546.5153587911291,0.3989163202854957
0.006644667484598046,1.7587482050255459,1132.6358100086254,237.3641899913746,0.1732585328404194
0.0072637969522373275,1.7862361449516617,1219.1173876302157,150.88261236978428,0.11013329370057247
0.007618328340583144,1.7031988688250594,1340.957548104777,29.04245189522294,0.021198869996513093
0.005033483393326493,1.6184723153127716,932.3609335238547,437.63906647614533,0.31944457407017907
0.005505928420283572,1.7489855438765856,943.7675574094645,426.23244259053547,0.3111185712339675
0.006153183992171159,1.549920701042429,1190.1758278978857,179.8241721021143,0.13125851978256517
0.006701598286258947,1.628755854420941,1233.5112210420468,136.48877895795317,0.09962684595471034
0.0057861718840247385,1.768440721621094,980.8927550210152,389.1072449789848,0.2840198868459743
0.005151910264214061,1.6910133920316992,913.3599111527378,456.6400888472622,0.33331393346515487
0.008918593902166268,1.7462247892223879,1531.147194986778,161.147194986778,0.1176256897713708
0.005862484943382046,1.627237590673108,1080.0689347629263,289.93106523707365,0.21162851477158662
0.00871099045078389,1.6896800771922456,1545.5524830443417,175.55248304434167,0.12814049857251217
0.009732434001932237,1.5742703249344516,1853.3731250276394,483.3731250276394,0.35282709856032074
0.006842389599881915,1.7293380174367217,1186.1745801336924,183.82541986630758,0.1341791385885457
0.00686340537283093,1.6209200552087213,1269.4007704818237,100.59922951817634,0.07343009453881486
0.00667057829359525,1.627780133717427,1228.5375779537048,141.46242204629516,0.10325724236955851
0.005728807294633721,1.68645007151709,1018.3836742475237,351.6163257524763,0.2566542523740703
0.00712660331571532,1.744036282540275,1225.0329575124003,144.96704248759966,0.10581535947999975
0.00682783125316027,1.660416592807158,1232.7823770620857,137.21762293791426,0.10015884885979143
0.007878928272852612,1.6960967102027964,1392.634782624959,22.634782624958916,0.01652173914230578
0.0073464579339408455,1.7760820553096652,1240.0399379215228,129.96006207847722,0.09486135918137023
0.005647867207128679,1.603202389149368,1056.1286609490885,313.8713390509115,0.22910316719044635
0.009368789108439994,1.7859122887839334,1572.6933136315188,202.69331363151878,0.14795132381862686
0.005016477461908928,1.5568653590193529,965.9808409858674,404.0191590141326,0.2949044956307537
0.008293147175663191,1.7745999510720143,1401.0047587603779,31.004758760377854,0.022631210773998434
0.00793459725317768,1.532105429353708,1552.590551665633,182.59055166563303,0.13327777493841828
0.008703850347061032,1.7563261317608956,1485.6857404913985,115.68574049139852,0.0844421463440865
0.005923775952594512,1.6917516915631867,1049.742324672161,320.257675327839,0.23376472651667082
0.005587587269106829,1.5732522271452316,1064.747592784058,305.25240721594196,0.22281197607003062
0.005025432489535041,1.7647763649398551,853.6983996848318,516.3016003151682,0.3768624819818746
0.006201559343280183,1.7080920523181575,1088.4546394508554,281.54536054914456,0.20550756244463106
0.006289601017637611,1.7480000416972867,1078.7041784541436,291.29582154585637,0.21262468725974917
0.008451258186826387,1.588117693154082,1595.362532602607,225.36253260260696,0.1644981989800051
0.007432878710825281,1.7908754954996202,1244.2634813720106,125.73651862798943,0.09177848075035724
0.005270052146025569,1.6104644219752777,981.0349518354237,388.9650481645763,0.2839160935507856
0.0070176658674087605,1.7993268831948006,1169.2390746019914,200.76092539800857,0.14654082145840042
0.008413270367622284,1.539324029451753,1638.534158546443,268.534158546443,0.19601033470543283
0.0051371244536873376,1.5547073700428715,990.5858791808301,379.41412081916985,0.2769446137366203
0.005130480306335201,1.6874094960087473,911.5032867806319,458.4967132193681,0.33466913373676505
0.008396628374371473,1.679856098328359,1498.4889847233364,128.48898472333644,0.0937875800900266
0.009418284737507483,1.7620658457943978,1602.3979684642895,232.39796846428953,0.169633553623569
0.009334409476030092,1.6136854509919294,1734.1580164073432,364.1580164073432,0.26580877110025053
0.007105342059679963,1.7970223843379056,1185.365290698403,184.634709301597,0.1347698608040854
0.008072693385481626,1.7274491088799764,1400.9863331273568,30.98633312735683,0.022617761406829803
0.006201207880769782,1.7740450307735238,1047.9301939333213,322.06980606667867,0.23508744968370707
0.005746107552238404,1.5574079317634606,1106.0940886999085,263.9059113000915,0.19263205204386238
0.008742022358129257,1.5429437579844478,1698.5663651525933,328.56636515259333,0.23982946361503163
0.0074229915921737956,1.7037550308226455,1306.1483927396644,63.85160726033564,0.046607012598785136
0.009908851325472442,1.5289100218535145,1942.9520719725883,572.9520719725883,0.4182131912208674
0.007460858658724251,1.5425169709019673,1450.0386046201095,80.03860462010948,0.058422339138766044
0.006796211504160477,1.7863040996122832,1140.5969187230635,229.40308127693652,0.1674475045817055
0.0064682583115749275,1.6707037972556424,1160.6695701483827,209.33042985161728,0.1527959341982608
0.008974555875278244,1.5159762849968574,1774.766658248604,404.766658248604,0.29545011550992994
0.008819133229545459,1.7092242378524283,1546.8477276199158,176.84772761991576,0.12908593256928158
0.008326133703698996,1.6482993472737477,1514.3560499475307,144.35604994753066,0.105369379523745
0.006726312263372328,1.6693383805703308,1207.9622143612341,162.03778563876585,0.118275755940705
0.007723331614669114,1.722074939367909,1344.5387978066933,25.46120219330669,0.018584819119201963
0.005336718495285373,1.7965741633112167,890.5326526609495,479.46734733905055,0.3499761659409128
0.008017980557520961,1.6144875406561998,1488.8502010727414,118.85020107274136,0.0867519715859426
0.009536211502323505,1.5850797823888534,1803.621696556402,433.62169655640196,0.3165121872674467
0.009550697542495238,1.584738887586299,1806.7500673503137,436.75006735031366,0.3187956695987691
0.0058139955016522325,1.7679958934568356,985.85749474413,384.14250525587,0.2803959892378613
0.006569285705237749,1.5290576583393332,1287.9974133980156,82.00258660198438,0.05985590262918568
0.008142163960734035,1.7358572451962737,1406.1982078206393,36.198207820639254,0.026422049504116245
0.009030121196659618,1.5806958024600144,1712.6396017319526,342.63960173195255,0.25010189907441793
0.006190638608170552,1.613236585126523,1150.424421342759,219.57557865724107,0.16027414500528545
0.009418276679877829,1.7794081870885738,1586.7794340119592,216.7794340119592,0.15823316351237898
0.008987760578720484,1.672798122983392,1610.7519483609965,240.7519483609965,0.17573134916861058
0.006140420425616947,1.5090973685486488,1219.8362881776948,150.16371182230523,0.10960854877540528
0.006254116824512046,1.6919534339067053,1108.1493248371546,261.8506751628454,0.19113187968090906
0.005742551577103787,1.7731759581372444,970.8983728271768,399.1016271728232,0.2913150563305279
0.008002504380087852,1.7068368131454277,1405.5769361109353,35.57693611093532,0.025968566504332352
0.0076740051543242906,1.6712300458359886,1376.5961625999428,6.596162599942772,0.0048147172262356
0.007860136714016362,1.6406938262152342,1436.2275691295754,66.22756912957539,0.048341291335456484
0.005611704022808751,1.5669369437853644,1073.6529949330034,296.34700506699664,0.2163116825306545
0.005122230954030329,1.5386636621779322,998.012915947357,371.987084052643,0.27152341901652777
0.007038178291929431,1.5260525127917728,1382.6475513085245,12.647551308524498,0.009231789276295255
0.006749650071668709,1.7818654815401684,1135.6043464495515,234.39565355044851,0.1710917179200354
0.00948199395113571,1.59384410230771,1783.5058455442988,413.50584554429884,0.30182908433890426
0.006071742908998182,1.794838189489772,1014.1653669348827,355.83463306511726,0.25973330880665496
0.008275279737705511,1.7467996210866061,1420.2352824310174,50.23528243101737,0.036668089365706105
0.008844304665836713,1.6914353003485272,1567.5774500660555,197.57745006605546,0.14421711683653685
0.009894076112767158,1.5528533912647353,1910.1413012787566,540.1413012787566,0.3942637235611362
0.007381115352122618,1.57092176227572,1408.6014767462339,38.60147674623386,0.028176260398710844
0.009366157649657182,1.519554817081413,1847.846087710958,477.84608771095805,0.34879276475252413
0.007450157746798095,1.6347529993818648,1366.2621229291992,3.737877070800778,0.0027283774239421736
0.008396319524771174,1.56780275340623,1605.5293071885094,235.5293071885094,0.17191920232737912
0.008197386254716322,1.7405261968364194,1411.9377111034576,41.93771110345756,0.030611467958728145
0.005330149151962205,1.6958796747272393,942.2475778126022,427.75242218739777,0.3122280453922611
0.005076360563102371,1.5964609655455027,953.2676612526595,416.73233874734046,0.30418418886667187
0.009714722085184202,1.7832242491623933,1633.2216287840715,263.2216287840715,0.19213257575479673
0.006671183487422067,1.7739056167884184,1127.4390680853337,242.5609319146663,0.17705177512019438
0.006796221283827686,1.5811429024549972,1288.5969260761412,81.40307392385876,0.059418302134203474
0.009351930642060018,1.5564715252134391,1801.2782301585808,431.27823015858075,0.31480162785297866
0.008500018421564259,1.6629134776965082,1532.3956717074,162.39567170739997,0.11853698664773721
0.008294864812786672,1.7842352673604678,1393.727585421969,23.727585421969025,0.01731940541749564
0.008590320798956438,1.7948717324945083,1434.8175085182884,64.81750851828838,0.047312050013349184
0.005778915400156881,1.583934778102414,1093.779413356038,276.22058664396195,0.20162086616347588
0.008470074078404518,1.5873891892712495,1599.6482428941824,229.64824289418243,0.16762645466728646
0.009155926609182227,1.5597920636355402,1759.771579447984,389.7715794479841,0.28450480251677673
0.007136176379168956,1.7097293099915511,1251.292730919594,118.70726908040592,0.08664764166452987
0.007140913561061713,1.6590262910885745,1290.39065886746,79.60934113254007,0.05810900812594166
0.008993499412667841,1.5861202901625093,1699.8605412638692,329.8605412638692,0.24077411771085344
0.0054716437081557415,1.7510046478428094,936.8093446177431,433.19065538225686,0.31619755867318017
0.0050231199686156984,1.6951579386632682,888.349957177246,481.650042822754,0.35156937432317814
0.00746491464302932,1.5084066214159695,1483.6351669506532,113.63516695065323,0.08294537733624323
0.00598437954800332,1.7623588780202843,1017.9946188464089,352.0053811535911,0.25693823441867963
0.005810070458023562,1.5192214678642304,1146.5183586516644,223.48164134833564,0.16312528565571946
0.008863012984747806,1.6954004124784212,1567.219418154577,197.21941815457694,0.1439557796748737
0.007441028110726255,1.711849935489215,1303.1306431215942,66.86935687840582,0.048809749546281624
0.007765841411958306,1.6801465045800907,1385.6771888538551,15.677188853855114,0.011443203542959936
0.008500862410762552,1.7162578823949288,1484.9134639871538,114.91346398715382,0.08387844086653563
0.008730036835382371,1.6973202637244293,1541.9595566289313,171.9595566289313,0.1255179245466652
0.0082389042554964,1.7287619307234208,1428.745805935431,58.74580593543101,0.04288015031783285
0.006425967821942959,1.7771759509898688,1083.9988507025257,286.0011492974743,0.20875996299085714
0.006559461831331497,1.6868849342537606,1165.7447082731671,204.25529172683287,0.14909145381520647
0.007565562213843147,1.658838139792746,1367.2813747357732,2.71862526422683,0.0019843980030852773
0.006656841536689862,1.55173997533355,1286.0858897263229,83.91411027367712,0.06125117538224607
0.009658137496732494,1.7885849338971678,1618.8422059099546,248.8422059099546,0.18163664664960188
0.009313640126525684,1.683789449772668,1658.259034011373,288.25903401137293,0.21040805402289994
0.007999324526170932,1.6263342012130295,1474.566027235839,104.5660272358391,0.07632556732543
0.008466158347739368,1.599900024566766,1586.4056390481578,216.4056390481578,0.1579603204731079
0.006632259622033266,1.6112776328685288,1233.9905759405137,136.00942405948626,0.09927695186823815
0.00622232766742117,1.696052420462283,1099.8521527944024,270.1478472055976,0.19718820963912234
0.005769791725372441,1.689158163328481,1024.0249143330768,345.9750856669232,0.2525365588809658
0.009815877935689778,1.6237549260891693,1812.2969953698562,442.2969953698562,0.32284452216777826
0.006319258850779243,1.5011284091797574,1262.0280397254846,107.97196027451537,0.07881164983541268
0.006805488015412987,1.5995128415965412,1275.5346046448478,94.46539535515217,0.06895284332492858
0.00905332624620174,1.5222053548582435,1783.017593363733,413.0175933637331,0.30147269588593656
0.0074250541762155755,1.6911999926750076,1316.2105321145132,53.78946788548683,0.0392623853178736
0.00663507310476849,1.7112520709480958,1162.3915078660377,207.60849213396227,0.15153904535325713
0.008461806290784052,1.5205921675799234,1668.2880269411085,298.28802694110846,0.21772848681832735
0.008439326189294664,1.6248990531872693,1557.048320749334,187.04832074933393,0.13653162098491528
0.008340371242053874,1.7737525014694782,1409.6557401420916,39.655740142091645,0.028945795724154486
0.006857566604267369,1.518283825695409,1354.0595726562537,15.94042734374625,0.011635348426092153
0.005187424896578207,1.772282957358217,877.484520165843,492.51547983415696,0.3595003502439102
0.00911813735498428,1.5375545163063007,1777.8548864720692,407.8548864720692,0.29770429669494103
0.006676080385310577,1.553563083060545,1288.2892045651456,81.71079543485439,0.059642916375806126
0.00790072551484733,1.6579259978184016,1428.6391100665007,58.639110066500734,0.042802270121533384
0.008017665867503833,1.6921868342315975,1420.4316622834024,50.431662283402375,0.03681143232365137
0.008878882904636162,1.7170416568945674,1550.2373629590397,180.23736295903973,0.13156011894820419
0.006323270428201687,1.605481995908429,1180.747457212481,189.2525427875189,0.13814054218067073
0.005030927214463523,1.7571932864555038,858.3199396837125,511.6800603162875,0.37348909512137773
0.008341310993566107,1.795896577972549,1392.4310321514677,22.43103215146766,0.016373016168954497
0.006908873076751384,1.7446839836261003,1187.1651606410348,182.83483935896516,0.13345608712333223
0.008117182807559003,1.74146313068501,1397.3710628925237,27.371062892523696,0.019978878023739925
0.009297328511678568,1.566008005156699,1779.8561426068175,409.85614260681746,0.29916506759621714
0.006055593054163077,1.752579328297725,1035.856749559285,334.14325044071506,0.24390018280344164
0.008646359143416153,1.5645622392279612,1656.7658322334241,286.76583223342413,0.20931812571782785
0.005844447052132643,1.5298403296515894,1145.2967433593103,224.7032566406897,0.16401697565013845
0.005734298231376168,1.7173003717383357,1001.0475686027817,368.95243139721833,0.2693083440855608
0.00805392514054279,1.5274190511830876,1580.7751072380054,210.77510723800538,0.15385044323942
0.009593724989573473,1.6038812387820192,1793.2290287180954,423.2290287180954,0.3089262983343762
0.0071734844624358725,1.5500852196084436,1387.3795532104332,17.379553210433187,0.012685805263089918
0.007994390950445025,1.7508772116925195,1368.8327755034825,1.1672244965175196,0.0008519886835894303
0.008517323876104174,1.7119660419531524,1491.5187555275304,121.5187555275304,0.0886998215529419
0.00912528055233067,1.5250596531599414,1793.8251012374676,423.8251012374676,0.3093613877645749
0.005046807590696205,1.6515025275075415,916.1323264526243,453.8676735473757,0.33129027266231803
0.005919433921424902,1.5070316732902787,1177.5476764851862,192.45232351481377,0.14047614855095897
0.009113519124404397,1.5041538538710866,1816.412790688739,446.41279068873905,0.32584875232754673
0.005675390869682682,1.527006008676479,1114.232274965073,255.76772503492703,0.1866917700984869
0.007559376350856659,1.7205468014011793,1317.1649938989187,52.83500610108126,0.038565697884000924
0.008463561542310372,1.6147970463620553,1571.2884315213219,201.28843152132185,0.1469258624243225
0.0055370115737603245,1.524921933060083,1088.5503537489303,281.4496462510697,0.20543769799348152
0.0067689208480232145,1.79550092808409,1130.1979226497428,239.80207735025715,0.1750380126644213
0.006592374545620002,1.629708664210849,1212.697835195627,157.30216480437298,0.11481909839735253
0.006267015146349251,1.6651986597786015,1128.2761152936973,241.72388470630267,0.1764407917564253
0.006619433850023187,1.6758707239841586,1184.1345015855845,185.86549841441547,0.1356682470178215
0.008571958182519839,1.5043911088532949,1708.2049995427335,338.2049995427335,0.24686496316987847
0.008338959417512105,1.6048221657940476,1557.778297323836,187.7782973238359,0.13706445060134007
0.006055797327944146,1.6828613482056263,1078.8068595371747,291.19314046282534,0.21254973756410608
0.009170995731986905,1.573202999501509,1747.6418196958987,377.6418196958987,0.2756509632816779
0.008140218479715699,1.5578672485895781,1566.485275879827,196.485275879827,0.14341990940133356
0.007838928786270785,1.755001458119965,1339.0597016600511,30.940298339948868,0.02258415937222545
0.0073582020274272075,1.6561044170735517,1332.001442373434,37.998557626566026,0.027736173450048193
0.007634597130955803,1.5786599183815266,1449.833883206147,79.833883206147,0.05827290744974233
0.005967579527089337,1.727289667166767,1035.7471411677595,334.25285883224046,0.24398018892864268
0.00753127618132462,1.6984475016156384,1329.3432950552924,40.6567049447076,0.029676426966939853
0.009084954088083533,1.5958029512372873,1706.7274595350248,336.72745953502476,0.2457864668138867
0.007320731679758932,1.591399250027204,1379.1009041859745,9.100904185974514,0.006642995756185777
0.007709775976757373,1.7393684773659845,1328.8344136267285,41.16558637327148,0.030047873265161666
0.005808593057284006,1.5200179439248664,1145.626206009435,224.373793990565,0.16377649196391605
0.009303949635113797,1.6673891872632034,1672.82716688187,302.82716688186997,0.22104172765099997
0.007893641971758618,1.7979294410406161,1316.2109008659495,53.7890991340505,0.03926211615624124
0.005635467314300129,1.599706894114379,1056.1125943437341,313.88740565626586,0.2291148946396101
0.00878271920691525,1.7825725171841156,1477.074819443646,107.07481944364599,0.07815680251361021
0.009037284969254149,1.58812435100281,1705.9809408931867,335.9809408931867,0.24524156269575673
0.0066639124380976425,1.7453677646828614,1144.6244912613415,225.37550873865848,0.16450767061215948
0.009039738064349795,1.5885959960852793,1705.9373816035388,335.9373816035388,0.24520976759382396
0.007935222401617686,1.6843651040479741,1412.3540216075817,42.35402160758167,0.030915344239110708
0.0050681423005307395,1.5571892650397254,975.726504081136,394.273495918864,0.2877908729334774
0.008485667135871013,1.783002789648437,1426.7723097248722,56.77230972487223,0.041439642134943236
0.005036493125016629,1.7251479519922295,875.230818264124,494.76918173587603,0.36114538812837665
0.00803084314026158,1.7131292306095558,1405.3733727809922,35.37337278099221,0.025819980132111103
0.008724645260724074,1.5031496587395634,1740.0681513534498,370.0681513534498,0.27012273821419697
0.00908453649560631,1.639804169681954,1660.8541289029347,290.8541289029347,0.21230228387075525
0.005953507543889533,1.685566432811607,1058.8824181358575,311.1175818641425,0.2270931254482792
0.006425818354587616,1.679577433327987,1146.9622304738052,223.03776952619478,0.16280129162495968
0.007160013352083757,1.5020880690468634,1429.0227359944765,59.022735994476534,0.04308228904706316
0.006976587700499743,1.588024190855382,1317.063296157216,52.93670384278403,0.03863992981225112
0.006809250734910181,1.6940814793982732,1204.9963592554639,165.00364074453614,0.12044061368214316
0.008161505350421119,1.6046277155483772,1524.813342231675,154.81334223167505,0.11300243958516427
0.009619206409970257,1.7438100879207963,1653.7153636338635,283.7153636338635,0.20709150630209014
0.008203045316432563,1.589899343261382,1546.7715795479812,176.77157954798122,0.12903035003502278
0.008215070337610942,1.6802263989439128,1465.7644533517919,95.76445335179187,0.06990106084072399
0.007030995709618557,1.5760893335358672,1337.3857947792733,32.61420522072672,0.02380598921220928
0.006688047073219864,1.5833574058267024,1266.3130029403721,103.68699705962786,0.07568393945958238
0.0058228410384982875,1.7302720493826151,1008.884023814373,361.115976185627,0.2635883037851292
0.005742858002902973,1.6903183643144009,1018.5451172883442,351.45488271165584,0.2565364107384349
0.006140908263243027,1.5319096364081402,1201.766696178448,168.233303821552,0.1227980319865343
0.009407654615668245,1.624056311575491,1736.6047477197535,366.6047477197535,0.26759470636478355
0.006728589681558731,1.6828642923458788,1198.6590057692772,171.3409942307228,0.12506641914651298
0.009772565123888778,1.68133971422504,1742.5040844919686,372.50408449196857,0.27190079159997704
0.005927236865811705,1.7456053114243897,1017.9511356435711,352.0488643564289,0.2569699739827948
0.0072882571170067405,1.7335843110531037,1260.3739556896082,109.62604431039176,0.08001901044554144
0.009728906595901997,1.6708329657475067,1745.6280082030842,375.62800820308416,0.2741810278854629
0.006564855810416973,1.7910446016845216,1098.8527354201258,271.1472645798742,0.19791771137217096
0.005467338964496099,1.691884484798555,968.7818533784925,401.21814662150746,0.2928599610375967
0.005189649658322937,1.5003017756805281,1037.0032565760202,332.99674342397975,0.24306331636786843
0.008313115579111177,1.579745767286382,1577.6015386202562,207.60153862025618,0.15153396979580744
0.005970454516104178,1.7574439274464875,1018.4661978722349,351.53380212776506,0.25659401615165334
0.007020940990362665,1.6266061384503192,1293.9980412093253,76.00195879067473,0.05547588232895966
0.008999531136585505,1.5791136778344828,1708.548028020625,338.548028020625,0.24711534892016424
0.006351744883528229,1.61615193371936,1178.2340332567464,191.76596674325356,0.1399751582067544
0.0065270526548718835,1.6736840562929136,1169.1341334956305,200.86586650436948,0.1466174208061091
0.00626113669890611,1.7724419116693229,1059.0144300250897,310.9855699749103,0.226996766405044
0.00632978465453766,1.7894627026964767,1060.4421636366426,309.5578363633574,0.22595462508274264
0.009276940978896999,1.667845138375043,1667.5150916553905,297.5150916553905,0.21716430047838722
0.0085168413214083,1.6915109238283885,1509.4698817327915,139.46988173279146,0.10180283338159961
0.006094254130138633,1.5568871685206924,1173.5027831765638,196.49721682343625,0.1434286254185666
0.005851571781758072,1.654473838454573,1060.3111677216518,309.6888322783482,0.22605024253894027
0.009492322201572506,1.7150158381381173,1659.300480878833,289.300480878833,0.21116823421812628
0.00865979135002714,1.6074509482771484,1615.066473645304,245.0664736453041,0.17888063769730225
0.00823257264822079,1.6153296745116303,1527.9006068032893,157.9006068032893,0.11525591737466372
0.008482955154659962,1.5402987323451776,1651.0602284579245,281.0602284579245,0.20515345142914196
0.009289613420437232,1.5013592464826362,1854.9564654210656,484.95646542106556,0.35398282147523036
0.006402190520052297,1.7915202956053808,1071.340602335854,298.6593976641459,0.21799956033879261
0.008404131913336058,1.746004884121503,1443.005908269802,73.00590826980192,0.05328898413854155
0.005482515201963725,1.7859847581243455,920.2859660153034,449.7140339846966,0.3282584189669318
0.005422800944105462,1.5177242120863046,1071.1529876981706,298.8470123018294,0.2181365053298025
0.009338069879731329,1.5580311415412775,1796.8080660127496,426.8080660127496,0.3115387343158756
0.009318599582161614,1.5151550959360256,1843.8019192537893,473.80191925378926,0.34584081697356883
0.006973753824954767,1.7790451163954628,1175.1690732307181,194.83092676928186,0.14221235530604515
0.0077527588305794145,1.562663025637776,1487.3447364968627,117.34473649686265,0.08565309233347639
0.006824892457411519,1.607456723941961,1272.8499964686666,97.15000353133337,0.07091241133673969
0.005564348684962717,1.6707617449464518,998.4366559024279,371.5633440975721,0.2712141197792497
0.00504673355948859,1.7314933647082469,873.7963942039746,496.2036057960254,0.36219241298979954
0.006314922738725125,1.6065634351174505,1178.3949320271277,191.60506797287235,0.13985771384881193
0.005293282245283417,1.6905643151076715,938.6724190379033,431.3275809620967,0.3148376503372969
0.00709243802347616,1.6933049278437442,1255.6860806979166,114.31391930208338,0.08344081700881999
0.0050249809897717915,1.6887595687348937,892.0461090002832,477.9538909997168,0.34887145328446484
0.008566314822629947,1.6100857715246883,1595.0184903790307,225.0184903790307,0.16424707326936547
0.008812572238517152,1.55691439366568,1696.9094148248525,326.90941482485255,0.23862001082106024
0.005015934098317655,1.7955180071949655,837.4960353919639,532.5039646080361,0.3886890252613402
0.007613222025589738,1.5573241237991218,1465.582218545078,95.58221854507792,0.06976804273363352
0.007778877830157474,1.510250777952876,1544.146799477684,174.146799477684,0.12711445217349196
0.009945892877763242,1.6054852861407658,1857.1977573190327,487.1977573190327,0.3556188009627976
0.006093698118443942,1.5236081486039246,1199.025312979728,170.97468702027209,0.12479904162063656
0.00822091557184729,1.6916706542546083,1456.8843409892477,86.88434098924768,0.06341922699945086
0.009776815683090023,1.5067643669359922,1945.2382000556145,575.2382000556145,0.4198818978508135
0.007931038227128616,1.5801934869310599,1504.6672855363959,134.66728553639587,0.09829728871269772
0.007061425269150888,1.7287054306254994,1224.5938497781392,145.4061502218608,0.10613587607435095
0.008812032248553876,1.5901101870478236,1661.3822295383989,291.38222953839886,0.21268775878715246
0.005692864226768238,1.5749217146688568,1083.6587899621193,286.3412100378807,0.20900818250940198
0.008651537755071291,1.7199351174255746,1508.0021000762304,138.00210007623036,0.1007314599096572
0.007043572160536928,1.5801016254221514,1336.375950213698,33.624049786302066,0.02454310203379713
0.008319813061351464,1.5485365475092303,1610.6931488151997,240.69314881519972,0.17568842979211657
0.007142460038794948,1.779289814670852,1203.4327592625602,166.56724073743976,0.12158192754557647
0.008491756380506206,1.7213270560782847,1478.9545711604494,108.9545711604494,0.07952888405872219
0.005739946225177958,1.7552930624168632,980.3448919604125,389.6551080395875,0.28441978689020986
0.007706987817262827,1.7398240039588175,1328.0060605302283,41.9939394697717,0.030652510561877157
0.0067678245872864525,1.55647781111496,1303.5475056865976,66.45249431340244,0.0485054703017536
0.006119980391801648,1.5057500829837833,1218.4784084051607,151.52159159483926,0.11059970189404326
0.0052866966556152995,1.6608712581239664,954.2652853644562,415.7347146355438,0.30345599608433854
0.005483665542090985,1.5717401302524978,1045.9499888504206,324.0500111495794,0.2365328548537076
0.00844279585017486,1.555306952429279,1627.3871317573316,257.38713175733164,0.187873818800972
0.008681369462836742,1.7845308813244083,1458.4275998285964,88.42759982859639,0.06454569330554481
0.005031620961122373,1.5748154145478308,957.8532199548671,412.1467800451329,0.30083706572637436
0.007981885583494183,1.7475821951151382,1369.2684128043718,0.7315871956282081,0.0005340052522833635
0.0063140308177136025,1.617875207720507,1169.990620844667,200.0093791553329,0.14599224755863716
0.009557552095215659,1.5247225426321682,1879.215368680351,509.21536868035105,0.3716900501316431
0.006384954098874669,1.7736458600948346,1079.2239457635947,290.77605423640534,0.2122452950630696
0.005776885286976696,1.6478360429469805,1050.9945131856193,319.0054868143807,0.23285072030246765
0.0056627430320975855,1.7771001299390128,955.2909394436701,414.70906055632986,0.30270734347177364
0.00703780345960865,1.7530328574454723,1203.5600982125961,166.43990178740387,0.12148897940686414
0.007235837902112865,1.6158034624404896,1342.5207216028434,27.479278397156577,0.020057867443179982
0.007376972200748316,1.7911594972200997,1234.7089313332367,135.2910686667633,0.09875260486625058
0.0071316184687828695,1.673546090806791,1277.530055502632,92.46994449736803,0.06749630985209346
0.005733502560500107,1.7761949731132418,967.7208029413977,402.27919705860234,0.29363445040773895
0.006502362657311567,1.7772311901425657,1096.8518303386702,273.1481696613298,0.19937822603016775
0.00601131884472066,1.5966663194084345,1128.6942239429359,241.30577605706412,0.17613560296136066
0.007807399471018189,1.7374762557763128,1347.1260227142795,22.873977285720457,0.016696333785197415
0.006921758846400975,1.5847665004775635,1309.39863861362,60.60136138637995,0.04423457035502186
0.007110266475752969,1.774110388249402,1201.5059930427067,168.49400695729332,0.1229883262461995
0.006296164396743119,1.6607741295825866,1136.5438363048895,233.4561636951105,0.1704059589015405
0.007922500974969854,1.5264063599461004,1556.0116251595528,186.01162515955275,0.13577490887558594
0.00900522415850588,1.7289307002645127,1561.4843815928693,191.48438159286934,0.13976962160063455
0.007213969211153177,1.563176743744498,1383.52465286,13.52465286000006,0.009872009386861358
0.006401458241221397,1.5744198654682826,1218.9308220836729,151.06917791632713,0.11026947293162565
0.008522909225273295,1.5116206373064516,1690.307635987613,320.3076359876129,0.23380119415154227
0.008850806419596116,1.5634339283990972,1697.1647881083754,327.16478810837543,0.2388064146776463
0.008003163381748389,1.7694749187746615,1355.9322014303643,14.06779856963567,0.010268466109223117
0.009849954088657475,1.742437179455384,1694.7193174268386,324.71931742683864,0.23702139958163404
0.008531990445825673,1.5435668539450549,1657.0881791412469,287.0881791412469,0.20955341543156708
0.005063601991454965,1.7244617566024183,880.2918832730988,489.70811672690115,0.3574511800926286
0.00954067850471833,1.517418005967691,1884.9278502486497,514.9278502486497,0.3758597447070436
0.008027443238083626,1.7565797315628602,1370.0300057882394,0.030005788239350295,2.1902035211204596e-05
0.0065350830082660525,1.7011343262237022,1151.6836548888027,218.31634511119728,0.15935499643153087
0.008211402488368953,1.6143222988341575,1524.922586644107,154.922586644107,0.1130821800321949
0.00724266119608524,1.7841375814895009,1216.9998687112973,153.00013128870273,0.1116789279479582
0.005926322384363804,1.5037418830070826,1181.4971535912707,188.50284640872928,0.1375933185465177
0.006556803973603405,1.7349525539616926,1132.9879744447085,237.01202555529153,0.17300147850751207
0.0063113729906311,1.5049492046191293,1257.253079644611,112.74692035538897,0.08229702215721822
0.009932892173413395,1.5918206760645153,1870.6919720873607,500.6919720873607,0.36546859276449684
0.005178211907482748,1.6354359963324905,949.2201952692711,420.77980473072887,0.30713854359907217
0.00687067927554452,1.6675888484575576,1235.1832587812935,134.8167412187065,0.0984063804516106
0.007562758607930437,1.7261397457853889,1313.4846108885165,56.5153891114835,0.0412521088404989
0.008610577739600226,1.5914215971505103,1622.0631101003578,252.0631101003578,0.18398767160610058
0.007404621615015392,1.5144273818756422,1465.801359043096,95.801359043096,0.06992799930152993
0.00590278426402312,1.548576971198831,1142.7331262618918,227.2668737381082,0.16588822900591838
0.009470430183298335,1.5845952367168865,1791.7279297461757,421.72792974617573,0.3078306056541429
0.007513652710364629,1.728871805790881,1302.8938334546674,67.1061665453326,0.04898260331776102
0.007136985413426613,1.5377247032622823,1391.4157685456437,21.415768545643687,0.015631947843535537
0.0074922193251194015,1.6965628106342752,1323.9184740309838,46.081525969016184,0.03363615034234758
0.009940379974813446,1.7358874307782193,1716.7305282965892,346.7305282965892,0.2530879768588242
0.005587154400709303,1.5323001902544642,1093.1191953555779,276.88080464442214,0.2021027771127169
0.006750221848508743,1.6997805731935451,1190.5451985532932,179.45480144670682,0.13098890616547942
0.005887790883200046,1.7204197319219687,1025.9794562415489,344.02054375845114,0.25110988595507383
0.005001585932436582,1.5586784445600568,961.9929920867079,408.0070079132921,0.29781533424327894
0.005003097145711822,1.5469342916035065,969.589205609366,400.410794390634,0.29227065283987885
0.00980238518274076,1.681421420716995,1747.7362379167937,377.7362379167937,0.2757198816910903
0.008889563610499307,1.525509449615596,1746.9732003367694,376.9732003367694,0.2751629199538463
0.007580835397998175,1.7117525354721006,1327.6903235504644,42.30967644953557,0.03088297551060991
0.006258057620230337,1.5451950157361551,1214.1629096445608,155.83709035543916,0.11374970098937165
0.007379659562015801,1.7118594925530397,1292.3760909842156,77.62390901578442,0.05665978760276235
0.006916786813478522,1.6080640093453442,1289.5012314335004,80.49876856649962,0.05875822523102162
0.0051235829468600875,1.7295683448903632,888.0895224197899,481.9104775802101,0.35175947268628477
0.007786276801086256,1.6929665845262887,1378.8027963464974,8.802796346497416,0.006425398793063808
0.009502597188354734,1.6751071740191137,1700.6714630954405,330.67146309544046,0.24136603145652588
0.008547782076154812,1.712776951708205,1496.1437894777098,126.14378947770979,0.09207575874285386
0.009614873361684158,1.7110511249524967,1684.617412316094,314.61741231609403,0.22964774621612702
0.007915324055839421,1.7404145378524507,1363.4421012678324,6.557898732167587,0.004786787395742764
0.009380328322819273,1.7796304891171515,1580.1885289906866,210.18852899068656,0.15342228393480772
0.008123701706445972,1.7842664236235621,1364.9444221946806,5.0555778053194445,0.003690202777605434
0.00537437996907923,1.610341666330046,1000.5321323071353,369.46786769286473,0.2696845749582954
0.0054848199003550155,1.7070455962504871,963.2476386257371,406.75236137426293,0.296899533849827
0.007405042630443916,1.535257164671216,1445.996138536821,75.99613853682104,0.05547163396848251
0.005088159220610882,1.7870949044726063,853.5594587756168,516.4405412243832,0.3769638987039293
0.005961013376159282,1.773521852046576,1007.6373460791945,362.36265392080554,0.2644982875334347
0.005973805369311999,1.680489914750429,1065.702197650862,304.297802349138,0.2221151841964511
0.00898856049110442,1.763398570260992,1528.1302190865742,158.13021908657424,0.11542351758144105
0.007706988871035688,1.758047000879402,1314.2408230671238,55.759176932876244,0.04070012914808485
0.005168295845072028,1.5476518095699443,1001.1399886489173,368.8600113510827,0.26924088419787057
0.009507732117162285,1.595923480145471,1786.016946846231,416.0169468462309,0.3036620049972488
0.006203696493930606,1.6929274241589667,1098.5830780816746,271.41692191832544,0.19811454154622296
0.0061565303120312085,1.6386450758541837,1126.3460173236333,243.6539826763667,0.17784962239150853
0.006628353819854893,1.67937890502551,1183.2532123641286,186.74678763587144,0.13631152382180398
0.007784114862932149,1.5860216305182315,1471.3663945114379,101.36639451143787,0.07399006898645101
0.008658198224212018,1.5938526927303747,1628.5460628367198,258.5460628367198,0.1887197538954159
0.005533748645031162,1.6988536646905101,976.5267855193911,393.47321448060893,0.2872067258982547
0.00504459217031789,1.7776185802138775,850.762195659091,519.237804340909,0.37900569659920363
0.005010010262761943,1.5882192997022504,945.6901144320609,424.3098855679391,0.30971524494010155
0.009075449176618209,1.5682910309387368,1734.8509699018557,364.8509699018557,0.26631457657069757
0.005800199583289425,1.5279912681245928,1138.0013264729766,231.99867352702336,0.16934209746498055
0.008131776866440163,1.540292063924845,1582.7163119218558,212.71631192185578,0.15526738096485823
0.008035658554926065,1.513530456902461,1591.6626050329041,221.66260503290414,0.16179752192182784
0.0065585643215003465,1.5761670759365498,1247.4617373449328,122.53826265506723,0.08944398733946513
0.0066568308418156336,1.5716647922708924,1269.7794659347082,100.22053406529176,0.07315367450021296
0.0067318438898215805,1.714991202455676,1176.7733990192596,193.2266009807404,0.14104131458448205
0.00860188417307806,1.5659391011768615,1646.794564194942,276.79456419494204,0.20203982787951974
0.008681185939826844,1.5447272281150966,1684.798470492044,314.7984704920441,0.22977990546864532
0.005826816700416034,1.6169417326125768,1080.3331163397702,289.6668836602298,0.2114356815038174
0.008362954159126404,1.683068257088709,1489.6309599722215,119.63095997222149,0.0873218685928624
0.007006097116481787,1.5467269768878427,1357.9481750314692,12.05182496853081,0.008796952531774314
0.00712492219466871,1.7590463490609716,1214.2931531842482,155.70684681575176,0.11365463271222756
0.008593660856957758,1.7449068266398213,1476.4769512002993,106.47695120029925,0.07772040233598486
0.00616735957875574,1.5020245577031712,1230.9571624530065,139.0428375469935,0.10149112229707555
0.006182095476551658,1.5950298073121343,1161.9504475776973,208.04955242230267,0.151860987169564
0.00861070564946594,1.7652157918586828,1462.3847258072462,92.38472580724624,0.06743410642864689
0.005545666115161298,1.7424033977637807,954.169900061748,415.83009993825203,0.3035256203928847
0.006106039884062349,1.620265716644353,1129.7805580187373,240.21944198126266,0.17534265838048368
0.007054655144227531,1.6117895998393372,1312.1640729293279,57.83592707067214,0.04221600516107456
0.006537972611671227,1.6926732371009932,1157.9523068176516,212.04769318234844,0.15477933808930544
0.00690694730998444,1.5989564794301647,1295.0012948911908,74.99870510880919,0.05474358037139357
0.007226904352952552,1.5792067797947122,1371.9364983882522,1.9364983882521756,0.0014135024731767704
0.0063929865290217784,1.652611550040529,1159.7214998584059,210.27850014159412,0.15348795630773293
0.009565541547145309,1.787454615145628,1604.335678355771,234.33567835577105,0.1710479404056723
0.006701214369574981,1.7550350768635659,1144.6913819124647,225.30861808753525,0.1644588453193688
0.009940144987964129,1.640140378470627,1816.9057587600355,446.9057587600355,0.3262085830365223
0.005218116533588309,1.5645880941972927,999.8490896976081,370.15091030239194,0.2701831462061255
0.009027615653343372,1.6703413476812712,1620.2742573259422,250.27425732594224,0.18268193965397245
0.005859953446811797,1.6172244877379054,1086.2869446421532,283.71305535784677,0.20708982142908525
0.009589753724338502,1.5655691653883832,1836.351854771543,466.351854771543,0.3404028137018562
0.007989720290795902,1.555829593479757,1539.5374241165846,169.5374241165846,0.12374994461064569
0.008982658465816704,1.7228112311718689,1563.1040778680933,193.10407786809333,0.14095188165554257
0.007043140240832631,1.7048554032244816,1238.5099175240164,131.49008247598363,0.09597816239122893
0.009179359281289462,1.6493798070048784,1668.446933881216,298.44693388121595,0.21784447728555908
0.009355919465957135,1.5676979949118355,1789.1418517168388,419.1418517168388,0.30594295745754657
0.009492591484454041,1.5015279542431013,1895.2742943429757,525.2742943429757,0.3834118936810042
0.008070191577666159,1.7811312145560265,1358.3404466933127,11.659553306687258,0.008510622851596539
0.007772844526500248,1.693729609928314,1375.8041145363109,5.804114536310863,0.004236579953511579
0.008632029374402125,1.5749499226046322,1643.1108485027357,273.11084850273573,0.19935098430856624
0.009122090270880519,1.6622785266365128,1645.1718653544008,275.1718653544008,0.20085537617109545
0.0056695831288460456,1.6338961293668952,1040.2731431224386,329.72685687756143,0.24067653786683316
0.006105438190319484,1.5905976017558798,1150.7400238893788,219.2599761106212,0.1600437781829352
0.008631138097163187,1.6215166010190998,1595.7592440680266,225.75924406802665,0.1647877693927202
0.009110452816635684,1.5672810819857252,1742.6644619048054,372.6644619048054,0.2720178554049675
0.00844189332014408,1.5648322951339637,1617.3081016346957,247.30810163469573,0.18051686250707719
0.006488391701412743,1.5930666988593594,1221.0228849966397,148.97711500336027,0.10874241971048194
0.008198146587188766,1.5205854566101502,1616.313312568891,246.31331256889098,0.17979073910138027
0.007740132281213393,1.5992596505939376,1450.9421787564897,80.94217875648974,0.059081882304007106
0.009771454531660263,1.6794973886390514,1744.2172831572302,374.2172831572302,0.2731513015746206
0.006230760926222714,1.6195690826306588,1153.3531686395158,216.64683136048416,0.15813637325582786
0.00976484590500428,1.7922148516151652,1633.4130660809085,263.4130660809085,0.1922723110079624
0.006863108790472219,1.6245656977688088,1266.4974132119564,103.50258678804357,0.07554933342192961
0.008352083750428728,1.706354961304277,1467.3920571889691,97.39205718896915,0.07108909283866362
0.009110688313258735,1.6137479535474402,1692.5292685884208,322.5292685884208,0.23542282378716847
0.0068070191218617205,1.5637136338321582,1305.0298661109998,64.97013388900018,0.04742345539343079
0.00778070279010932,1.5027346176666336,1552.2341649627144,182.23416496271443,0.13301763865891564
0.007811734389194138,1.5508963387631522,1510.0293909052075,140.0293909052075,0.10221123423737773
0.009621746647201314,1.7127284852711073,1684.1706682779609,314.1706682779609,0.22932165567734372
0.009271813356178632,1.5551469224760466,1787.3679174572235,417.3679174572235,0.3046481149322799
0.007037443281980303,1.7166562800095637,1229.0010784970352,140.99892150296478,0.10291892080508377
0.008207445950723598,1.7995891749242576,1367.2733920357878,2.726607964212235,0.001990224791395792
0.007852983301297743,1.6309428493831921,1443.4994870723808,73.49948707238082,0.05364926063677432
0.007399183202133747,1.6663161452200392,1331.211562537593,38.788437462407046,0.028312728074749667
0.0070598345693301985,1.6309674146661286,1297.6869676124904,72.31303238750957,0.05278323531935005
0.008260626798811316,1.7493522005990612,1415.6518120183312,45.65181201833116,0.03332249052432931
0.005035597931843186,1.7118049701096572,881.8961901893992,488.10380981060075,0.3562801531464239
0.006592398912799772,1.7730348204058326,1114.6715515335459,255.32844846645412,0.18637113026748475
0.005995898174852454,1.7927212341443588,1002.679623312804,367.320376687196,0.2681170632753256
0.005045258639679505,1.674319183850353,903.3704585268861,466.62954147311393,0.3406055047249007
0.009071230683316339,1.7472807700414992,1556.4107327592435,186.4107327592435,0.13606622829141862
0.006791678696868569,1.6198920902294571,1256.931904761664,113.0680952383359,0.08253145637834737
0.008390072858245173,1.6057127038427197,1566.457411062981,196.457411062981,0.14339957011896423
0.00590116721734961,1.756825699754248,1007.0011073982652,362.99889260173484,0.26496269532973343
0.006120236369566783,1.6804342231824263,1091.861067491624,278.138932508376,0.20302111861925257
0.009857707687584347,1.5348694721608824,1925.4187222486116,555.4187222486116,0.4054151257289136
0.006595869215973357,1.7546985474328531,1126.9125672874898,243.08743271251024,0.17743608227190527
0.009109382549820947,1.6834701835268329,1622.199319118265,252.19931911826507,0.1840870942469088
0.009478512724333834,1.7084017395978217,1663.3011790782066,293.3011790782066,0.21408845188190262
0.009114864967864598,1.5530641595245578,1759.4686969601723,389.46869696017234,0.28428372040888494
0.008629312964767976,1.7266602015643309,1498.2698635291813,128.2698635291813,0.09362763761254109
0.00702561131459653,1.543926326543012,1364.2006414072428,5.799358592757244,0.004233108461866602
0.009526357803382353,1.6676108283757363,1712.5879570146294,342.5879570146294,0.25006420220045944
0.006814928489802705,1.559014220828889,1310.4846227547137,59.515377245286345,0.04344188120093894
0.009987624743184088,1.7994580823019408,1663.9534984390712,293.95349843907115,0.21456459740078188
0.006796610582023044,1.5630713746519493,1303.5697700670944,66.4302299329056,0.04848921892912818
0.007648207690880109,1.6948310087290772,1352.8634838129597,17.136516187040343,0.012508405975941855
0.007463677607835309,1.6373324318370899,1366.5851920260122,3.414807973987763,0.0024925605649545714
0.009105665678583695,1.5411921478606683,1771.232678091501,401.23267809150093,0.29287056795000066
0.00617820278795015,1.7261339956203963,1073.0213323655269,296.97866763447314,0.21677275009815558
0.009016479265750613,1.6067270551594706,1682.3470252183727,312.34702521837266,0.2279905293564764
0.00996423690949739,1.7029912563774878,1754.0918451611813,384.09184516118125,0.28035901106655564
0.008414159568443233,1.7698195462113173,1425.2874449419307,55.287444941930744,0.04035579922768667
0.005451960027084857,1.785690159820315,915.3080048343791,454.69199516562094,0.33189196727417586
0.006378138934970368,1.704168541159609,1122.0239680513992,247.97603194860085,0.1810044028821904
0.006285294945335466,1.6143662966808232,1167.1973236750723,202.8026763249277,0.148031150602137
0.00595610521961475,1.5643061919250607,1141.4615841273073,228.53841587269267,0.16681636195087057
0.005373787241677098,1.680487527489368,958.6628044531022,411.33719554689776,0.3002461281364217
0.008844324514317048,1.7817895399498307,1488.089208095486,118.0892080954859,0.08619650225947877
0.009482073474225639,1.66986112366282,1702.3296569354081,332.32965693540814,0.24257639192365557
0.008518816123532037,1.6031196637939076,1593.0668699301914,223.0668699301914,0.16282253279576014
0.006355621045110978,1.6974930899758462,1122.459506010396,247.5404939896041,0.18068649196321468
0.008933412431426872,1.782699660230278,1502.311202998305,132.3112029983049,0.09657752043671891
0.0059561524925822295,1.6944370172185121,1053.8070036413656,316.19299635863445,0.23079780756104704
0.007842345021708871,1.7978896663912898,1307.6864139617794,62.31358603822059,0.04548436937096394
0.005318703616437334,1.7677401868613145,902.0031577017784,467.9968422982216,0.34160353452424935
0.007410914553704512,1.728505396838008,1285.3510866366505,84.6489133633495,0.061787528002444886
0.008948210757322437,1.6096960117247934,1666.5296292592013,296.52962925920133,0.2164449848607309
0.00949382723183999,1.7799031873799238,1599.063264699421,229.0632646994211,0.16719946328424898
0.006932299068948899,1.6251248358876076,1278.8254364079091,91.17456359209086,0.06655077634459187
0.009899604325513862,1.5417141755032484,1925.0174650592874,555.0174650592874,0.4051222372695528
0.005088868450202159,1.7768466256912538,858.6021770625497,511.3978229374503,0.3732830824360951
0.007239149745445806,1.753173135268362,1237.8939948136206,132.10600518637943,0.0964277410119558
0.006975006413623478,1.5710791576732006,1330.966875280072,39.03312471992808,0.028491331912356265
0.009022759374982162,1.6566707818907562,1632.765689198239,262.765689198239,0.1917997731374007
0.008617709242265034,1.653633066601494,1562.3322297113634,192.33222971136342,0.14038848884041125
0.009066297022282588,1.581375230726517,1718.7618829842606,348.76188298426064,0.2545707175067596
0.005613816434993811,1.7702573471677152,950.6978352612058,419.3021647387942,0.3060599742618936
0.008902187449956672,1.741187111130805,1532.7523619595474,162.75236195954744,0.11879734449602003
0.008615289720259649,1.6987631994708816,1520.3995956724536,150.39959567245364,0.10978072676821433
0.006130527345831484,1.5690175421762775,1171.3609392115718,198.6390607884282,0.14499201517403518
0.005790788345509194,1.5797805963282208,1098.9087192822249,271.09128071777513,0.19787684723925192
0.008979075984268132,1.6112596877574865,1670.6551280004896,300.65512800048964,0.21945629781057638
0.00867792505105874,1.7331696483503494,1501.0512582382719,131.05125823827188,0.09565785272866562
0.00843795518968837,1.6388052945411447,1543.5850343153882,173.58503431538816,0.12670440460977236
0.006022954213118642,1.672917068114413,1079.33398635682,290.6660136431799,0.2121649734621751
0.005873793922698561,1.7660398258294783,997.1004572584825,372.8995427415175,0.2721894472565821
0.00916192147245243,1.7397875742946858,1578.7415652413783,208.74156524137834,0.15236610601560463
0.008656442756328517,1.5371908027968904,1688.233007076427,318.23300707642693,0.23228686647914373
0.007400651231367673,1.744498672201,1271.8034463466813,98.19655365331869,0.07167631653526911
0.005382333977590942,1.6374319782860107,985.4352146022766,384.5647853977234,0.2807042229180463
0.005402098371058139,1.6895874805828888,958.5229339285844,411.4770660714156,0.3003482234097924
0.009442804915791981,1.6516886898988101,1713.931755682842,343.9317556828421,0.25104507714076063
0.007244312060233116,1.6098410032930914,1349.0711906416318,20.9288093583682,0.015276503181290656
0.008180617251252176,1.5543794724591489,1577.7919080660968,207.79190806609677,0.15167292559569107
0.009793654944927028,1.6377685308695618,1792.722129777793,422.72212977779304,0.30855629910787813
0.006460890583066803,1.6774339437024335,1154.6960022112494,215.30399778875062,0.1571562027655114
0.007065604622776735,1.700393365720062,1245.720560795886,124.27943920411394,0.09071491912709047
0.005092510442730034,1.6530808061130273,923.5460343929002,446.4539656070998,0.3258788070124816
0.007305825419904064,1.6085178148483652,1361.6456965124719,8.354303487528114,0.006098031742721251
0.0074627504295732,1.6694699404034665,1340.1117567780916,29.888243221908397,0.02181623592840029
0.005828041753875807,1.6847784550721374,1037.0520571776003,332.9479428223997,0.2430276954908027
0.00968450353922702,1.5402526087969493,1884.9772459092217,514.9772459092217,0.37589579993373845
0.009243533119084133,1.5219091441466173,1820.8324229029492,450.83242290294925,0.32907476124302865
0.006341239655516992,1.595305914670975,1191.655973698685,178.3440263013149,0.1301781213878211
0.007537874733276172,1.5127881719042584,1493.796710176801,123.79671017680107,0.0903625621728475
0.00843040110397519,1.6952107014773878,1490.888812042075,120.88881204207496,0.08824000878983573
0.005459457956781204,1.794155471542551,912.2421920347374,457.7578079652626,0.3341297868359581
0.00816633262693917,1.602157853568547,1528.067241079093,158.06724107909304,0.11537754823291463
0.00804922327979292,1.6120068164150199,1496.9517544637206,126.95175446372059,0.09266551420709532
0.005467632610336751,1.6663686159064819,983.66892177823,386.33107822177,0.2819934877531168
0.006597461372022518,1.6799209937746016,1177.358440431549,192.64155956845093,0.14061427705726345
0.006963717029974394,1.6993285465373007,1228.5263196963886,141.47368030361145,0.1032654600756288
0.008054543755004867,1.6332008516870928,1478.5024560127358,108.50245601273582,0.07919887300199695
0.009006463518528247,1.570230420276003,1719.5373374770784,349.5373374770784,0.25513674268399883
0.008742389084103151,1.6321617775038653,1605.7858653716974,235.78586537169735,0.17210647107423166
0.007994556920239995,1.742088216185702,1375.7672243413963,5.767224341396286,0.004209652803938895
0.006386966832179821,1.6277971590916602,1176.2918217968477,193.70817820315233,0.14139283080522067
0.008608950952273979,1.5767504631258344,1636.846556979692,266.84655697969197,0.1947785087443007
0.00925219860176778,1.5481726837606873,1791.6214320423207,421.62143204232075,0.30775287010388375
0.008202327149025388,1.5602356596058202,1576.0412872166355,206.0412872166355,0.1503951001581281
0.008258811578832712,1.581571240905554,1565.4871303549287,195.4871303549287,0.14269133602549539
0.007655840488689878,1.775392310764655,1292.7639847509204,77.23601524907963,0.05637665346648148
0.005591386937704741,1.5741844153289752,1064.8406993238407,305.1593006761593,0.2227440150920871
0.007890174483578241,1.6330544821644037,1448.4604330810496,78.46043308104959,0.05727038911025517
0.00764892989562172,1.6444525877139886,1394.440625172311,24.440625172311,0.017839872388548176
0.008386023411804003,1.7783932146688626,1413.6730565171372,43.673056517137184,0.03187814344316583
0.006272348821469499,1.6055791374156598,1171.1679772125344,198.83202278746558,0.14513286334851502
0.00942178900713754,1.7105030015424996,1651.3161816494844,281.3161816494844,0.205340278576266
0.00711377789734088,1.7713881899756334,1203.9466976119054,166.0533023880946,0.12120679006430263
0.005287237916563726,1.550016770756121,1022.6173554652676,347.38264453473244,0.2535639741129434
0.008326687214553046,1.6828079987929678,1483.4003812904045,113.40038129040454,0.08277400094190113
0.0064472890626736485,1.5267589007964124,1265.9815734673011,104.01842653269887,0.07592585878299188
0.007070270335968217,1.6373553788452102,1294.5349251176694,75.46507488233055,0.055083996264474855
0.006360237643049042,1.7698853999682613,1077.3303607725065,292.66963922749346,0.21362747388868136
0.008001265969291339,1.651246132883212,1452.6721027695862,82.67210276958622,0.06034460056174176
0.009333825184953091,1.7137310014150362,1632.8177481932084,262.81774819320844,0.1918377724038018
0.006494114271963965,1.6394049437281983,1187.5567946608178,182.4432053391822,0.1331702228753155
0.008736683066997278,1.7998422120311317,1455.2340610271165,85.23406102711647,0.06221464308548647
0.00767499812602048,1.7411920264360106,1321.4547955717005,48.545204428299485,0.03543445578707992
0.005097245711752464,1.7165178617281613,890.2417242648143,479.75827573518575,0.35018852243444215
0.007544598492383472,1.5178784588942542,1490.1151758240403,120.1151758240403,0.08767531082046738
0.008027961396692785,1.7262705371268094,1394.1744518500395,24.17445185003953,0.01764558529199966
0.007826235459231973,1.674963290593934,1400.7747981019595,30.774798101959504,0.022463356278802558
0.0073211229329089335,1.5988503944455135,1372.7472232560622,2.7472232560621705,0.0020052724496804164
0.009645920140867622,1.6512700107204028,1751.2424315395945,381.24243153959446,0.27827914710919305
0.009900990791504326,1.5940083812995758,1862.1246919670994,492.12469196709935,0.35921510362562
0.009770968579510387,1.5773246236153027,1857.1083235727206,487.10832357272056,0.3555535208560004
0.00829761489217885,1.6187242648835063,1536.7424940916192,166.74249409161916,0.1217098497019118
0.008114648879878585,1.7229226891331606,1411.967320907299,41.96732090729893,0.030633080954232794
0.0061871735044734255,1.7472717534683495,1061.5795449658208,308.4204550341792,0.22512441973297753
0.00842012078584006,1.7503271169676018,1442.1811115039743,72.18111150397431,0.05268694270363088
0.005072475670366414,1.780937896808355,853.8702849153785,516.1297150846215,0.37673701830994266
0.008166037472551698,1.68652812573468,1451.57166883887,81.57166883886998,0.05954136411596349
0.005586485988708689,1.7175685692523874,975.0914147587882,394.90858524121177,0.2882544417819064
0.006993924282160795,1.7647860841236302,1188.090596632326,181.90940336767403,0.13278058639976206
0.006794013855234124,1.5271185294596308,1333.7498524540931,36.250147545906884,0.02645996171234079
0.006473991396962453,1.6541867479050538,1173.2978736676637,196.70212633233632,0.1435781944031652
0.0058556844878242,1.5275704828407037,1149.2039585713517,220.79604142864832,0.16116499374353893
0.008148273138053318,1.763965327731209,1384.829278733197,14.829278733197043,0.010824291046129229
0.008964138297584629,1.565576352621716,1716.544229596046,346.5442295960461,0.25295199240587307
0.0062316251688936675,1.7724517514477445,1054.016971232842,315.983028767158,0.23064454654537078
0.008028803170371234,1.670990417708937,1440.4478994822375,70.44789948223752,0.051421824439589425
0.006736447066739617,1.6159000468018672,1249.7901886454888,120.2098113545112,0.08774438785000818
0.009670877752083248,1.6138212352691446,1796.516335857378,426.51633585737795,0.31132579259662624
0.006482825829880778,1.554955597252827,1249.8763911712172,120.12360882878284,0.08768146629838164
0.008630912109839784,1.5211426150374474,1701.0123381016028,331.01233810160284,0.24161484532963712
0.008868933094987555,1.5925736732329097,1669.5235498816503,299.5235498816503,0.21863032838076665
0.009116596601057316,1.7558306055776922,1556.57777859852,186.5777785985199,0.13618815956096342
0.007105978754144411,1.7587100610370616,1211.2962132851742,158.7037867148258,0.11584218008381446
0.005167177896341309,1.5211695556945208,1018.3486493457764,351.6513506542236,0.25667981799578365
0.006623823698105446,1.5491182824466025,1281.8726693209305,88.12733067906947,0.06432651874384633
0.009624347615490175,1.723292681208561,1674.2987768454666,304.2987768454666,0.22211589550763985
0.005706702002875016,1.6224142329695184,1054.4940901955013,315.50590980449874,0.2302962845288312
0.005179140680668557,1.6547343226058921,938.3181902822101,431.68180971778986,0.31509621147283934
0.008408544209238053,1.6315459712933877,1545.0487948499515,175.0487948499515,0.12777284295616897
0.009692001482574163,1.5966816770649483,1819.7672016514045,449.76720165140455,0.32829722748277707
0.0077568947690869,1.7117138015544915,1358.5557043239594,11.44429567604061,0.0083535004934603
0.008012720586370287,1.759171367935334,1365.5026699726568,4.497330027343196,0.0032827226476957634
0.006684110774910114,1.7680078053865946,1133.392054406923,236.60794559307692,0.17270652962998315
0.008024661321322025,1.5806719337053214,1521.9685317605881,151.96853176058812,0.11092593559167016
0.005935803348359805,1.5429092397553228,1153.346567742127,216.65343225787296,0.15814119142910435
0.007083065622970539,1.619678678249275,1311.0314297530265,58.96857024697351,0.043042752005090154
0.008043213437343846,1.7080736811914252,1411.7041630885622,41.704163088562154,0.030440994955154857
0.0074188840166283816,1.772542397838524,1254.765740821817,115.23425917818304,0.08411259794027959
0.007387804461506166,1.7273805658984385,1282.1772471350819,87.82275286491813,0.06410419917147309
0.008527557068272854,1.5124757199468806,1690.2732787820084,320.27327878200845,0.23377611589927624
0.006305489929636289,1.5167776350802809,1246.2857317907758,123.7142682092242,0.09030238555417824
0.007629359111941141,1.6609000659244337,1377.09930179363,7.0993017936300475,0.005181972112138721
0.008241516441255016,1.679944292003967,1470.7300017811656,100.73000178116558,0.07352554874537634
0.00969453339703891,1.797605767578363,1616.7883129217253,246.78831292172526,0.1801374546873907
0.005144591923145631,1.543555856397308,999.192774044834,370.807225955166,0.27066220872639857
0.0075476353677266786,1.6596724961781946,1363.3558212171351,6.644178782864856,0.004849765534937851
0.0072941588879430865,1.5588553906081521,1402.7817045979484,32.78170459794842,0.023928251531349212
0.007483188911653718,1.61010946368279,1393.3236516551456,23.323651655145568,0.017024563251931073
0.008926893276968498,1.6807695703271264,1592.2559076823316,222.25590768233155,0.16223058954914713
0.006184773592885224,1.5169909308598073,1222.2541610935336,147.74583890646636,0.10784367803391705
0.009068167861521738,1.5474873579764754,1756.762870306778,386.76287030677804,0.28230866445750225
0.008138165292997195,1.6831854199085199,1449.4900846577668,79.49008465776683,0.05802195960420936
0.006810686816990658,1.6965513752317778,1203.4958512558346,166.50414874416538,0.12153587499574114
0.0067062858218085355,1.702597298560848,1180.8393636416185,189.16063635838145,0.13807345719589886
0.005745947248650607,1.7098074040126119,1007.4770089126345,362.52299108736554,0.26461532196158066
0.006222713758623487,1.5752936110342328,1184.2380620736321,185.76193792636786,0.13559265542070648
0.005924188142968282,1.5524374743151352,1144.0247703492334,225.97522965076655,0.16494542310274932
0.006828578539921724,1.6172586644991347,1265.8187524771674,104.18124752283256,0.07604470622104567
0.008491663812912767,1.7377909993357077,1464.9268916434198,94.92689164341982,0.06928970192950352
0.007884486865449116,1.7983060598193787,1314.4090153925833,55.59098460741666,0.04057736102731143
0.008462406878777366,1.5589459956470146,1627.359617246939,257.359617246939,0.1878537352167438
0.008541561953082932,1.6676489229485878,1535.5125517344616,165.51255173446157,0.12081208155800115
0.0073697580717406435,1.6514417311652,1337.8600319331842,32.139968066815754,0.02345983070570493
0.006603700939084043,1.5362331755189917,1288.6974243061052,81.30257569389482,0.05934494576196703
0.009894656721592506,1.7177642728567382,1726.8629383583836,356.86293835838364,0.26048389661195887
0.007831286248736212,1.7131443504580284,1370.4394222136204,0.4394222136204462,0.00032074614132879286
0.00614717228825726,1.6028415921413424,1149.755471209172,220.2445287908281,0.1607624297743271
0.008002674762299936,1.6615104925283528,1443.9520835728476,73.95208357284764,0.05397962304587419
0.008709833329460633,1.7998660764029437,1450.7425729294978,80.74257292949778,0.05893618462007137
0.007763430504225755,1.5145743544844574,1536.681184705681,166.68118470568106,0.12166509832531465
0.009110004553507235,1.5927624713071569,1714.7005323686108,344.70053236861077,0.25160622800628524
0.005406005828335129,1.6594616007503091,976.6298747172818,393.37012528271816,0.2871314783085534
0.009297813039077629,1.6789717231944004,1660.1912864298968,290.19128642989676,0.21181845724809983
0.008473383590700996,1.719606740587832,1477.2310635190659,107.23106351906586,0.07827084928398968
0.006098968658051414,1.6491063208270278,1108.736763767444,261.263236232556,0.1907030921405518
0.005167834627990194,1.521828548602911,1018.0370496301862,351.9629503698138,0.25690726304365974
0.007099446214807485,1.6233985272241256,1311.0523358766677,58.94766412333229,0.04302749206082649
0.006725546214637029,1.5923772157061151,1266.2000003463672,103.79999965363277,0.07576642310484144
0.00956971318700339,1.5967952500635152,1796.6785901778226,426.67859017782257,0.31144422640716973
0.007776389347275738,1.5105755204383335,1543.320969552267,173.3209695522669,0.12651165660749408
0.00819366841954845,1.6672074324253396,1473.3619511040697,103.3619511040697,0.07544667963800708
0.008740851754972336,1.6844400405294913,1555.675102459007,185.6751024590069,0.13552927186788824
0.0073461911672669045,1.6020020054541333,1374.737796503894,4.73779650389406,0.0034582456232803357
0.00823956504602573,1.5216549910315817,1623.3374007627913,253.33740076279128,0.18491781077576006
0.0097439896150927,1.5708783939244564,1859.5803524531725,489.5803524531725,0.3573579214986661
0.0071033301228841245,1.6660617594359435,1278.1787862689068,91.82121373109317,0.06702278374532349
0.00970099492245217,1.7710040013313175,1642.1674432475638,272.1674432475638,0.1986623673339882
0.009096075701972399,1.6338605596978573,1669.0132316754505,299.01323167545047,0.21825783333974486
0.006746392953226586,1.622286030479323,1246.7084645265058,123.29153547349415,0.08999382151349938
0.009960065471389338,1.6761186960004386,1781.4684107001674,411.4684107001674,0.3003419056205601
0.00766075308597975,1.784684876677269,1286.8579925733657,83.14200742663434,0.06068759666177689
0.006810324519398363,1.5387142739361923,1326.876576133438,43.12342386656201,0.031476951727417525
0.006368414792813716,1.6194750587541218,1178.9022090713477,191.09779092865233,0.1394874386340528
0.009981653513454782,1.7363962209183967,1723.3534637159155,353.3534637159155,0.2579222362889894
0.00910685106598342,1.5298670366882694,1784.5768293832432,414.5768293832432,0.3026108243673308
0.005135059766404158,1.7807093433280718,864.5162643275831,505.48373567241686,0.3689662304178225
0.0093253730354516,1.6714329748185268,1672.62256170846,302.6225617084599,0.22089238080909482
0.005393711773040895,1.5823580014047278,1021.8889206791333,348.1110793208667,0.254095678336399
0.008208070995294863,1.6612847013032914,1481.2137722014174,111.21377220141744,0.08117793591344338
0.0053907946476677475,1.5370760864530004,1051.4245795905656,318.5754204094344,0.23253680321856526
0.006490421125602045,1.745624960851153,1114.660563601598,255.33943639840209,0.18637915065576793
0.007990466593099505,1.7339445448443365,1381.5214723186195,11.521472318619544,0.008409833809211346
0.006173046930094113,1.5026069587507178,1231.6147624265645,138.38523757343546,0.10101112231637625
0.006195324604777235,1.5145758003674294,1226.2916064837889,143.70839351621112,0.10489663760307381
0.008270418433986404,1.761260417781733,1407.7470009438202,37.74700094382024,0.02755255543344543
0.006080613674197386,1.5807276955517036,1153.2170434325258,216.78295656747423,0.15823573472078412
0.005379299317411983,1.5632427842794323,1031.6205396259115,338.37946037408847,0.24699230684240034
0.009207802539639544,1.702325487120537,1621.5640175877381,251.56401758773814,0.18362337050199865
0.008609405734831752,1.7639451949865999,1463.2171761913012,93.21717619130118,0.06804173444620525
0.007283403774977669,1.507544217614308,1448.3883754749447,78.38837547494472,0.0572177923174779
0.006082231963988565,1.569059116502919,1162.1023398240502,207.8976601759498,0.15175011691675167
0.007937382062436915,1.6953778024128063,1403.5616575824868,33.56165758248676,0.024497560279187414
0.009037752090968338,1.7804577198483136,1521.7715556743858,151.7715556743858,0.11078215742655899
0.008400547969355467,1.5856984724161882,1588.2092138504563,218.2092138504563,0.15927679843099002
0.0062479525873158775,1.544537491026947,1212.7184186208967,157.28158137910327,0.11480407399934546
0.009378569520528294,1.6505864614130525,1703.4093486239137,333.40934862391373,0.24336448804665237
0.00925193794715724,1.662166530681452,1668.70236359807,298.70236359806995,0.21803092233435764
0.005308883787253193,1.5032113529564715,1058.7754787021427,311.22452129785734,0.22717118342909295
0.007636499095472272,1.6093854969645696,1422.5086771717126,52.508677171712634,0.0383275015851917
0.007550240397764098,1.6377476382521334,1382.0841956776048,12.08419567760484,0.008820580786572876
0.008287045331157197,1.61567630301178,1537.6803415101683,167.68034151016832,0.12239440986143672
0.005197121774143812,1.651053367523485,943.6750754658644,426.32492453413556,0.3111860763022887
0.009305450126380763,1.5351600025342598,1817.207171616525,447.2071716165251,0.32642859242082123
0.007231733682873338,1.5795683962427494,1372.5389932762416,2.5389932762416265,0.0018532797636800194
0.007647693957868941,1.7608350959361503,1302.0645572959518,67.93544270404823,0.04958791438251695
0.006771884795139675,1.7444193624699371,1163.802713788518,206.19728621148192,0.15050896803757804
0.00961489574146026,1.7903606206745994,1609.9958826507261,239.99588265072612,0.17517947638739131
0.008740491025856664,1.5769079275924165,1661.6907321717697,291.6907321717697,0.21291294319107276
0.009788175987237958,1.5663932193972232,1873.3618750468434,503.36187504684335,0.3674174270414915
0.006658801432781722,1.602061276090227,1246.0562393339605,123.94376066603945,0.09046989829637916
0.006930598160744466,1.6209489521674512,1281.8053617552928,88.19463824470722,0.06437564835380089
0.005091618217927752,1.6174661421682872,943.7160389050821,426.2839610949179,0.31115617598169193
0.00957853976918122,1.770715581952169,1621.702553883754,251.70255388375404,0.18372449188595186
0.005097235647267159,1.6409037135739946,931.2629321626152,438.73706783738476,0.32024603491779907
0.009442924894359293,1.6321775770703257,1734.4421982997178,364.4421982997178,0.2660162031384801
0.00943300085680852,1.75532060170044,1611.0689468574608,241.0689468574608,0.17596273493245312
0.0052029954802451355,1.6917159300046072,922.033526031366,447.966473968634,0.32698282771433135
0.008718550647956742,1.651446403889436,1582.7069669306898,212.70696693068976,0.15526055980342318
0.008268028048926436,1.5914450957797508,1557.510502984792,187.51050298479208,0.13686898028087013
0.007207924788022907,1.7995172577709424,1200.8117621262465,169.18823787375345,0.12349506414142587
0.008253390213829849,1.6220129897579603,1525.4527273585004,155.4527273585004,0.11346914405729956
0.00805893495972225,1.5424457900055968,1566.3486756500515,196.34867565005152,0.14332020120441716
0.0065674219815199004,1.710460992191948,1151.0718967288412,218.92810327115876,0.15980153523442245
0.005820664272133966,1.7897211769857855,975.0073205674996,394.9926794325004,0.28831582440328496
0.007039011679261773,1.7451456454860539,1209.2071619780795,160.7928380219205,0.11736703505249671
0.007663782637177487,1.7458406428450024,1316.01028065947,53.98971934052997,0.03940855426316056
0.006545040916632605,1.7296392495335224,1134.429566533627,235.57043346637306,0.1719492215083015
0.009548446528056528,1.7517554379164968,1634.1049628093606,264.1049628093606,0.1927773451163216
0.009959152386773463,1.6044758265481718,1860.8437249258507,490.84372492585067,0.3582800911867523
0.006919735268512417,1.745687703029064,1188.3479738426554,181.6520261573446,0.13259271982287926
0.007225540267477142,1.502877294725226,1441.3435380038752,71.34353800387521,0.05207557518531037
0.006559985012011342,1.6511524323282216,1191.0675190787629,178.93248092123713,0.13060765030747234
0.0059357614142509195,1.63587951858486,1087.7919090393755,282.20809096062453,0.20599130727052886
0.006980970769370159,1.66723504764539,1255.2773462454015,114.72265375459847,0.08373916332452443
0.008352061373638899,1.60711539973621,1557.9995120332032,187.99951203320325,0.13722592119211915
0.009884572361143817,1.5015227652676202,1973.5433341218832,603.5433341218832,0.4405425796510096
0.005538816139993434,1.7792859639976055,933.2368931231214,436.7631068768786,0.31880518750137127
0.009852371206774636,1.7836123500249887,1656.0025395462264,286.00253954622644,0.20876097777096822
0.006857004845529023,1.7640020351819257,1165.349186769532,204.65081323046797,0.14938015564267734
0.00952071243001884,1.7977180052540571,1587.700503062567,217.7005030625669,0.15890547668800503
0.009788738594830423,1.735386676189396,1691.0294658407324,321.0294658407324,0.23432807725600907
0.007051153284182042,1.5521940279769795,1361.8674835096438,8.132516490356238,0.005936143423617692
0.0087270432262576,1.6254327934284325,1609.6031472046286,239.6031472046286,0.17489280817856104
0.00877407037220984,1.5950184863879169,1649.1345686573036,279.1345686573036,0.20374786033379824
0.005321729822205919,1.5732317030815266,1014.1001233868086,355.8998766131914,0.2597809318344463
0.008267656337008492,1.5870715619931064,1561.7323594774475,191.73235947744752,0.1399506273558011
0.005160687803075705,1.630602794704538,948.8118666784349,421.18813332156515,0.307436593665376
0.006538194887575658,1.6625208268102696,1178.9936610839407,191.00633891605935,0.1394206853401893
0.008367741201343542,1.6944370643516828,1480.4832563188033,110.48325631880334,0.0806447126414623
0.005511731968955391,1.5255728364915302,1083.1181804537134,286.8818195462866,0.2094027879899902
0.007588557921014299,1.5690491985328512,1449.9178444777203,79.91784447772034,0.0583341930494309
0.008873272775357915,1.5392612841258237,1728.1927917389128,358.1927917389128,0.2614545925101553
0.009652678126012379,1.5129252734174035,1912.7184617278247,542.7184617278247,0.3961448625750545
0.007011723313337371,1.7230041172110484,1219.998110233091,150.00188976690902,0.1094904304867949
0.007286226853805382,1.7941340215012263,1217.498710726293,152.50128927370702,0.11131480968883724
0.0065509994444463175,1.5838260448273298,1239.9974304130772,130.00256958692285,0.0948923865597977
0.005235234337996593,1.510360127477861,1039.1453944264738,330.8546055735262,0.2414997120974644
0.008074932612304303,1.5730068572676015,1538.9658887006608,168.9658887006608,0.1233327654749349
0.0099541055285234,1.7181174692953507,1736.8811020886196,366.8811020886196,0.2677964248822041
0.009235897582625073,1.7314943753764136,1599.1114250830306,229.11142508303055,0.1672346168489274
0.009587667092818938,1.6107694101446723,1784.433120060149,414.4331200601489,0.30250592705120355
0.007192546980880777,1.7238956919521229,1250.8131140098076,119.18688599019242,0.08699772700014045
0.007499313900686094,1.5424870141621345,1457.540794157982,87.54079415798196,0.0638983898963372
0.007554860374979631,1.5828021642362053,1430.9369881073465,60.93698810734645,0.04447955336302661
0.008811691743137787,1.5671553640710343,1685.6520976651825,315.6520976651825,0.2304029909964836
0.006220009437714918,1.6865923352081047,1105.6091499939555,264.3908500060445,0.19298602190222228
0.0072078759949019845,1.5217064156152174,1420.0287514705883,50.028751470588304,0.036517336839845475
0.007817354943115303,1.5945644086086463,1469.7330761947114,99.73307619471143,0.0727978658355558
0.008340572498011116,1.6809119257298362,1487.55011611943,117.55011611942996,0.08580300446673719
0.0078051571494208005,1.5167836137090787,1542.6902201159567,172.69022011595666,0.12605125555909247
0.009174532699930566,1.5667662172286068,1755.4984776087,385.4984776086999,0.28138575007934297
0.00870484998148019,1.6041149299886948,1626.8462587575268,256.8462587575268,0.18747902099089547
0.005923809268147319,1.6235577569587265,1093.8405693356633,276.1594306643367,0.20157622676228956
0.006595615717996805,1.775953977886604,1113.382369555947,256.617630444053,0.18731213901025767
0.00944324416009027,1.640725953714355,1725.4638849581322,355.4638849581322,0.2594626897504615
0.005550360523972818,1.7096918097751423,973.2492223185076,396.7507776814924,0.2895991077967098
0.009134464454820055,1.556461460086728,1759.4033785273068,389.4033785273068,0.2842360427206619
0.009643873454727043,1.549299780929606,1866.1078786823468,496.10787868234684,0.3621225391841948
0.009576743037675795,1.7755124823726613,1617.0178263475666,247.0178263475666,0.18030498273545006
0.006060995027441132,1.7601630790768725,1032.313777513906,337.68622248609404,0.2464862937854701
0.008094039279252797,1.5115475213797636,1605.3295687725179,235.32956877251786,0.17177340786315173
0.009383878463305427,1.683847244965549,1670.7073628553248,300.70736285532485,0.21949442544184294
0.00915165468917738,1.7219771752650124,1593.2830547614392,223.2830547614392,0.16298033194265635
0.009227386651858977,1.6651928543428123,1661.2495772262641,291.24957722626414,0.21259093228194462
0.007270233662050462,1.5555362535868678,1401.163884644064,31.163884644063955,0.02274736105406128
0.0067261575173454095,1.6456775589489352,1225.3015689829479,144.69843101705214,0.10561929271317674
0.008446555502410394,1.7507827797735358,1446.3322720301026,76.33227203010256,0.05571698688328654
0.005935944470483032,1.6918887736757042,1051.813459044037,318.186540955963,0.2322529496028927
0.009967926704074717,1.6427672353630036,1819.07039746752,449.07039746752,0.3277886112901606
0.005403675264918159,1.6884415797158547,959.4534447417718,410.5465552582282,0.2996690184366629
0.006052891115566155,1.5380087377524472,1179.8444709707583,190.15552902924173,0.1387996562257239
0.0057925048560362865,1.6071060862479118,1080.5442675052968,289.45573249470317,0.21128155656547676
0.00796486559500902,1.5240190055561955,1566.7827144294365,196.7827144294365,0.1436370178317055
0.009738833715194437,1.7884512474327838,1632.4900674381631,262.4900674381631,0.191598589370922
0.008412689378189554,1.6056163533469934,1570.7742524050448,200.77425240504476,0.1465505492007626
0.00854649809794329,1.5675872315638546,1634.4708737635408,264.4708737635408,0.19304443340404437
0.009868698774782348,1.567628587911953,1887.2847087423481,517.2847087423481,0.37758007937397675
0.009932391113896747,1.6033953058836177,1857.0940896022532,487.09408960225323,0.3555431310965352
0.007149329426746644,1.6225977397378695,1320.915831081066,49.08416891893398,0.03582786052476933
0.00839823712924513,1.5551778167888004,1618.932654943585,248.93265494358502,0.18170266784203287
0.005898925758483679,1.5452788194821292,1144.4235372927715,225.57646270722853,0.16465435234104273
0.008342393039793066,1.501102994650364,1666.0992109899714,296.0992109899714,0.21613081094158498
0.00919297959406748,1.7710187302136222,1556.158555430355,186.1585554303549,0.13588215724843425
0.0072902289206813456,1.5962482755087422,1369.1827775457964,0.817222454203602,0.0005965127402945999
0.005272660106380669,1.612320466299525,980.3905405470124,389.6094594529876,0.28438646675400553
0.007699155300694906,1.5736890987248189,1466.7120042893976,96.71200428939756,0.07059270386087413
0.005425954436809136,1.5210772635865528,1069.413274754702,300.5867252452981,0.21940636879218842
0.00674340254722856,1.5953831933884983,1267.1696889468346,102.83031105316536,0.07505862120669005
0.006006833102910072,1.5151979146830423,1188.4937560080257,181.50624399197432,0.13248630948319293
0.005628871635949973,1.51362418234246,1114.8693864657914,255.13061353420858,0.1862267252074515
0.009464117020541198,1.7611679585490203,1611.0166498402768,241.01664984027684,0.17592456192720937
0.009976948368828852,1.6640991472730844,1797.37720539764,427.37720539763995,0.3119541645238248
0.005372019999904555,1.6705536868769697,964.0462876756101,405.9537123243899,0.29631657833897074
0.006263495483830827,1.5824056037836411,1186.6418459841875,183.3581540158125,0.13383806862468065
0.00978844066048937,1.6434770655655684,1785.544043832096,415.5440438320959,0.30331682031539847
0.007318906735388811,1.5979035942055078,1373.144818017585,3.1448180175850666,0.002295487604076691
0.006501757326609029,1.799414662416507,1083.228813777698,286.77118622230205,0.2093220337389066
0.009335699731719589,1.767012715879254,1583.9005257692813,213.90052576928133,0.15613177063451192
0.009253936797203592,1.7181296573567277,1614.6979634112122,244.69796341121219,0.1786116521249724
0.008522049405033297,1.5487938027572916,1649.5715141576754,279.57151415767544,0.20406679865523755
0.008964483771415697,1.6779563582889034,1601.6415511988555,231.6415511988555,0.16908142423274125
0.005543113389850456,1.7304877515308525,960.2978042727584,409.7021957272416,0.29905269761112524
0.008775805297814769,1.7283859310530303,1522.1833236969283,152.18332369692826,0.11108271802695494
0.006616626670047552,1.7415322452802187,1139.0054812121723,230.9945187878277,0.16860913780133407
0.006055788963905147,1.6894141066490425,1074.6209892963464,295.37901070365365,0.21560511730193696
0.009590574353872505,1.6716925950204489,1719.9225908780372,349.9225908780372,0.2554179495460126
0.008116628960119887,1.5331623067107425,1587.1145122584921,217.11451225849214,0.15847774617408186
0.007946048779303097,1.7437569116136078,1366.1109980810384,3.8890019189616396,0.002838687532088788
0.00795585661236866,1.694485384899742,1407.5694193483255,37.56941934832548,0.027422933830894513
0.009921369320068249,1.7922520804666777,1659.5610224732275,289.56102247322747,0.2113584105643996
0.005332619227905065,1.5963344533644017,1001.4687226366495,368.53127736335045,0.2690009323820076
0.009483208907962084,1.6318471441138356,1742.1941255345453,372.19412553454526,0.27167454418579945
0.007065628684788476,1.753617269520023,1207.915904767416,162.0840952325841,0.11830955856393001
0.008413092938039194,1.6592604246185803,1520.063863306445,150.063863306445,0.10953566664704015
0.006656928439229647,1.6687525918512502,1195.9214021731104,174.07859782688956,0.1270646699466347
0.0071252690121507405,1.7868424007358368,1195.4618438560879,174.53815614391215,0.1274001139736585
0.006153241893484431,1.5320103120601842,1204.1012370442868,165.8987629557132,0.12109398755891475
0.006130750051371145,1.7290907099517348,1062.9590551298986,307.0409448701014,0.22411747800737328
0.005154278226313516,1.7696056635641475,873.1966508121404,496.80334918785957,0.3626301818889486
0.007968498338322545,1.76160332718987,1356.0917299273187,13.908270072681262,0.010152021950862235
0.008506958788918877,1.743199090624218,1463.0125148364175,93.0125148364175,0.06789234659592518
0.00789244849655329,1.799267685536856,1315.0330845374638,54.966915462536235,0.04012183610404105
0.007247472695672125,1.6941573720053982,1282.4886811734211,87.51131882657887,0.06387687505589698
0.007413676191268648,1.6259422546933495,1366.9392020417592,3.060797958240755,0.0022341590936063908
0.005020436261267468,1.7314409334385268,869.2695765305131,500.73042346948694,0.3654966594667788
0.005948160820042303,1.624392744889293,1097.7725420346599,272.22745796534014,0.19870617369732857
0.006297783098994306,1.65057770665567,1143.8588244498962,226.14117555010375,0.1650665514964261
0.005699956903028665,1.6473805430601665,1037.285585077243,332.714414922757,0.2428572371698956
0.009143463101861534,1.6639182657887874,1647.4013984334285,277.40139843342854,0.20248277257914493
0.009278173410471817,1.7205348397311773,1616.6638118819985,246.66381188199853,0.1800465780160573
0.008300236919299753,1.5271631755945,1629.3926332073497,259.3926332073497,0.18933768847251803
0.008083483045627941,1.5782381157005019,1535.4889907563245,165.48899075632448,0.1207948837637405
0.007989532367352989,1.5011595484711098,1595.5676058009683,225.5676058009683,0.16464788744596226
0.005998597779866549,1.7036387372726653,1055.5843405265998,314.4156594734002,0.22950048136744539
0.007236325770595167,1.5648256746280065,1386.3498821817211,16.349882181721114,0.011934220570599353
0.006117093037514633,1.658909976734413,1105.4598400457953,264.5401599542047,0.19309500726584283
0.00948332383729646,1.6889923312436224,1683.2693142542255,313.2693142542255,0.22866373303228138
0.009750153688866461,1.6685020729216185,1751.8842725467557,381.8842725467557,0.2787476441947122
0.0061719754887698645,1.7493597929819031,1057.7079168717412,312.2920831282588,0.22795042564106482
0.005628999856466868,1.6580234202986541,1017.7972653413304,352.20273465866956,0.25708228807202155
0.006922823598550308,1.786749789078821,1161.5562042292463,208.4437957707537,0.1521487560370465
0.009264175429652091,1.5533065224168212,1788.0114989006177,418.01149890061765,0.30511788240920995
0.006741866760770777,1.7659778352659958,1144.4995329828344,225.50046701716565,0.1645988810344275
0.007341252003526317,1.5989274977525718,1376.4551463578325,6.455146357832518,0.004711785662651473
0.008081945188505395,1.5646818431086973,1548.4976860660024,178.49768606600242,0.13029028180000177
0.008743934997696406,1.642297209108464,1596.157961551102,226.15796155110206,0.1650788040518993
0.009031199047058994,1.5317073192376502,1767.6257905150067,397.62579051500666,0.2902378032956253
0.008234724647491233,1.6960355434133711,1455.5758295348928,85.57582953489282,0.0624641091495568
0.008119432449123977,1.5781736841184357,1542.3806872356665,172.38068723566653,0.12582531915012155
0.00835555336459965,1.681504224535348,1489.6970489715482,119.69704897154816,0.08737010873835632
0.00550374376413385,1.7968989659123837,918.2379769549668,451.7620230450332,0.32975330149272497
0.0068546427519129895,1.5053722373989595,1365.0910706700267,4.908929329973262,0.003583160094870994
0.00825136834585461,1.5727585088230502,1572.8403212507824,202.84032125078238,0.1480586286502061
0.00758254062331983,1.6360994688689594,1389.3950426628805,19.39504266288054,0.014156965447358059
0.00886463192472153,1.5700980367432358,1692.6011827197372,322.60118271973715,0.23547531585382275
0.00916248000807654,1.61188384048523,1704.1193254783395,334.11932547833953,0.24388271932725514
0.009359988120341355,1.5644240725975191,1793.6657295159446,423.6657295159446,0.30924505804083546
0.006665756269526983,1.5733267465626553,1270.1388702863599,99.86112971364014,0.07289133555740156
0.005088469513800052,1.7815732444185286,856.2571243025551,513.7428756974449,0.37499479977915684
0.007001306708783404,1.572703856361072,1334.6053288726584,35.39467112734155,0.0258355263703223
0.0052221934264195064,1.7922250219055202,873.5366286724443,496.4633713275557,0.36238202286682897
0.009980791267247748,1.6201818185160657,1846.8087424494613,476.8087424494613,0.3480355784302637
0.009084362413072762,1.7754558254138726,1533.9290891920914,163.9290891920914,0.11965626948327839
0.00921548954988751,1.6817398964908723,1642.7833279086894,272.78332790868944,0.19911191818152515
0.00790012929557736,1.5478432055309137,1530.1286148208915,160.12861482089147,0.11688220059919086
0.0081411769765762,1.6238930320357765,1502.970582835173,132.970582835173,0.09705881958771752
0.005885767397415438,1.7148456522641937,1028.9606373364686,341.0393626635314,0.24893384136024188
0.009229160064547019,1.7604406163565893,1571.6704984643166,201.67049846431655,0.14720474340461062
0.006139984360106923,1.6331918359835513,1127.0696821047238,242.93031789527618,0.17732139992355925
0.009419152875134283,1.5562342787253525,1814.502502172825,444.50250217282496,0.3244543811480474
0.009113416316364906,1.6018533509193846,1705.6077428637466,335.6077428637466,0.2449691553749975
0.009108547598901735,1.5758042397787335,1732.8763335908884,362.8763335908884,0.2648732361977288
0.006171728262414713,1.6646651211786505,1111.4773550294203,258.5226449705797,0.18870266056246693
0.005261376119846213,1.622577361224799,972.1082748501813,397.89172514981874,0.2904319161677509
0.007969223908180056,1.7292612687681999,1381.5802544906915,11.580254490691459,0.00845274050415435
0.006578820575433383,1.5980631184164025,1234.169519539739,135.83048046026101,0.0991463361023803
0.006824893332318211,1.7385382809983194,1176.880354057309,193.11964594269102,0.1409632452136431
0.008582091993678449,1.7507524251314186,1469.566122905044,99.56612290504404,0.0726760021204701
0.005523836627476084,1.6629920581377227,995.7982373024306,374.2017626975694,0.27313997277194846
0.009093662134557767,1.7992688835381578,1515.1772747715522,145.17727477155222,0.10596881370186294
0.009180962196454694,1.776660080696168,1549.1895459269479,179.18954592694786,0.13079528899777215
0.0073702054097723926,1.5177075185033242,1455.8351782690486,85.83517826904858,0.06265341479492598
0.0087225270239543,1.5125931414274607,1728.7846578590936,358.7846578590936,0.26188661157598075
0.007979135469950915,1.6927246909148128,1413.1563437872444,43.156343787244396,0.03150098086660175
0.008789524787647555,1.6026531411668876,1644.1693920259172,274.1693920259172,0.2001236438145381
0.005286500313038076,1.6767541254074616,945.1910086568746,424.8089913431254,0.31007955572490903
0.0051877941558308,1.6083613295073091,966.9851749363903,403.0148250636097,0.2941714051559195
0.0055422305404871615,1.7585423339777213,944.827363227051,425.172636772949,0.31034499034521823
0.00842662310789239,1.7516537750323147,1442.201701137004,72.20170113700397,0.05270197163284961
0.007444981285852159,1.5823168459918862,1410.557718009067,40.557718009067,0.029604173729245988
0.00587756966782469,1.699586890161313,1036.7525590975613,333.2474409024387,0.24324630722805746
0.007927312522712223,1.7952962906488903,1323.7639485452846,46.23605145471538,0.03374894266767546
0.006190213587029929,1.5911531439539548,1166.3109574664563,203.68904253354367,0.14867813323616327
0.008158139956870609,1.79898848669677,1359.5133312215016,10.48666877849837,0.007654502758028007
0.008062337948445438,1.533021889902506,1576.6429212206801,206.64292122068014,0.1508342490661899
0.00981478685720392,1.6316368800878875,1803.3418541684143,433.34185416841433,0.3163079227506674
0.006026079402017578,1.5809724816299813,1142.6974074662226,227.30259253377744,0.16591430111954558
0.009408743710013143,1.6960062516846213,1663.1250036461502,293.12500364615016,0.21395985667602202
0.009021841177852447,1.7452587799301036,1549.7300305816657,179.7300305816657,0.1311898033442815
0.006544139111791355,1.5079243714829997,1301.0490359595499,68.95096404045012,0.05032917083244534
0.005013568769617031,1.5756336761274845,953.9210335295697,416.07896647043026,0.3037072747959345
0.006849824484368878,1.6812152903959405,1221.453154018071,148.54684598192898,0.10842835473133502
0.00798841931538147,1.6242269436300139,1474.466281627218,104.466281627218,0.07625276031183795
0.007836660469148776,1.692567402293667,1388.0520807465718,18.052080746571846,0.01317670127486996
0.0052016097300203136,1.6691637716987175,934.2422792536962,435.7577207463038,0.31807132901190055
0.00563611167053902,1.6837437009312581,1003.516016326503,366.48398367349705,0.26750655742591023
0.008755201944776636,1.6141568165723577,1626.077147129099,256.0771471290991,0.1869176256416782
0.006428883849232237,1.62483071621908,1186.173348472055,183.82665152794493,0.13418003761163863
0.0050155702071388066,1.6143552536790964,931.4121642327219,438.5878357672781,0.32013710639947307
0.008636262977984551,1.5215868079462604,1701.5700271474948,331.5700271474948,0.2420219176259086
0.007994034155776247,1.6137669849772596,1485.0664136804648,115.06641368046485,0.08399008297844149
0.006563370227965973,1.549084034392807,1270.2015189106232,99.79848108937676,0.07284560663458158
0.007182210289830077,1.5714924748018555,1370.1449489489523,0.144948948952333,0.00010580215251995111
0.00803831212856477,1.6956388643216957,1421.1902085398615,51.19020853986149,0.03736511572252663
0.008414393615045462,1.779606908835127,1417.4881721970717,47.48817219707166,0.03466289941392092
0.008597714038949994,1.7570459433155075,1466.967801680919,96.96780168091891,0.07077941728534227
0.007967846569214388,1.5785174134909634,1513.2555951149936,143.25559511499364,0.10456612782116324
0.0059497128961370225,1.6201662772255123,1100.9234537221175,269.07654627788247,0.1964062381590383
0.009946124862189699,1.5540922436236482,1918.6590964885168,548.6590964885168,0.4004810923273845
0.007101181161268296,1.525864320911631,1395.1964967422612,25.19649674226116,0.018391603461504497
0.006113276793379492,1.5635021845637609,1172.1852993975504,197.81470060244965,0.14439029241054718
0.006531988616793546,1.5048423711347243,1301.2930527600363,68.70694723996371,0.050151056379535555
0.006578011895985263,1.7438659771597085,1130.8428404931585,239.15715950684148,0.17456726971302297
0.007051553427687367,1.7913444496920043,1180.1206268108808,189.87937318911918,0.13859808261979503
0.009286304583254242,1.7782376191245333,1565.5748403979123,195.57484039791234,0.14275535795468053
0.006167552132806826,1.627324662129827,1136.211880005165,233.78811999483491,0.17064826276995249
0.008553705456997527,1.710395711050992,1499.2649755801751,129.26497558017513,0.09435399677385047
0.009633476996472053,1.59681217115909,1808.6308458949484,438.6308458949484,0.320168500653247
0.008462932036182815,1.616984004440937,1569.0465644967135,199.04656449671347,0.1452894631362872
0.0087254588304174,1.6830048207175778,1554.2598082596905,184.25980825969054,0.13449621040853324
0.0059707294269262575,1.6425523680751262,1089.7549970043237,280.24500299567626,0.20455839634720896
0.008481708071737034,1.5975781303438135,1591.629268433502,221.62926843350192,0.16177318863759263
0.008667197836732258,1.6868108938866093,1540.398246693392,170.3982466933919,0.1243782822579503
0.007536436705629075,1.5328410454192727,1473.973372055656,103.973372055656,0.07589297230339855
0.005867426759714723,1.7659404264434957,996.0756682898977,373.92433171010225,0.2729374684015345
0.0087955673484734,1.6912023276952086,1559.1539295578593,189.15392955785933,0.1380685617210652
0.00922667577443102,1.581941981675504,1748.539353292871,378.53935329287106,0.27630609729406647
0.007752857261536223,1.7433926753711342,1333.1753470079861,36.82465299201385,0.026879308753294782
0.006687442162665251,1.7102097381092487,1172.28003033987,197.7199696601299,0.14432114573732108
0.008612897254087336,1.75898524983116,1467.9381982038449,97.93819820384488,0.07148773591521523
0.009805497564017687,1.622246959244327,1812.0633235763328,442.0633235763328,0.32267395881484146
0.005525797322429406,1.6111769078314868,1028.1877512324631,341.81224876753686,0.24949799180112178
0.0057657205047576925,1.7853082940821332,968.1910558484128,401.8089441515872,0.2932912001106476
0.007189712972993289,1.779947004776691,1210.9471342145723,159.05286578542768,0.1160969823251297
0.006952458753863392,1.6269672957771961,1281.0919459623578,88.90805403764216,0.06489638980849792
0.0066236050546339565,1.7476173991291586,1136.2365933982003,233.76340660179972,0.1706302237969341
0.008005498822090347,1.5197105586533617,1579.2403071261378,209.24030712613785,0.15273015118696193
0.008599639300249994,1.5664940495653334,1645.7815492185955,275.7815492185955,0.20130040088948575
0.006256169799933873,1.6779030423020966,1117.7955309111726,252.2044690888274,0.18409085334950906
0.007944359484240115,1.7109275322391948,1392.028015294683,22.028015294682973,0.01607884328079049
0.009205555343251496,1.5442106999295613,1787.1628941143103,417.16289411431035,0.3044984628571608
0.008902241909312568,1.6743843315365268,1593.9142127866999,223.91421278669986,0.1634410312311678
0.007676352476865138,1.6540676780031258,1391.3049678185168,21.304967818516843,0.015551071400377257
0.00798650279059741,1.6335754162262908,1465.6766248038268,95.67662480382683,0.06983695241155242
0.007379498142654459,1.6341409910285636,1353.810900735275,16.189099264724973,0.011816860777171513
0.008687156931640837,1.6329329645490502,1594.8873506191715,224.88735061917146,0.16415135081691348
0.008175762131488816,1.6873398602183571,1452.6011523873829,82.60115238738285,0.06029281196159332
0.006529339881488255,1.504410495565161,1301.1387902165889,68.86120978341114,0.050263656776212515
0.007439598449878978,1.7874363611848318,1247.7845669111227,122.21543308887726,0.08920834532034837
0.006555048232451968,1.6667036384821352,1179.066257817133,190.93374218286704,0.13936769502399055
0.0076898207395661045,1.5100707020930555,1526.6505454999797,156.65054549997967,0.1143434638685983
0.005471388328115318,1.5952005718278612,1028.260009760832,341.73999023916804,0.2494452483497577
0.00803587211024318,1.7805590742376995,1352.9985536339711,17.00144636602886,0.012409814865714495
0.005138755373361669,1.7795272792932266,865.7131151440766,504.2868848559234,0.3680926166831558
0.005201476812061378,1.7565294976784853,887.7525374773467,482.24746252265334,0.35200544709682724
0.005980402202617222,1.5687543966012858,1142.8681762011397,227.1318237988603,0.16578965240792723
0.007220478724801787,1.6327962032380865,1325.7288696239057,44.271130376094334,0.032314693705178345
0.007098188975242737,1.6911912055121512,1258.2749444892568,111.72505551074323,0.08155113540930163
0.008720909758714198,1.758659502288318,1486.6226061151979,116.62260611519787,0.08512598986510793
0.007929212270158373,1.757212360748488,1352.7778938807378,17.222106119262207,0.012570880379023508
0.005560798927706049,1.511091024881763,1103.2330624233596,266.76693757664043,0.19472039239170835
0.009045111469625947,1.5601025641700441,1738.1268787323118,368.12687873231175,0.2687057508994976
0.005528121636303816,1.6939580537485612,978.3531356063311,391.6468643936689,0.2858736236450138
0.005888944346111411,1.6000200826197386,1103.3993383728814,266.6006616271186,0.19459902308548802
0.008272685358300308,1.768069511210689,1402.7099399091014,32.70993990910142,0.02387586854678936
0.0061070070986582676,1.6990876835001336,1077.5398391204137,292.4601608795863,0.21347456998509948
0.008900292201260374,1.617450584991071,1649.6581105436417,279.65811054364167,0.2041300076960888
0.008655288292797554,1.5778574776047587,1644.5022372587048,274.5022372587048,0.20036659653920058
0.005548141706449417,1.740232353953173,955.786757860463,414.213242139537,0.30234543221864013
0.008221514248521026,1.559833029866122,1580.1357695686738,210.13576956867382,0.1533837734077911
0.00813054511732395,1.5236044649739626,1599.8089803734595,229.80898037345946,0.16774378129449596
0.005780596213318998,1.5147113278788198,1144.098624998886,225.90137500111405,0.1648915145993533
0.007286351919762932,1.6217091121965297,1346.9698945701111,23.030105429888863,0.016810295934225446
0.008263103140665022,1.589771260140171,1558.2216532390132,188.22165323901322,0.1373880680576739
0.00881773310603457,1.7107591513993172,1545.2145205149611,175.21452051496112,0.12789381059486213
0.009497249405789089,1.6687836022396172,1706.1551538374513,336.1551538374513,0.24536872542879656
0.007344630595298336,1.668291395206386,1319.8322940424305,50.167705957569524,0.036618763472678485
0.007623065832131263,1.5999157205251575,1428.4112681637416,58.411268163741624,0.042635962163315055
0.008850537556353946,1.755255337198614,1511.64582862079,141.6458286207901,0.10339111578159861
0.008700102952221303,1.5079393010186222,1729.661961285583,359.66196128558295,0.2625269790405715
0.006130147857370788,1.6228328410321844,1132.44694561131,237.55305438869004,0.17339639006473725
0.009964102974464843,1.5007242270625667,1990.480908225778,620.480908225778,0.4529057724275752
0.008708192644037108,1.7957750671768253,1453.773651951667,83.77365195166703,0.061148651059610974
0.006654717174995216,1.5073180061413416,1323.5654394481883,46.43456055181173,0.03389383981884068
0.007703774408045447,1.568822189484738,1472.1448237699772,102.14482376997717,0.07455826552553078
0.007624802950811394,1.5529692041581973,1471.927719022911,101.9277190229111,0.07439979490723439
0.005728433277618127,1.7682058674600591,971.2336806420684,398.7663193579316,0.29107030610068
0.008713703967261706,1.606721201046352,1625.859376803217,255.85937680321695,0.18675866919942843
0.008355274445620887,1.7625593624033051,1421.14263879421,51.142638794209915,0.03733039328044519
0.007443333305831075,1.6908031284807958,1319.7605030890552,50.23949691094481,0.036671165628426865
0.007468139424799496,1.5622840544436982,1433.0888601718316,63.088860171831584,0.04605026289914714
0.009562283628697512,1.605296640748847,1785.7761863895219,415.77618638952185,0.3034862674376072
0.00936537082317459,1.6797337563122139,1671.4955739921022,301.4955739921022,0.2200697620380308
0.0067094891516622235,1.5160049321898532,1326.8124674209523,43.187532579047684,0.031523746408064005
0.005979193359333587,1.7947887980715633,998.7342666601713,371.26573333982867,0.27099688564950997
0.007362953326321701,1.6580296339292082,1331.3138864751465,38.686113524853454,0.0282380390692361
0.007408065906691699,1.7913304200223925,1239.794882267081,130.205117732919,0.09504023192183869
0.009707566198704626,1.5733953684466653,1849.6655006557735,479.6655006557735,0.3501208033983748
0.007079962165915761,1.7370445832017838,1221.9140952355897,148.08590476441032,0.10809190128789074
0.006853920173624505,1.5454750953284133,1329.5287526778568,40.4712473221432,0.029541056439520583
0.008391182715497885,1.6750746336872795,1501.7917657010303,131.79176570103027,0.09619836912483962
0.009017014073670091,1.6095160607777477,1679.5314311184306,309.53143111843065,0.22593535118133623
0.009332123342417193,1.5010433054907704,1863.8370958043145,493.83709580431446,0.36046503343380615
0.006914659195523427,1.7696157637882217,1171.419648760742,198.5803512392581,0.14494916148850956
0.009230904926769406,1.606263159917703,1722.8532326560337,352.8532326560337,0.25755710412849175
0.009534667747018732,1.5416172609569245,1854.1706508383063,484.1706508383063,0.35340923418854475
0.007916733997577351,1.6131442415932322,1471.2739774105996,101.27397741059963,0.07392261124861287
0.005887990864234653,1.756635028998181,1004.8616956461015,365.13830435389855,0.2665243097473712
0.005608098575372417,1.6286718905707043,1032.2924257187624,337.7075742812376,0.24650187903739973
0.007509826023567808,1.7489419615754895,1287.2864007046023,82.71359929539767,0.06037488999664064
0.0071303308573683315,1.5846463504953963,1348.956764653155,21.043235346844995,0.015360025800616784
0.008745025009509428,1.7405993266987903,1506.2010553827977,136.20105538279768,0.09941682874656765
0.006823568337188531,1.658761339523903,1233.2421038483242,136.75789615167582,0.0998232818625371
0.005318751292847602,1.6028709514112824,994.790954424328,375.209045575672,0.2738752157486657
0.007350153489524849,1.513684250085927,1455.7333084339384,85.73330843393842,0.06257905725104994
0.008039514475669396,1.5323229169549657,1572.8967955246887,202.89679552468874,0.148099850747948
0.005337611497667359,1.7809337414696949,898.5037643310818,471.4962356689182,0.3441578362546848
0.009749411305756565,1.5770590615329125,1853.3230940411122,483.3230940411122,0.3527905795920527
0.005387538001603058,1.703675709723193,948.0344474309675,421.9655525690325,0.30800405297009675
0.007660263973100007,1.5911491308730628,1443.2898342875092,73.28983428750917,0.053496229406940994
0.005949786183870273,1.785167159072299,999.1787130813273,370.82128691867274,0.2706724722034108
0.008494031030824092,1.5713915594847325,1620.5040848596775,250.5040848596775,0.1828496969778668
0.0071228391961187226,1.5397613664030032,1386.8210471675663,16.82104716756635,0.012278136618661568
0.005290457119705475,1.6400992164158217,967.0385352211454,402.96146477885463,0.29413245604295957
0.009488791708285324,1.583332823839917,1796.6331189787088,426.6331189787088,0.31141103575088236
0.007753862210450407,1.684508354954088,1379.9571870497475,9.957187049747517,0.007268019744341253
0.005589860274012561,1.6001735764562448,1047.260107327864,322.73989267213597,0.23557656399425983
0.007655318368650639,1.5984792111630008,1435.7438585895366,65.74385858953656,0.04798821794856683
0.007243458616466232,1.5997889761245774,1357.3879401970519,12.612059802948124,0.009205883067845345
0.008609671987645472,1.7840764511595961,1446.7511894304384,76.75118943043844,0.0560227660076193
0.006235468949442477,1.645933748631297,1135.7362133746412,234.26378662535876,0.1709954646900429
0.0073424185055035555,1.7896922793780474,1229.9330542983384,140.06694570166155,0.10223864649756317
0.006766871736030012,1.5116716222717834,1341.9958943639099,28.004105636090117,0.020440953019043882
0.00586129387323776,1.7921728082033503,980.4700134245701,389.5299865754299,0.2843284573543284
0.005506457310899357,1.7330523456909466,952.5357824367601,417.4642175632399,0.3047184069804671
0.005844896598140503,1.7787981620509232,985.0785520781398,384.92144792186025,0.28096456052690527
0.008437260456139694,1.720762347286375,1469.94560574922,99.94560574922002,0.07295299689724088
0.009057962892943586,1.5595269850294675,1741.2388411458223,371.23884114582233,0.2709772563108192
0.0052150766036940036,1.6089306068505966,971.7265785253946,398.27342147460536,0.29071052662379954
0.005464827803019236,1.605198815293078,1020.6300577880456,349.36994221195437,0.25501455635909076
0.00962777021712969,1.789277050251903,1613.1279938152402,243.1279938152402,0.1774656889162337
0.006304413396133099,1.5968532347986057,1183.5875377196057,186.41246228039427,0.13606749071561625
0.00873037831770446,1.5020478480652002,1742.4888151904695,372.4888151904695,0.2718896461244303
0.00692607275649953,1.511660434102371,1373.5785690460261,3.578569046026132,0.0026120941941796586
0.007450041800669388,1.5761881464746599,1417.0049106262131,47.00491062621313,0.03431015374176141
0.005052082071626555,1.7884411110259402,846.8694288747474,523.1305711252526,0.38184713220821354
0.009264226049148172,1.725847298860024,1609.2646786168639,239.26467861686388,0.1746457508152291
0.0097720715645364,1.5847352386907492,1848.6326816993083,478.63268169930825,0.34936692094840016
0.007851592001296086,1.5504056023538617,1518.2143702964088,148.2143702964088,0.10818567174920349
0.008287321181512045,1.7274694948039349,1438.2172274034535,68.21722740345353,0.049793596644856594
0.008406944952744144,1.6132560181768958,1562.2682719027068,192.26827190270683,0.14034180430854512
0.008375905725298583,1.5468064363373222,1623.3662508603225,253.36625086032245,0.18493886924111128
0.006141626996272452,1.6167523064923754,1138.8345920014672,231.16540799853283,0.16873387445148383
0.008950169994940683,1.691731254793754,1586.0636579822688,216.06365798226875,0.15771069925713047
0.009083034856978558,1.5742607591869686,1729.7168400993455,359.7168400993455,0.2625670365688653
0.00911804165823019,1.72174899627458,1587.6414778123035,217.6414778123035,0.15886239256372517
0.005210471193682609,1.7513543968481362,891.9154051878359,478.08459481216414,0.3489668575271271
0.007592336004178093,1.5512083481970462,1467.3238932087786,97.3238932087786,0.07103933810859751
0.009336507516726595,1.7654871634156308,1585.406337455198,215.4063374551979,0.15723090325196926
0.009066039057705087,1.7163654151782044,1583.538161162038,213.53816116203802,0.15586727092119565
0.00602327989102399,1.6216008454030775,1113.5501617867046,256.4498382132954,0.1871896629294127
0.006852369446304088,1.5659483378545205,1311.8495864596323,58.15041354036771,0.042445557328735554
0.009695037848996571,1.574126582554065,1846.4202684626782,476.4202684626782,0.3477520207756775
0.005471253613115799,1.5963510481403254,1027.4936524320076,342.5063475679924,0.25000463326130834
0.007518158195327638,1.6692871804418055,1350.2093297173628,19.790670282637166,0.014445744731851945
0.0073027188471880234,1.7670955351091826,1238.9256776352813,131.07432236471868,0.09567468785745889
0.006926308536655097,1.7654151385415728,1176.1851452036346,193.81485479636535,0.14147069693165354
0.006505599789674145,1.506874680721875,1294.2879568302128,75.7120431697872,0.055264265087435906
0.006600532861698328,1.6401262031357093,1206.4864075307894,163.5135924692106,0.11935298720380336
0.005136155713171727,1.7680301730229935,870.9018485186621,499.09815148133794,0.36430522005937077
0.009921726884843591,1.6254402352632482,1829.940483742372,459.94048374237195,0.33572298083384816
0.008173592334660945,1.663535336343354,1472.9962647407233,102.99626474072329,0.07517975528519948
0.007158638839433551,1.6139473993335227,1329.7248314872484,40.275168512751634,0.029397933220986595
0.00775160484716788,1.6392141000507954,1417.674890976817,47.674890976817096,0.03479919049402708
0.006119962961719877,1.66452773563475,1102.2458201715162,267.75417982848376,0.19544100717407573
0.007260007915978966,1.71432351620345,1269.5944479901145,100.40555200988547,0.07328872409480691
0.007516506444050296,1.6686697113439612,1350.412203874532,19.587796125468003,0.014297661405451098
0.0094856776497785,1.7714177160895348,1605.3438963568688,235.34389635686875,0.17178386595391879
0.00674929614266865,1.604790710105164,1260.8423438891652,109.15765611083475,0.07967712124878448
0.006817480593095701,1.554785156020346,1314.5412769458626,55.45872305413741,0.040480819747545554
0.006615659314518412,1.705274421617167,1163.0531379865645,206.94686201343552,0.151056103659442
0.00768342378315648,1.7561272102348795,1311.6546958463557,58.34530415364429,0.04258781325083525
0.005905236733115605,1.7184725660939744,1030.185450860323,339.81454913967696,0.24803981689027516
0.0069318104216347124,1.5399467917501137,1349.4651216683721,20.53487833162785,0.014988962285859745
0.007695349646431636,1.778339493268676,1297.2819837863335,72.71801621366649,0.05307884395158138
0.007808183750460964,1.7405214680388295,1344.9041807590788,25.095819240921173,0.018318116234249032
0.0053827009962561555,1.7061976156583485,945.7832712560829,424.2167287439171,0.30964724725833365
0.008453487528733272,1.7779166757461242,1425.4277714380214,55.42777143802141,0.04045822732702293
0.00784374530975871,1.652772844937135,1422.7579389035618,52.75793890356181,0.038509444455154605
0.008875782025249208,1.7465799274791032,1523.4873985195927,153.48739851959272,0.11203459745955673
0.009565912001485103,1.6146817648943321,1776.0702661583548,406.0702661583548,0.296401654130186
0.007710943623524744,1.7805703589378055,1298.2821660442205,71.7178339557795,0.0523487839093281
0.006859470809101192,1.7333937294173303,1186.353440387111,183.64655961288895,0.13404858365904304
0.006281060330307856,1.5662431870413298,1202.2491340098613,167.75086599013866,0.12244588758404282
0.00853440376341252,1.5175424572273146,1685.9824050475586,315.9824050475586,0.2306440912755902
0.007713120823629095,1.7479422259287327,1322.8900911402488,47.10990885975116,0.03438679478813953
0.006291640342852535,1.5055699894480343,1252.805473312622,117.1945266873779,0.0855434501367722
0.009835420115046522,1.5502447948842317,1902.0123670033881,532.0123670033881,0.38833019489298404
0.005915613808316454,1.520836081007084,1166.1062137607648,203.89378623923517,0.148827581196522
0.008706250860226077,1.7358578526147352,1503.6187101496964,133.61871014969643,0.09753190521875651
0.007853019302735959,1.7783872434660222,1323.8263871597771,46.17361284022286,0.03370336703665902
0.0076786811305333165,1.592317689466893,1445.6981201355072,75.69812013550722,0.055254102288691403
0.009260326091667888,1.5437398096273214,1798.3444513054656,428.34445130546555,0.3126601834346464
0.006876154522287573,1.5761449170465889,1307.88688497447,62.11311502553008,0.045338040164620494
0.005588777988007391,1.6655211758335018,1005.9754955697563,364.0245044302437,0.2657113171023677
0.005247313423986484,1.6980252146293926,926.4320551427421,443.5679448572579,0.3237722225235459
0.009090461101894341,1.5627462425094574,1743.8862458655378,373.88624586553783,0.2729096685149911
0.008605862928542644,1.6343815923210299,1578.5620767393666,208.5620767393666,0.15223509251048656
0.007435496390893164,1.5679083347839358,1421.7066712533106,51.70667125331056,0.037742095805336176
0.006197245753129529,1.6721133786213729,1111.1014126880302,258.8985873119698,0.18897707103063488
0.008920474528472506,1.7657730612930624,1514.515678169198,144.51567816919805,0.10548589647386719
0.009351898813359152,1.6316386137331904,1718.2902565719003,348.2902565719003,0.2542264646510221
0.005257170788213901,1.631598448965856,965.9608059344413,404.0391940655587,0.29491911975588225
0.00806140868773177,1.79886020386055,1343.4893496732286,26.510650326771383,0.01935083965457765
0.008372858926324004,1.7881679527325631,1403.7383648298305,33.738364829830516,0.024626543671409137
0.006909906784141596,1.7391835656920964,1191.0979267702141,178.90207322978586,0.13058545491225246
0.007109875906345443,1.5651228835544235,1361.8657016870336,8.134298312966393,0.005937444024063061
0.009319392089891031,1.5165819224606234,1842.2238985686772,472.2238985686772,0.3446889770574286
0.007063594768188625,1.6505510960099687,1282.9729676289999,87.02703237100013,0.06352338129270083
0.007571290207665067,1.6817019024182536,1349.7134648675199,20.28653513248014,0.01480768987772273
0.00787197876724554,1.7777079612993014,1327.5295579097756,42.470442090224424,0.03100032269359447
0.009321498345862683,1.5871096033150114,1760.7573512958254,390.7573512958254,0.2852243440115514
0.005161568431881612,1.6463555670193846,939.8937376149283,430.10626238507166,0.31394617692341
0.006669180977448412,1.792885934073721,1115.1686340319575,254.83136596804252,0.18600829632703833
0.006194160933113141,1.6152339318378637,1149.6555977329251,220.34440226707488,0.16083533012195247
0.006457685504736932,1.6686641263700819,1160.1887880621284,209.81121193787158,0.1531468700276435
0.006958021541226867,1.7167676909301668,1215.0522121785446,154.94778782145545,0.11310057505215726
0.007546494897081134,1.7973883282180279,1258.7053220287617,111.29467797123834,0.081236991219882
0.009294585610148693,1.7726016050463462,1571.9531440258693,201.95314402586928,0.14741105403348123
0.008744331226019048,1.5291942139178663,1714.2914405215013,344.2914405215013,0.2513076208186141
0.00916981815721249,1.6539118369162298,1662.1456255427966,292.14562554279655,0.21324498214802667
0.008621956919473464,1.67744853481478,1540.9102598455963,170.91025984559633,0.12475201448583674
0.005927924751628771,1.5691631659318601,1132.54451207721,237.4554879227901,0.17332517366627015
0.005285957459234262,1.5935253155229787,994.4556036545896,375.5443963454104,0.2741199973324164
0.009738693688519505,1.7744850132477157,1645.3150614368012,275.3150614368012,0.200959898858979
0.006237096216612732,1.541578372524074,1212.9350274286046,157.0649725713954,0.11464596538058058
0.009387697614532793,1.7616265076313748,1597.5922992925553,227.59229929255525,0.16612576590697464
0.006995496939408739,1.5245697211085831,1375.5994188785648,5.5994188785648475,0.004087167064645874
0.006039537528266161,1.779390738416254,1017.5436803687579,352.4563196312421,0.2572673865921475
0.00877760187129122,1.7188295964600337,1530.9596982501,160.95969825010002,0.11748883083948906
0.009019302525336094,1.7555415271527943,1540.2192609487488,170.2192609487488,0.12424763572901372
0.006890875324387693,1.6022735742601248,1289.3131887441034,80.6868112558966,0.05889548266853766
0.009661824841439182,1.5443196732085314,1875.6105152520379,505.6105152520379,0.369058770256962
0.006373998518766992,1.6034210786831873,1191.7497584594726,178.25024154052744,0.13010966535804921
0.00950090081310601,1.576874165630525,1806.294040486316,436.2940404863159,0.3184628032746831
0.009325245615355613,1.7900651501282776,1561.7522659892259,191.75226598922586,0.13996515765636924
0.007437140210622225,1.6557182865581705,1346.6050126606133,23.394987339386716,0.017076633094442857
0.007530315796298042,1.7609521679931661,1281.995004248848,88.00499575115191,0.06423722317602329
0.008806542131554471,1.7267298072133133,1528.979751823513,158.97975182351297,0.11604361446971749
0.009518008302555888,1.7602685083803558,1621.018095082045,251.01809508204497,0.1832248869212007
0.009211394510500244,1.6971577371783024,1627.1360884238495,257.1360884238495,0.18769057549186097
0.00632542063036911,1.734368179069882,1093.3741875264525,276.6258124735475,0.20191665144054563
0.007970028823346898,1.5011389154919543,1591.694483850599,221.694483850599,0.1618207911318241
0.0063709587137550155,1.664581284750621,1147.4149025406564,222.58509745934361,0.16247087405791505
0.005460927253396182,1.7041179157763735,960.6992503854808,409.3007496145192,0.29875967125147385
0.007875377965434653,1.7354278171284758,1360.4593026768957,9.540697323104268,0.006964012644601655
0.005180140643900821,1.69044977689454,918.6709464232802,451.32905357671984,0.32943726538446705
0.009637279431311195,1.5457479953093594,1869.1168922185122,499.11689221851225,0.36431889942957096
0.006494714463064693,1.6346377174281226,1191.1302376857886,178.86976231421136,0.13056187030234406
0.00657511803528308,1.6677208380898882,1181.9548886223135,188.04511137768645,0.13725920538517258
0.009654526160851364,1.5318816420758796,1889.4110674665073,519.4110674665073,0.37913216603394695
0.005538163832509949,1.5081065929537945,1100.9167096756576,269.08329032434244,0.1964111608206879
0.005243350478366317,1.5597507073117807,1007.8001059375069,362.19989406249306,0.2643794847171482
0.008175858034645137,1.7719603853521921,1383.2479533554276,13.247953355427626,0.009670038945567611
0.00987443434059394,1.6654145428911362,1777.503958376189,407.5039583761891,0.29744814480013804
0.006496992741918893,1.7356659647664623,1122.1914027507582,247.80859724924176,0.18088218777316917
0.005169969978980735,1.7258023187931395,898.0854822751116,471.91451772488836,0.3444631516240061
0.008101514711783176,1.7179709035797281,1413.7451361416054,43.74513614160537,0.03193075630774115
0.008395834934130316,1.5612831943978391,1612.140578273478,242.140578273478,0.17674494764487447
0.008478632739015387,1.5064267807123366,1687.3240583964873,317.3240583964873,0.2316234002894068
0.005120015273613505,1.6729845616250694,917.4872255743678,452.5127744256322,0.3303012952011914
0.00818490080139611,1.7449995012306616,1406.1731983339744,36.17319833397437,0.026403794404360855
0.0072323779273993135,1.686313790616859,1285.7703993791372,84.22960062086281,0.061481460307199136
0.006324078167760867,1.7942354782456538,1056.6678462689456,313.3321537310544,0.22870960126354337
0.008975976112553309,1.6648668994427904,1616.3033469115524,246.30334691155235,0.1797834648989433
0.007016334990641478,1.7297972929129548,1216.0062462889186,153.99375371108135,0.11240419978911048
0.005183783821026486,1.7555220092851314,885.2405639044042,484.7594360955958,0.35383900444933997
0.005891392552686387,1.7562902084731502,1005.6396408132383,364.3603591867617,0.2659564665596801
0.005426444178842634,1.523306422606572,1067.9447118665396,302.0552881334604,0.22047831250617547
0.006960878300729053,1.5220963880310345,1371.0162063480814,1.0162063480813686,0.0007417564584535536
0.009238646210924798,1.7301718614786157,1600.8100223052688,230.81002230526883,0.16847446883596265
0.006366936999399378,1.6775856186929206,1137.8016547783004,232.19834522169958,0.16948784322751795
0.007199503359734353,1.5413952688803776,1400.261731802112,30.26173180211208,0.02208885533000882
0.007840661704260508,1.5658056696011944,1501.189636939691,131.1896369396909,0.09575885908006634
0.00849675711779205,1.5186875929138177,1677.2795888090368,307.2795888090368,0.2242916706635305
0.0072368320191135566,1.6409564329793485,1322.1238635836835,47.87613641631651,0.034946084975413516
0.005247289342981579,1.6178628328152878,972.3307427937274,397.6692572062726,0.2902695308074983
0.009670807655112895,1.7481025475594576,1658.5040745001832,288.50407450018315,0.21058691569356433
0.007039943730135637,1.500913437503166,1406.1583981485267,36.15839814852666,0.026392991349289532
0.0076555230447832925,1.6797383615608643,1366.324734489352,3.6752655106479324,0.002682675555217469
0.008607837153709877,1.595524235696275,1617.3772861859838,247.37728618598385,0.18056736217955024
0.005873734047802028,1.5908883800348435,1106.8665721163243,263.1334278836757,0.19206819553552973
0.009896346449331867,1.7532756763775492,1692.1754332408211,322.1754332408211,0.23516454981081833
0.005874423647916499,1.6174323853246564,1088.8293821251257,281.1706178748743,0.20523402764589366
0.006267006329349225,1.7485637374006489,1074.4825547910077,295.5174452089923,0.21570616438612575
0.005395458091271476,1.504397751827265,1075.192808054653,294.8071919453471,0.21518773134696867
0.008965367825726156,1.7711470701459358,1517.5191844046578,147.51918440465784,0.10767823679172105
0.007940299885970023,1.585317476809619,1501.555401295775,131.55540129577503,0.09602584036187958
0.0053736247974315084,1.591221752457669,1012.412119117634,357.587880882366,0.2610130517389533
0.008627948498845926,1.6216034636493666,1595.0840917331195,225.08409173311952,0.16429495746943032
0.005508908782923109,1.5167841278333158,1088.83609382798,281.16390617202,0.20522912859271533
0.008211481147174005,1.5178232251828396,1621.8885546671017,251.88855466710174,0.18386025888109617
0.006804921999709447,1.6021349166490442,1273.3411347516726,96.6588652483274,0.07055391623965504
0.009641473521903098,1.520885736143633,1900.4984905718597,530.4984905718597,0.3872251755998976
0.005987046279757465,1.521839306120954,1179.4092274717418,190.59077252825819,0.13911735221040744
0.006860187766535231,1.7010344379735853,1209.0481573795532,160.95184262044677,0.11748309680324581
0.007305583182431336,1.7244047663981117,1270.0955031336955,99.9044968663045,0.07292299041336095
0.006644644593246148,1.6449317391941114,1211.0012152368129,158.99878476318713,0.11605750712641397
0.008080762614324076,1.7720094540079483,1367.121197453755,2.8788025462449696,0.0021013157271861094
0.009092356629037016,1.7324936902268595,1573.3505744974295,203.35057449742953,0.148431076275496
0.00968001373960065,1.5822077945158417,1834.1428493320411,464.1428493320411,0.3387904009722928
0.009075792474670278,1.5615540233158707,1742.4015395264564,372.4015395264564,0.27182594126018716
0.00512097733230178,1.6494074591829082,930.7769121970406,439.2230878029594,0.3206007940167587
0.008915501859867683,1.694344550572299,1577.4832904975037,207.48329049750373,0.15144765729744797
0.0065552141232646955,1.74818651931911,1124.1384903798782,245.86150962012175,0.17946095592709616
0.007133595099150115,1.635375632803655,1307.7105750222026,62.28942497779735,0.045466733560436026
0.008418385310687015,1.5887261547690243,1588.5484210769284,218.54842107692843,0.1595243949466631
0.0065029488386905325,1.6803915094832846,1160.1671429527494,209.83285704725063,0.1531626693775552
0.0060628632399386895,1.746570697739324,1040.6682509741386,329.3317490258614,0.24038813797508132
0.00835635300759257,1.6934439661265603,1479.3354006226643,109.33540062266434,0.07980686176836813
0.006550399031164442,1.658441545331687,1184.0997543515205,185.90024564847954,0.13569360996239382
0.006328567990814115,1.5087412598136165,1257.509822340687,112.49017765931308,0.0821096187294256
0.0051641198952585175,1.6813621558399905,920.7797329260138,449.2202670739862,0.32789800516349354
0.008798707237993605,1.7385245753005965,1517.2555554150922,147.2555554150922,0.10748580687233007
0.005185648212021207,1.52634291768362,1018.5248713077094,351.4751286922906,0.2565511888264895
0.005984816791514583,1.599066089620598,1122.0317585707364,247.96824142926357,0.18099871637172524
0.009944817460964948,1.530833792904419,1947.5538656142994,577.5538656142994,0.4215721646819704
0.009507763537209463,1.7878279246535198,1594.3121603580485,224.31216035804846,0.1637315039109843
0.005640275579467068,1.7296131447943077,977.6244386526655,392.3755613473345,0.28640551923163104
0.006994743774021463,1.6655754139737304,1259.007194451277,110.99280554872303,0.08101664638592922
0.007032766891073131,1.6523863792679794,1275.954885170294,94.04511482970611,0.06864606921876358
0.007676252837351521,1.5508889242030897,1483.8475344206743,113.84753442067426,0.08310039008808341
0.0055009461474505835,1.5720982493954334,1049.0070626972808,320.99293730271916,0.23430141408957603
0.005989808933064799,1.6226520603955938,1106.6448481605303,263.3551518394697,0.192230037839029
0.00795629754100217,1.5139923130012962,1575.4624220435878,205.46242204358782,0.14997257083473564
0.009817199634568036,1.6257356645377325,1810.3326840410498,440.3326840410498,0.32141071827813855
0.007167240670906969,1.7477393376340071,1229.4079852419754,140.59201475802456,0.10262190858249969
0.00749762687387605,1.70101060841443,1321.4097422833502,48.59025771664983,0.035467341399014474
0.00559247598566707,1.5531237403712703,1079.4903705794368,290.5096294205632,0.21205082439457168
0.009229675211740585,1.6854512213549486,1641.6891709538622,271.68917095386223,0.19831326346997244
0.006303276286456855,1.7804501896176204,1061.346564138281,308.6534358617189,0.22529447873118166
0.008256625434320194,1.645114164134595,1504.6214346116674,134.62143461166738,0.09826382088442874
0.008569558221901035,1.5461939651025256,1661.5566877778292,291.5566877778292,0.21281510056775854
0.006919387284237126,1.670283373548386,1241.9330483955753,128.06695160442473,0.09347952671855819
0.008646473808080549,1.799064007423106,1440.831246282314,70.83124628231394,0.05170163962212696
0.005171475455463311,1.6024806800606397,967.4808299226096,402.5191700773904,0.29380961319517546
0.00968349509746666,1.5789605489828746,1838.5758904302845,468.5758904302845,0.34202619739436824
0.0062693106592514695,1.7249875748760546,1089.568458275791,280.43154172420896,0.20469455600307224
0.007282981870192115,1.7667239048697378,1235.8371505678551,134.16284943214487,0.09792908717674807
0.0064286688820995135,1.6119343328882154,1195.6234236784987,174.37657632150126,0.12728217249744617
0.00962890392041592,1.7696011238956897,1631.256182631969,261.25618263196907,0.19069794352698471
0.007719701948656328,1.79956963729896,1286.0343796913023,83.96562030869768,0.06128877394795451
0.009037457304354193,1.566723635500526,1729.316822667853,359.3168226678531,0.26227505304222853
0.008273358280260646,1.6297063178082878,1521.9247711388962,151.92477113889618,0.110893993532041
0.0051302656822865104,1.6721803055853792,919.7662201548941,450.2337798451059,0.3286377955073766
0.00968192611568091,1.561118521457854,1859.2876764307439,489.2876764307439,0.35714428936550646
0.008001560894566983,1.6387739406155515,1463.7818853269544,93.78188532695435,0.06845393089558711
0.009168198707961255,1.7022490966483894,1614.661938434185,244.661938434185,0.17858535652130292
0.005298396867935624,1.707393796202472,930.3181398637099,439.6818601362901,0.3209356643330585
0.005930214101495836,1.7131170498486021,1037.7769937616436,332.22300623835645,0.24249854469953025
0.009366669960070894,1.5813981183366013,1775.6799998965969,405.6799998965969,0.29611678824569115
0.005121415087287335,1.541908719431323,995.7538978198507,374.24610218014925,0.2731723373577732
0.006432344325411975,1.6789020965510604,1148.5889022230785,221.41109777692145,0.16161393998315435
0.007682576422659787,1.5544496562131218,1481.6681005500823,111.66810055008227,0.08150956244531553
0.008522511169207542,1.6258998875629518,1571.4279773884657,201.4279773884657,0.14702772072150783
0.005528470891041915,1.6841745626727556,984.0986285748496,385.9013714251504,0.2816798331570441
0.008539777924039453,1.7619167064521641,1453.0545089030477,83.05450890304769,0.060623729126312184
0.006439947841246151,1.7153044516918472,1125.5423437015695,244.4576562984305,0.17843624547330694
0.007334971622086675,1.591564574119139,1381.6399332478509,11.639933247850877,0.008496301640767064
0.00801471427783592,1.7773197443027304,1351.895685186776,18.104314813223937,0.013214828330820392
0.008264028973567022,1.6096597287730252,1539.1411704493357,169.14117044933573,0.12346070835717937
0.0057680367025503415,1.790071722621959,966.0025791363055,403.9974208636945,0.2948886283676602
0.007445689422300284,1.547258839177253,1442.655538231045,72.65553823104506,0.05303323958470442
0.00871552111706543,1.770944087196096,1475.398075708209,105.39807570820903,0.07693290197679492
0.00953148618994844,1.593848536360506,1792.810049443355,422.81004944335496,0.3086204740462445
0.008909872615523867,1.5837298018534216,1686.5961660561134,316.59616605611336,0.2310920920117616
0.0065225598120571245,1.716242864164106,1139.3575346115163,230.64246538848374,0.1683521645171414
0.00614703974343326,1.5977657242527947,1153.3832063955185,216.61679360448147,0.15811444788648282
0.007523289873457788,1.5084572562947822,1495.1869229297301,125.18692292973014,0.09137731600710229
0.008046131332238268,1.5033646932162328,1604.513861717768,234.5138617177679,0.1711780012538452
0.006929872798156066,1.776682632724682,1169.327352854516,200.672647145484,0.14647638477772557
0.009365862529637371,1.535227199104945,1828.9247029280573,458.9247029280573,0.3349815349839834
0.005526471636773203,1.6069231447430743,1031.0353183197328,338.9646816802672,0.24741947567902714
0.009790172814651579,1.5943977904058548,1840.8329401924623,470.8329401924623,0.3436736789726002
0.007143840979245383,1.7504513599270664,1223.4956627519969,146.50433724800314,0.1069374724437979
0.009083367905591848,1.7607750613777324,1546.549159553044,176.5491595530441,0.1288679996737548
0.007314254229372865,1.6758873856614422,1308.416229289264,61.58377071073596,0.044951657453091945
0.006780271505099281,1.7667386586661302,1150.5234520399986,219.47654796000143,0.16020185982481855
0.007635663207037588,1.7659427945713821,1296.2561688492065,73.74383115079354,0.05382761397868142
0.006592861408832098,1.5956260741703887,1238.692547710309,131.3074522896909,0.09584485568590577
0.006625895921129957,1.6176125124158636,1227.9786471737257,142.02135282627432,0.10366522104107614
0.005936850338526806,1.5223965515592155,1169.092871329888,200.9071286701119,0.14664753917526416
0.009183247668575527,1.6565802797885705,1661.8985657226349,291.8985657226349,0.21306464651287219
0.008389710525340138,1.634670821965593,1538.6412398771813,168.6412398771813,0.12309579553078927
0.00569153347718895,1.5988714769085666,1067.1769654774685,302.82303452253154,0.221038711330315
0.006717530025374189,1.6139059537368963,1247.820440424521,122.17955957547906,0.0891821602740723
0.00768243922638146,1.7197686189874188,1339.2134928410187,30.786507158981294,0.02247190303575277
0.006483289939617303,1.6995638223934086,1143.6119087233876,226.38809127661239,0.16524678195373166
0.006118850804573405,1.7962614008304576,1021.2240389902357,348.7759610097643,0.2545809934377841
0.006990903982345633,1.6683980489242902,1256.1872089581254,113.81279104187456,0.08307502995757267
0.006771907766621373,1.6761075324044172,1211.23903774383,158.76096225616993,0.11588391405559849
0.007666822378492312,1.5008794848675888,1531.405785122309,161.405785122309,0.11781444169511605
0.006603480388655835,1.60302285346911,1234.962815898542,135.03718410145802,0.09856728766529783
0.008102659003433078,1.535697389788941,1581.76739449227,211.7673944922699,0.15457474050530648
0.005907320987247062,1.517418423748965,1167.0942247995038,202.90577520049624,0.14810640525583668
0.008571683721596118,1.5052807062397116,1707.140815293667,337.14081529366695,0.2460881863457423
0.008015433457904605,1.7506150531183857,1372.6412862726368,2.641286272636762,0.0019279461844063956
0.0071179840155103065,1.6081878252027844,1326.9083937664238,43.09160623357616,0.031453727177792816
0.006584708151720645,1.7742336233463716,1112.6188885394545,257.3811114605455,0.18786942442375587
0.006771868290339237,1.6824767154086233,1206.6467377648037,163.35326223519633,0.11923595783590972
0.00757064479156041,1.771719562123911,1281.0279116555014,88.97208834449862,0.06494313017846615
0.007505341214517228,1.5716562003246157,1431.6392416891763,61.63924168917629,0.044992147218376854
0.007367090983291142,1.6847778366566204,1310.9136802116118,59.08631978838821,0.04312870057546585
0.008015073136676504,1.688664228431927,1422.9344331675006,52.93443316750063,0.038638272385036955
0.0087911831056296,1.5370008239668052,1714.7228230904911,344.72282309049115,0.2516224986061979
0.00921567444907314,1.545732479473002,1787.3660105514316,417.3660105514316,0.30464672303024204
0.006532608457602562,1.6393913157547746,1194.6060271489255,175.39397285107452,0.12802479770151426
0.009729053440090858,1.754607364159993,1662.307422387084,292.307422387084,0.21336308203436788
0.008730680023970714,1.5786521858214364,1657.9915752853085,287.9915752853085,0.21021282867540766
0.007425727355981838,1.6167598945975439,1376.9373324551652,6.937332455165233,0.005063746317638856
0.0081164850812229,1.6357446880943713,1487.5555033315566,117.55550333155657,0.08580693673836245
0.008920651420830237,1.6817807967486587,1590.1858444228437,220.18584442284373,0.160719594469229
0.00503424350221775,1.597817956490799,944.5558097338096,425.4441902661904,0.3105432045738616
0.009627113960069137,1.7432797043610428,1655.5783620466595,285.57836204665955,0.20845135915814567
0.005254878995411092,1.5598907297013624,1009.9252854900058,360.07471450999424,0.26282825876641913
0.007532586579925221,1.632550941432223,1383.2417651313744,13.24176513137445,0.009665521993703978
0.008666323723912066,1.6578631457308022,1567.1368880511814,197.13688805118136,0.14389553872349004
0.009848144070105501,1.6942058438341159,1742.6449851179532,372.6449851179532,0.2720036387722286
0.00980498101187135,1.7222469817442845,1706.7583159386159,336.75831593861585,0.24580898973621595
0.008408391823650592,1.5603537547736583,1615.51343400649,245.5134340064899,0.179206886136124
0.008268542221076657,1.6301894747467562,1520.5880266883883,150.58802668838825,0.10991826765575785
0.005781797352474968,1.7675581219734697,980.6405902065038,389.3594097934962,0.28420394875437677
0.007802093328806927,1.7890113949930888,1307.4308767035366,62.56912329646343,0.045670892917126595
0.00723559700751815,1.5101004172485237,1436.4458066528164,66.44580665281637,0.048500588797676186
0.006504025661246943,1.782818356419467,1093.6940563010041,276.30594369899586,0.20168317058320867
0.009110334399613017,1.7374918068417151,1571.9265737583721,201.92657375837211,0.14739165967764387
0.0067504947763975184,1.6011646959287094,1263.922085515729,106.0779144842711,0.0774291346600519
0.00524840691040908,1.7526522475951498,897.7438681373691,472.2561318626309,0.3447125050092196
0.008202425715489257,1.5941808785598353,1542.5008541254042,172.5008541254042,0.12591303220832423
0.005011509177067299,1.599430636867757,939.3421758037665,430.6578241962335,0.3143487767855719
0.005454700700655497,1.706347520520535,958.3499908652716,411.6500091347284,0.3004744592224295
0.00604899837349077,1.766447004629534,1026.6054323022968,343.3945676977032,0.2506529691224111
0.007701911154799901,1.7499206392263993,1319.4740519294787,50.52594807052128,0.036880254066073925
0.00892411152679632,1.7332427090333116,1543.5699317475005,173.5699317475005,0.1266933808375916
0.007609258820478427,1.7702942858460793,1288.5984119070642,81.40158809293575,0.059417217586084495
0.007657900101616617,1.7707867444106786,1296.4749718330063,73.5250281669937,0.053667903771528254
0.005367532719009402,1.6696452942743765,963.765077975189,406.234922024811,0.2965218408940226
0.005601475017052212,1.504064414881545,1116.4947107135229,253.50528928647714,0.18504035714341396
0.0058740813863128235,1.7847944510672331,986.6712081280624,383.3287918719376,0.27980203786272817
0.00591144056597977,1.6070026578148504,1102.8017215639038,267.1982784360962,0.19503523973437678
0.007369321900095844,1.7221553035351393,1282.8501132783492,87.14988672165077,0.06361305600120494
0.0055172801083214675,1.5967320529394629,1035.8901245222944,334.1098754777056,0.24387582151657344
0.009218168274578647,1.70157511939468,1624.1053914073773,254.10539140737728,0.18547838788859655
0.009719108806929437,1.7886061013806527,1629.042591630254,259.04259163025404,0.18908218367171828
0.008115995477225385,1.5107844949549452,1610.4972227073602,240.49722270736015,0.17554541803456947
0.005540965349311446,1.540695731780327,1078.17500074684,291.82499925316006,0.21301094835997084
0.00951527856495852,1.6239705595248817,1756.5643248965075,386.5643248965075,0.28216374080037043
0.007888015784614554,1.5702757517216506,1505.9569239476978,135.95692394769776,0.09923863061875748
0.0059471100174281815,1.6789893710555481,1061.8880386362084,308.1119613637916,0.22489924187138072
0.005817695092240801,1.6123688381209373,1081.701078786657,288.29892121334296,0.21043716876886348
0.005667952336784416,1.7720786906507853,958.8791806121314,411.12081938786855,0.3000881893342106
0.00897921817382654,1.7211834408420343,1563.9831428617522,193.98314286175219,0.14159353493558555
0.005177954535112338,1.6629181776383528,933.4865289031484,436.5134710968516,0.3186229716035413
0.00993085415538461,1.6173844572120606,1840.7467463945811,470.7467463945811,0.34361076379166505
0.005353010021602813,1.5254589607165878,1052.0060345124498,317.9939654875502,0.2321123835675549
0.0069933702287152955,1.6189537393747317,1295.0089922768939,74.99100772310612,0.0547379618416833
0.008221092475077702,1.7829613558949065,1382.319090876651,12.31909087665099,0.008992037136241597
0.005144381111981521,1.5388826196352068,1002.1860269078248,367.81397309217516,0.26847735262202566
0.005793493629858131,1.6082641432663154,1079.9505186847307,290.0494813152693,0.21171494986516007
0.007189030451215911,1.6687511272297542,1291.514998515495,78.48500148450489,0.05728832225146342
0.008489525963074774,1.6671106778305176,1526.650803434986,156.65080343498607,0.1143436521423256
0.0077285698895929724,1.5650392616110065,1480.4529323058941,110.45293230589414,0.08062257832547018
0.009278292974616758,1.5806171240707798,1759.7950917681765,389.79509176817646,0.2845219647942894
0.00998115087687126,1.5633359444905515,1914.031187980643,544.0311879806429,0.39710305692017733
0.009856170120104955,1.5761451547015988,1874.7038989133164,504.7038989133164,0.3683970065060703
0.006673092527137842,1.5107688608370655,1324.1885393796458,45.81146062035418,0.033439022350623494
0.005498436612780683,1.506810595492548,1093.9595409228507,276.0404590771493,0.20148938618770024
0.0075491388254863645,1.7095802436353682,1323.8190442954701,46.18095570452988,0.03370872679162765
0.009986207399440075,1.697391871859558,1763.7586888501571,393.7586888501571,0.28741510135047965
0.006271371129767947,1.6369243214715394,1148.562423663676,221.4375763363239,0.16163326739877656
0.005421132779430633,1.6683662331564426,974.1354678553273,395.8645321446727,0.28895221324428666
0.00912410176046628,1.7243957932375729,1586.2581575177046,216.2581575177046,0.15785266972095227
0.00986356268742907,1.7309051943078713,1708.3672245167977,338.3672245167977,0.24698337555970634
0.008515301976737492,1.5241266117986383,1674.9417603868076,304.9417603868076,0.22258522655971355
0.005224335279152619,1.5375650940831305,1018.6341513477413,351.3658486522587,0.25647142237391146
0.007259794203961934,1.6758063200557844,1298.7369261785886,71.26307382141135,0.052016842205409745
0.005837789223523824,1.5343052602239267,1140.6629606097379,229.33703939026213,0.16739929882500887
0.00846015607697613,1.5910479271876607,1594.1009331274288,224.1009331274288,0.16357732345067794
0.00848019288776282,1.6736659216889183,1518.999602723026,148.9996027230261,0.10875883410439861
0.0069894905677023575,1.74712103667332,1199.342526061694,170.6574739383061,0.12456749922504096
0.009547989400507492,1.6751094261026909,1708.792970018551,338.79297001855093,0.2472941386996722
0.006400618617039199,1.5079114782576497,1272.5264152375369,97.47358476246313,0.07114860201639644
0.005292738062311923,1.6783339532359383,945.4155117289633,424.58448827103666,0.3099156848693698
0.006860607288667183,1.6299323856678878,1261.8672654936324,108.13273450636757,0.0789290032893194
0.006139221725925778,1.5471811300992855,1189.5778300399666,180.42216996003344,0.13169501456936747
0.007374445896455939,1.5204352708934685,1454.0594420618663,84.05944206186632,0.06135725697946447
0.008631969920150084,1.593627549239276,1623.842083414756,253.84208341475596,0.1852861922735445
0.006588133318426482,1.6696205454269926,1182.9470394170683,187.05296058293175,0.1365350077247677
0.007794147908214064,1.6510323867888879,1415.251922443257,45.251922443256944,0.03303060032354521
0.00945102715033661,1.7262385742748387,1641.3412967639103,271.34129676391035,0.1980593407035842
0.007438062618024615,1.5702513609193745,1420.0752379605856,50.07523796058558,0.03655126858436904
0.008761028190316475,1.5601666148868116,1683.4677467911442,313.46774679114424,0.2288085743001053
0.007951974214212721,1.7043534497784352,1398.7368030623934,28.736803062393392,0.020975768658681306
0.005575190790293308,1.5463830763314395,1080.844828440659,289.15517155934094,0.21106216902141675
0.006373255062742225,1.658552745402876,1152.0006258566848,217.9993741433152,0.15912363076154395
0.007598898723381637,1.6728580718346568,1361.7966549171822,8.203345082817805,0.005987843126144383
0.005747197367334621,1.6259966067840432,1059.637159250979,310.36284074902096,0.2265422195248328
0.006306261633598459,1.5992751074454492,1182.1416259941782,187.85837400582182,0.13712290073417652
0.005342532880620567,1.6414402035876754,975.7596169061482,394.24038309385185,0.28776670298821305
0.008529175419648321,1.7775467401719607,1438.4895800389406,68.48958003894063,0.049992394189007756
0.008069928451545126,1.7723955108419263,1364.990867768349,5.009132231650938,0.003656300899015283
0.00859177736834477,1.5802051837555173,1630.0098761372997,260.00987613729967,0.18978823075715304
0.009828598701709105,1.6730499501249145,1761.1785967663334,391.1785967663334,0.2855318224571777
0.009007275599791538,1.706536807634253,1582.335218241401,212.33521824140098,0.1549892103951832
0.008907437959459991,1.6208153161473264,1647.5552110998726,277.5552110998726,0.20259504459844718
0.005172874024606654,1.571124931943625,987.0562087272806,382.9437912727194,0.2795210155275324
0.006590690882282811,1.6812207762185847,1175.240900818408,194.7590991815921,0.14215992640992123
0.007834010010620415,1.5731556772293431,1492.9082678052796,122.90826780527959,0.08971406409144496
0.0074059705139664445,1.7540280389364955,1265.8030857954304,104.19691420456957,0.07605614175516026
0.005748217497780546,1.5919020559457278,1082.5240449573175,287.4759550426825,0.20983646353480473
0.009979180332140862,1.7018903999087491,1757.858790882287,387.85879088228694,0.2831086064834211
0.008153351328074666,1.665495242659863,1467.6194641525374,97.61946415253738,0.07125508332301998
0.00668322484112783,1.5084237796208944,1328.2609499778125,41.739050022187485,0.030466459870209843
0.00705879637961314,1.6213620026552293,1305.1828732264385,64.81712677356154,0.04731177136756317
0.005128528229499465,1.7403408602496795,883.4442257612998,486.5557742387002,0.35515020017423377
0.00890523337208433,1.543376873857133,1729.7925392705608,359.79253927056084,0.2626222914383656
0.008867775872091876,1.6595041645027455,1601.9799061390777,231.97990613907768,0.16932839864166255
0.009265234528365855,1.585942392666411,1751.4176088926354,381.41760889263537,0.2784070137902448
0.007595186148413729,1.5217698354852522,1496.2706391630084,126.27063916300835,0.09216834975402069
0.0053868495001770066,1.6530919226138538,976.9189664786534,393.0810335213466,0.2869204624243406
0.009535641892917791,1.7546163981633995,1629.2527099814429,259.2527099814429,0.1892355547309802
0.007221831173810442,1.5602959969266288,1387.5896132030305,17.589613203030467,0.012839133724839757
0.008533543612135496,1.682844234229701,1520.2191402481897,150.21914024818966,0.10964900748043041
0.00963950056363034,1.6464589907090925,1755.1907361011965,385.19073610119653,0.2811611212417493
0.008223986214426266,1.6315606880313838,1511.1230981887572,141.12309818875724,0.10300956072172061
0.00987308435394412,1.6249716013323179,1821.4941258563783,451.49412585637833,0.32955775609954624
0.006464844077881154,1.7198829159214126,1126.8857192272344,243.1142807727656,0.17745567939617926
0.00524833500311732,1.7929671897781727,877.5460365153934,492.45396348460656,0.3594554477989829
0.009885850494538675,1.5421392784576153,1921.813068753712,551.8130687537121,0.4027832618640234
0.007495189893615018,1.5962485053223268,1407.6764325175502,37.67643251755021,0.02750104563324833
0.006452940079268546,1.7465687639000826,1107.6247369561356,262.3752630438644,0.1915147905429667
0.009481879784344519,1.5667412979281847,1814.3365792221878,444.33657922218777,0.32433326950524655
0.006225166450638887,1.6522717890742722,1129.5102682481715,240.48973175182846,0.17553995018381638
0.00786193971344278,1.5556166558038398,1515.1227794760982,145.12277947609823,0.10592903611394032
0.009088128175959727,1.6751735578381477,1626.4298536362548,256.42985363625485,0.18717507564690136
0.006486333063863096,1.7180807025452545,1131.81745755099,238.18254244901004,0.17385587040073724
0.006150716195385653,1.5868190342842718,1162.034414029306,207.96558597069406,0.1517996977888278
0.00573569109424099,1.5832692187358022,1086.0546716396116,283.94532836038843,0.2072593637667069
0.005547809475162792,1.7893017353374177,929.5198267725967,440.48017322740327,0.32151837461854255
0.007518302484303125,1.5881760076593328,1419.1943278872484,49.19432788724839,0.03590826853083824
0.008607802268825349,1.7749928962505386,1453.8391706244245,83.83917062442447,0.06119647490833903
0.007576800326260147,1.5254558996565164,1489.0417966826788,119.04179668267875,0.08689182239611587
0.005169124574105029,1.5724695968725788,985.4973125465922,384.5026874534078,0.28065889595139254
0.00674461158780329,1.7266781965988542,1171.0252032750852,198.97479672491477,0.14523707790139764
0.007657655053454188,1.7282914209708937,1328.3102624564926,41.68973754350736,0.03043046536022435
0.007215049416852068,1.706128373592357,1267.7928769891937,102.2071230108063,0.0746037394239462
0.006743686330161724,1.7135353939901008,1179.8450781880156,190.15492181198442,0.13879921300144848
0.009554497916988633,1.623063274828204,1764.7903565516176,394.7903565516176,0.288168143468334
0.006522633694692162,1.6293447247092934,1200.1366919540446,169.86330804595536,0.12398781609193822
0.00938127767409274,1.5398296918914791,1826.4593207331102,456.4593207331102,0.3331819859365768
0.009711413246523526,1.6827947257213831,1730.1031452787447,360.1031452787447,0.2628490111523684
0.005006306605687811,1.6312472864973273,920.0646494520587,449.9353505479413,0.3284199639036068
0.00708282388017877,1.5321107965932759,1385.9162048471464,15.916204847146446,0.011617667771639742
0.005154653705278189,1.7194648082149189,898.7251713796069,471.2748286203931,0.34399622527035995
0.00957293255920895,1.7472305983368766,1642.5381886771129,272.5381886771129,0.1989329844358488
0.006119204857793154,1.6311109259538297,1124.688355729448,245.31164427055205,0.1790595943580672
0.009371148178602674,1.6317334612614776,1721.7269936804498,351.7269936804498,0.25673503188354
0.008033188295950688,1.7348478198977868,1388.1847371268443,18.18473712684431,0.013273530749521395
0.005394859923919501,1.7648840791528915,916.399176728825,453.60082327117505,0.3310954914388139
0.005022052332613766,1.5964668727394036,943.0658654479166,426.9341345520834,0.3116307551475061
0.00640198695485775,1.6952590240402712,1132.1381441206518,237.86185587934824,0.17362179261266295
0.005311956080562117,1.5569139599963382,1022.8467411156803,347.1532588843197,0.2533965393316202
0.0057237174424559,1.6864437146549331,1017.4827099536062,352.5172900463938,0.25731189054481296
0.005564283111725474,1.7232798463533903,967.9972261046147,402.0027738953853,0.2934326816754637
0.009942999376098837,1.5953566936902321,1868.4449907927117,498.4449907927117,0.3638284604326363
0.006699219782019533,1.7871333605205713,1123.7972551465566,246.2027448534434,0.1797100327397397
0.0056849112226651285,1.727188060612879,986.7446098196214,383.25539018037864,0.2797484599856778
0.005984621408179448,1.5444901720633684,1161.6418120425092,208.35818795749083,0.15208626858211008
0.007073827563333444,1.7127298253811971,1238.1872034066378,131.81279659336224,0.09621372014114032
0.006534194963782204,1.742316522011312,1124.3091278168858,245.69087218311415,0.17933640305336798
0.00622914756120276,1.5576420149856849,1198.8964349005719,171.10356509942812,0.12489311321126141
0.005574452944655697,1.7082860816485863,978.2781515557941,391.7218484442059,0.2859283565286174
0.009505887108216444,1.7565536566030548,1622.377574934914,252.37757493491404,0.18421720798168909
0.009891171244155575,1.5046048930655278,1970.8154303172098,600.8154303172098,0.4385514089906641
0.007959657949376591,1.5839921962595134,1506.4754909259018,136.4754909259018,0.09961714666124219
0.007811573447111411,1.6989496695597528,1378.4109361897133,8.410936189713311,0.006139369481542563
0.009206088464187794,1.7445327554427557,1582.0372994623694,212.03729946236945,0.15477175143238645
0.006835874411550913,1.5902841340086016,1288.6650558805532,81.33494411944685,0.0593685723499612
0.007702742124831581,1.6483201125133013,1400.9560263281492,30.956026328149164,0.02259563965558333
0.0055900840029383435,1.5191500852591664,1103.1596153196826,266.84038468031736,0.19477400341629003
0.008454406689108315,1.7927912588098862,1413.7548639889915,43.754863988991474,0.03193785692627115
0.00614806638427543,1.7799574217805298,1035.4988893191428,334.5011106808572,0.24416139465756
0.00898049805420302,1.6455733659696419,1636.0775164511315,266.0775164511315,0.1942171652927967
0.005628758610389071,1.5038412902861087,1122.0993798994318,247.90062010056818,0.180949357737641
0.00533133192605822,1.7381959905349655,919.512593073558,450.48740692644196,0.32882292476382624
0.00886459152188733,1.5239721620664168,1743.8229829008806,373.82298290088056,0.272863491168526
0.0071906935133451404,1.6032064391141163,1344.6276352791965,25.37236472080349,0.018519974248761673
0.005323708734646953,1.6250758396184841,982.1127656482614,387.8872343517386,0.28312936813995515
0.007700442234087871,1.6296106339178242,1416.6172317458168,46.61723174581675,0.03402717645680055
0.009992089979042773,1.7710613738915988,1691.388711613192,321.3887116131921,0.23459030044758544
0.00771177623966785,1.771863386625618,1304.8028261585816,65.19717384141836,0.04758917798643676
0.005102856800863733,1.7386942120847304,879.8545325107488,490.14546748925125,0.35777041422573086
0.00845227086024906,1.6707774424031867,1516.6155542722254,146.61555427222538,0.10701865275344918
0.006984347883470726,1.6268227852331076,1287.0823045503125,82.91769544968747,0.06052386529174268
0.009658065520187492,1.7541748879888612,1650.5852532991241,280.58525329912413,0.20480675423293732
0.006875397631974232,1.5721258167548053,1311.086131815877,58.913868184122975,0.04300282349206057
0.006576112993331442,1.76098456999407,1119.5266057119452,250.4733942880548,0.18282729510076992
0.009001190766901729,1.7888822905059154,1508.477734537364,138.47773453736409,0.10107863834844094
0.008945193863676744,1.5312963799417494,1751.2623230913534,381.26232309135344,0.278293666490039
0.00505350800332606,1.7216090616133932,879.9928041851831,490.0071958148169,0.35766948599621673
0.005220900487398393,1.7847208630039446,876.9923759708428,493.0076240291572,0.3598595795833264
0.00902863546544406,1.5980836217999266,1693.7266496247955,323.7266496247955,0.23629682454364637
0.00655582000051642,1.6761606448933688,1172.551925824156,197.4480741758441,0.14412268188017818
0.00934423130634367,1.625261719602395,1723.6178257706326,353.61782577063263,0.2581152012924326
0.008352309792252585,1.7228278940008566,1453.4008250714023,83.40082507140232,0.06087651465065863
0.005026620447527968,1.687668987631563,892.9137825257307,477.08621747426935,0.3482381149447222
0.007339439944284206,1.6312797132477361,1348.8237016444725,21.17629835552748,0.015457152084326627
0.006840978829497049,1.6227597380853636,1263.8185495288637,106.18145047113626,0.07750470837309216
0.008938364598593707,1.5501642076171205,1728.626090284782,358.6260902847821,0.2617708688210088
0.00700299101931209,1.5711820282653224,1336.2193897733205,33.78061022667953,0.024657379727503304
0.007984039812215602,1.5285662416799035,1565.8823640141643,195.8823640141643,0.14297982774756518
0.0073194891586558335,1.5991712915751284,1372.1654820456708,2.165482045670842,0.001580643828956819
0.007861516591538916,1.5639934414724475,1506.9266405403614,136.9266405403614,0.09994645294916892
0.009897313762275727,1.733692001936032,1711.4574082803815,341.4574082803815,0.2492389841462639
0.00565542902434649,1.6278553561691493,1041.5267928001354,328.47320719986465,0.23976146510939025
0.008455340760565184,1.6105388250945185,1573.9126249804392,203.9126249804392,0.14884133210251038
0.007760332233147337,1.7045011947155952,1364.9090316185175,5.090968381482526,0.0037160353149507486
0.008549200073833968,1.7566536491462006,1459.015956454577,89.01595645457701,0.06497515069677154
0.0055266990949788845,1.5543058122186315,1065.9824426346788,304.0175573653212,0.22191062581410306
0.008701771461013088,1.6692058538643277,1562.854245455696,192.85424545569595,0.14076952223043498
0.006991337151656878,1.6752704160185228,1251.1115395824909,118.88846041750912,0.08677989811497017
0.009222105595634966,1.7385192347139515,1590.2715651609428,220.27156516094283,0.16078216435105316
0.0069263320702414935,1.503859511495721,1380.7553833248035,10.75538332480346,0.007850644762630263
0.009594658584163383,1.5436616471162434,1863.3657744821437,493.3657744821437,0.36012100327163776
0.006212584129746917,1.7402008937482276,1070.2706069625108,299.7293930374892,0.21878057885948118
0.008925226906458803,1.5067200892589976,1775.8545409790968,405.8545409790968,0.29624419049569106
0.0052518033752954945,1.7645103394780195,892.2877965556663,477.7122034443337,0.34869503901046256
0.0065710540423524685,1.7558635273048806,1121.9279929069503,248.0720070930497,0.18107445773215308
0.009833189025234333,1.6730512856023974,1761.9997266205744,391.9997266205744,0.2861311873142879
0.009196455162923207,1.744546077452919,1580.3697785987222,210.36977859872218,0.1535545829187753
0.009694619978165288,1.595174916908151,1821.9782180774,451.9782180774,0.32991110808569346
0.007392245090683673,1.5416923175101387,1437.4718617354185,67.47186173541854,0.04924953411344419
0.0063186697129086426,1.7611406504682128,1075.6037707831142,294.3962292168858,0.2148877585524714
0.008355215595932115,1.7648738591564928,1419.2689226082066,49.268922608206594,0.035962717232267585
0.009523310613359223,1.7951775108118977,1590.3812742090458,220.38127420904584,0.16086224394820864
0.009717038161006724,1.5886404426076515,1833.703005814423,463.703005814423,0.33846934730979783
0.006390039381828521,1.6703670163083966,1146.865086709473,223.13491329052704,0.16287219948213652
0.005872223635954639,1.5334740970779297,1148.0131037773076,221.9868962226924,0.1620342308194835
0.0059988196596021635,1.6140430328448176,1114.2211541170002,255.7788458829998,0.18669988750583927
0.0078098754073409994,1.710624253618579,1368.7060382125055,1.2939617874944815,0.000944497655105461
0.007587853605452628,1.750692597932511,1299.360770708244,70.63922929175601,0.0515614812348584
0.007446597985467334,1.7134917515721653,1302.8565277613939,67.14347223860614,0.0490098337508074
0.005077084576378484,1.7937175470149334,848.5570468769699,521.4429531230301,0.3806152942503869
0.007178508001436791,1.6198290263698427,1328.57389483033,41.42610516967011,0.030238032970562122
0.007912836834158443,1.638109137234924,1448.138436166415,78.13843616641498,0.057035354865996334
0.005143770986641897,1.7393096576839497,886.5952883443761,483.40471165562394,0.35285015449315615
0.008386077200530105,1.6959447395701452,1482.408381750634,112.40838175063391,0.08204991368659409
0.007248897953651741,1.6405681085490342,1324.6417042925666,45.3582957074334,0.03310824504192219
0.005181529642943374,1.7020078080548877,912.6770749854055,457.3229250145945,0.33381235402525145
0.007305606085318542,1.758852327267748,1245.2242701350997,124.77572986490031,0.09107717508386884
0.005533521405901836,1.659873769629643,999.4181569849546,370.58184301504537,0.27049769563141995
0.009297643044493912,1.5628407645092712,1783.5235202548988,413.5235202548988,0.3018419855875174
0.00995145699775735,1.5983605198961033,1866.5199226973534,496.5199226973534,0.3624233012389441
0.0055277873348828915,1.7748975223804666,933.6814838770035,436.31851612299647,0.31848066870291714
0.008283159765277855,1.6165383839060967,1536.1397234744534,166.13972347445338,0.12126987114923604
0.008281670763000239,1.776602227426645,1397.4892049881153,27.48920498811526,0.02006511313001114
0.008399642906888206,1.6673697354296264,1510.2526691414582,140.25266914145823,0.10237421105215928
0.006051462390401503,1.5829689144691799,1146.0634305136534,223.93656948634657,0.163457349990034
0.009032178206258082,1.7204076767839525,1573.917009374158,203.91700937415794,0.1488445323898963
0.005867236171431919,1.5625536350181983,1125.6913772944495,244.30862270555053,0.178327461828869
0.0073887731100475565,1.5063447231958593,1470.5123058192887,100.51230581928871,0.07336664658342242
0.007964840284972227,1.5025640279429007,1589.1496150605194,219.1496150605194,0.159963222671912
0.00719017677528367,1.5196201317235964,1418.4865835331534,48.48658353315341,0.03539166681252073
0.005918907841159074,1.5238990494465388,1164.4104188010408,205.5895811989592,0.15006538773646658
0.009912847505264649,1.645924814812648,1805.548402112602,435.54840211260193,0.31791854168803063
0.008089033770460968,1.7744203827067235,1366.661102704607,3.3388972953930534,0.002437151310505878
0.005557066594186187,1.6837845712578188,989.4179350368182,380.5820649631818,0.27779712771035164
0.007097763599505142,1.6077806404635275,1323.4740749118034,46.52592508819657,0.03396052926145735
0.009384491937188417,1.792535801935251,1569.5083478352312,199.50834783523123,0.14562653126659214
0.007639212316961617,1.7029905821782516,1344.7979464199325,25.202053580067513,0.018395659547494534
0.008289855339233737,1.7918078635957755,1386.9992196741273,16.99921967412729,0.012408189543158605
0.008823663876492152,1.6568951475451352,1596.520990491543,226.520990491543,0.1653437886799584
0.0065594792883551314,1.5815661217752963,1243.3766707450166,126.62332925498345,0.09242578777736019
0.008641919592545304,1.6559823376546687,1564.4987615971695,194.4987615971695,0.14196989897603612
0.005692153728860876,1.6766096112473412,1017.8068563137456,352.1931436862544,0.2570752873622295
0.008643780846419645,1.5588848341736625,1662.303878743608,292.30387874360804,0.21336049543329053
0.007865961128662797,1.7950485209762506,1313.7003227142704,56.29967728572956,0.04109465495308727
0.008978663481700257,1.5198394579108208,1771.0657403472285,401.0657403472285,0.2927487155819186
0.008962885194343219,1.7368721546768207,1547.0369399087588,177.03693990875877,0.129224043729021
0.006028218577952015,1.5862400868998157,1139.3070190134715,230.69298098652848,0.16838903721644416
0.00780145742094724,1.5236005152725094,1535.0599272997722,165.0599272997722,0.12048169875895781
0.008295955155711332,1.5123568404153114,1644.4960085646817,274.4960085646817,0.20036205004721291
0.00684340022214548,1.7836890291255472,1150.2003657445466,219.79963425545338,0.16043768923755722
0.00534569211219335,1.7009885597695604,942.1569409277898,427.84305907221017,0.3122942037023432
0.006064183614519251,1.5407489458064656,1179.9433752709576,190.05662472904237,0.13872746330587035
0.009790971645600062,1.7247947141542825,1701.8022097093399,331.8022097093399,0.24219139394842326
0.0064983406268294295,1.7536401111809903,1110.9197930734317,259.0802069265683,0.1891096400923856
0.005777465897099375,1.5619297799637348,1108.9107362706225,261.08926372937754,0.1905761049119544
0.009573817408989549,1.6468977946159016,1742.766468488448,372.766468488448,0.27209231276529056
0.008886937677896029,1.5993391202273048,1665.8361299701155,295.8361299701155,0.21593878100008432
0.008430706379098443,1.7421165001662087,1450.7997529585803,80.79975295858026,0.05897792186757683
0.005192988534860984,1.7169678381719962,906.7256605629206,463.27433943707945,0.3381564521438536
0.005097653801773547,1.704858773424138,896.4016181805682,473.5983818194318,0.34569224950323485
0.00929380192169851,1.720198758717691,1619.7033675039274,249.70336750392744,0.18226523175469156
0.009438232838824652,1.7579924337303916,1609.5126279488288,239.51262794882882,0.17482673572907212
0.0063063488431126195,1.7337249510582473,1090.4819818900276,279.51801810997245,0.20402775044523536
0.006605391900332083,1.7853188689490778,1109.1837476738885,260.81625232611145,0.19037682651540982
0.00723975867394147,1.5034404191378496,1443.638883563053,73.63888356305301,0.0537510099000387
0.00987259538464215,1.562368714816765,1894.3861389009207,524.3861389009207,0.38276360503716844
0.008811482553505487,1.5399190300660093,1715.4252670195865,345.4252670195865,0.252135231401158
0.007032864547905603,1.5666727210089515,1345.7818734724956,24.21812652750441,0.017677464618616356
0.009863610062011426,1.5997103188588562,1848.482109781802,478.4821097818019,0.3492570144392715
0.009378048733376707,1.7283603503222489,1626.6678881511007,256.66788815110067,0.1873488234679567
0.008715661639797636,1.5844624917169357,1649.0700409448611,279.07004094486115,0.20370075981376726
0.006041942720113902,1.5264124916999449,1186.657518205253,183.34248179474707,0.13382662904726064
0.007394320849424518,1.690248481744385,1311.5004371439293,58.499562856070725,0.04270041084384724
0.006649172549011622,1.7285509435182906,1153.203953640506,216.79604635949408,0.15824528931349932
0.009715991532849962,1.6965733369910405,1716.8612284725891,346.8612284725891,0.25318337844714534
0.007172568307360421,1.6474926345819214,1305.184519736654,64.81548026334599,0.047310569535289046
0.007077935591431215,1.5144610494831252,1401.1002192793542,31.100219279354178,0.022700889984930056
0.009785896132668325,1.7350369918878952,1690.879139212547,320.879139212547,0.23421834979018027
0.006569411221395522,1.504037330069563,1309.448840331547,60.55115966845301,0.04419792676529417
0.007374851773604774,1.5753398139401877,1403.4590638985646,33.45906389856464,0.024422674378514333
0.007299528520402419,1.7774980041701973,1231.1370208227856,138.86297917721436,0.10135983881548494
0.0057309576937969965,1.6037283903518387,1071.3147588167863,298.68524118321375,0.2180184242213239
0.009193380486869919,1.7426867315765708,1581.5270085832237,211.52700858322373,0.1543992763381195
0.008614268466752634,1.7531251996922284,1473.0794571734157,103.07945717341568,0.07524047968862459
0.007239180420226101,1.5904912639569262,1364.5165750145427,5.4834249854573045,0.004002499989384894
0.005206433382565301,1.6922340451888458,922.3602761155429,447.6397238844571,0.3267443240032534
0.006195827114015262,1.655307908409468,1122.1249112731282,247.8750887268718,0.18093072169844657
0.008234583927701704,1.7539227351608466,1407.5113497326292,37.51134973262924,0.027380547250094336
0.0073702286827332895,1.5410072149059326,1433.8277922687023,63.8277922687023,0.04658962939321336
0.009181034861966567,1.5420632310823683,1784.8846615198427,414.88466151984267,0.3028355193575494
0.006358801104583438,1.5503127730229826,1229.636139395933,140.36386060406699,0.10245537270369853
0.007506592506047127,1.777498067492736,1266.0603461395576,103.93965386044238,0.07586836048207472
0.006033467918726295,1.5029742622687097,1203.4724898673717,166.52751013262832,0.12155292710410827
0.007053318403443769,1.6889921077875,1251.9488110545287,118.05118894547127,0.08616875105508852
0.009094342394337348,1.5064880646235912,1809.782184350207,439.782184350207,0.3210088936862825
0.007581622097400088,1.7429007068772162,1304.0978841985227,65.9021158014773,0.048103734161662255
0.008856478211984256,1.6664687156550833,1593.2524549976276,223.25245499762764,0.1629579963486333
0.008031728476421317,1.5709279520218016,1532.757513695017,162.757513695017,0.11880110488687372
0.008939029966767396,1.7267717346792162,1551.9444244150166,181.94442441501656,0.1328061492080413
0.007268375346268138,1.5764728849469776,1382.202086398469,12.202086398468964,0.00890663240764158
0.008464632151849977,1.6451276130331127,1542.5143063463108,172.51430634631083,0.12592285134767214
0.007804952613455991,1.5349371753121799,1524.4050155248906,154.4050155248906,0.11270439089408071
0.008604902428797627,1.7980877404125775,1434.6824084276848,64.68240842768478,0.04721343680852903
0.006921643832535986,1.5000538906892673,1383.321379875909,13.321379875909088,0.009723634945919043
0.007268842566973568,1.677181550661515,1299.289381706194,70.71061829380596,0.051613589995478805
0.009626809101324206,1.7688569229126094,1631.5874539081306,261.58745390813056,0.1909397473781975
0.009494812841974367,1.7842773804939003,1595.30872904836,225.30872904835996,0.1644589263126715
0.006370944559146994,1.557731716266543,1226.1168654548926,143.8831345451074,0.10502418579934847
0.009698150826227325,1.7721306667407568,1640.6422668575972,270.6422668575972,0.19754909989605635
0.005802668378325984,1.6998249558496277,1023.3972681191246,346.60273188087535,0.25299469480355863
0.008352935508159416,1.5194353171282902,1648.0774398737753,278.07743987377535,0.20297623348450755
0.008375587000381955,1.662474467890344,1510.361730381157,140.36173038115703,0.10245381779646498
0.007636137218932958,1.7602177438724835,1300.552931282709,69.4470687172909,0.05069129103451891
0.006314763983761928,1.5126027104952522,1251.5636810950978,118.43631890490224,0.08644986781379725
0.0055288222204177015,1.7838778588443585,929.1550960657198,440.8449039342802,0.32178460141188336
0.008387282723008392,1.5238785723820558,1650.029174923798,280.0291749237981,0.20440085760861176
0.008384646979247047,1.7257801566159938,1456.531944543655,86.53194454365507,0.06316200331653656
0.005887229379265335,1.7745238958721796,994.6030991892034,375.39690081079664,0.27401233635824573
0.006258972492879902,1.7551363035725212,1069.0866255660706,300.91337443392945,0.21964479885688282
0.006174614466294482,1.7677154187809434,1047.1724285401908,322.8275714598092,0.23564056310934978
0.005728024520995009,1.5355232869058084,1118.3279115836056,251.67208841639444,0.1837022543185361
0.008691026070332198,1.5243847760163713,1709.21679956412,339.21679956412004,0.2476035033314745
0.009084945176305492,1.6767933843677327,1624.2895938111371,254.28959381113714,0.18561284219791033
0.008147056258733461,1.7541066266322982,1392.4045346999183,22.40453469991826,0.016353674963443983
0.007911093347696043,1.662241563822321,1426.7999139183828,56.7999139183828,0.04145979118130131
0.005252431966438057,1.7026373949410003,924.8237436666913,445.17625633330874,0.3249461725060648
0.005230740989277601,1.6537664689312699,948.2213648643369,421.7786351356631,0.3078676168873453
0.006960347363879842,1.6116960072899016,1294.6980294752464,75.30197052475364,0.05496494198887127
0.009572191800368259,1.7762258147411385,1615.6002713529203,245.60027135292034,0.1792702710605258
0.009865810490862374,1.75645385961336,1683.9016641569401,313.9016641569401,0.22912530230433584
0.008973572441008104,1.7179756605794445,1565.9181913109971,195.91819131099714,0.143005979059122
0.005370996545693619,1.5176431848495715,1060.9768306656354,309.02316933436464,0.22556435717836834
0.006617279077115241,1.717812206208345,1154.8470505860073,215.1529494139927,0.15704594847736694
0.006742036014544809,1.776015268533076,1138.0597816562463,231.9402183437537,0.16929942944799542
0.009712096448257278,1.7077685686084105,1704.9226224655672,334.9226224655672,0.24446906749311476
0.005039882158733873,1.7010541912298869,888.2248832441709,481.7751167558291,0.3516606691648388
0.008431158176745144,1.7467506971273452,1447.028266683985,77.02826668398507,0.05622501217809129
0.009980302281746824,1.5002774327646524,1994.3107103292973,624.3107103292973,0.4557012484155455
0.007219432161217393,1.788850686176513,1209.9004850995434,160.0995149004566,0.11686095978135518
0.007280506828861082,1.7085082804234872,1277.512706680613,92.48729331938694,0.06750897322582988
0.009790870985231974,1.786573122286252,1642.9382273855124,272.9382273855124,0.19922498349307474
0.007996858419012511,1.5397367581393937,1557.0179961221113,187.0179961221113,0.1365094862205192
0.008670493095561352,1.6046232257483153,1619.9120114182329,249.91201141823285,0.18241752658265173
0.008751841101734359,1.5205004476857928,1725.5739450177123,355.5739450177123,0.2595430255603739
0.00876708294977711,1.5750088430808475,1668.7559301968029,298.75593019680286,0.21807002204146195
0.005427341175842862,1.7187396946840452,946.6680478393479,423.3319521606521,0.30900142493478255
0.00892733727518703,1.6681056830392682,1604.4237558420566,234.4237558420566,0.17111223054164715
0.00897414745953679,1.6438928264548076,1636.5919250046384,266.59192500463837,0.19459264598878714
0.008754193948419475,1.6247881701176488,1615.2513723775864,245.25137237758645,0.17901560027561056
0.005773622468088651,1.7086199185255615,1013.033063998211,356.966936001789,0.26055980730057593
0.009923863916776063,1.5277723398893448,1947.3448227785607,577.3448227785607,0.42141957867048224
0.006407803559547658,1.7376558726489026,1105.5187679764983,264.48123202350166,0.19305199417773844
0.005976783015623613,1.7177298644463435,1043.1177266420668,326.8822733579332,0.23860019953133807
0.007027184236681496,1.6016689719598314,1315.313508605843,54.686491394156974,0.03991714700303429
0.007340311055726474,1.6255381565223899,1353.7485324790064,16.25146752099363,0.011862385051820168
0.00902123735780723,1.593096426843843,1697.6366754248909,327.6366754248909,0.2391508579743729
0.0073921500284375155,1.693214525018941,1308.8186961455829,61.18130385441714,0.044657886025121996
0.009845060488239559,1.6548518603758584,1783.5281535458184,413.52815354581844,0.3018453675516923
0.006348809543562749,1.7446068727367188,1090.976567948995,279.0234320510051,0.20366673872336138
0.006799133041980443,1.792428614053564,1137.188276812134,232.81172318786594,0.16993556437070506
0.008515098474728087,1.6885785220052232,1511.7818144573603,141.78181445736027,0.10349037551632137
0.006190805454587413,1.6899758843462473,1098.2149517172127,271.78504828278733,0.19838324692174258
0.00517458708979022,1.7374597322079472,892.8564812330337,477.1435187669663,0.3482799407058148
0.007959843437308734,1.594977329838907,1496.1347629981492,126.1347629981492,0.09206917007164175
0.00993273294605152,1.5672035761318257,1900.0457055515878,530.0457055515878,0.3868946755851006
0.008476492986207151,1.6326523974700466,1556.4786916630999,186.47869166309988,0.13611583333072985
0.009624367894820117,1.6170857623101367,1784.267090301078,414.26709030107804,0.3023847374460424
0.005877726768422983,1.662753156389533,1059.7472923666585,310.2527076333415,0.22646183038930037
0.007133198074255601,1.79721294406131,1189.8862575791693,180.1137424208307,0.13146988497870854
0.008256865120525049,1.777207876647224,1392.828561240969,22.828561240969066,0.016663183387568663
0.007210576968702638,1.5902742552036846,1359.3105629246836,10.689437075316391,0.007802508814099556
0.0072199448647037225,1.742716811675669,1242.0176376980007,127.98236230199927,0.09341778270218926
0.006580982316520589,1.7474386114451819,1129.0404434251184,240.95955657488162,0.1758828880108625
0.0077600469928214635,1.6650869697465873,1397.1663969765582,27.16639697655819,0.01982948684420306
0.008247434372685537,1.6770040596700928,1474.3665100414182,104.36651004141822,0.07617993433680162
0.006273820617798256,1.7496942465064302,1074.9558717565947,295.04412824340534,0.2153606775499309
0.006881915915284677,1.7990626296539722,1146.7896970264642,223.21030297353582,0.16292722844783636
0.007508515834629876,1.6695855961326391,1348.2366062630927,21.763393736907346,0.015885688859056456
0.009911497860607275,1.5775709231840545,1883.5237531482603,513.5237531482603,0.3748348563125988
0.005885294511366786,1.662653810368172,1061.1751506020744,308.8248493979256,0.22541959810067563
0.008855721752423128,1.7293820235202462,1535.1602800397188,165.16028003971883,0.12055494893410133
0.007739739456290665,1.735072154493504,1337.302030853178,32.69796914682206,0.023867130764103694
0.007420482168278664,1.522844383596757,1460.8220069861693,90.8220069861693,0.06629343575632796
0.008864156889044452,1.6337640281367012,1626.5552038717783,256.5552038717783,0.18726657216918124
0.009290963732342013,1.671218815484257,1666.6643701594346,296.6643701594346,0.21654333588279898
0.005467474715895512,1.740522849689612,941.7329306670521,428.2670693329479,0.3126037002430277
0.007820129910605635,1.5413089936872302,1521.0551403916115,151.05514039161153,0.1102592265632201
0.009754044047538154,1.6921770631246362,1728.0631585043252,358.0631585043252,0.2613599697111863
0.005530296354936385,1.5592248571035947,1063.3111255002686,306.68887449973136,0.22386049233557034
0.006184928193379464,1.5832871120325334,1171.1046035525542,198.89539644744582,0.145179121494486
0.005461035736655438,1.6565466960851924,988.3073810033897,381.69261899661035,0.2786077510924163
0.0070702437948773535,1.6034756215875992,1321.882127417011,48.117872582989094,0.03512253473210883
0.00830795943160078,1.5447716283613075,1612.3183085683509,242.31830856835086,0.1768746777871174
0.005350576039333692,1.5668614761945716,1023.7422815726696,346.25771842733036,0.25274286016593456
0.008750696276605154,1.6183631189888634,1621.0161460018785,251.0161460018785,0.1832234642349478
0.008247491554095168,1.7529419471876608,1410.506360067002,40.506360067002106,0.029566686180293508
0.00888714973107821,1.590498842755998,1675.1351153939265,305.1351153939265,0.22272636160140621
0.005963674252189211,1.591726983360959,1123.2231290067145,246.77687099328546,0.1801291029148069
0.009277175855287288,1.6732644753421495,1662.1564575953373,292.1564575953373,0.21325288875572065
0.008827733166651832,1.6214495903090447,1632.1739759385682,262.1739759385682,0.19136786564858993
0.008388277746691725,1.6344346749407372,1538.6007422772007,168.60074227720065,0.12306623523883259
0.005099582265036593,1.5413934140901397,991.840427001541,378.159572998459,0.27602888540033504
0.00591577307039722,1.5442595109238397,1148.4495560487799,221.55044395122013,0.16171565251913878
0.006534562664514481,1.678625005328143,1167.0340885735056,202.96591142649436,0.14815030031130974
0.0073100727004880095,1.6705128392082984,1311.87537838776,58.124621612239935,0.04242673110382477
0.007224888651319734,1.6678653337968867,1298.6462897604779,71.35371023952212,0.05208300017483366
0.009113654591218424,1.7793014674782253,1535.5491810708534,165.54918107085336,0.12083881829989297
0.00767288489641817,1.5678794749210885,1467.1236277036228,97.12362770362279,0.07089315890775386
0.009202041831835279,1.683740249100366,1638.437247585377,268.437247585377,0.19593959677764744
0.005992471892239986,1.6525247920467403,1087.1231020053126,282.8768979946874,0.20647948758736306
0.009796054027824165,1.6125971050408414,1821.151176894757,451.1511768947571,0.32930742839033367
0.007032661787021408,1.61875833720572,1302.4420723930962,67.55792760690383,0.04931235591744805
0.009147146295013394,1.71177203950012,1601.9922093530995,231.9922093530995,0.16933737908985363
0.009634084692315793,1.612655642415004,1790.9749946146676,420.9749946146676,0.30728101796691065
0.008119465000724847,1.777124005957907,1369.7155415444481,0.284458455551885,0.00020763390916195984
0.009657062557099342,1.5380004543584633,1882.3885993325005,512.3885993325005,0.37400627688503685
0.006548007799041374,1.6289009873091127,1205.1336259060547,164.8663740939453,0.1203404190466754
0.005143405294562737,1.6331559917413423,944.1560533988417,425.84394660115834,0.31083499751909366
0.007299508695557981,1.5773077517262801,1387.3878776279903,17.387877627990292,0.012691881480284885
0.007945539403160892,1.6678694054721876,1428.17703831859,58.177038318589894,0.04246499147342328
0.008499946182455028,1.6014732159782474,1591.1722615662661,221.17226156626612,0.161439606982676
0.006153852138648749,1.747763365148657,1055.5653560441508,314.4346439558492,0.22951433865390453
0.008017069172599083,1.6094587772166007,1493.3323594444869,123.33235944448688,0.09002362003247218
0.009125635293552233,1.684845362465746,1623.7671993005804,253.7671993005804,0.18523153233619005
0.007162679963807234,1.6137638569647397,1330.6267970680174,39.37320293198263,0.02873956418392893
0.00816252825372011,1.7867102639310442,1369.5921818310214,0.40781816897856515,0.00029767749560479206
0.008311706348323445,1.6696863666836685,1492.3682231934836,122.36822319348357,0.08931987094414859
0.009811912045838353,1.5439659389932834,1905.1827217248508,535.1827217248508,0.3906443224268984
0.007537911477525102,1.5260518057624324,1480.8206389196837,110.82063891968369,0.08089097731363773
0.00933904177953149,1.7129346465557689,1634.4898482145832,264.48984821458316,0.19305828336830888
0.009323240194557516,1.7745658857057862,1575.0539988201929,205.05399882019287,0.14967445169357144
0.005694872889771552,1.5968634102141488,1069.1458835500653,300.85411644993474,0.21960154485396696
0.008486681136577858,1.6849345923844883,1509.9951117962055,139.9951117962055,0.10218621298993101
0.006244193357496526,1.7587456633154415,1064.373384917003,305.626615082997,0.22308512049853793
0.008638003501225237,1.7736643952604543,1460.0328612136614,90.03286121366136,0.06571741694427836
0.007638028300977002,1.592399108751736,1437.970711010022,67.97071101002189,0.04961365767154882
0.008012821691678126,1.7998368260535331,1334.6673852268732,35.33261477312681,0.02579022976140643
0.0057328640468492596,1.634755234887922,1051.3313353008457,318.6686646991543,0.23260486474390826
0.009509399824242707,1.6361383441337851,1742.423773414957,372.42377341495694,0.271842170375881
0.006497533054726829,1.692335083067674,1151.0199279694955,218.98007203050452,0.15983946863540477
0.005193054204651208,1.5211685585852388,1023.4490292039408,346.55097079605923,0.25295691298982426
0.008612939327833425,1.6939376475953245,1524.3148148702714,154.31481487027145,0.11263855100019814
0.00963156321815611,1.7232121203445272,1675.632371350841,305.6323713508409,0.22308932215389848
0.008751910340268836,1.5054425222865429,1742.8474845520605,372.84748455206045,0.2721514485781463
0.005946119385112676,1.5722868025159737,1133.7637275666614,236.23627243333863,0.17243523535280192
0.008421578896664249,1.5341320245624468,1645.7031058927184,275.70310589271844,0.20124314298738571
0.008471032365705363,1.7631148452162082,1440.3778753283336,70.37787532833363,0.0513707119184917
0.009854710794852102,1.5269319838098165,1934.8392746980533,564.8392746980533,0.4122914413854403
0.009132113943639636,1.5936955094777554,1717.8556817273964,347.85568172739636,0.25390925673532583
0.008622118075844561,1.7299200533914019,1494.1996689709677,124.19966897096765,0.09065669267953844
0.007031511730306493,1.6776110296777202,1256.5452585808139,113.45474141918612,0.08281367986801906
0.006675564476723324,1.7818843227307133,1123.1278357887054,246.8721642112946,0.18019866000824425
0.008684981068848957,1.7838107939063157,1459.623313867244,89.62331386724395,0.06541847727536054
0.005448105983111949,1.507550646410738,1083.4137400360598,286.58625996394017,0.20918705106856947
0.006204817352135162,1.792166816399319,1037.9376676413049,332.06233235869513,0.2423812644953979
0.009417912947336172,1.6998483378610716,1660.983047031513,290.983047031513,0.21239638469453506
0.00906190888456776,1.6124071830228475,1684.8671770262833,314.86717702628334,0.22983005622356448
0.009471382387443307,1.6269464123157016,1745.2627726982287,375.2627726982287,0.27391443262644427
0.00935630220941015,1.706952643524326,1643.2493589034507,273.2493589034507,0.19945208679083992
0.008361620354460333,1.6069952484529513,1559.8992724712375,189.8992724712375,0.13861260764323904
0.009753175378862191,1.6294855773610661,1794.387419414566,424.387419414566,0.30977183898873434
0.007919770329647313,1.5932879436678864,1490.1809954418052,120.18099544180518,0.08772335433708407
0.005046387631600292,1.772562811262313,853.4924361980015,516.5075638019985,0.37701282029342953
0.005115726586411735,1.500991123293815,1021.7623702069785,348.2376297930215,0.2541880509438113
0.006264309346052387,1.5439007716443565,1216.3946874158441,153.60531258415585,0.11212066611982179
0.006280959665149161,1.5708022029953257,1198.74057537181,171.2594246281899,0.12500687929064955
0.006723472064825901,1.5357355656853258,1312.495628574575,57.504371425425006,0.041973993741186134
0.007531381569710601,1.5753667003889567,1433.2227489396453,63.22274893964527,0.04614799192674837
0.007670628271999038,1.6633806140868472,1382.4836508205328,12.48365082053283,0.009112153883600605
0.009685519991737165,1.6895164007417247,1718.6254268122389,348.62542681223886,0.25447111446148823
0.008287410889738007,1.7070861517676827,1455.4059140587767,85.40591405877672,0.06234008325458155
0.009706684994582044,1.5017716215529795,1937.7053819596422,567.7053819596422,0.41438349048149065
0.00646667277462369,1.772334993018106,1093.8449750319357,276.15502496806425,0.20157301092559435
0.006276651721147084,1.786774424363795,1053.1227791457877,316.8772208542123,0.23129724149942502
0.007126714391859945,1.7567860751560445,1216.1612931784496,153.83870682155043,0.1122910268770441
0.006536279608412738,1.7751075525551725,1103.892171018425,266.10782898157504,0.19423929122742703
0.008885772814116986,1.795289530056415,1483.8206476311366,113.82064763113658,0.08308076469426028
0.009193412517039146,1.7270414839028594,1595.8596024356732,225.8596024356732,0.16486102367567387
0.009637166811260617,1.5515456923377273,1862.1107588206025,492.11075882060254,0.35920493344569526
0.009731018320252666,1.7977219481175588,1622.768139492508,252.768139492508,0.1845022916003708
0.0053302266121600245,1.765920173290328,904.8889989059272,465.1110010940728,0.3394970810905641
0.007851023507583942,1.5873204036357837,1482.7993326131473,112.79933261314727,0.08233527927966953
0.006659955508872311,1.6284175675909316,1226.1010148209295,143.89898517907045,0.10503575560516092
0.00948934253708464,1.5610851315138967,1822.3434882361096,452.3434882361096,0.330177728639496
0.006372553487624021,1.5583714481753832,1225.923046798706,144.07695320129392,0.10516565927101745
0.00833822397999215,1.7400326810397866,1436.6032831191587,66.60328311915873,0.048615535123473524
0.005654761657283469,1.6041518576986804,1056.7920290745922,313.20797092540784,0.22861895687985972
0.007780615977522785,1.7480370026067216,1334.3939431357776,35.60605686422241,0.025989822528629497
0.009472141398438298,1.7880319016404402,1588.1576552163845,218.15765521638446,0.1592391643915215
0.009332553026443879,1.5771344023819103,1773.9952961443564,403.9952961443564,0.29488707747763243
0.0058683463181724935,1.5356346485908006,1145.640969181451,224.35903081854894,0.16376571592594813
0.007334363428979052,1.686508307222816,1303.750969279063,66.24903072093707,0.048356956730611
0.009884864808863638,1.6871688009136057,1756.438310406308,386.4383104063079,0.2820717594206627
0.007605256024873499,1.588010652347787,1435.757621679226,65.75762167922608,0.04799826399943509
0.009695045313548057,1.7281599468841131,1681.847487676357,311.8474876763571,0.22762590341339933
0.008132649266396216,1.594066301604233,1529.4890251247152,159.48902512471523,0.11641534680636148
0.005215309152882044,1.5325326557071564,1020.2133992707354,349.7866007292646,0.2553186866636968
0.006683334011747987,1.6349248457278507,1225.5077878671195,144.49221213288047,0.10546876798020473
0.0061808758932707895,1.7860900209579635,1037.450495156317,332.54950484368305,0.24273686484940368
0.008127128820741875,1.6743343149301606,1455.176486515763,85.17648651576292,0.06217261789471746
0.006548276897391394,1.7363531713576388,1130.6018033178302,239.39819668216978,0.17474320925705825
0.008091416368473277,1.596637688389131,1519.2836918771497,149.28369187714975,0.10896619845047427
0.006622132046355309,1.797354956570059,1104.548234126198,265.45176587380206,0.19376041304657085
0.008061797680006274,1.6759620174539605,1442.0769189383918,72.07691893839183,0.05261088973605243
0.00805099097938991,1.7918893098869535,1346.9729194374172,23.027080562582796,0.01680808800188525
0.005416072440136819,1.5337563096148819,1058.6412322192023,311.35876778079773,0.22726917356262608
0.005746792757131386,1.7242100866211767,999.2083561308725,370.7916438691275,0.270650834940969
0.007399609813771487,1.603966408081816,1383.038449642096,13.038449642096111,0.009517116527077454
0.007819284349472393,1.7424641976293613,1345.3145712368232,24.685428763176787,0.018018561141004953
0.00921013754349944,1.6064859995028922,1718.7387711677395,348.7387711677395,0.25455384756769306
0.009003603983502811,1.6674789687084712,1618.7385986424442,248.73859864244423,0.1815610209068936
0.00957983582211231,1.7314126471244098,1658.7394883116715,288.7394883116715,0.21075875059246094
0.007559790048187665,1.667742860632997,1358.9433323371636,11.05666766283639,0.00807056033783678
0.0068387804892126305,1.6504195164954683,1242.2385896992794,127.76141030072063,0.09325650386913914
0.006206189817458917,1.7129284697542915,1086.1918247277813,283.8081752722187,0.20715925202351732
0.00808672536735779,1.791294492061994,1353.4007310324725,16.59926896752745,0.012116254720822957
0.0069148722825661466,1.7799184829328185,1164.6749995712137,205.32500042878632,0.14987226308670534
0.00687472610842213,1.5324757153525455,1344.8768012917676,25.123198708232394,0.01833810124688496
0.006729099779844995,1.7114166707708836,1178.75056237375,191.24943762625003,0.1395981296541971
0.005713545810724597,1.6615141344840325,1030.9138555866982,339.0861444133018,0.24750813460824947
0.008761192506169743,1.7167164402383666,1529.9786120013573,159.9786120013573,0.11677270949004183
0.0053029981383508,1.5826967997894619,1004.487307282793,365.51269271720696,0.2667975859249686
0.0075965298980250565,1.7065665620869215,1334.4820067343062,35.5179932656938,0.025925542529703506
0.008904591057194652,1.6237914054743088,1644.0099581272477,274.0099581272477,0.20000726870602023
0.007037075575674255,1.7390565663360138,1213.1072817303225,156.89271826967752,0.11452023231363323
0.006192432131720313,1.5273947175688796,1215.4320218688945,154.56797813110552,0.11282334170153688
0.00994141011167439,1.510797555510125,1972.7062454496709,602.7062454496709,0.43993156602165756
0.009316270140784637,1.5033387190932779,1857.8298353030964,487.8298353030964,0.35608017175408496
0.009863319837953405,1.6652742197209354,1775.652840380688,405.6528403806881,0.29609696378152417
0.007281263142146512,1.7597090217961289,1240.4708663145118,129.5291336854882,0.09454681290911547
0.00675323186443511,1.791247532396544,1130.255837602867,239.7441623971331,0.17499573897600956
0.007556201909161024,1.5497335462582087,1461.7302109521765,91.73021095217655,0.06695635835925295
0.007056855561608276,1.6004712495659177,1321.855719144789,48.144280855211036,0.03514181084321973
0.009536514335760053,1.5435382899784986,1852.2216727837497,482.2216727837497,0.35198662246989026
0.00738612420171891,1.6984718550879219,1303.703869389096,66.2961306109039,0.04839133621233861
0.009963664243934927,1.7503130090508714,1706.5698414683652,336.5698414683652,0.24567141713019358
0.00728312961672619,1.645594624050705,1326.8318319832244,43.16816801677555,0.03150961169107704
0.008267962494751414,1.7697015348333291,1400.6162904677485,30.616290467748513,0.022347657275728842
0.009235411979777798,1.7010759229740606,1627.6209783861902,257.62097838619025,0.18804450977094178
0.007995270632081662,1.7097804165319312,1401.8886940048253,31.88869400482531,0.023276418981624313
0.00939934539400401,1.6093306693531828,1750.9470942923017,380.9470942923017,0.2780635724761326
0.007923229770501698,1.7602380561308573,1349.4336859291811,20.566314070818862,0.01501190808088968
0.006659961514853636,1.789510356419421,1115.7276768815834,254.27232311841658,0.1856002358528588
0.009006894258456109,1.645922324742716,1640.5385163669425,270.53851636694253,0.19747336961090695
0.005095790293344175,1.594550242559034,958.0629425903039,411.9370574096961,0.30068398351072706
0.006145855218575421,1.649082763744178,1117.2762719959376,252.72372800406242,0.18446987445552002
0.009150920845404793,1.7472652696085014,1570.0976268028448,200.09762680284484,0.14605666189988675
0.007391601209420531,1.7011367059579237,1302.626818507297,67.373181492703,0.04917750473919927
0.00771091348326738,1.6316906282307089,1416.7352968624245,46.73529686242455,0.03411335537403252
0.006296641282507623,1.7136453482770702,1101.5613989937565,268.4386010062435,0.19594058467609016
0.008439048517079486,1.6668379127105901,1517.8219062718108,147.8219062718108,0.10789920165825606
0.009226982013678485,1.794329285604712,1541.623179198251,171.6231791982509,0.12527239357536563
0.008695263706375926,1.6077956029338953,1621.3344996937444,251.33449969374442,0.18345583919251418
0.0067809124349531595,1.7771012355740572,1143.9226790592465,226.07732094075345,0.16501994229252076
0.007966756005747927,1.5542903804832207,1536.6326622358044,166.63266223580445,0.12162968046409084
0.00893950514405395,1.6316131133118903,1642.5439331016728,272.5439331016728,0.1989371774464765
0.007061043706605133,1.5047879249609215,1406.7415173494012,36.74151734940119,0.02681862580248262
0.006063332601257427,1.7893970907104506,1015.8401361213757,354.15986387862426,0.25851084954644105
0.007259707179542135,1.537406668562709,1415.6342002535102,45.634200253510244,0.033309635221540325
0.0064564726976284546,1.7246397256922525,1122.3224138913968,247.67758610860324,0.18078655920336004
0.005043163226230788,1.7963218255047528,841.6656070312483,528.3343929687517,0.38564554231295745
0.009139378800295396,1.7095275081390902,1602.733399777925,232.7333997779249,0.1698783939984853
0.009989203863710727,1.5762071362832624,1899.9330169424863,529.9330169424863,0.3868124211259024
0.00599610417349224,1.773041085719028,1013.843854535562,356.15614546443805,0.2599679893901008
0.00979972741700131,1.516320342519386,1937.5090392782572,567.5090392782572,0.4142401746556622
0.008279481932058675,1.7030614704522724,1457.449588545559,87.44958854555898,0.0638318164566124
0.008296714175813975,1.5536906510952753,1600.8929025461389,230.89290254613888,0.16853496536214518
0.009111549619049652,1.561632396180483,1749.1785282918538,379.1785282918538,0.27677264838821447
0.0050890362512840326,1.5324377920149583,995.5736504106352,374.4263495893648,0.2733039048097553
0.009548836217134777,1.553806453251574,1842.358856589693,472.358856589693,0.34478748656181973
0.0051164054425103436,1.6407044348178033,934.8787820550294,435.12121794497057,0.31760672842698584
0.006690301357103184,1.7216066864577717,1165.0174830195724,204.9825169804276,0.14962227516819532
0.009790133195144258,1.7268721816016936,1699.609343406897,329.6093434068971,0.24059076161087378
0.009324474978267404,1.6533563054842377,1690.7470362086035,320.7470362086035,0.23412192423985656
0.007867898998892016,1.5027574800029286,1569.6057491385636,199.60574913856362,0.1456976271084406
0.006605785753125192,1.5024531244851391,1318.087543416314,51.91245658368598,0.0378923040756832
0.006030220098810092,1.7219465723424436,1049.8667814321477,320.1332185678523,0.23367388216631554
0.00943368361286839,1.5065947043408496,1877.178507363384,507.1785073633839,0.3702032900462656
0.0065407084844593556,1.6966517693788365,1155.720407102405,214.27959289759497,0.15640846196904742
0.006484672748684001,1.6144027624945494,1204.19515366145,165.80484633855008,0.12102543528361319
0.007450949199270988,1.5906657956776413,1404.2788755201614,34.278875520161364,0.025021077022015593
0.009917790844021123,1.6774959393575293,1772.4507256916131,402.4507256916131,0.29375965378949864
0.007973918537590862,1.672290710285787,1429.488678955587,59.48867895558692,0.043422393398238626
0.00697761172035199,1.6473299789116473,1269.8338495581552,100.16615044184482,0.07311397842470425
0.008756477620649974,1.5147388506277162,1733.0551389955967,363.05513899559674,0.26500375109167645
0.006398409817930883,1.5392426266174686,1246.1940524763936,123.80594752360639,0.09036930476175649
0.006075186754150835,1.7080066125225213,1066.3279383597267,303.67206164027334,0.22165843915348418
0.005890217529558667,1.605696808770558,1099.7361280758491,270.26387192415086,0.19727289921470867
0.007254580825493251,1.564809861186772,1389.8612677356482,19.861267735648198,0.01449727571945124
0.007084073926113693,1.730074028831747,1227.549746179025,142.45025382097492,0.10397828746056563
0.007801722340601032,1.5695802289899934,1490.1420608663948,120.14206086639479,0.0876949349389743
0.0052028014432251865,1.6584495391567478,940.4932717720787,429.50672822792126,0.3135085607503075
0.006422714891434094,1.5195844609132243,1267.1105383501183,102.8894616498817,0.07510179682473117
0.0075110635488189,1.7110310482784423,1316.0253320711124,53.974667928887584,0.039397567831304804
0.009407410834973741,1.702443765568881,1656.6014541397794,286.60145413977943,0.2091981417078682
0.0058344965070359365,1.7873332759410547,978.6300476701936,391.36995232980644,0.2856714980509536
0.007714471818877796,1.6207059784994202,1426.995703992174,56.99570399217396,0.041602703643922594
0.007697979898382229,1.5751126195417542,1465.1627361362916,95.16273613629164,0.06946185119437347
0.0067659125431631575,1.6375868256931159,1238.6332865552931,131.36671344470687,0.09588811200343568
0.0057697705564101484,1.5933212629333577,1085.6151470782036,284.38485292179644,0.20758018461444996
0.007935123361294648,1.6050673804984035,1482.11231872213,112.11231872213011,0.08183380928622636
0.007364642719964896,1.7973225368511527,1228.418549281747,141.5814507182531,0.10334412461186358
0.006073903572878132,1.7948877672066046,1014.4982405234239,355.5017594765761,0.2594903353843621
0.00888203651506727,1.713620799442356,1553.8837762498474,183.88377624984741,0.13422173448893973
0.006778707003478497,1.6400591798150665,1239.1048199027703,130.89518009722974,0.09554392707826988
0.007278387251285471,1.799074383577934,1212.8490207276707,157.15097927232932,0.11470874399440097
0.005980772740519353,1.5670994210610758,1144.1460168530132,225.85398314698682,0.16485692200509988
0.006004728921290069,1.720015616102157,1046.60238319041,323.3976168095901,0.2360566546055402
0.008954159736276753,1.5599887901652982,1720.7749014520793,350.77490145207935,0.25604007405261264
0.009017342833533774,1.787172887279664,1512.6300269744115,142.63002697441152,0.10410950874044636
0.006326119234265312,1.6966932572349636,1117.7759013035547,252.22409869644525,0.18410518153025202
0.00816820992340691,1.7137584455852117,1428.8873304790322,58.887330479032244,0.0429834529044031
0.008697899171711303,1.7175829659781825,1518.1593109468565,148.15931094685652,0.10814548244296096
0.006721209064894061,1.5976240600790654,1261.2277422742072,108.77225772579277,0.07939580855897282
0.006503294387363432,1.5278992809715937,1276.0256083408253,93.97439165917467,0.06859444646655086
0.008088564800215052,1.6341049950747764,1483.925898554509,113.9258985545091,0.08315759018577307
0.008703718761620953,1.5148326817972062,1722.5065663300595,352.5065663300595,0.257304063014642
0.008571486861268301,1.6979408899619866,1513.401985926529,143.40198592652905,0.1046729824281234
0.006165653388671165,1.728364324629971,1069.4599270680324,300.54007293196764,0.2193723160087355
0.008518996943800117,1.6658376343890442,1533.1212242740537,163.1212242740537,0.11906658706135306
0.005421313618239531,1.7459573174765186,930.8755253822297,439.12447461777026,0.3205288135896133
0.008322973261583731,1.610461191523088,1549.3478669912377,179.34786699123765,0.13091085181842163
0.00649626897901421,1.6106074873061857,1209.191227780244,160.80877221975607,0.11737866585383655
0.006321334943936411,1.549006496444782,1223.4219449908833,146.57805500911672,0.10699128102855235
0.006548450883803379,1.667261573655007,1177.4854153472572,192.51458465274277,0.1405215946370385
0.006188507664172638,1.6370021660332859,1133.3326018069727,236.66739819302734,0.17274992568834113
0.006254154407700524,1.7390342898893023,1078.1548894676616,291.84511053233837,0.21302562812579443
0.009090210767187025,1.5160093960513448,1797.59877262711,427.59877262711007,0.3121158924285475
0.00963779253111791,1.7766368862326742,1626.2960287426351,256.29602874263514,0.18707739324279937
0.005056372889660394,1.5108100251109038,1003.3441875291882,366.65581247081184,0.2676319799057021
0.005453931651914537,1.5984656255553809,1022.8856658230409,347.1143341769591,0.2533681271364665
0.005263615380902642,1.5410795863792348,1023.9524337058416,346.0475662941584,0.2525894644482908
0.008256966799560471,1.715815160467742,1442.6824226158624,72.68242261586238,0.05305286322325721
0.00697286992088667,1.7669970956468681,1183.0318329593035,186.96816704069647,0.1364731146282456
0.006573247777990385,1.6523423564109754,1192.616106922965,177.38389307703505,0.12947729421681392
0.005444665544199839,1.5179755530691768,1075.2937774151308,294.70622258486924,0.21511403108384616
0.007288753674071712,1.5241425507847395,1433.6673289394316,63.66732893943163,0.04647250287549754
0.006905487943603084,1.6064235050972862,1288.709482731803,81.29051726819694,0.05933614399138463
0.0056807842399692506,1.524305471077052,1117.267045866265,252.7329541337349,0.1844766088567408
0.008845868758686553,1.783247009265414,1487.1325870914973,117.13258709149727,0.08549823875291772
0.00678455781200641,1.7418806651389047,1167.6800274617592,202.3199725382408,0.1476788120717086
0.008755942762388566,1.5850033013269953,1656.126268409729,286.12626840972894,0.20885129081002113
0.007830379529015764,1.6951727363607394,1384.8079760391824,14.80797603918245,0.010808741634439744
0.00968183652310347,1.7015817924802923,1705.7902135779818,335.79021357798183,0.245102345677359
0.008591192530780637,1.7907534352865355,1438.2631774998408,68.26317749984082,0.04982713686119768
0.005866143409886073,1.7712075149489799,992.8963924257654,377.1036075742346,0.2752581077184194
0.0077006296904564625,1.7004208888731285,1357.6583998445399,12.341600155460128,0.009008467266759218
0.008960436332380601,1.6458513407413713,1632.1469420360033,262.14694203600334,0.19134813287299512
0.00976015038548535,1.5953783270958644,1834.059937269337,464.05993726933707,0.33872988121849423
0.007897802407635565,1.67747661193632,1411.466234304354,41.466234304353975,0.030267324309747427
0.009557110516381959,1.6075188634810953,1782.342788114655,412.3427881146549,0.3009801373099671
0.008381193135432882,1.7818766383195568,1410.0967693328862,40.0967693328862,0.029267714841522772
0.008348400979374681,1.6594839577082763,1508.172247373007,138.17224737300694,0.10085565501679339
0.005895228070087196,1.79186627068469,986.3151857458183,383.6848142541817,0.28006190821473115
0.007978100329711557,1.5525597778735944,1540.5360502708902,170.5360502708902,0.12447886881086875
0.009830381224935954,1.7147229186851884,1718.6882605851863,348.6882605851863,0.2545169785293331
0.008441959942149004,1.7515066497013765,1444.9479377231498,74.94793772314983,0.05470652388551083
0.008935383107161219,1.7852163593261707,1500.52426467716,130.5242646771601,0.09527318589573729
0.007699349709198024,1.648592831397648,1400.107370578097,30.10737057809706,0.021976182903720484
0.009497392877904218,1.7067189293862248,1668.2575592470484,298.25755924704845,0.2177062476255828
0.006897931812746746,1.6385360468749903,1262.0704544179696,107.92954558203041,0.07878069020586162
0.008289743785562971,1.5169647358897622,1638.273195722295,268.273195722295,0.19581985089218612
0.007952144720374164,1.7755169718968893,1342.7035898990778,27.29641010092223,0.01992438693497973
0.0071508390778003295,1.7866927273565785,1199.8524374518106,170.1475625481894,0.12419530113006526
0.009271764895956588,1.6814235671446178,1653.1261024711616,283.12610247116163,0.2066613886650815
0.005532746364726968,1.628120782007768,1018.7669431543122,351.23305684568777,0.25637449404794727
0.009209388794405821,1.5935730611174943,1732.5250851168948,362.52508511689484,0.2646168504502882
0.008671508161942084,1.5723753606828235,1653.3283409546357,283.3283409546357,0.20680900799608443
0.005944199910546852,1.6418614468491661,1085.3694783113642,284.6305216886358,0.2077595048822159
0.005747744920626049,1.6566122606364528,1040.1532203132974,329.8467796867026,0.24076407276401648
0.005514029379070287,1.5879728590217634,1040.9903492015787,329.00965079842126,0.24015302977986955
0.005421692571178315,1.5021312642704445,1082.0509372882957,287.9490627117043,0.21018179759978417
0.008881486828268033,1.748285482564258,1522.979395239149,152.97939523914897,0.11166379214536422
0.006627880294012631,1.7709600080056598,1121.9838481329834,248.01615186701656,0.18103368749417267
0.006079375113654636,1.719543435269418,1059.903908819259,310.09609118074104,0.22634751181075988
0.006871593394967899,1.7446504641801257,1180.7820056506757,189.21799434932427,0.13811532434257245
0.005321432486211635,1.5529023080071003,1027.3185356841796,342.68146431582045,0.25013245570497844
0.005915568135256026,1.7248156977942481,1028.1925854471397,341.80741455286034,0.2494944631772703
0.005059106053366675,1.7086264415909864,887.6614584105447,482.3385415894553,0.3520719281674856
0.0058070188103726056,1.5535646769704605,1120.584465275494,249.41553472450596,0.1820551348354058
0.009096725761474904,1.6200250004033325,1683.3874632215666,313.3874632215666,0.22874997315442816
0.006662533412790358,1.666873946401961,1198.2773338313905,171.72266616860952,0.12534501180190477
0.00887113208184989,1.5131759345669902,1757.5606585505714,387.56065855057136,0.28289099164275283
0.00920189299256926,1.6361516913415244,1686.0650104107501,316.0650104107501,0.23070438716113148
0.009375070087453682,1.7208491306829405,1633.2491066922307,263.2491066922307,0.19215263262206622
0.009951495273283227,1.596645815644032,1868.5316427235093,498.5316427235093,0.3638917100171601
0.007587191477731926,1.6737876937220049,1358.9434257148303,11.056574285169745,0.008070492178956019
0.007582902544083361,1.7352418742277702,1310.074996591978,59.925003408021894,0.04374087840001598
0.007671484741895483,1.735737421875142,1325.0006817262588,44.99931827374121,0.032846217718059276
0.008216687490574097,1.6366250704001182,1505.1101098034862,135.11010980348624,0.09862051810473448
0.009273866818202317,1.7430913401468235,1595.0026625451123,225.00266254511234,0.1642355201059214
0.009288684781554191,1.6047754835308812,1735.2443820504923,365.2443820504923,0.26660173872298704
0.006035429635765316,1.6406004313646654,1102.8744421864344,267.1255578135656,0.19498215898800408
0.007973290795434304,1.5556810229643172,1536.5183547442764,166.5183547442764,0.12154624433888787
0.006128852530968087,1.5534023403818358,1182.8125381392201,187.18746186077988,0.13663318383998532
0.005175069830270526,1.7285317799020659,897.5518545724075,472.4481454275925,0.34485266089605293
0.009561340978605785,1.5018761821365267,1908.558074124771,538.5580741247711,0.39310808330275265
0.009526682648807065,1.6978671321290841,1682.1266834292453,312.1266834292453,0.22782969593375568
0.006191345944124656,1.50951955869889,1229.6089893113526,140.39101068864738,0.10247519028368422
0.008684544785772581,1.6564345430631655,1571.7862434353756,201.78624343537558,0.14728922878494569
0.008498831746636144,1.696148202300735,1502.1598089108081,132.15980891080812,0.09646701380350958
0.007271605432136832,1.698924533157375,1283.1484998660135,86.85150013398652,0.06339525557225294
0.009636248474032681,1.6021947216754098,1803.0733573433072,433.0733573433072,0.3161119396666476
0.007707298852255217,1.513072457554521,1527.0848768158958,157.08487681589577,0.11466049402620129
0.008601402338162523,1.6620535549317088,1551.4756077223049,181.47560772230486,0.13246394724255828
0.005780320806056402,1.5549677547715888,1114.4260562050931,255.57394379490688,0.18655032393788823
0.009792350461972368,1.525580606550559,1924.2987240312962,554.2987240312962,0.404597608781968
0.00610319153415595,1.6761290999784726,1091.616863935423,278.383136064577,0.2031993693902022
0.008374481855873701,1.736791670549575,1445.5426880613404,75.54268806134041,0.055140648219956505
0.008989315160283637,1.654314957034406,1629.0301167736143,259.0301167736143,0.18907307793694472
0.007389695089813108,1.5199320352264165,1457.5486294790735,87.5486294790735,0.06390410910881276
0.005894556272690653,1.5830148117154526,1116.3152111598142,253.68478884018577,0.18517137871546407
0.007256323999475063,1.652519178239527,1316.4090538207988,53.59094617920118,0.039117478962920574
0.008178298267985133,1.6402283065526744,1494.787116050584,124.78711605058402,0.0910854861683095
0.009445631803157672,1.5362198842588388,1843.3098052221867,473.3098052221867,0.34548160965123115
0.00519433904933316,1.6719098308887286,931.4040999790077,438.5959000209923,0.3201429927160528
0.007254108468503705,1.5181619965196078,1432.4736183338214,62.47361833382138,0.04560118126556305
0.008088346374528316,1.604126241195166,1511.6174640772654,141.61746407726537,0.10337041173523019
0.0070485738197400855,1.631880475449909,1294.8921827327738,75.10781726722621,0.05482322428264687
0.0072426941426067416,1.612943472710856,1346.1755580962733,23.824441903726665,0.01739010357936253
0.007416389558105846,1.7342830075788735,1282.0154757867385,87.98452421326147,0.0642222804476361
0.0077667310693118365,1.7266534932739466,1348.508781272042,21.491218727958085,0.01568702096931247
0.005419487092513443,1.74817490788078,929.3814647719902,440.6185352280098,0.3216193687795692
0.00921357352125891,1.7561635397030215,1572.837489479495,202.83748947949493,0.1480565616638649
0.00869095416562474,1.5083581265382038,1727.363326942627,357.36332694262705,0.26084914375374235
0.007329104176473351,1.6921509600101294,1298.4717131796908,71.52828682030918,0.0522104283359921
0.005664593665133478,1.7957408808307822,945.6834650085691,424.3165349914309,0.30972009853389115
0.008971509310314141,1.5384349879181356,1748.2642095579288,378.2642095579288,0.2761052624510429
0.007714981783335077,1.5397699743025741,1502.1031653113328,132.10316531133276,0.09642566811046187
0.00543311128576182,1.5463364998540894,1053.3320445451352,316.6679554548648,0.23114449303274803
0.008629880911787347,1.7309618568570593,1494.6448418508712,124.64484185087122,0.09098163638749723
0.008572086357472525,1.5356744290199091,1673.432070451984,303.4320704519839,0.2214832631036379
0.007730828125121736,1.7313483006483639,1338.6353081802513,31.364691819748714,0.022893935634853077
0.006236525541689047,1.7044354727440676,1096.939926105072,273.0600738949281,0.1993139225510424
0.007852517209737004,1.6506498197689723,1426.1810152584908,56.18101525849079,0.04100804033466481
0.006055300636496929,1.6876467288418024,1075.659633453149,294.3403665468511,0.21484698288091322
0.009451269631978973,1.7389788526875274,1629.3581430347972,259.3581430347972,0.18931251316408554
0.0072696198150133074,1.6005596660989239,1361.6344577645045,8.365542235495468,0.006106235208390853
0.008230883411249975,1.5143189024023604,1629.4829084253317,259.48290842533174,0.18940358279221295
0.00957147542581124,1.5929831075043117,1801.309838800523,431.30983880052304,0.3148246998543964
0.006098446316534157,1.5219418098580015,1201.2733991356738,168.7266008643262,0.12315810282067606
0.006511642432346414,1.5105412326161032,1292.345583330632,77.65441666936795,0.056682055963042294
0.009933961349199123,1.7513992149433766,1700.4271014531002,330.42710145310025,0.24118766529423377
0.0075302854853001675,1.748419332101389,1291.1792689723866,78.82073102761342,0.057533380312126584
0.006308496698424636,1.6356725761665305,1156.2459131876135,213.7540868123865,0.15602488088495364
0.005427648882771503,1.505531785823154,1080.792989592952,289.2070104070481,0.21110000759638545
0.009118851428679511,1.5300364609891162,1786.7305476977706,416.7305476977706,0.3041828815312194
0.006179234977918072,1.64536442226546,1125.8831280908523,244.11687190914768,0.1781874977439034
0.005794545652875228,1.6615374447288613,1045.5142553541177,324.4857446458823,0.236850908500644
0.007274914767608883,1.607654069371172,1356.6131056882416,13.386894311758397,0.009771455702013428
0.00908022262527353,1.6486464047391898,1651.1619788165578,281.16197881655785,0.20522772176391083
0.007275310133725748,1.6549769775751209,1317.8933225389533,52.10667746104673,0.03803407113945017
0.007438286381339289,1.6374445520332443,1361.8428512896337,8.1571487103663,0.005954123146252774
0.005914128954885988,1.6320650422187948,1086.3606599304585,283.6393400695415,0.20703601464930038
0.005139005960462361,1.756942776291734,876.8841247154227,493.1158752845773,0.3599385950982316
0.006789904777298063,1.7744749872394026,1147.1349314080253,222.8650685919747,0.16267523254888663
0.007606773947829661,1.5097847978974261,1510.449345129219,140.44934512921895,0.1025177701673131
0.007213026440777025,1.5268227484138612,1416.2815746267568,46.281574626756765,0.0337821712604064
0.006812098970542301,1.6981105358564814,1202.640141142583,167.35985885741707,0.12216048091782268
0.005781537895066382,1.5489414510734107,1118.9974000508237,251.00259994917633,0.1832135766052382
0.008841260949921345,1.613183596060159,1643.051267363303,273.05126736330294,0.19930749442576856
0.005508432524349822,1.5747713216400114,1048.651638183363,321.34836181663695,0.23456084804134084
0.007556211862628746,1.7466619763063578,1296.9282884697698,73.07171153023023,0.05333701571549652
0.006048966883189687,1.5043159444880176,1205.4878876453204,164.51211235467963,0.12008183383553257
0.006850668382409227,1.5698479052752692,1308.2660469233297,61.73395307667033,0.045061279618007544
0.006368077898782955,1.798714558337776,1061.3700307045115,308.62996929548854,0.22527734985072156
0.005354743130194293,1.5501970257709254,1035.5532737274004,334.44672627259956,0.24412169800919675
0.009878106849215106,1.5406667896729058,1922.1430309025832,552.1430309025832,0.40302411014787093
0.005391379719443682,1.7095459244111422,945.4527983271985,424.5472016728015,0.30988846837430767
0.007971616997688396,1.5041400718785165,1588.8351747632994,218.8351747632994,0.15973370420678787
0.00878669999869201,1.5356917579502563,1715.3093234233531,345.30932342335313,0.2520506010389439
0.007236096556701212,1.6092989558929383,1347.995141061355,22.00485893864493,0.016061940831127684
0.009532034395110146,1.5618936380398585,1829.5945072398642,459.59450723986424,0.3354704432407768
0.0056658069142451915,1.5797611166180634,1075.2044492722005,294.79555072779954,0.21517923410788287
0.008216071352952041,1.7160851420853593,1435.311200825233,65.31120082523307,0.047672409361483994
0.008352245075227105,1.5819119823082568,1582.856763792312,212.856763792312,0.15536990057832992
0.005789311295222191,1.6757923939825239,1035.6842945188378,334.31570548116224,0.24402606239500893
0.007968195303651593,1.5491305544341865,1542.0293977600022,172.0293977600022,0.12556890347445418
0.005185586118362927,1.7940974571595518,866.5078936436214,503.4921063563786,0.36751248639151723
0.007852846185204598,1.5382214482026542,1530.4844844734282,160.4844844734282,0.11714195946965562
0.005301471079397614,1.5317906601767017,1037.5706597696471,332.42934023035286,0.24264915345281232
0.007086746942975725,1.7509743533927722,1213.3548850341765,156.6451149658235,0.11433949997505365
0.008761412384977633,1.689270841912165,1554.875209632405,184.8752096324049,0.1349454084908065
0.008762260912201836,1.6156142059590897,1625.9201774887263,255.92017748872627,0.186803049261844
0.006275089660260091,1.6485405877597321,1141.1454272874344,228.85457271256564,0.16704713336683624
0.006599588897780808,1.6300134558583914,1213.79794157178,156.20205842821997,0.11401610104249633
0.007292674847174477,1.5460171429167642,1414.1427395200094,44.1427395200094,0.03222097775183168
0.0069113723926918684,1.644352705469516,1260.0565017873218,109.94349821267815,0.08025072862239281
0.006289655011307991,1.5692742455546504,1201.5689043221312,168.43109567786883,0.12294240560428381
0.007920966530177867,1.788237777867574,1327.9252095039933,42.0747904960067,0.030711525909493942
0.008828183514869432,1.6364929624226234,1617.2528060736613,247.2528060736613,0.18047650078369437
0.009299423140081222,1.788107880903655,1559.1323940354816,189.13239403548164,0.13805284236166543
0.0067944060364789,1.767702975006527,1152.2929559580143,217.70704404198568,0.158910251125537
0.007085638654521795,1.7590101998010996,1207.6229171264033,162.3770828735967,0.11852341815591
0.00833060453198034,1.7521208086617335,1425.3882477292618,55.38824772926182,0.04042937790457067
0.007734174457544743,1.732096373846812,1338.6363520169912,31.363647983008832,0.022893173710225426
0.00755891382667618,1.7147763021086857,1321.516604307381,48.48339569261907,0.03538933992161976
0.008764408527640299,1.7194381631470057,1528.1175163685161,158.11751636851614,0.11541424552446433
0.007128078799937309,1.5874786181266507,1346.1247539652898,23.875246034710244,0.017427186886649813
0.005744582206953031,1.7626640158571056,977.0338558639563,392.9661441360437,0.28683660155915597
0.00867770186153257,1.6350407211124218,1591.097724520312,221.0977245203121,0.16138520037978987
0.008466814280836286,1.5804128041847139,1606.091179443991,236.091179443991,0.1723293280613073
0.007289546281987056,1.7167610832761924,1272.949986384379,97.05001361562108,0.0708394259968037
0.006667749139868979,1.7389515386843732,1149.5092643473158,220.49073565268418,0.16094214281217822
0.007453930620746289,1.669705645134755,1338.3389994915228,31.661000508477173,0.023110219349253412
0.009830039853429375,1.6945381969698512,1739.100254669552,369.100254669552,0.2694162442843445
0.005956649028448558,1.742382284512886,1024.894748732564,345.10525126743596,0.25190164326090214
0.005748485823074503,1.791038122265126,962.2088292002038,407.7911707997962,0.2976577889049607
0.005378279506993737,1.544446132932361,1043.9779017422643,326.0220982577357,0.2379723344946976
0.008644373439087336,1.6064879853822593,1613.157387266274,243.1573872662741,0.17748714398998108
0.00972602143947743,1.6484775458463565,1768.776214907205,398.77621490720503,0.29107752912934676
0.00866705233911666,1.764995852612274,1472.1376939854028,102.13769398540285,0.07455306130321376
0.0059475530139801065,1.6911175749289664,1054.3510182734035,315.6489817265965,0.23040071658875658
0.006877191895664806,1.6446876816121199,1253.5694682884275,116.43053171157248,0.08498578957049087
0.008176253940188782,1.6244779790731816,1508.9027352404362,138.9027352404362,0.10138885783973445
0.006709713431755714,1.6087804557104972,1250.3393331523896,119.6606668476104,0.08734355244351125
0.00924481668198441,1.7833565517765604,1554.106672662035,184.10667266203495,0.1343844326000255
0.00889505176367086,1.7106293911688781,1558.8820384092544,188.8820384092544,0.13787010102865285
0.008838363462080475,1.6942185423306788,1563.9509548451922,193.9509548451922,0.141570040032987
0.0051328261828189935,1.73431557835645,887.2563892277977,482.74361077220226,0.3523675991037973
0.006265517788524777,1.5905723208123677,1180.9302562898977,189.06974371010233,0.13800711219715497
0.006148442699066491,1.5365563618109213,1199.6024327105788,170.3975672894212,0.12437778634264321
0.009562041674840718,1.653768193796425,1733.3916494174703,363.39164941747026,0.2652493791368396
0.006276818685547057,1.720185511200429,1093.9185860525645,276.0814139474355,0.20151928025360258
0.00966699978480548,1.714794483481344,1690.0530383609876,320.05303836098756,0.23361535646787412
0.007076941256067381,1.7536378266642572,1209.8356810161583,160.16431898384167,0.11690826203200122
0.009397433528854197,1.7585871671955147,1602.0131097622163,232.01310976221635,0.16935263486293164
0.009041671691933343,1.5789430647175844,1716.7338338691447,346.73383386914475,0.2530903896855071
0.009401305636146384,1.6463789045709556,1711.9027201117233,341.9027201117233,0.24956402927863014
0.0096300731718412,1.6191268270855732,1783.0742216178141,413.07422161781415,0.30151403037796654
0.005967821399736239,1.6483542009982266,1085.3904125997083,284.60958740029173,0.207744224379775
0.005331995876937898,1.789237691851945,893.39284393152,476.60715606848,0.34788843508648176
0.009050158530865111,1.6994361051964106,1596.511491642193,226.51149164219305,0.1653368552132796
0.009247513744835506,1.6217321430250349,1709.4899967769982,339.48999677699817,0.2478029173554731
0.009064624995896867,1.6055022103876433,1692.6206583745707,322.62065837457067,0.23548953166027056
0.005454775763446301,1.5777658704640314,1036.4659703796485,333.5340296203515,0.24345549607324926
0.005306040959911133,1.6976755982164433,936.9935359214794,433.0064640785206,0.31606311246607344
0.007749225562704774,1.7354780171745996,1338.627949215892,31.37205078410807,0.02289930714168472
0.00600295809150465,1.6997311092135876,1058.7801516181025,311.21984838189746,0.227167772541531
0.006721317517869455,1.5639760363395692,1288.3831036162037,81.6168963837963,0.05957437692247905
0.006900639617996077,1.6788142380829714,1232.274343356493,137.7256566435069,0.10052967638212183
0.00558991576121778,1.6606098072348658,1009.1561417783455,360.8438582216545,0.2633896775340544
0.008703291103741843,1.6897511031067618,1544.1215146319967,174.12151463199666,0.12709599608174937
0.0062932539856111434,1.5871055063854451,1188.7489984591257,181.2510015408743,0.13230000112472579
0.005110932370445928,1.5757609825384984,972.3676337888487,397.6323662111513,0.29024260307383304
0.007573889008561522,1.6102919921874643,1410.0516015181843,40.05160151818427,0.029234745633711146
0.007616830966449214,1.6616135563609808,1374.2476214525107,4.247621452510657,0.0031004536149712826
0.006306993297959717,1.6613642656663574,1138.0941931036973,231.9058068963027,0.16927431160314066
0.009646498140844778,1.7688691786021735,1634.9130979949637,264.91309799496366,0.19336722481384208
0.006819721477914079,1.6154732916674637,1265.5740427803394,104.42595721966063,0.07622332643770849
0.005746288593722774,1.5283844484749491,1127.1339378050138,242.86606219498617,0.17727449795254466
0.005841035847053496,1.5517900621675438,1128.4377549166293,241.56224508337073,0.17632280663019761
0.006128311409787767,1.7148043522616165,1071.3884289520552,298.61157104794484,0.21796465039995974
0.006198039392898341,1.6553420588888472,1122.502418397496,247.49758160250394,0.1806551690529226
0.0059139791969423615,1.774032496509349,999.399032148943,370.600967851057,0.27051165536573507
0.005459799950315325,1.6144860953839593,1013.8252983244439,356.1747016755561,0.259981534069749
0.005717893491756374,1.757186543177194,975.526105143288,394.47389485671204,0.28793714953044675
0.0070863514589689595,1.7796356877855521,1193.7469768206777,176.25302317932233,0.12865184173673164
0.006368600971870825,1.5954972476185392,1196.6542356798977,173.34576432010226,0.12652975497817684
0.008845635252473349,1.7417743973460422,1522.5018457907586,152.50184579075858,0.11131521590566319
0.009866374151964754,1.5243521372562467,1940.407656651552,570.4076566515521,0.416355953760257
0.007939517187202785,1.6511406048522572,1441.5534121624657,71.55341216246575,0.05222876800179981
0.009298242278839661,1.6201229758880307,1720.5748880420265,350.5748880420265,0.25589407886279303
0.007969589998222098,1.6138936410110962,1480.4091881311224,110.40918813112239,0.08059064827089225
0.0075656827349823074,1.5122928091526775,1499.798590485477,129.798590485477,0.09474349670472774
0.008201055747267554,1.5550434449380526,1581.0585026878841,211.05850268788413,0.1540573012320322
0.006498222961311627,1.6755057258164876,1162.7046116206602,207.29538837933978,0.15131050246667138
0.009529658867419279,1.6327132022917226,1749.7989553554585,379.7989553554585,0.2772255148579989
0.009306273284915225,1.6239541498434857,1717.9983456881225,347.9983456881225,0.2540133910132281
0.005804133988220404,1.7777205565338332,978.8015267611167,391.19847323888325,0.28554633083130165
0.00786146841102732,1.5094264188575313,1561.3937247865833,191.39372478658333,0.1397034487493309
0.007077629053805615,1.5942590039226139,1330.9128602265644,39.08713977343564,0.028530758958712144
0.008383019632780254,1.572681077345991,1598.0137978226282,228.01379782262825,0.16643342906761185
0.005147783458810552,1.5749908464493296,979.857540028063,390.142459971937,0.28477551822769126
0.005260034900764911,1.563101902151935,1008.839404452865,361.160595547135,0.26362087266214235
0.006825009553159113,1.5361034415710113,1331.9977902806263,38.002209719373695,0.027738839211221677
0.00891420411853195,1.7447648273444152,1531.67413850032,161.67413850031994,0.11801032007322623
0.0084783307373873,1.6663152592190058,1525.3653817523054,155.36538175230544,0.11340538814036893
0.005046117949945324,1.7881333239625534,846.0152737490786,523.9847262509214,0.38247060310286235
0.008130036947901353,1.7952937208286222,1357.6183840921651,12.381615907834885,0.009037675845134952
0.006770523799926655,1.6443127488409002,1234.4074893041566,135.59251069584343,0.09897263554441127
0.006080273571090528,1.6753253374042645,1088.0395099938796,281.9604900061204,0.2058105766468032
0.007151628621774843,1.7730086020046296,1209.2464305028984,160.75356949710158,0.11733837189569458
0.006225640989133783,1.6579189821124551,1125.7487458041371,244.25125419586288,0.1782855870042795
0.007727868369822956,1.5822249689736254,1464.2397251463776,94.23972514637762,0.06878812054480118
0.0072957212333963845,1.5741837238509349,1389.4199058875595,19.41990588755948,0.014175113786539767
0.006493938142856202,1.6410711606135875,1186.3188657942812,183.68113420571876,0.13407382058811587
0.005653474793565561,1.7396687305725986,974.2481857716721,395.75181422832793,0.2888699373929401
0.007113663682450465,1.7799694956392311,1198.1231846792286,171.87681532077136,0.12545752943121996
0.008336979794516728,1.6695584405360608,1497.0207716071386,127.02077160713861,0.09271589168404279
0.006468058849901188,1.613076378515845,1202.0976110781742,167.90238892182583,0.12255648826410645
0.006664601865538916,1.7401719576712735,1148.1608849363654,221.8391150636346,0.16192636136031724
0.00970709251464525,1.7370864501066205,1675.283993390358,305.2839933903581,0.22283503167179422
0.005395267232853764,1.6023160015743558,1009.4515836544429,360.54841634555714,0.26317402652960376
0.006911383801002544,1.7321637366183102,1196.1806462529041,173.81935374709587,0.12687544069131085
0.009870191251402767,1.672777926091859,1768.9191434402276,398.9191434402276,0.29118185652571354
0.006959045994982224,1.5466220435749798,1348.9200628153565,21.07993718464354,0.01538681546324346
0.006468178320045472,1.524872272562963,1271.654755771471,98.34524422852905,0.07178484980184603
0.009761624082917959,1.585077826482579,1846.257154693807,476.257154693807,0.3476329596305161
0.006895102050591252,1.6587467468432484,1246.1815499210336,123.8184500789664,0.09037843071457402
0.006757553840081936,1.6043235558442983,1262.7525591116578,107.24744088834223,0.07828280356813301
0.006720079338591508,1.51966173228088,1325.7089127641445,44.29108723585546,0.032329260756098877
0.006123578847945931,1.5171284668836431,1210.0509578819447,159.94904211805533,0.11675112563361703
0.008736868073263772,1.6296336497435386,1607.2613346672554,237.26133466725537,0.17318345596150028
0.008722955790826386,1.6974178021868367,1540.6203199872718,170.62031998727184,0.12454037955275317
0.009303916671091164,1.6771570957330435,1663.0785839620398,293.07858396203983,0.21392597369491959
0.006170056499017008,1.6330200769826784,1132.7089176128995,237.29108238710046,0.17320516962562077
0.005780731511046824,1.7973424950539263,964.2122820240696,405.7877179759304,0.2961954145809711
0.00920293271479511,1.7996689620907118,1533.0429526171793,163.04295261717925,0.11900945446509434
0.00912354019402627,1.6787065515282003,1629.3309500335174,259.3309500335174,0.1892926642580419
0.007696001644703772,1.6507434253177324,1397.675262219324,27.67526221932394,0.02020092132797368
0.009843398371971427,1.6565835557596744,1781.3629640028971,411.3629640028971,0.30026493722839204
0.009718670278914342,1.6558871195162275,1759.5305966619806,389.53059666198055,0.2843289026729785
0.006585726239239756,1.5440259671935936,1278.7032724361127,91.29672756388732,0.06663994712692504
0.006312331867550485,1.7530600210255942,1079.477863614495,290.52213638550506,0.21205995356606208
0.008540862803346453,1.6657247381555367,1537.1604891281377,167.16048912813767,0.1220149555679837
0.007295430023403217,1.741353195739835,1255.9858070342964,114.01419296570361,0.08322203866109752
0.007300821361512298,1.609698400567456,1359.7150749575821,10.284925042417854,0.007507244556509383
0.007411053505337533,1.613169575455411,1377.2748882320254,7.274888232025432,0.005310137395639002
0.00524348599065105,1.5535311663513083,1011.8609704611282,358.1390295388718,0.26141535002837357
0.009512756854562258,1.776956657757195,1604.9084525140104,234.90845251401038,0.1714660237328543
0.006145133694638902,1.6061676688855588,1146.9940347713978,223.00596522860224,0.1627780768091987
0.00911087533113039,1.7508233846022558,1560.049822313542,190.0498223135421,0.13872249803908182
0.009497739940980405,1.6197094448483425,1757.9392473184566,387.93924731845664,0.2831673338090924
0.007396550488047288,1.7570250985589142,1262.0366398587585,107.96336014124154,0.07880537236586974
0.00833554191066437,1.5964625904346483,1565.2935515887882,195.2935515887882,0.1425500376560498
0.007886456705239053,1.5223845891551142,1553.0242866464678,183.02428664646777,0.13359436981493997
0.007461212918918486,1.751429481348723,1277.136981216865,92.86301878313498,0.06778322538914962
0.005678070709003727,1.5120684717989514,1125.7709596476293,244.2290403523707,0.17826937251997862
0.006112393446276684,1.5013621451603991,1220.5246158824705,149.47538411752953,0.10910611979381718
0.007869060330068978,1.609356453974728,1465.8560772383835,95.85607723838348,0.06996793959006094
0.006334096094170254,1.5442916356072969,1229.6344767371265,140.36552326287347,0.1024565863232653
0.007389083520955259,1.5981772128426228,1386.0737678610665,16.07376786106647,0.011732677270851439
0.009385906591720266,1.77454895311241,1585.6558945612685,215.6558945612685,0.15741306172355365
0.00984455053839342,1.7606926686642872,1676.2278030322836,306.22780303228365,0.22352394381918514
0.007434494749796141,1.6712240918348902,1333.63650387687,36.36349612313006,0.026542697900094937
0.008510717836700548,1.7714817468531467,1440.2908887665842,70.2908887665842,0.051307218077798686
0.006250299724097891,1.749883149099975,1070.8101958052366,299.1898041947634,0.21838671839033824
0.007445355080209182,1.5642507940969097,1426.9203561231598,56.92035612315976,0.04154770519938669
0.007875472564821255,1.7576410063486905,1343.281858804641,26.718141195359067,0.019502292843327787
0.009000914630650819,1.6247194790566495,1660.8444449362603,290.8444449362603,0.2122952152819418
0.005586117040037407,1.6877790545489777,992.2363674290409,377.7636325709591,0.27573987778902126
0.007449840914842224,1.7261812077612029,1293.8422162909358,76.15778370906423,0.05558962314530236
0.009157363525065007,1.6887347270349793,1625.6600139910065,255.6600139910065,0.18661314889854488
0.00551576469012467,1.6214748935184284,1019.8028108927299,350.1971891072701,0.2556183862096862
0.005106950383650514,1.7563229971398937,871.721893348688,498.278106651312,0.3637066471907387
0.00964031831788033,1.798793118013449,1606.6854467463893,236.6854467463893,0.1727630998148827
0.007815510311154947,1.7573553898355154,1333.2710391179262,36.72896088207381,0.026809460497864094
0.006949504279554031,1.7786570089014373,1171.3382397069408,198.66176029305916,0.14500858415551762
0.006367175562640379,1.597181925633265,1195.1244763082711,174.87552369172886,0.12764636765819626
0.008855329758844899,1.7804653739146326,1491.0489772501164,121.04897725011642,0.08835691770081491
0.00991796120607857,1.7472094303747419,1701.7593407112154,331.7593407112154,0.24216010270891633
0.005651684620214467,1.7100018026653907,990.8366304023333,379.1633695976667,0.2767615836479319
0.00808762036578142,1.6261234775175104,1491.035350236718,121.03535023671793,0.08834697097570653
0.00533543496921051,1.6182405596142704,988.4334899503699,381.5665100496301,0.27851570076615334
0.007211103977350796,1.5630804034608143,1383.060386066549,13.060386066548972,0.009533128515729176
0.009766274875104536,1.5093824289199171,1939.7705274774826,569.7705274774826,0.4158908959689654
0.00903845510608699,1.5454465179864558,1753.3189542572168,383.3189542572168,0.27979485712205604
0.009594113277860309,1.5514825737775955,1853.8672947495752,483.8672947495752,0.35318780638655123
0.005561834746805692,1.7146039615520554,972.4671977459815,397.5328022540185,0.29016992865256824
0.008691098043759627,1.6606530441636185,1568.976526683184,198.97652668318392,0.1452383406446598
0.008596704053847121,1.610454211933671,1600.3106576416837,230.31065764168375,0.16810996908152098
0.007885378700811015,1.5611788039530985,1514.2256972686905,144.2256972686905,0.10527423158298578
0.006921167478975355,1.5175309637730112,1367.295864324812,2.7041356751878993,0.0019738216607210943
0.005498699964252161,1.508863076399877,1092.5237709579899,277.4762290420101,0.20253739346132124
0.008027546442098344,1.655463314454116,1453.7307221328463,83.73072213284627,0.061117315425435234
0.007488482428709989,1.7297195556469558,1297.8927980918259,72.10720190817415,0.052632994093557775
0.008983786051115217,1.7319855988846016,1555.0194552104883,185.01945521048833,0.1350506972339331
0.007178187054488271,1.686216691208448,1276.2098443626394,93.79015563736061,0.06845996761851139
0.008619724947922111,1.753028750448761,1474.093638658223,104.09363865822297,0.0759807581446883
0.005589806057836645,1.5522941144793294,1079.5516662666912,290.4483337333088,0.21200608301701374
0.00911807116255207,1.6248309128172516,1682.3467257284074,312.34672572840736,0.2279903107506623
0.006633019202242848,1.6887370299016742,1177.5244430551531,192.47555694484686,0.14049310725901232
0.009439907989871273,1.606257903314349,1761.8672653612505,391.8672653612505,0.2860345002636865
0.005530260744815782,1.788415527257792,927.0387316595081,442.96126834049187,0.32332939294926416
0.0061633815329484275,1.5713904249821966,1175.8600981518334,194.13990184816657,0.14170795755340626
0.005100549699988393,1.7486501373895327,874.4495534100405,495.5504465899595,0.3617156544452259
0.005431393787943958,1.5764193779326412,1032.9046425381007,337.0953574618993,0.24605500544664183
0.006710426614698792,1.546528587223554,1300.8070498462562,69.19295015374382,0.0505058030319298
0.006395768093082192,1.726127397778121,1110.8120060495955,259.18799395040446,0.18918831675212006
0.00691516790745625,1.6770793201350052,1236.1461736300816,133.85382636991835,0.09770352289775062
0.008738543308195717,1.688627717103652,1551.4073061626996,181.40730616269957,0.13241409208956173
0.006325539933955206,1.6004567181984293,1184.8800054475914,185.11999455240857,0.13512408361489678
0.008326875046822243,1.7290423033009938,1443.7670686135552,73.76706861355524,0.05384457563033229
0.009713286568852947,1.6697094634617118,1743.9980544265422,373.99805442654224,0.2729912806033155
0.007198645756280279,1.756103001032182,1228.914080938345,141.08591906165498,0.10298242267274085
0.009561097156877444,1.671460217899623,1714.874686900406,344.874686900406,0.25173334810248615
0.00969722419583899,1.700179016735323,1709.9109263387752,339.9109263387752,0.24811016521078483
0.009387800872754136,1.6054264634008533,1753.0494002793773,383.0494002793773,0.2795981023937061
0.008261141525716545,1.6638592900203926,1488.4839954525717,118.48399545257166,0.08648466821355595
0.006365507453400316,1.7560261439160711,1086.7327530878772,283.2672469121228,0.2067644138044692
0.006912258199728986,1.7119235959205699,1210.4762624719122,159.52373752808785,0.11644068432707143
0.00894382895328149,1.6672590386604431,1608.203886535895,238.20388653589498,0.17387145002620072
0.008734004999034404,1.5453336445168606,1694.3841455438155,324.3841455438155,0.2367767485721281
0.006744588883401588,1.6713843532349648,1209.761761644412,160.238238355588,0.11696221777780147
0.009412277757086203,1.6148030752560634,1747.4142373231182,377.4142373231182,0.2754848447614001
0.005254833253172051,1.5117005559730472,1042.1107349097733,327.8892650902267,0.2393352299928662
0.005931100571534474,1.6080562110943044,1105.7444427116784,264.2555572883216,0.1928872680936654
0.005241786036787306,1.743313709963938,901.4143073027583,468.5856926972417,0.3420333523337531
0.0066807076317069855,1.7062394872193092,1173.8245287904097,196.17547120959034,0.1431937746055404
0.008142079992255448,1.6135226003612364,1512.7982549264595,142.79825492645955,0.10423230286602887
0.00954109741439,1.590260751855782,1798.666691949411,428.66669194941096,0.31289539558351165
0.008231137660561097,1.751991159088675,1408.4734267035674,38.473426703567384,0.028082793214282763
0.009410589918016967,1.512115868876076,1865.7458339150169,495.7458339150169,0.36185827293066924
0.008586251769050542,1.6751795034069523,1536.6075800326837,166.6075800326837,0.12161137228663044
0.0058618130397485035,1.78130865261322,986.537249984508,383.462750015492,0.2798998175295562
0.005611150780394298,1.6801059131915808,1001.2349051658908,368.76509483410916,0.26917160206869284
0.00640318579581562,1.7503356570114759,1096.719249858523,273.28075014147703,0.1994750001032679
0.006316505045069186,1.7249838644277928,1097.7729197825543,272.22708021744575,0.1987058979689385
0.007209313606628486,1.6990941154255594,1272.0295050181342,97.97049498186584,0.07151131020574149
0.0053951465866400455,1.7516055730465274,923.3952445503928,446.6047554496072,0.32598887259095416
0.00585595752030711,1.5394695658794137,1140.3745405993734,229.6254594006266,0.16760982438001942
0.007803462675574706,1.5649330417299974,1494.9005446492608,124.90054464926084,0.09116828076588382
0.008032213732708876,1.5346643748376265,1569.0708259028454,199.0708259028454,0.14530717219185796
0.005284989412868076,1.6750423502663545,945.8865122638578,424.11348773614225,0.309571888858498
0.009472214897443315,1.6290736640083627,1743.1370045118917,373.13700451189175,0.2723627770159794
0.007858941203949336,1.627550938852687,1447.6052604966744,77.60526049667442,0.05664617554501782
0.007718831825852538,1.502557437556881,1540.072617605581,170.07261760558094,0.12414059679239485
0.005661901098937134,1.7069534094435643,994.4004552277642,375.59954477223584,0.27416025165856633
0.00506653179178929,1.7011741269375065,892.8586411845031,477.1413588154969,0.34827836409890284
0.005352723361133987,1.7403038684474472,922.083851287398,447.91614871260197,0.3269460939508044
0.0051565659748665305,1.5092297333599547,1024.2970664266013,345.7029335733987,0.2523379077178093
0.0073324630155406755,1.7331453349833599,1268.3397440781482,101.66025592185179,0.07420456636631517
0.006836698410691294,1.6170057197159988,1267.5221838459634,102.47781615403665,0.07480132565988076
0.005723924919648976,1.663020458430782,1031.8511190705485,338.1488809294515,0.24682400067843174
0.005307956546536021,1.6310376619969669,975.6275879582872,394.3724120417128,0.287863074483002
0.007857875189421597,1.782186164242947,1321.8213478245718,48.17865217542817,0.03516689939812275
0.009848458313987611,1.7144084344563806,1722.16460565716,352.1646056571601,0.25705445668405846
0.006352356517695821,1.7007143836247827,1119.7580221985722,250.24197780142777,0.18265837795724654
0.008234517665291818,1.7806890547199514,1386.3432724420823,16.343272442082252,0.011929395943125731
0.005694570083831105,1.7133330166819905,996.4140923351284,373.58590766487157,0.27269044355100114
0.009334282461188243,1.7197961492603908,1627.1390559336699,257.13905593366985,0.18769274155742324
0.008984442792147333,1.7031595924779952,1581.453787603895,211.45378760389508,0.15434583036780664
0.005834204942094948,1.5828691398282582,1104.9875166914712,265.0124833085288,0.19343976883834216
0.006217647950209511,1.7703893476911383,1052.8779809949265,317.1220190050735,0.23147592628107558
0.007597606365789019,1.5449118933248331,1474.326851361372,104.32685136137206,0.07615098639516209
0.006470184873283384,1.7534732588900015,1106.2116955829356,263.7883044170644,0.19254620760369665
0.006775112769493923,1.5655957600121733,1297.3513101351127,72.64868986488727,0.05302824077728998
0.008218009067305881,1.7473822725034414,1409.9359807652309,39.93598076523085,0.02915035092352617
0.007322831459759413,1.7630958376328147,1245.1561599671845,124.84384003281548,0.0911268905349018
0.008694374688575007,1.7672842121656958,1474.8663178893983,104.86631788939826,0.07654475758350238
0.009588782468485393,1.591359306442754,1806.4083037792277,436.4083037792277,0.31854620713812243
0.005135432469006064,1.5970154569651744,964.0256868283457,405.97431317165433,0.2963316154537623
0.009735121075278089,1.7896304306257385,1630.7924955571812,260.79249555718116,0.19035948580816142
0.005765796618777631,1.5883882537467027,1088.2366679520171,281.7633320479829,0.20566666572845466
0.007512607024483977,1.7235477892894933,1306.7365696814027,63.26343031859733,0.04617768636393966
0.007499665957646569,1.5681481321657909,1433.7569554201305,63.75695542013045,0.046537923664328795
0.009874038120492815,1.777983691224397,1664.8983751306203,294.89837513062025,0.21525428841651112
0.005664287210551016,1.5850317813921542,1071.3416636842321,298.6583363157679,0.21799878563194736
0.007464155749561011,1.6550778980625802,1352.019504142468,17.980495857532105,0.013124449531045333
0.005671741846436075,1.5698193033225152,1083.147229547857,286.852770452143,0.20938158427163722
0.009318783530623159,1.6865779159942342,1656.4316381247963,286.43163812479634,0.2090741884122601
0.005319947660683929,1.7561108433070514,908.1887921290651,461.81120787093494,0.33708847289849264
0.009054500521458494,1.7545192921962895,1547.130874743689,177.130874743689,0.12929260930196276
0.005519729251754272,1.6905100482552389,978.8603159063097,391.13968409369033,0.2855034190464893
0.008373430161136529,1.72253674070491,1457.322302960676,87.3223029606761,0.0637389072705665
0.00949811909377604,1.7753821545170512,1603.8600265611174,233.86002656111737,0.1707007493146842
0.008718785253457047,1.6516900767487597,1582.516053528142,212.51605352814204,0.1551212069548482
0.007085957497429851,1.617264159459917,1313.524820921918,56.475179078081965,0.041222758451154716
0.006993292479300183,1.649798847455112,1270.7830079505245,99.2169920494755,0.07242116207990912
0.006944700371661469,1.6639711822903294,1251.204838552693,118.79516144730701,0.08671179667686643
0.005915489957362703,1.5419480171957958,1150.1161224729485,219.88387752705148,0.16049918067667993
0.00709455680430913,1.5948382189726114,1333.6115208943238,36.3884791056762,0.026560933653778245
0.00851995292666468,1.5802312169122483,1616.3568992897171,246.35689928971715,0.1798225542260709
0.005623886547996668,1.7504435194003118,963.1837606018079,406.8162393981921,0.2969461601446658
0.00941667408095797,1.5810542781311192,1785.5477246816956,415.5477246816956,0.3033195070669311
0.007845846857114204,1.693766007646081,1388.6957842864726,18.695784286472644,0.013646557873337697
0.00845705647447994,1.7674096914669408,1434.5070982522557,64.50709825225567,0.04708547317682896
0.005341425371168526,1.5876657324444052,1008.5996116958124,361.4003883041876,0.26379590387166973
0.008403697946996806,1.5443835128248202,1631.308054572257,261.3080545722571,0.19073580625712197
0.008710186992342411,1.7802124834909374,1466.818367071209,96.81836707120897,0.07067034092788976
0.0077680317330767,1.7701679865254498,1315.579845985189,54.42015401481103,0.039722740156796374
0.0069945143060498255,1.6836808571728814,1245.4276161622536,124.57238383774643,0.09092874732682221
0.008744190304628434,1.6050581310233558,1633.2382322956387,263.2382322956387,0.1921446951063056
0.008206525764220696,1.5486400629555512,1588.6548393954758,218.65483939547585,0.15960207255144224
0.006139057192635927,1.7783606695631236,1034.909890373943,335.09010962605703,0.24459132089493213
0.0057299347578993,1.7584932797193253,976.854017619245,393.14598238075496,0.28696787035091603
0.007977964105316671,1.7882397405626378,1337.4792063485509,32.52079365144914,0.023737805584999373
0.006331456651381783,1.649632964012861,1150.6335006914878,219.36649930851218,0.16012153234197968
0.008045519041055334,1.5010684070501772,1606.846108994921,236.846108994921,0.1728803715291394
0.006647335996861099,1.6282354707751576,1223.9146201023013,146.08537989769866,0.10663166415890413
0.009506332557483323,1.61045132108533,1769.6447987342474,399.6447987342474,0.2917115319228083
0.008401686959421225,1.5632413149464406,1611.243485461317,241.24348546131705,0.17609013537322413
0.005412536703059219,1.6422523950185075,988.0562130080211,381.94378699197887,0.278791085395605
0.0075058584720337634,1.7812272303782506,1263.286189630779,106.71381036922094,0.07789329224030725
0.009129724651554523,1.7362338272732583,1576.413586211021,206.41358621102108,0.15066685124892049
0.008104395192006649,1.7331184758473177,1401.887169904649,31.887169904649,0.023275306499743794
0.005229819363001594,1.5116173250597769,1037.2072188761406,332.7927811238594,0.2429144387765397
0.006547527650692888,1.7655845603575895,1111.7561018015665,258.2438981984335,0.18849919576527993
0.007709586508923984,1.5697171142023951,1472.4155510328148,102.41555103281485,0.0747558766662882
0.006278819543410546,1.7058671171852724,1103.4521536257773,266.5478463742227,0.19456047180600194
0.00942523124664621,1.590165242093913,1776.9305779377578,406.9305779377578,0.29702961893266994
0.005120930813481439,1.612772001747436,951.9116367088067,418.08836329119333,0.30517398780379074
0.0071660531407628245,1.6598487630183991,1294.2918253113721,75.70817468862788,0.0552614413785605
0.009355713482978277,1.7571137651018252,1596.2383296469488,226.23832964694884,0.1651374668955831
0.0061609253396332575,1.751955654684688,1054.249830002436,315.75016999756394,0.23047457664055762
0.0077451797983068785,1.5029101239570628,1544.9669626769378,174.96696267693778,0.12771311144302028
0.0054284838385256695,1.5428676619324455,1054.8011040211575,315.19889597884253,0.23007218684587047
0.007641761313211557,1.5240185947090703,1503.2247083404734,133.2247083404734,0.09724431265727985
0.005186798155674435,1.715066481473793,906.6488005195534,463.35119948044655,0.33821255436528946
0.00605397381824981,1.6220088422595516,1118.94315515102,251.05684484898006,0.1832531714226132
0.007946008507798835,1.7401678740016877,1368.9216180987917,1.0783819012083313,0.0007871400738746944
0.006910633575781996,1.658657486109979,1249.055843880021,120.94415611997897,0.08828040592699195
0.006201679971963649,1.7254609493319295,1077.518957032445,292.4810429675549,0.21348981238507658
0.005436297266222759,1.7820649684158745,914.5350751764901,455.46492482350993,0.3324561495062116
0.005678059931075403,1.5364714992856152,1107.8887855712678,262.1112144287322,0.19132205432754174
0.007493310199481344,1.582405915937499,1419.6344064652187,49.63440646521872,0.03622949377023264
0.005276630540482862,1.5585940624206074,1014.9493558524351,355.05064414756487,0.2591610541223101
0.005201255931022409,1.5843027176536777,984.2167679656424,385.78323203435764,0.28159360002507855
0.006045268841384335,1.7172017382569384,1055.394928186504,314.6050718134959,0.229638738549997
0.006927805477215316,1.6777245880385117,1237.9289469604935,132.07105303950652,0.09640222849599016
0.009519862143521372,1.586336118613793,1799.103505454664,429.10350545466395,0.31321423755814887
0.005511553420152156,1.7079487352948493,967.4307624581455,402.5692375418545,0.2938461587896748
0.006159970253836181,1.6201083571975912,1139.869821299369,230.13017870063095,0.16797823262819778
0.007970003018621254,1.7643730789552459,1354.2185741321277,15.781425867872258,0.011519288954651282
0.005431886413696517,1.6023721790995733,1016.2673820597396,353.7326179402604,0.25819899119727036
0.006532514855257465,1.5219298156719705,1286.7864636152535,83.21353638474648,0.060739807580106914
0.007679743559935129,1.5021429398890824,1532.696481476407,162.69648147640692,0.11875655582219483
0.009232730831464208,1.6202841512083341,1708.2825058511264,338.2825058511264,0.24692153711761053
0.005676745641000722,1.6629759302653806,1023.373518632232,346.62648136776795,0.25301203019545104
0.009658377161301912,1.699123811444074,1704.1186816262018,334.1186816262018,0.2438822493621911
0.009318727109800876,1.7354953568638498,1609.7329760229404,239.73297602294042,0.17498757373937257
0.007936246452098205,1.5487689034334964,1536.2051923264635,166.20519232646348,0.1213176586324551
0.005664496685002181,1.7769727043461767,955.6553009374925,414.3446990625075,0.30244138617701277
0.007766645747591057,1.715826316853781,1357.0032095993256,12.9967904006744,0.009486708321660145
0.007635205764344125,1.7007162284598591,1345.8900815577883,24.109918442211665,0.01759848061475304
0.008043799689901555,1.77996175311406,1354.7878073651495,15.212192634850453,0.011103790244416389
0.005327883611290209,1.7814674323506876,896.5975435537362,473.40245644626384,0.3455492382819444
0.008140729664451098,1.6920458357926313,1442.3541634592034,72.35416345920339,0.052813257999418536
0.009492607851716465,1.5423090651514026,1845.1634014203346,475.1634014203346,0.34683459957688656
0.006713111274899262,1.6715399078137647,1204.0036379160092,165.9963620839908,0.12116522779853342
0.007530420248045044,1.6340410026153225,1381.5829543573927,11.582954357392737,0.00845471120977572
0.008955005060968586,1.6186783176842847,1658.5401492687683,288.54014926876835,0.21061324764143674
0.006237888152291238,1.7259511745241536,1083.5021578290298,286.4978421709702,0.2091225125335549
0.008050934834603393,1.701955432950485,1418.1390984365414,48.13909843654142,0.035138028055869644
0.0097011209211013,1.5040017401586863,1933.7230859755039,563.7230859755039,0.41147670509160866
0.009566920186399794,1.7152170762242696,1672.1443355054387,302.1443355054387,0.22054331058791143
0.008397935558936484,1.5941789507596185,1579.269217009502,209.26921700950197,0.15275125329160727
0.009592983810511511,1.7312102137396026,1661.2102754957677,291.21027549576775,0.2125622448874217
0.006968026402224429,1.5672816274735941,1332.856664630909,37.14333536909089,0.027111923627073643
0.007318891350665801,1.7255488665365593,1271.5655119376781,98.43448806232186,0.07184999128636632
0.008446230441151288,1.6949933649404145,1493.879703107972,123.87970310797209,0.09042314095472416
0.007306027238564558,1.7983042613930074,1217.9762407767255,152.0237592232745,0.11096624760822957
0.005019779700981814,1.7579975210885175,856.0262896412067,513.9737103587933,0.3751632922326958
0.007774748810591306,1.765488363451337,1320.2075439926791,49.79245600732088,0.03634485839950429
0.005134963311455652,1.7497887647641122,879.776635832176,490.223364167824,0.3578272731152
0.0063575092565706735,1.5773740958121345,1208.2950593934895,161.7049406065105,0.11803280336241642
0.0069006501063612145,1.6165102929553359,1279.7709152855668,90.22908471443316,0.0658606457769585
0.006854700817260891,1.6400812723394487,1252.9791306805002,117.02086931949975,0.08541669293394143
0.00539308255924873,1.7022724293541165,949.792435543095,420.20756445690495,0.30672084996854376
0.006464132959892735,1.6587104724245927,1168.3161956844508,201.6838043155492,0.14721445570478042
0.00998322041656299,1.6963166924843993,1764.3487213781148,394.34872137811476,0.287845782027821
0.008169223420043406,1.5483896076044,1581.689490176232,211.68949017623208,0.1545178760410453
0.007169997354894011,1.7246402865585828,1246.3533106758139,123.64668932418613,0.09025305790086578
0.005087201108799217,1.7813884800745445,856.1324729591958,513.8675270408042,0.375085786161171
0.00947872412506811,1.6936116191143893,1677.8640227114186,307.86402271141856,0.22471826475286025
0.008352884234974434,1.6491273577549233,1518.4586468818825,148.4586468818825,0.1083639758261916
0.0056322603691541,1.6851634327038945,1001.9854142309698,368.0145857690302,0.26862378523286873
0.006104465597820313,1.754249597093514,1043.222554748824,326.777445251176,0.23852368266509197
0.00847899398512007,1.5280752017606756,1663.4904128000337,293.4904128000337,0.214226578686156
0.009418282746415358,1.5051351827791126,1875.93125653566,505.93125653565994,0.36929288798223353
0.009585810491436971,1.664984038001593,1725.994738423629,355.9947384236291,0.25985017403184607
0.007402882855021628,1.577807525672516,1406.5901013160885,36.59010131608852,0.02670810315042958
0.00903541291221868,1.6589548156622755,1632.8043539375183,262.8043539375183,0.19182799557483085
0.007278224815934579,1.6931954620701557,1288.6621517269446,81.33784827305544,0.05937069217011346
0.005908076447018673,1.7083216484238486,1036.8051951678985,333.19480483210145,0.24320788673876018
0.006531181825115541,1.5664141122874615,1249.9881338128487,120.01186618715133,0.08759990232638783
0.009527143338925473,1.7103446655245282,1669.935760239803,299.9357602398029,0.21893121185387074
0.0063725466593699265,1.5202420005953494,1256.6692842218815,113.33071577811847,0.08272315020300619
0.007742145683099418,1.7884708085211833,1297.7773377523774,72.22266224762257,0.05271727171359311
0.008908610578482502,1.6859406460584763,1584.121166383836,214.121166383836,0.1562928221779825
0.006407296961944349,1.520926789303622,1262.9531670204333,107.04683297956672,0.07813637443763993
0.009706871206500677,1.6376762089477386,1776.9365901432157,406.93659014321565,0.29703400740380703
0.005626788345052454,1.6685639757856738,1010.9703512055835,359.0296487944165,0.26206543707621643
0.009967926546045117,1.7618211474820955,1696.1478778212272,326.1478778212272,0.23806414439505635
0.006279772562361732,1.7581481924157567,1070.8019154884691,299.19808451153085,0.2183927624171758
0.0075651584593640995,1.616975792707716,1402.6044545134482,32.60445451344822,0.023798871907626435
0.008841317421142747,1.7715647405782176,1496.1690199238749,126.16901992387488,0.09209417512691598
0.00589142989795709,1.550806469632629,1138.8953327371933,231.10466726280674,0.1686895381480341
0.00781290971176095,1.555734121133657,1505.560220607682,135.5602206076819,0.0989490661369941
0.0050144308453809175,1.7625607455328898,852.9002772913005,517.0997227086995,0.3774450530720434
0.007994017199748748,1.724488919118136,1389.7138097196314,19.7138097196314,0.01438964213111781
0.005806177368139628,1.7506987829680218,994.2590934047302,375.74090659526985,0.2742634354709999
0.007226833070175038,1.6860225167232823,1285.0065928384306,84.9934071615694,0.0620389833296127
0.008160838389279917,1.5278242314621104,1601.33459705745,231.33459705745008,0.16885737011492707
0.006821621815576705,1.7511945131929827,1167.8147437256132,202.1852562743868,0.14758047903239913
0.005858620516994339,1.654043306476365,1061.8647277262571,308.1352722737429,0.2249162571341189
0.005094367285304436,1.6500613940866806,925.5733731420025,444.42662685799746,0.3243989977065675
0.009587174740291884,1.5432164044235162,1862.4495387873274,492.44953878732736,0.3594522180929397
0.0067835534181367296,1.5516955413896856,1310.6038516912824,59.39614830871756,0.04335485278008581
0.009719173351527565,1.6851832903859763,1729.0314266735825,359.0314266735825,0.2620667347982354
0.006124257426734522,1.670002552185395,1099.403222457874,270.5967775421259,0.1975158960161503
0.009783709027329265,1.524116695675389,1924.4472460555776,554.4472460555776,0.40470601901866976
0.008704382555426299,1.6958119690402156,1538.7957446369974,168.79574463699737,0.1232085727277353
0.005366683722412871,1.5961478677148444,1007.9838697865408,362.0161302134592,0.26424535052077314
0.007668121768835861,1.5210673413972124,1511.3368164298051,141.33681642980514,0.10316555943781397
0.007989718424259648,1.5750057894871625,1520.7927114455917,150.79271144559175,0.11006767258802318
0.005979648257750136,1.79514837837908,998.6101821761374,371.3898178238626,0.2710874582655931
0.009258155221212544,1.5717958979063638,1765.8304834678909,395.8304834678909,0.28892736019554077
0.0058756640286808945,1.762869816442632,999.2114818183176,370.78851818168243,0.27064855341728644
0.005347799846362241,1.5665341523608205,1023.4249016638648,346.57509833613517,0.25297452433294537
0.005849738920990011,1.6437958900935792,1066.8645787172682,303.13542128273184,0.22126673086330792
0.0050564991319248355,1.797192383426224,843.482488360346,526.517511639654,0.38431935156179126
0.008289472241949328,1.7490599848605173,1420.8324931377017,50.832493137701704,0.03710400958956329
0.007394485586629776,1.7322819509063585,1279.7056555957533,90.29434440424666,0.06590828058704136
0.00801381964360482,1.5825806948753873,1518.079107564335,148.0791075643349,0.10808693982798168
0.00894711391042123,1.512846497884989,1773.0002845371866,403.00028453718664,0.294160791632983
0.008902010672782689,1.6571673651135554,1610.432185015231,240.43218501523097,0.17549794526659196
0.007770998977906783,1.6182361802874559,1439.6457779656905,69.64577796569051,0.050836334281525924
0.006375042197393482,1.7757708594719939,1076.259113058418,293.74088694158195,0.21440940652670215
0.008604261217828292,1.7513407662853266,1472.8673422237741,102.86734222377413,0.07508565125822929
0.005213967671710604,1.5782844938061713,990.3843004027028,379.6156995972972,0.27709175153087384
0.0071451389727719885,1.6626149315970506,1288.367339117616,81.63266088238402,0.05958588385575476
0.007235175104979544,1.7217641631877945,1259.7839908378005,110.2160091621995,0.0804496417242332
0.0050188130363344845,1.7300280149535812,869.6982265027244,500.3017734972756,0.3651837762753836
0.009829324915756112,1.6671210632017568,1767.5725788718848,397.57257887188484,0.2901989626802079
0.00936401099033191,1.7847122828786064,1572.9481432170785,202.9481432170785,0.14813733081538577
0.006564161478173251,1.5507477101989184,1268.991784613402,101.00821538659807,0.07372862436977962
0.009324195369029304,1.7603765324149063,1587.9122432510803,217.91224325108033,0.15906003157013163
0.00569792791506309,1.5669803249283036,1090.1195043669336,279.8804956330664,0.20429233257888058
0.00808667493747513,1.5819257007366823,1532.5145519942494,162.51455199424936,0.11862376057974405
0.0094636163991813,1.5442867665822761,1837.1722683077953,467.1722683077953,0.34100165569912066
0.009228969847828382,1.5938579405563094,1735.8984669127162,365.89846691271623,0.26707917292898997
0.00626654943052618,1.7836450226744267,1053.272502697338,316.72749730266196,0.2311879542355197
0.009497613885791602,1.5551062633819863,1830.944340590698,460.94434059069795,0.3364557230589036
0.007746077138602214,1.7580650865769074,1320.8927945669536,49.107205433046374,0.035844675498573994
0.007551502558110271,1.6814070257508416,1346.4220612960842,23.577938703915834,0.017210174236434915
0.00539028862105515,1.762482965306472,916.8700673112938,453.12993268870616,0.330751775685187
0.006882551976943153,1.7319425249265352,1191.3427523052874,178.65724769471262,0.130406750142126
0.0051760118391392315,1.747205533765311,888.1206486042888,481.8793513957112,0.3517367528435848
0.008894251275934118,1.6637705544261543,1602.6425308395933,232.6425308395933,0.16981206630627246
0.006078465289971194,1.5460329399283799,1178.6799641103146,191.3200358896854,0.13964966123334702
0.007598422921003729,1.5985352446296326,1425.0232467905516,55.02324679055164,0.040162953861716526
0.009754708637219242,1.746655496806216,1674.2786913464454,304.2786913464454,0.2221012345594492
0.009453459315668346,1.6548933544555475,1712.542863995976,342.54286399597595,0.2500312875883036
0.007383321230696715,1.694352059305062,1306.377861553758,63.622138446241934,0.04643951711404521
0.008388927762167025,1.5597106204728541,1612.4383849114547,242.4383849114547,0.17696232475288665
0.007148719256633099,1.774291615969247,1207.8804285659858,162.11957143401423,0.11833545360147024
0.0076773489433881155,1.6489915719783268,1395.7689958965277,25.768995896527713,0.018809486055859644
0.0050545071040870235,1.6727485534724835,905.8762033104559,464.12379668954406,0.33877649393397374
0.0056437220641511205,1.746530231292805,968.7466495374074,401.2533504625926,0.2928856572719654
0.005655898594614212,1.782262586764466,951.3725724088382,418.6274275911618,0.3055674653950086
0.008627242591618062,1.5135264286835064,1708.8451270409282,338.8451270409282,0.2473322095189257
0.009732663226964233,1.793188990775573,1627.1452962890705,257.14529628907053,0.18769729656136536
0.0057685902370759705,1.6338055998887295,1058.4979305283246,311.50206947167544,0.22737377333698938
0.006755338855608533,1.5975295823416547,1267.7071288891295,102.29287111087046,0.07466632927800763
0.00590780496066888,1.5586207728905315,1136.3350221868945,233.66497781310545,0.1705583779657704
0.00643009526908542,1.731287529606293,1113.4453595536847,256.55464044631526,0.18726616090971918
0.0077140856808506734,1.7968452655746447,1287.0472220351328,82.95277796486721,0.06054947296705636
0.00925432125414032,1.6977827678722204,1634.1170192093596,264.11701920935957,0.19278614540829164
0.009974082026636098,1.610623227424137,1856.5202066786276,486.5202066786276,0.355124238451553
0.009599250635162981,1.569933327371841,1833.060610090459,463.060610090459,0.3380004453215029
0.008539748611856943,1.5988026195525609,1601.2934903541516,231.29349035415157,0.16882736522200845
0.009905854117490174,1.6531025740060379,1796.4404636278507,426.4404636278507,0.3112704114071903
0.008031819643783245,1.5185974714271486,1585.593943442817,215.5939434428169,0.15736784192906345
0.007687288548008878,1.7587810960154817,1310.3342618270594,59.665738172940564,0.043551633702876326
0.008521600278686703,1.696336647203889,1506.0168026505598,136.01680265055984,0.09928233770113856
0.009073430921602264,1.5794025702492416,1722.262714851153,352.2627148511531,0.25712606923441833
0.008017759071707558,1.6149579281509334,1488.3754293903569,118.37542939035689,0.08640542291266926
0.008393491864821702,1.7624621676368541,1427.7217426640232,57.72174266402317,0.042132658878849025
0.007589516716607207,1.62598676018101,1399.322508167577,29.322508167577098,0.021403290633267954
0.00661330784506676,1.561066346133763,1270.0419935984978,99.95800640150219,0.07296204846824977
0.008916604730773044,1.506629345375095,1774.2458405304515,404.24584053045146,0.2950699565915704
0.005970684550888034,1.5001111626004953,1193.2223705011172,176.7776294988828,0.1290347660575787
0.00822151337094527,1.5058587870330236,1636.7721350630845,266.77213506308453,0.19472418617743398
0.009972251393337565,1.610526390907607,1856.291069727712,486.29106972771206,0.3549569852027095
0.009491159514713757,1.7096968238690589,1664.2588325964182,294.2588325964182,0.21478746904848042
0.009884067950937374,1.6705773870406389,1773.7394562126055,403.73945621260555,0.29470033300190185
0.008638341135527219,1.6956645818664524,1527.253414240492,157.25341424049202,0.11478351404415475
0.006060068200894817,1.5373771512071752,1181.7287255553015,188.27127444469852,0.13742428791583833
0.005741756103816704,1.6968522325384228,1014.4284473284185,355.57155267158146,0.25954127932232224
0.006875677490884535,1.7792368155603604,1158.517088552015,211.4829114479851,0.15436708864816429
0.009160283341065223,1.5126384197012495,1815.4926008931961,445.49260089319614,0.32517708094393877
0.006664060009221026,1.518527023711944,1315.640024331139,54.3599756688609,0.03967881435683277
0.008486601668341014,1.593477578737202,1596.6457314291767,226.64573142917675,0.1654348404592531
0.007508644808836632,1.5636476203824183,1439.6050965367394,69.60509653673944,0.050806639807839005
0.005042253449397193,1.5971556463700298,946.4509979909296,423.54900200907036,0.3091598554810733
0.005461426952626578,1.6595653686844383,986.5803668904458,383.4196331095542,0.279868345335441
0.008141698235454999,1.619333351549541,1507.2991141482357,137.29911414823573,0.10021833149506258
0.007267057028705589,1.512509387685565,1440.39363114005,70.39363114005005,0.05138221251098544
0.0054799766800697055,1.6760124291153282,980.216882739913,389.783117260087,0.28451322427743575
0.0059384814602122925,1.5084048727796946,1180.26133823322,189.73866176678007,0.13849537355239422
0.00739599307849989,1.721558394574596,1287.9394340279484,82.06056597205156,0.05989822333726391
0.0071709931162270545,1.747249815159555,1230.3962684457188,139.60373155428124,0.10190053398122718
0.005056390937639531,1.7281559667233326,877.1591783339085,492.84082166609153,0.35973782603364346
0.0070729861380069755,1.5283598904519538,1387.38782204367,17.387822043669985,0.012691840907788311
0.009447716251814193,1.6788634786101342,1687.0663479812663,317.0663479812663,0.23143529049727465
0.00623889477662366,1.613763838367295,1159.0132061576585,210.9867938423415,0.1540049590090084
0.007362917187767349,1.7462027350858351,1264.0840593247142,105.91594067528581,0.07731090560239841
0.009298932873467457,1.5863981332860164,1757.282667207476,387.2826672074759,0.28268807825363207
0.006833020947446554,1.6695011339410557,1227.0061419873323,142.99385801266772,0.1043750788413633
0.0069380458613626916,1.574377934278181,1321.1401006126732,48.85989938732678,0.035664160136734874
0.009614410849428401,1.576808707716101,1827.9502432142588,457.95024321425876,0.3342702505213568
0.006598051467057957,1.5799236568164476,1251.9883848727104,118.01161512728959,0.08613986505641576
0.008252762631856316,1.5072788087128612,1641.4454846661858,271.44548466618585,0.19813539026728894
0.005128856886696607,1.7495591290823225,878.8457544727283,491.15424552727166,0.3585067485600523
0.009051477263014071,1.7933499643416502,1513.12608869751,143.1260886975101,0.10447159758942344
0.009567909355612993,1.5798112691422257,1815.6517298410174,445.6517298410174,0.32529323346059663
0.0054598328005192,1.5296862638220092,1070.0342509757484,299.96574902425164,0.21895310147755595
0.007858375266833854,1.534574725274189,1535.2016414251782,165.2016414251782,0.12058513972640744
0.008926086258398858,1.5553671558297015,1720.476949571392,350.47694957139197,0.25582259092802334
0.00858733822492841,1.5141438594514351,1700.2474487868942,330.2474487868942,0.24105653196123664
0.009619372938251002,1.641590577582069,1756.7202790750532,386.7202790750532,0.2822775759671921
0.0077032615339017434,1.6285397890327156,1418.0677226418452,48.067722641845194,0.035085928935653425
0.005644562782803128,1.6400141391486365,1031.8187572884724,338.1812427115276,0.24684762241717342
0.008063958834101012,1.782082715998491,1356.5666836802448,13.43331631975525,0.009805340379383394
0.0073616219476634066,1.716416461540401,1285.794437426987,84.20556257301291,0.06146391428687074
0.009842108846336631,1.6667748824236555,1770.2390611120522,400.23906111205224,0.29214530008178996
0.008942579524290485,1.6816413581999001,1594.2269041939373,224.22690419393734,0.16366927313426083
0.008745325712876848,1.6787499278869862,1561.7470165874824,191.74701658748245,0.13996132597626457
0.0061548677316241385,1.5849796514992474,1164.1682113603847,205.8317886396153,0.15024218148877028
0.007507342924677956,1.7840534420471754,1261.5343999199547,108.4656000800453,0.07917197086134693
0.009020948312871594,1.6639195933039725,1625.3262952668854,255.32629526688538,0.18636955858896742
0.00914569030159863,1.7352406965291816,1580.0741540393587,210.07415403935875,0.153338798568875
0.008389647242774516,1.7683537588268246,1422.3132425340718,52.31324253407183,0.03818484856501594
0.00597871552748026,1.5594353478173668,1149.373602550907,220.62639744909302,0.16104116602123578
0.008768091269979721,1.6017542714775859,1641.0804582220496,271.08045822204963,0.1978689476073355
0.009899069674526795,1.7975039126662775,1650.9930291265082,280.9930291265082,0.20510440082226875
0.00993428119384359,1.5497796159322605,1921.7071556164535,551.7071556164535,0.40270595300471057
0.005657699039566027,1.6103338443721444,1053.2819064962566,316.7180935037434,0.2311810901487178
0.008646971149680816,1.6720220249413267,1550.396284587737,180.396284587737,0.1316761201370343
0.00879698908724736,1.557532037561876,1693.237068557116,323.2370685571159,0.2359394661000846
0.009418055711839611,1.6111187453731723,1752.4853953451816,382.4853953451816,0.27918641995998655
0.009216877605612104,1.5100762410353497,1829.8085337579482,459.8085337579482,0.33562666697660454
0.0061442854683750395,1.6019564645248223,1149.850500939935,220.14949906006495,0.16069306500734667
0.006283525032677346,1.5679817134009464,1201.3873620789989,168.61263792100112,0.12307491819051176
0.009195199512944957,1.7196591272205368,1603.0220292795539,233.02202927955386,0.17008907246682764
0.0063383239942033254,1.596868122042288,1189.9428034122109,180.05719658778912,0.13142861064802125
0.009638539569718486,1.5194102416688127,1901.7651651225394,531.7651651225394,0.3881497555638974
0.006260437902897443,1.6424936506247634,1142.6723423570556,227.32765764294436,0.1659325968196674
0.006956085565234661,1.6638485417765905,1253.348449272511,116.65155072748894,0.085147117319335
0.008455017668167147,1.7985900501495764,1409.2986497742827,39.298649774282694,0.0286851458206443
0.007574860897249087,1.549585875677851,1465.479392293126,95.47939229312601,0.06969298707527447
0.00557549184854143,1.5708195617409746,1064.0881018699874,305.91189813001256,0.22329335629927924
0.008782690753326806,1.6411647760521755,1604.3388739596053,234.33887395960528,0.17105027296321554
0.0063626007754078555,1.7168305457845559,1111.0355243944925,258.96447560550746,0.1890251646755529
0.006103703906191952,1.7906636674719676,1021.8805631572532,348.11943684274684,0.25410177871733347
0.009407417659428433,1.759693200034395,1602.7071443462598,232.70714434625984,0.1698592294498247
0.0055681686846864534,1.656082814115608,1007.977959986395,362.02204001360496,0.26424966424350727
0.007810760425534185,1.6371829071565964,1430.266011564244,60.26601156424408,0.043989789462951887
0.008856750653706912,1.750001239133703,1517.2486675965383,147.24866759653833,0.10748077926754622
0.00905519256181838,1.7744684417145962,1529.854446522456,159.8544465224561,0.1166820777536176
0.007714663737320011,1.576086015008768,1467.431334603756,97.43133460375611,0.07111776248449352
0.00831791549071126,1.5793717286620008,1578.8862654323648,208.88626543236478,0.15247172659296698
0.007012329692640196,1.6956762273996637,1239.7670739813343,130.2329260186657,0.0950605299406319
0.00662365380508372,1.755841609326858,1130.9228831456917,239.07711685430831,0.17450884441920314
0.005341867582608942,1.792821406685066,893.2577483341986,476.7422516658014,0.3479870450115339
0.006275210242848084,1.6120691121485762,1166.9851428781783,203.0148571218217,0.14818602709622022
0.0062978829359029535,1.5310569836705419,1233.1727856556915,136.82721434430846,0.09987387908343683
0.00882120406917378,1.63282594474463,1619.6033992041985,249.60339920419847,0.1821922621928456
0.008457553600874586,1.7716736234660755,1431.1387543900482,61.138754390048234,0.04462682802193302
0.0055497514968649315,1.579395399107317,1053.4243948505175,316.5756051494825,0.23107708405071714
0.008983943941850432,1.6170678688357643,1665.5569557514311,295.55695575143113,0.2157350041981249
0.007789020875475354,1.507465914053765,1549.0165926158284,179.01659261582836,0.1306690457049842
0.009159832423824475,1.6610912829803395,1653.1594051107538,283.1594051107538,0.2066856971611342
0.009010666211038791,1.5895810095475371,1699.3973603105512,329.3973603105512,0.24043602942376002
0.0076718023625725875,1.6400488477064143,1402.3658446407187,32.365844640718706,0.023624704117312923
0.006848156114128957,1.6808456924404955,1221.424169664003,148.5758303359969,0.10844951119415831
0.008857284347311128,1.7161240049253932,1547.293224769481,177.29322476948096,0.12941111297042407
0.00891927586115085,1.6975761589270795,1575.1467879264321,205.14678792643213,0.14974218096819863
0.007830303912944148,1.6971082443504948,1383.215280912709,13.215280912708977,0.00964619044723283
0.008022909000301847,1.6723288170140715,1438.2384522950997,68.2384522950997,0.04980908926649614
0.005688896122937909,1.6099613198560319,1059.3348616317912,310.6651383682088,0.22676287472132028
0.00896834990500487,1.5367610878390634,1749.5521480220116,379.5521480220116,0.2770453635197165
0.005135411143431068,1.6207890872415296,949.8814754176375,420.1185245823625,0.3066558573593887
0.007370171420947404,1.5467947491950058,1428.4518403731784,58.45184037317836,0.04266557691472873
0.007825775551166845,1.6409635923224,1429.7139188324377,59.713918832437685,0.043586802067472764
0.009985519204021551,1.7400577592723936,1720.3930907624544,350.39309076245445,0.2557613801185799
0.0075188213492616476,1.7325221908976225,1301.0430373709557,68.95696262904426,0.05033354936426588
0.007441666471529175,1.7114999880619675,1303.5089095397311,66.49109046026888,0.04853364267172911
0.009026047484849909,1.5553212420663431,1739.7955408317173,369.7955408317173,0.2699237524319104
0.007018229514032456,1.7403798177229663,1208.9385635215704,161.06143647842964,0.11756309232002164
0.0055357556960356,1.734640230998211,956.7273820502811,413.2726179497189,0.3016588452187729
0.008063702184848762,1.556357139544422,1553.2663018999704,183.26630189997036,0.1337710232846499
0.009778681260528428,1.7542472246581258,1671.1298441208432,301.12984412084325,0.2198028059276228
0.0069666262786915265,1.746907450271146,1195.5653493447253,174.4346506552747,0.12732456252209834
0.009004127012127182,1.7334882934398594,1557.1892693623508,187.18926936235084,0.1366345031841977
0.007253764328654502,1.5220317758303004,1428.7637566921032,58.76375669210324,0.04289325305992937
0.0068126915353777144,1.5380634711622065,1327.899387301218,42.100612698782015,0.030730374232687603
0.00909466295748157,1.5911219936342005,1713.5778234561787,343.57782345617875,0.2507867324497655
0.006368884024764727,1.6097105915577408,1186.1407923355032,183.8592076644968,0.13420380121496117
0.005663990217439773,1.7492267969027089,970.7269248223544,399.27307517764564,0.2914402008595954
0.00927781493255398,1.6024360607510237,1735.744103384616,365.744103384616,0.2669664988208876
0.0071097822607114475,1.505285042601065,1415.983710367849,45.98371036784897,0.03356475209332042
0.009573882255816242,1.762669588741395,1628.3129364721942,258.3129364721942,0.1885495886658352
0.009471866378503873,1.7140556260371267,1656.652246476001,286.652246476001,0.20923521640584014
0.006473958132549662,1.5578438481134234,1245.8526083320544,124.14739166794561,0.09061853406419387
0.007381586764832132,1.5036592590305864,1471.7057916405772,101.70579164057722,0.07423780411720965
0.005329130922787811,1.794239470437034,890.4236500589416,479.5763499410584,0.35005572988398426
0.006293521119593586,1.575683981181072,1197.4166066622304,172.58339333776962,0.12597327980859097
0.007691032833641444,1.542020292113517,1495.2550556879028,125.25505568790277,0.09142704794737429
0.006547433737375459,1.7484704461656415,1122.621922506297,247.3780774937029,0.1805679397764255
0.005575193613079375,1.6330473942765749,1023.4859091957842,346.5140908042158,0.2529299932877488
0.007783634443999146,1.6877402078952637,1382.6031347857631,12.603134785763132,0.00919936845676141
0.007516578452820893,1.5691446627642505,1436.077618332101,66.07761833210111,0.04823183819861395
0.005097384627494617,1.5163160288939723,1007.8093469490595,362.19065305094045,0.2643727394532412
0.005822393847070532,1.5092472786133753,1156.5432567558064,213.4567432441936,0.1558078417840829
0.007459143039293863,1.530439180211631,1461.1458300579275,91.14583005792747,0.06652980296199085
0.009554498067390884,1.6469393880941008,1739.2057541923955,369.2057541923955,0.2694932512353252
0.009757029142814452,1.7536098601884484,1668.0356423107924,298.03564231079235,0.21754426446043237
0.008101518979847455,1.7455078083704891,1391.442809281668,21.442809281667905,0.015651685607056865
0.006869057975914621,1.6808753657867632,1225.130557957854,144.86944204214592,0.10574411827893863
0.009773291007182964,1.6030198925650965,1827.7745319206604,457.77453192066037,0.3341419941026718
0.008743252237602552,1.6328119175405102,1605.3049656650596,235.30496566505963,0.17175544939055448
0.009892746735759246,1.6521625168472138,1795.0842184364874,425.0842184364874,0.3102804514134944
0.007381369988310988,1.705118526874541,1297.786058462082,72.21394153791789,0.052710906232056855
0.009550371448718651,1.7607044146618773,1626.1271952193156,256.1271952193156,0.18695415709439092
0.009459321073022265,1.6841794038910007,1683.8070272922516,313.80702729225163,0.2290562243009136
0.009631969653147991,1.7342100351003356,1665.0762014138486,295.0762014138486,0.21538408862324715
0.005076886374795759,1.5231319243067907,999.2648837555089,370.7351162444911,0.2706095739010884
0.006566787899408019,1.7399798118859313,1131.4346707243565,238.56532927564353,0.1741352768435354
0.009823401632800481,1.5323159409299556,1921.9154762765004,551.9154762765004,0.40285801188065723
0.006928461457270741,1.7955527062784176,1156.8028513841816,213.19714861581838,0.15561835665388202
0.008654767873805199,1.7713227322340153,1464.8003365457337,94.80033654573367,0.069197325945791
0.009959260091736238,1.673097360698283,1784.541134842743,414.5411348427431,0.3025847699582066
0.008244798803911999,1.6413696779376057,1505.8938472934292,135.8938472934292,0.09919258926527678
0.006863522076818085,1.538978074975837,1337.0119999785343,32.98800002146572,0.02407883213245673
0.00855492567907162,1.767752216742296,1450.8267465575939,80.82674655759388,0.05899762522452108
0.005491736707847632,1.7620846117296525,934.337224997607,435.662775002393,0.318002025549192
0.006156673385912292,1.7359818436824592,1063.216331543294,306.783668456706,0.22392968500489488
0.005059910203168131,1.5733410969526258,964.1411643064255,405.8588356935745,0.296247325323777
0.007419910109764814,1.6434857339143336,1353.4848791461375,16.515120853862527,0.01205483274004564
0.00783178832531652,1.695474165253805,1384.8108810498277,14.810881049827685,0.010810862080166194
0.006431725086919504,1.56029213981323,1235.7831099621312,134.21689003786878,0.09796853287435678
0.007916777134091092,1.5242409894495812,1557.0963469001179,187.09634690011785,0.13656667656942909
0.007692055044879225,1.6727094125850432,1378.613686050745,8.613686050744946,0.0062873620808357265
0.005445243644039461,1.6451993595546772,992.2462994985221,377.75370050147785,0.2757326281032685
0.006186980153732939,1.5610471644872526,1188.1831824690917,181.81681753090834,0.1327130054970134
0.007997919367322361,1.6015998319057547,1497.0755230177044,127.07552301770443,0.09275585621730251
0.00894558234777107,1.7459586077780278,1536.0147189816153,166.01471898161526,0.12117862699387975
0.005630190642551968,1.5988678582753486,1055.677417619696,314.3225823803041,0.22943254188343365
0.005815343079250019,1.7198425778994142,1013.6951010778006,356.3048989221994,0.2600765685563499
0.008760058814411591,1.6631836446749833,1579.0195945019796,209.01959450197955,0.1525690470817369
0.009093491294665287,1.5423173286799685,1767.5740629605466,397.5740629605466,0.29020004595660337
0.008552230375839376,1.784951641113061,1436.394189456223,66.3941894562231,0.048462912011841684
0.005527021914804362,1.7894482850180506,925.9610904275738,444.0389095724262,0.32411599238863226
0.006258972552568234,1.6872512825370605,1112.1003643674812,257.89963563251877,0.1882479092208166
0.00692411998851279,1.5339473911138866,1353.2399891079872,16.760010892012815,0.012233584592710085
0.005669663713820506,1.6938364229331837,1003.4749505836471,366.5250494163529,0.2675365324206955
0.006575064870024358,1.7660786036111342,1116.119551453483,253.88044854651707,0.18531419601935553
0.008153648636962222,1.5248292241373256,1603.0663157877095,233.06631578770953,0.17012139838518944
0.006821964216672579,1.5008268874533082,1362.6977488221098,7.302251177890184,0.005330110348824952
0.008331777086235084,1.6249482688301566,1537.1590469084463,167.15904690844627,0.1220139028528805
0.0056688925593860965,1.566071331534653,1085.1940140241713,284.80598597582866,0.2078875810042545
0.005510080033334464,1.5060010595913,1096.8653882742617,273.1346117257383,0.19936832972681628
0.006813421239298772,1.6032348043048177,1274.0568600645408,95.94313993545916,0.07003148900398479
0.007385834654458381,1.621775547503347,1365.3045446704077,4.695455329592278,0.003427339656636699
0.008415327203836597,1.6661690642857347,1514.163047069869,144.16304706986898,0.10522850151085326
0.007116796578316991,1.6613911642645809,1284.202050180077,85.7979498199229,0.06262624074446928
0.006169134989573371,1.779093836592084,1039.5517674327455,330.44823256725454,0.2412030894651493
0.009391574620631768,1.5801876740485907,1781.765094266289,411.765094266289,0.30055846296809413
0.008345890003900843,1.6314023645860047,1533.6712345038165,163.67123450381655,0.11946805438234785
0.009370131748197107,1.531083248002961,1834.7107071022012,464.71070710220124,0.3392048956950374
0.008254136066279283,1.6690725272681508,1482.5765205221446,112.57652052214462,0.08217264271689388
0.006080963737198923,1.7065415367404735,1068.2582442533144,301.7417557466856,0.22024945674940555
0.007239872440743362,1.5115742005820247,1435.8932256062496,65.89322560624964,0.04809724496806543
0.005534802028404845,1.5857681957322098,1046.364726638193,323.6352733618071,0.23623012654146502
0.00811970590668843,1.718726018671264,1416.2970511641688,46.297051164168806,0.03379346800304293
0.009208583594445438,1.619881477431301,1704.2382105973259,334.23821059732586,0.24396949678636923
0.009994095839777537,1.703843321164713,1758.4683521524566,388.46835215245665,0.28355354171712166
0.00981839167465013,1.649475707204175,1784.4941643543402,414.4941643543402,0.30255048493017533
0.0077571922241894496,1.6620486727852384,1399.205548036762,29.20554803676191,0.021317918275008695
0.0076717552230208715,1.6963138795293067,1355.8424435706152,14.15755642938484,0.010333982795171417
0.009994112784139265,1.7993213617569062,1665.160932764563,295.1609327645631,0.2154459363244986
0.008736216200461713,1.5113442362694878,1732.9286508681496,362.9286508681496,0.2649114239913501
0.006831729945537579,1.5146210531926778,1352.220153316708,17.779846683291908,0.012977990279775115
0.006517686388630683,1.7081965011731772,1143.8691166846288,226.1308833153712,0.16505903891632934
0.008320432225420824,1.5328729658989382,1627.2730252102142,257.2730252102142,0.18779052935052132
0.008946522948612255,1.7277139097971836,1552.398281977557,182.39828197755696,0.13313743210040654
0.009068390169143958,1.7198860115564092,1580.7064890599795,210.7064890599795,0.15380035697808722
0.008951465193433567,1.6532510046808915,1623.214953714107,253.21495371410697,0.1848284333679613
0.008477690876225852,1.5901280614474957,1598.328994731624,228.3289947316241,0.1666634998041052
0.005015547576157894,1.5246692278694471,986.1964212221039,383.80357877789606,0.2801485976480993
0.005024223110950097,1.7900569157174255,841.4392764536574,528.5607235463426,0.3858107471141187
0.008771807737098838,1.5481481242632082,1698.6241570778704,328.62415707787045,0.23987164750209522
0.0078036967084171936,1.6626795512092798,1407.0597163484513,37.059716348451275,0.027050887845584872
0.005164160279167355,1.7627376095201468,878.2794984552424,491.72050154475755,0.358920074120261
0.009657837247418078,1.6457108059566439,1759.3290126598934,389.32901265989335,0.2841817610656156
0.009374384324728886,1.596159237961958,1760.7076111876775,390.70761118767746,0.2851880373632682
0.005807185962022239,1.7670547035608783,985.2273107954536,384.7726892045464,0.2808559775215667
0.005934803129137761,1.795809564858041,990.7560649232579,379.2439350767421,0.27682039056696506
0.006680558103384481,1.7387213234650345,1151.8700021658344,218.12999783416558,0.15921897652128875
0.005367399349670341,1.6206171830597373,992.8969413166835,377.1030586833165,0.2752577070681142
0.006347430951182073,1.6185788175606313,1175.668374128385,194.33162587161496,0.14184790209606932
0.006769165714243878,1.5636443269538371,1297.830199042707,72.16980095729309,0.052678686830140944
0.00891860331864415,1.6318506191036786,1638.4649302592893,268.4649302592893,0.1959598031089703
0.009416688979732999,1.6523171684286848,1708.5414286049722,338.5414286049722,0.2471105318284469
0.008840191223576795,1.627179152746529,1628.7221057575514,258.7221057575514,0.18884825237777475
0.00955790569103901,1.5181239751598208,1887.453256343652,517.4532563436519,0.3777031068201839
0.007944192059699953,1.5382484441201976,1548.2602134297586,178.26021342975855,0.13011694410931282
0.005764913569225311,1.6753753550647703,1031.5763592026776,338.4236407973224,0.24702455532651268
0.008703812559571414,1.6208717681342446,1609.8357763419776,239.83577634197763,0.1750626104685968
0.006806935478981557,1.5617747436899758,1306.6339604582415,63.36603954175848,0.04625258360712298
0.005606596779000643,1.6661482246346475,1008.8030611802585,361.1969388197415,0.26364740059835146
0.009825978882194936,1.6706743660635002,1763.2127607788698,393.2127607788698,0.2870166137072042
0.008394782511307231,1.7833637476931945,1411.2053621677483,41.20536216774826,0.03007690669178705
0.008484032340399949,1.5156618319869763,1678.1110768921494,308.1110768921494,0.2248985962716419
0.009947202420102087,1.7745903768517886,1680.4420347620392,310.44203476203916,0.2266000253737512
0.008033618608925187,1.6753078078178754,1437.5974720378335,67.59747203783354,0.049341220465571926
0.0077363155317971945,1.6824357897048055,1378.5304992519166,8.53049925191658,0.006226641789720132
0.00702979273169106,1.5123494898053036,1393.5131108719515,23.51311087195154,0.017162854651059517
0.005402887467505316,1.572194036856906,1030.2449164728866,339.75508352711336,0.24799641133365938
0.008963745329409018,1.5157947002833154,1772.841166872582,402.8411668725821,0.2940446473522497
0.0062052647882027715,1.777792390168886,1046.4054147624263,323.5945852375737,0.23620042718071074
0.00861197742069266,1.6643557883857878,1551.23435578277,181.23435578277008,0.13228785093632853
0.007091599970319739,1.5259364849060448,1393.248151076081,23.248151076081058,0.01696945334020515
0.006191174195947705,1.696811752603908,1093.855772310061,276.14422768993904,0.20156512970068544
0.008068348171748358,1.6589197714824913,1458.0752921201622,88.0752921201622,0.06428853439427898
0.008999479043092388,1.5680063935619264,1720.640906903038,350.64090690303806,0.25594226781243656
0.008116355213549557,1.502171147457212,1619.8034981499636,249.80349814996362,0.18233831981749168
0.008530541733417147,1.6265769815195086,1572.2539439502295,202.25394395022954,0.14763061602206537
0.00909887655093719,1.598352119419462,1706.6167918210526,336.61679182105263,0.24570568746062235
0.006630883304860267,1.7422258501107257,1141.0052287703595,228.9947712296405,0.16714946805083247
0.007439437524421935,1.7084939498744411,1305.4112727456793,64.5887272543207,0.04714505639001511
0.005894297187180259,1.7773415398057284,994.2185012568852,375.78149874311475,0.2742930647759962
0.007250102242915668,1.671806135452179,1300.1064693228443,69.8935306771557,0.05101717567675598
0.008920372747840473,1.6293010043048426,1641.3544613828487,271.35446138284874,0.19806894991448812
0.00892580361799963,1.5055678000304946,1777.328530944407,407.328530944407,0.2973200955798591
0.008867455534596598,1.5903429644793499,1671.5867899555426,301.5867899555426,0.22013634303324278
0.008215556175952288,1.6498851960259286,1492.8079758266467,122.80797582664673,0.08964085826762534
0.007326489397715774,1.5483861015085083,1418.5262079737688,48.526207973768805,0.03542058976187504
0.005830329473305701,1.794783058758298,973.871909043659,396.128090956341,0.28914459193893505
0.006665985759467726,1.6995802811288805,1175.8269250431983,194.17307495680166,0.1417321715013151
0.009561480201559532,1.6592811521492232,1727.5310142774883,357.53101427748834,0.2609715432682397
0.008323574269681054,1.6558442713555164,1506.9924345062263,136.99243450622635,0.09999447774177106
0.005436092659544891,1.7805980212554544,915.2540668172035,454.74593318279653,0.3319313380896325
0.0054620553959441945,1.521157972754636,1076.471373921136,293.5286260788639,0.2142544715904116
0.006479293090795754,1.6171269615847421,1201.1692637222081,168.83073627779186,0.12323411407138092
0.008875443880597666,1.6652231676882407,1597.8585864255645,227.85858642556445,0.16632013607705434
0.008908178220099927,1.758729927428631,1518.4847902204103,148.48479022041033,0.10838305855504404
0.008014253543310187,1.7901972839993407,1342.0938520343857,27.90614796561431,0.020369451069791468
0.009235812968797821,1.7968815954886919,1540.9068012581804,170.9068012581804,0.12474948996947474
0.00795991637533045,1.6370423397675502,1457.7038343269785,87.7038343269785,0.0640173973189624
0.0054317907339880575,1.79551342013648,906.9327342371664,463.0672657628336,0.33800530347652086
0.007031501709107843,1.5715757646040736,1341.3232936534282,28.67670634657179,0.02093190244275313
0.00643561739671763,1.7464974560552275,1104.6964605761955,265.3035394238045,0.19365221855752154
0.007860765726470471,1.520976292069372,1549.3984299350625,179.3984299350625,0.13094775907668796
0.0075039562377157126,1.6678768240584376,1348.7983361716197,21.201663828380333,0.015475667028014842
0.009961438015808483,1.570750046235105,1901.2343785262433,531.2343785262433,0.3877623200921484
0.007170700222790538,1.6512774989130108,1301.8537749025368,68.14622509746323,0.049741770144133744
0.007924594719863735,1.6541220401985484,1436.2505740124261,66.25057401242611,0.048358083220748985
0.0075325820514111136,1.6174815796577413,1396.1279786302462,26.12797863024616,0.019071517248354864
0.008105645421832475,1.7617559680197505,1379.312123130757,9.312123130757072,0.006797170168435819
0.009990678479007024,1.5013585484011343,1994.94655124112,624.94655124112,0.4561653658694307
0.006806715449986166,1.6112659157367377,1266.458835706756,103.54116429324404,0.07557749218484966
0.009852046976648186,1.7288161603686545,1708.4346196943263,338.43461969432633,0.24703256911994623
0.0058480564164512545,1.6853783694298756,1040.2430928336057,329.7569071663943,0.2406984723842294
0.008345434908937448,1.716053667972488,1457.9371794271149,87.93717942711487,0.0641877222095729
0.005766448694655662,1.6915538703424295,1021.9821304016499,348.0178695983501,0.2540276420425913
0.009716683311347576,1.5268534864743888,1907.8375229327094,537.8375229327094,0.3925821335275251
0.005601094740319285,1.608619671379537,1043.8551694765445,326.14483052345554,0.23806192009011354
0.00812318627304464,1.5852076793169734,1536.2466453841612,166.24664538416118,0.12134791633880379
0.009918850860827434,1.7288008093151281,1720.0342943389037,350.0342943389037,0.2554994849189078
0.005859254340840717,1.6616513834612667,1057.1172018217464,312.88279817825355,0.22838160450967412
0.008333897147695002,1.718875699853074,1453.5312302339457,83.53123023394573,0.06097170090069032
0.007713604167396864,1.7481368251970115,1322.8257193897496,47.174280610250435,0.03443378146733608
0.006300063723105707,1.6908635131289123,1117.010080613464,252.98991938653603,0.18466417473469784
0.008781679272078725,1.7652890576822369,1491.3598443762805,121.35984437628053,0.08858382801188361
0.005476160919094465,1.6063582242395826,1022.0084894924491,347.99151050755086,0.2540084018303291
0.009488339238945584,1.5677190168633104,1814.4402869288924,444.4402869288924,0.32440896856123536
0.00940733652724756,1.7336018987092987,1626.814404642993,256.81440464299294,0.1874557698124036
0.00985472532126224,1.5996064895729984,1846.936947451802,476.9369474518021,0.3481291587239431
0.0079974040265798,1.7600747867817337,1362.1929185925987,7.807081407401256,0.005698599567446172
0.007340953061479783,1.7062852423603174,1289.7974545682162,80.20254543178385,0.05854200396480573
0.008135563708022334,1.7684940848621282,1379.1285264229496,9.128526422949562,0.0066631579729558845
0.007073564562804633,1.7027769310535794,1245.3782221449237,124.62177785507629,0.09096480135407028
0.007478928200709375,1.6884354672689776,1327.93127837026,42.06872162973991,0.030707096080102126
0.007943779125563058,1.5250857394058357,1561.5417601304514,191.5417601304514,0.13981150374485504
0.008704284197045766,1.5371510954304357,1697.6071918500606,327.60719185006064,0.2391293371168326
0.006541224365067427,1.7206570362435467,1139.686578688704,230.313421311296,0.16811198635861022
0.008210334936393468,1.7705539590804786,1390.1843990470506,20.184399047050647,0.014733137990547918
0.006528921607696432,1.6251997764265311,1204.3574490050441,165.64255099495585,0.12090697152916485
0.007503512929837171,1.7678105074887505,1272.4760800670724,97.52391993292758,0.07118534301673546
0.009107549274033736,1.5593128912882868,1751.0113579339964,381.01135793399635,0.278110480243793
0.005916656540643827,1.683997193823754,1053.3087667645077,316.6912332354923,0.23116148411349802
0.009434457095447673,1.7733047160758473,1594.976349467298,224.97634946729795,0.16421631347977952
0.007950369242138197,1.5214120341119917,1566.6109401450676,196.61094014506762,0.14351163514238513
0.00898883643276142,1.6919279382580432,1592.7305813697749,222.73058136977488,0.16257706669326633
0.005648190240759252,1.6783276281879898,1008.911971113165,361.088028886835,0.26356790429695987
0.008146246079327901,1.576056005532859,1549.5535228577621,179.55352285776212,0.1310609655896074
0.005108994106525207,1.630597841417761,939.3106394468101,430.6893605531899,0.3143717960242262
0.009088073139314218,1.6591795570934378,1642.0982124994634,272.09821249946344,0.1986118339412142
0.007179123737392332,1.7588691584854341,1223.653926237639,146.3460737623609,0.10682195165135833
0.006902908422763513,1.716759604195723,1205.4337009978046,164.56629900219536,0.12012138613298931
0.009352984080199571,1.5903337429922817,1763.1230547634218,393.1230547634218,0.2869511348638115
0.00998878333775258,1.5315954026075471,1955.1912366386298,585.1912366386298,0.427146888057394
0.007231911166065037,1.6380153225356011,1323.59715729409,46.40284270590996,0.03387068810650362
0.008792070080576923,1.5112130181790249,1744.1593399853612,374.15933998536116,0.2731090072885848
0.009481694968391866,1.6557302652180976,1716.7896850674538,346.7896850674538,0.2531311569835429
0.00575362877655308,1.7828754726875518,967.4789629262389,402.52103707376114,0.293810975966249
0.005460455157529096,1.6673810068499801,981.7811686406666,388.2188313593334,0.2833714097513383
0.009754930085652789,1.6261342404666983,1798.4090090598459,428.40900905984586,0.31270730588309914
0.005166425704359251,1.7086266231344225,906.4914709937703,463.50852900622965,0.3383273934352041
0.005824779458478648,1.5280154170029865,1142.8058458927248,227.19415410727515,0.16583514898341253
0.009368010249747712,1.5598892045818074,1800.4219857999358,430.4219857999358,0.31417663197075607
0.007485371603059938,1.7885578831067483,1254.6744911754163,115.32550882458372,0.08417920352159396
0.008688118466024058,1.5972466784993582,1630.7013972141363,260.70139721413625,0.19029299066725275
0.0063957089434386796,1.796355827466725,1067.37500192822,302.62499807178006,0.22089415917648178
0.008424116438022317,1.563808805727817,1614.9586600246319,244.95866002463185,0.17880194162381888
0.007050984397835717,1.5954072307103204,1324.9482033534985,45.05179664650154,0.032884523099636166
0.007939842045558764,1.5981353063676411,1489.4263041969461,119.42630419694615,0.08717248481528916
0.006018629869466037,1.5623738604139823,1154.8707310562313,215.1292689437687,0.15702866346260488
0.00510152830894519,1.550602047004636,986.3263848062553,383.6736151937447,0.2800537337180618
0.007259008431669132,1.533594309652732,1419.0167286585677,49.01672865856767,0.035778634057348664
0.00739298896094415,1.6341349839614525,1356.2908537674355,13.709146232564535,0.010006676082163895
0.0074442707758551226,1.5690560833239275,1422.3431894055745,52.34318940557455,0.03820670759530989
0.006198835464741313,1.570368044359198,1183.3939995070973,186.6060004929027,0.13620875948387057
0.00521684941957163,1.5029550010001935,1040.5980947323458,329.40190526765423,0.24043934691069652
0.007973284487743936,1.560379624550757,1531.8903921231454,161.89039212314538,0.11816816943295283
0.007808985203406452,1.5615724691224007,1499.1778575159742,129.1778575159742,0.09429040694596658
0.007148157258116153,1.696901772486481,1262.8684048347027,107.13159516529731,0.07819824464620241
0.005731187911215206,1.5595173126820938,1101.7299373279475,268.2700626720525,0.19581756399419892
0.008732844275968259,1.7083365973207618,1532.5087895030235,162.50878950302354,0.11861955438176901
0.005924880217251305,1.5646962781834448,1135.1943686780453,234.8056313219547,0.17139097176785015
0.00739739713161692,1.6897240654019279,1312.4532663633895,57.5467336366105,0.04200491506321934
0.005305316087257226,1.7326657402665318,917.94609502761,452.05390497239,0.32996635399444524
0.0054373691908492575,1.7041937680292176,956.5122847874555,413.48771521254446,0.30181585052010546
0.008293808343374912,1.6624708096316776,1495.6179531309438,125.61795313094376,0.09169193659192976
0.005326990585677905,1.6959728793890068,941.6374641548352,428.36253584516476,0.3126733838285874
0.005071065815753706,1.5810443499894844,961.5589123699725,408.4410876300275,0.2981321807518449
0.006114661241992891,1.6004200177237335,1145.4051456952088,224.59485430479117,0.1639378498575118
0.008544529679301013,1.5340177706119316,1669.853898752272,299.853898752272,0.21887145894326424
0.0068611887438028586,1.555790848672914,1322.113856153062,47.88614384693801,0.03495338966929782
0.007582876719656644,1.5786404370641343,1440.029785835574,70.0297858355741,0.05111663199676942
0.009557083046563837,1.798473901137348,1593.095910942937,223.09591094293705,0.1628437306152825
0.008323055499764531,1.6933172993400083,1473.5509212109027,103.55092121090274,0.07558461402255674
0.0072356352229387706,1.5211928473008127,1425.9788773824278,55.978877382427754,0.040860494439728286
0.006415836851906032,1.6959848598390048,1134.1018104032346,235.8981895967654,0.1721884595596828
0.008024946256371226,1.7523238057437336,1372.9302516062855,2.9302516062855375,0.0021388697856098812
0.008021964120389366,1.6815892662593395,1430.1496744142762,60.149674414276205,0.043904871835238106
0.005501503029338591,1.6071339174268005,1026.24249166528,343.7575083347199,0.250917889295416
0.007011137732135729,1.704033197283042,1233.4772687790482,136.52273122095175,0.09965162862843194
0.00705472068717271,1.6292921790250463,1298.0802845174912,71.91971548250876,0.0524961426879626
0.005129418711297734,1.5541603901175471,989.4480990181672,380.5519009818328,0.2777751102057174
0.009667221975884679,1.7302979896881627,1674.9486247189109,304.9486247189109,0.22259023702110284
0.006460970952504449,1.5045567991150388,1287.3893255855808,82.61067441441924,0.06029976234629141
0.0064157778658505945,1.6409765207772637,1172.1080661619137,197.8919338380863,0.14444666703509948
0.005511144602540742,1.6496314088230828,1001.5568192702342,368.4431807297658,0.26893662826990206
0.007913344368371697,1.7852853378785052,1328.84133917424,41.15866082576008,0.03004281812099276
0.009888487374526054,1.6561207769663566,1790.022791297518,420.0227912975181,0.3065859790492833
0.006651223805929057,1.6181226047564146,1232.2840850417224,137.7159149582776,0.10052256566297636
0.006346349417186675,1.764466489381396,1078.2793000349293,291.7206999650707,0.21293481749275234
0.00935058571285195,1.5449843333809379,1814.4100325348672,444.41003253486724,0.3243868850619469
0.0074560760327646025,1.6078865920266032,1390.19466421448,20.1946642144801,0.014740630813489123
0.005207494736087306,1.7678608364465198,883.0828845621651,486.9171154378349,0.3554139528743321
0.00999466948549374,1.7087292662476539,1753.5408277600675,383.5408277600675,0.27995680858399086
0.009038025321749837,1.7543099112621738,1544.5000961798116,174.50009617981164,0.1273723329779647
0.009972923046832533,1.7980863508907254,1662.7717084742346,292.77170847423463,0.21370197698849244
0.00971677846542597,1.5459679155329262,1884.2673710905208,514.2673710905208,0.37537764313176697
0.009486610117462619,1.564860152035731,1817.423851902677,447.4238519026769,0.3265867532136328
0.009461031945519982,1.743385680911318,1626.918273575195,256.9182735751949,0.18753158655123717
0.007259964966767029,1.5896742190180033,1369.1375983473295,0.8624016526705418,0.0006294902574237531
0.009504326469401303,1.7224294006850358,1654.2480015512156,284.24800155121557,0.20748029310307706
0.005460935563385431,1.757768493759452,931.3782226381027,438.62177736189733,0.32016188128605644
0.006539038620189565,1.7688174354119013,1108.2853558864053,261.71464411359466,0.19103258694422967
0.009352352938887813,1.7111563601571524,1638.5205589132738,268.5205589132738,0.1960004079658933
0.009674073567810446,1.5187595944285128,1909.5940558374095,539.5940558374095,0.39386427433387555
0.009405710206618317,1.6198254757916188,1740.7807348503136,370.7807348503136,0.27064287215351357
0.009781103193227676,1.7056896689572771,1719.1292306073176,349.1292306073176,0.25483885445789606
0.007222705473701968,1.594559782816015,1357.937564151527,12.062435848472887,0.008804697699615246
0.007361716527991172,1.5221384406112008,1449.9253380260889,79.92533802608887,0.0583396627927656
0.006914367052468404,1.7223329995881835,1203.5274796856067,166.47252031439325,0.121512788550652
0.006094054051452383,1.608921644547064,1135.5129999410774,234.4870000589226,0.17115839420359313
0.00965277534438529,1.7548125693568082,1649.0816726231556,279.08167262315555,0.20370925008989457
0.006176815758431587,1.5350971960550444,1206.283734731635,163.71626526836508,0.11950092355355116
0.008156761924403476,1.6161900066064638,1513.0248897976003,143.02488979760028,0.10439772977927028
0.00911056926213203,1.5944130992600403,1713.031556339685,343.03155633968504,0.25038799732823724
0.009436250998934585,1.5297678120834115,1849.2459175375209,479.2459175375209,0.3498145383485554
0.0070540076670643544,1.5688056729945852,1347.9925102663544,22.00748973364557,0.01606386111944932
0.008914562406001062,1.6311360271493354,1638.4400388483205,268.44003884832046,0.19594163419585434
0.007362303908430467,1.6837931497463394,1310.8279871455006,59.17201285449937,0.04319125025875867
0.008456487968004165,1.6186266875288182,1566.2606662231108,196.26066622311077,0.1432559607467962
0.00973824589047367,1.513755418837517,1928.6158356780538,558.6158356780538,0.4077487851664626
0.0069752878637933825,1.7474051024468247,1196.710877755848,173.28912224415194,0.1264884103971912
0.009311043209695431,1.7760076915964413,1571.7164647353804,201.71646473538044,0.147238295427285
0.007214233096508719,1.722649045279891,1255.4923351993027,114.50766480069728,0.08358223708080094
0.008701106516105466,1.7457448870099304,1494.219532987374,124.2195329873739,0.09067119196158678
0.008786581054861776,1.616419481797865,1629.6207522340717,259.6207522340717,0.18950419871100124
0.007876524509158095,1.7417419831270258,1355.724708925235,14.275291074764937,0.01041992049252915
0.008381138549778396,1.7785838254424178,1412.69817634354,42.6981763435399,0.03116655207557657
0.008855092738618342,1.6832354792848296,1577.1352556424636,207.13525564246356,0.15119361725727268
0.006973314663329738,1.7680966938818419,1182.3715018307541,187.62849816924586,0.1369551081527342
0.007727533316207243,1.657075991820538,1398.0386044924096,28.038604492409604,0.02046613466599241
0.0072050768403154365,1.6677233879645714,1295.1954212702597,74.80457872974034,0.054601882284482005
0.0064774961649065885,1.7176130200514728,1130.5832421465489,239.41675785345114,0.1747567575572636
0.006610065561552814,1.657178046272521,1195.796557102826,174.203442897174,0.1271557977351635
0.007722752840397936,1.6926406111010794,1367.81726809881,2.1827319011899817,0.0015932349643722494
0.008454463680166687,1.7298012969180874,1465.2460096224097,95.2460096224097,0.069522634760883
0.005378454368315102,1.7953444333881698,898.1118192875482,471.8881807124518,0.3444439275273371
0.005942348784227168,1.6716593147655994,1065.690438584714,304.309561415286,0.22212376745641313
0.005028391211114557,1.5664507481812477,962.3499255983031,407.6500744016969,0.2975547988333554
0.005661524210948659,1.5580896108633404,1089.3354575969104,280.6645424030896,0.2048646294913063
0.009855943852011419,1.5658078899019918,1887.0371342230471,517.0371342230471,0.3773993680460198
0.005225036174909305,1.5274956923466263,1025.4866484163658,344.5133515836342,0.25146959969608335
0.005100073731068134,1.5804252337698181,967.438134464027,402.56186553597297,0.29384077776348394
0.008896795266755214,1.6979482487465227,1570.8323992278997,200.8323992278997,0.14659299213715307
0.006373480375491515,1.7758912149586923,1075.922518051202,294.0774819487981,0.21465509631299132
0.007238094367476583,1.6085867147136017,1348.9643311197563,21.035668880243747,0.015354502832294706
0.00705438837859999,1.6381789403625815,1290.9776701433123,79.02232985668775,0.05768053274210785
0.006844034118456529,1.6234621511384046,1263.835938256515,106.16406174348504,0.07749201587115696
0.0059785357681361685,1.7595707787155492,1018.6120131403961,351.38798685960387,0.2564875816493459
0.006361206189443537,1.7020099682385335,1120.4644361464887,249.53556385351135,0.18214274733832944
0.009428545860611249,1.5256681519778634,1852.7010184055964,482.7010184055964,0.3523365097851069
0.005253952238478629,1.6397899886575846,960.5469399636738,409.4530600363262,0.29887084674184394
0.005303654536867359,1.6534297625033054,961.6348187558034,408.3651812441966,0.29807677463080046
0.006617979658399938,1.7222529618395992,1151.9912769762436,218.00872302375637,0.15913045476186596
0.009070631617054369,1.5642424362336145,1738.417834154145,368.4178341541451,0.26891812711981394
0.006591858433989503,1.7474767314978612,1130.8816919237831,239.11830807621686,0.17453891100453786
0.006164510417929045,1.5064913527586814,1226.7403507981442,143.25964920185584,0.1045690870086539
0.006144516516296842,1.56764514078478,1175.0616652439992,194.9383347560008,0.14229075529635096
0.009056129181094455,1.7853990878925765,1520.6455775501026,150.64557755010264,0.10996027558401653
0.008311904609142301,1.7519351717279394,1422.3393386061102,52.33933860611023,0.03820389679278119
0.00579380252442293,1.7867704280482188,972.1105032282754,397.88949677172457,0.2904302896143975
0.0052560232049440325,1.799203219473685,875.785513754332,494.214486245668,0.3607405009092467
0.009298552007124818,1.6590644097653227,1680.2456526995827,310.2456526995827,0.2264566808026151
0.006514976791786804,1.6062212145745374,1215.9850016301,154.0149983699,0.11241970683934308
0.00888677449481382,1.5035550529174315,1771.9257863704233,401.92578637042334,0.2933764864017689
0.005577806308856983,1.6561696231845955,1009.6696861066396,360.3303138933604,0.26301482765938716
0.006784242463206409,1.70730787656294,1191.2700407656353,178.72995923436474,0.1304598242586604
0.009521359744995114,1.7571313204480488,1624.484071416182,254.4840714161819,0.18575479665414737
0.007390674085839934,1.528802164403672,1449.2838917029565,79.28389170295645,0.05787145379777843
0.007016581081662672,1.6253717724978436,1294.176584594736,75.82341540526409,0.05534555868997378
0.005209880296534958,1.7448630422517335,895.132043124935,474.86795687506503,0.34661894662413506
0.006452938061485756,1.7948780870664462,1077.8125693965048,292.18743060349516,0.21327549679087238
0.00841337437674792,1.5050378356159602,1675.8822434834008,305.88224348340077,0.22327171057182538
0.006390896401393749,1.7170937762297898,1115.8054193196178,254.19458068038216,0.1855434895477242
0.007400141332716301,1.6717737786547402,1327.037538217417,42.96246178258298,0.031359461155170056
0.00901319466385846,1.5737714386719637,1716.950578916837,346.950578916837,0.2532485977495161
0.009983407499500267,1.6442417175013162,1820.261730154297,450.2617301542971,0.32865819719291756
0.009605678742462473,1.7742003430497923,1623.1030797858184,253.1030797858184,0.18474677356629082
0.008310308637061111,1.679146630753021,1483.7107179412408,113.71071794124077,0.08300052404470129
0.0061067952850209824,1.7321379771176961,1056.9430340911306,313.0569659088694,0.22850873424005066
0.0070312643655072535,1.7424948767427868,1209.7137587707148,160.28624122928522,0.11699725637174103
0.005484580606377279,1.7002618431385033,967.0486388437029,402.95136115629714,0.2941250811359833
0.006007495311479838,1.5465212111867206,1164.5503293614836,205.4496706385164,0.149963263239793
0.008842103594741527,1.5659931649480705,1692.7251215978972,322.7251215978972,0.23556578218824614
0.008220711704696713,1.549594593096584,1590.4207329063572,220.42073290635722,0.16089104591704906
0.008947438016417928,1.6469237973064912,1628.7180014834573,258.71800148345733,0.1888452565572681
0.006261813162551941,1.6706787047126688,1123.6417596290946,246.35824037090538,0.17982353311744917
0.007908253250396834,1.501336875189713,1579.1490368365003,209.14903683650027,0.15266353053759144
0.00632532153640915,1.7462408295871092,1085.9233496955876,284.0766503044124,0.20735521920030103
0.009782701907967487,1.5097769063825541,1942.52557346227,572.5255734622699,0.4179018784396131
0.009901363691763376,1.7958133456003136,1652.9302257264494,282.9302257264494,0.20651841293901416
0.0057809353385829135,1.5873183170081546,1091.8294056855707,278.1705943144293,0.20304422942659073
0.00708308943752216,1.7060522270554725,1244.6610713515754,125.3389286484246,0.09148826908644131
0.008027318920531155,1.6599936736642333,1449.7221938345228,79.72219383452284,0.05819138236096558
0.006797990813143043,1.5512058249671066,1313.8078406692337,56.192159330766344,0.041016174693990035
0.008502450640995236,1.6656488561222373,1530.316889612522,160.3168896125219,0.11701962745439554
0.00997316358902912,1.764592306174471,1694.373944581578,324.3739445815779,0.23676930261429044
0.007437879253972523,1.6877164679945538,1321.2053956582147,48.794604341785316,0.03561649951955133
0.005379896207919584,1.6829921516460542,958.3243192070962,411.6756807929038,0.30049319765905386
0.007436075426424544,1.7578108438191848,1268.2134359335676,101.78656406643245,0.07429676209228646
0.005700954940416513,1.6898390654408277,1011.4000377242177,358.59996227578233,0.2617517972815929
0.005401192272587957,1.6192852258284205,999.9700372127795,370.0299627872205,0.2700948633483361
0.008123870071094458,1.6308847848594958,1493.3458204381147,123.34582043811474,0.09003344557526624
0.006287581823606192,1.5124790582329037,1246.2781547384307,123.72184526156934,0.09030791624932069
0.009516048722102323,1.533120291271313,1860.806130536011,490.8061305360111,0.3582526500262855
0.008707348222330078,1.6648139070369632,1567.9814513805036,197.9814513805036,0.14451200830693692
0.00949404706903807,1.6442191477763244,1731.0610395481265,361.0610395481265,0.26354820404972734
0.006005359759979444,1.669677305040061,1078.2691710451984,291.7308289548016,0.2129422109159136
0.006464275277406407,1.719752285468998,1126.8721611693036,243.12783883069642,0.17746557578882952
0.0080295509394687,1.7186359224424166,1400.6450006925097,30.64500069250971,0.022368613644167673
0.009572475701825858,1.5931063228583247,1801.358753411248,431.358753411248,0.31486040394981607
0.007505470197984975,1.52769346275977,1472.8631194342474,102.86311943424744,0.07508256893010762
0.006723263264986957,1.784044386045478,1129.783337094711,240.216662905289,0.17534062985787519
0.008894172012199816,1.7746837749654147,1502.4680605220228,132.46806052202282,0.0966920149795787
0.008906382109056768,1.7027382483261504,1568.101372589779,198.10137258977898,0.14459954203633502
0.005460707456786182,1.5465234272005424,1058.5542269167147,311.4457730832853,0.22733268108269
0.006055357926595504,1.7184964564469365,1056.3598371550695,313.6401628449305,0.22893442543425585
0.008012703827027548,1.5085302153421063,1592.3765736345117,222.37657363451171,0.1623186668865049
0.00951216289965343,1.7561171080112492,1623.8522383128231,253.85223831282315,0.18529360460790012
0.005249734530733615,1.6575647892168879,949.4837420862801,420.51625791371987,0.30694617365964955
0.00650454566504206,1.7128325610480493,1138.473063533442,231.52693646655803,0.16899776384420295
0.00856131982231718,1.7344801869429383,1479.7627165636966,109.76271656369659,0.08011877121437706
0.008257376058932966,1.6660074537825682,1485.8871487743932,115.88714877439315,0.08458915968933807
0.0052042448722679074,1.7702735397504847,881.3289738889714,488.6710261110286,0.3566941796430866
0.008513316728863018,1.6453353864787341,1551.1902125563088,181.19021255630878,0.1322556296031451
0.005825506747377814,1.5074044180319897,1158.5762692483481,211.42373075165187,0.1543238910595999
0.0065374094286919536,1.764535118412345,1110.698234979501,259.30176502049903,0.1892713613288314
0.007776233571251668,1.6354179274910159,1425.480384628144,55.480384628144066,0.040496631115433626
0.0085443323815517,1.5741019854969323,1627.2938032193151,257.2938032193151,0.18780569578052198
0.009191170756505817,1.6427255693717804,1677.3609203905855,307.36092039058553,0.2243510367814493
0.00959142268165563,1.6073885471956315,1788.886816735873,418.886816735873,0.3057568005371336
0.008814107248640932,1.598823684125105,1652.7168713988847,282.7168713988847,0.2063626798532005
0.006205562481720209,1.6605382198313985,1120.3480940392772,249.65190596072284,0.18222766858446923
0.006813765826482343,1.5250374430424378,1339.4527555220816,30.54724447791841,0.02229725874300614
0.006346268264672871,1.6661671260508604,1141.880266659155,228.11973334084496,0.1665107542633905
0.006281731875086105,1.7083665220762048,1102.3488314675649,267.6511685324351,0.19536581644703294
0.009739406589766065,1.6839597312965426,1733.8898233387708,363.88982333877084,0.26561300973632906
0.007674579533649313,1.6572035401209524,1388.3515252093275,18.35152520932752,0.013395273875421547
0.007172493786477318,1.7570887731765246,1223.7626095296541,146.23739047034587,0.10674262078127436
0.00863969536516934,1.587517184273481,1631.5511640150698,261.55116401506984,0.19091325840516046
0.008757204711834507,1.693120709300275,1550.594657161236,180.594657161236,0.13182091763593867
0.009551817550488891,1.5089844111112694,1897.675576197487,527.6755761974871,0.3851646541587497
0.00864504041913979,1.5866704520851986,1633.4317648363833,263.4317648363833,0.19228595973458637
0.006325989420311443,1.5568354982247037,1218.1659011242793,151.83409887572066,0.11082780939833624
0.009623226434920033,1.7422111806574212,1655.9248034021991,285.92480340219913,0.20870423605999935
0.005997295645906512,1.5490755899803994,1160.6560807415217,209.3439192584783,0.1528057804806411
0.006593791203633622,1.7861558489529696,1106.716904706198,263.28309529380203,0.19217744182029345
0.008720652731818988,1.7573958282936217,1487.6477318003645,117.64773180036445,0.08587425678858719
0.00776249556372669,1.5191989647183366,1531.8188593520908,161.81885935209084,0.11811595573145317
0.006246685474864023,1.652493294532855,1133.262809028088,236.737190971912,0.17280086932256353
0.0060260740522282315,1.7508846243755143,1031.8050241899116,338.1949758100884,0.24685764657670686
0.005151917197451301,1.6872114788978232,915.4192816690357,454.58071833096426,0.33181074330727317
0.009580013850295352,1.679949346807576,1709.5848189183841,339.58481891838414,0.24787213059736068
0.009139834678484938,1.5960633367983816,1716.757374724891,346.75737472489095,0.2531075727918912
0.006308742172045912,1.7656289840719412,1071.183889541791,298.8161104582091,0.21811394923956867
0.007605594252094868,1.6528149023832053,1379.5251919004968,9.525191900496793,0.006952694817880871
0.009630728802679612,1.74336573329329,1656.1182802604708,286.1182802604708,0.20884546004413926
0.007331347378050573,1.6111963270465932,1364.130872211253,5.869127788746937,0.004284034882297034
0.008658492869517804,1.7783048570048858,1459.6770906311954,89.67709063119537,0.06545773038773385
0.008283935024703985,1.6707363311859948,1486.4471410670642,116.4471410670642,0.0849979131876381
0.007724684084715321,1.6212571335803685,1428.3989757479687,58.398975747968734,0.04262698959705747
0.006401051993515302,1.6483799542575435,1164.1655226182938,205.83447738170617,0.15024414407423808
0.0053196846115995166,1.6200344095359978,984.4243530314701,385.5756469685299,0.2814420780792189
0.005265643171941734,1.7721349360641911,890.7900167993461,479.20998320065394,0.3497883089055868
0.008597496907254285,1.6551188925114184,1557.2686301478966,187.2686301478966,0.13669243076488802
0.008702386797161435,1.6050200447015415,1625.4687516210486,255.46875162104857,0.18647354132923252
0.005693097854023117,1.7187257089194516,993.0309359049114,376.9690640950886,0.2751599007993347
0.009248186860325386,1.767805378551134,1568.3494939768643,198.34949397686432,0.14478065253785716
0.007279439260298648,1.6052082257994247,1359.5251716454388,10.474828354561168,0.007645860112818371
0.0074396904342342324,1.690634954388176,1319.245811314314,50.754188685685904,0.03704685305524519
0.005672337608486224,1.5221335841475774,1117.1976309860156,252.8023690139844,0.18452727665254334
0.005742905359811833,1.6548948828755052,1040.3559354101178,329.6440645898822,0.24061610554006
0.008937283236109185,1.6913685421114042,1584.119630042693,214.11963004269296,0.15629170076108975
0.005250551799432153,1.6595213826781532,948.5119301492988,421.4880698507012,0.307655525438468
0.00852338155226737,1.5269630430747656,1673.4167323923741,303.4167323923741,0.22147206743968914
0.006424209390437657,1.5155380180262774,1270.7893176933776,99.2106823066224,0.07241655642819153
0.0064640508813490665,1.6841972345570335,1150.6215914589063,219.37840854109368,0.16013022521247713
0.009295106495120928,1.7977251702409407,1550.0716514808503,180.07165148085028,0.13143916166485423
0.00766039924792764,1.7412669098339717,1318.8844896940877,51.11551030591227,0.03731059146416954
0.00901949765456575,1.796040572483238,1505.5213190696095,135.5213190696095,0.09892067085372956
0.006564932152475486,1.5786919929663517,1246.6758274334297,123.32417256657027,0.09001764420917538
0.00846736335690047,1.5679984111190022,1618.9121465580802,248.91214655808017,0.18168769821757677
0.00971300910475419,1.7137577519344058,1699.12396941974,329.12396941974,0.24023647402900727
0.00927002164531725,1.6312466372825363,1703.6556650884413,333.6556650884413,0.2435442810864535
0.009661225852732602,1.6518726663266483,1753.381301553127,383.38130155312706,0.27984036609717305
0.008252222169871058,1.7896776844068807,1382.346100542475,12.346100542474915,0.009011752220784609
0.006506404499482485,1.549651867760988,1258.715611049076,111.28438895092404,0.08122948098607594
0.006732553010701181,1.6398314191605907,1230.8390924273087,139.16090757269126,0.10157730479758487
0.0061706888656999906,1.6863177034637256,1097.0210291937587,272.97897080624125,0.1992547232162345
0.006079406205590033,1.604581490350483,1135.8476590404855,234.1523409595145,0.17091411748869673
0.005507484072252144,1.5779132428884106,1046.3833768160378,323.61662318396225,0.23621651327296514
0.005117532786368828,1.6231605042763042,945.1916362424867,424.80836375751335,0.31007909763322145
0.005900429275593972,1.5547662633740198,1137.7299838927252,232.27001610727484,0.1695401577425364
0.008671987489864455,1.5816681442401144,1643.7053845961746,273.70538459617455,0.1997849522599814
0.005856025694599764,1.6060804912441704,1093.091128785973,276.90887121402693,0.20212326365987368
0.005982823851784489,1.6477732474989057,1088.502602545555,281.49739745444504,0.20547255288645622
0.009118145098170254,1.501306092724864,1820.7820141592367,450.7820141592367,0.32903796653958883
0.00863525636372694,1.5969844622638887,1621.0456594373966,251.04565943739658,0.18324500688861065
0.00855909125782439,1.5821675467586427,1621.79474082015,251.79474082015008,0.18379178162054752
0.006406405613170463,1.660636799945042,1156.5395189248675,213.46048107513252,0.15581057012783395
0.007730118270762422,1.6949692238815557,1367.240846837062,2.7591531629379915,0.0020139804109036434
0.008345660732963561,1.6326479178047062,1532.459091445402,162.459091445402,0.11858327842730074
0.008134304803401923,1.7481700929211477,1394.9462017498681,24.946201749868123,0.018208906386765054
0.005473856862496027,1.7497474295525284,937.8616455333319,432.13835446666815,0.31542945581508625
0.009328983894624627,1.6646334758071468,1680.1049919147147,310.1049919147147,0.22635400869687203
0.005435187121710211,1.5803599501732948,1031.0487219881609,338.9512780118391,0.24740969197944462
0.007901531085351972,1.7373357639380207,1363.478191844546,6.521808155453982,0.004760443909090498
0.00770107448876311,1.733151863232877,1332.0956456296246,37.90435437037536,0.027667411949179092
0.0050852945923016025,1.6821067439156316,906.3235558591103,463.67644414088966,0.3384499592269268
0.008753167225296812,1.6481609792417196,1592.1585032088756,222.15850320887557,0.16215949139333982
0.008344735125910288,1.790404158106646,1397.2759409814612,27.27594098146119,0.019909445971869482
0.005257167278958655,1.7508692922029474,900.1580573117402,469.8419426882598,0.34295032313011664
0.005844160007169783,1.7263552368828146,1014.8751867884857,355.12481321151427,0.2592151921251929
0.008246383322507633,1.6252800471614084,1521.0938755954915,151.09387559549145,0.1102875004346653
0.006260409387884122,1.7331176612981007,1082.917542409856,287.08245759014403,0.20954923911689347
0.0056707702816484835,1.6593976530299137,1024.5007629030945,345.4992370969055,0.2521892241583252
0.009916028933344784,1.6773044061845377,1772.3382091917592,402.33820919175923,0.2936775249574885
0.00843315383160433,1.7333101668897888,1458.594061330244,88.5940613302439,0.06466719805127293
0.005784032230552563,1.6169096792348239,1072.4218314836032,297.5781685163968,0.21721034198277137
0.009342197363169933,1.522604527935594,1839.4272834740336,469.42728347403363,0.3426476521708275
0.008867394822887115,1.5359675965393507,1730.7514142872067,360.75141428720667,0.2633222002096399
0.009263189563256172,1.7114629962959564,1622.6084783011534,252.60847830115335,0.18438575058478346
0.007540722973064527,1.7959299942326223,1258.7639175534955,111.2360824465045,0.0811942207638719
0.005000263706605811,1.7851685116687634,839.7198009336682,530.2801990663318,0.38706583873454875
0.008097624273146925,1.7768849746280986,1366.214875735148,3.785124264851902,0.0027628644268991986
0.007081789460011543,1.5460532148332353,1373.2173309987634,3.217330998763373,0.0023484167874185204
0.0064899603257953286,1.5299359674435158,1271.7141107831978,98.28588921680216,0.071741524975768
0.009068021318074018,1.773135789566682,1533.173271972679,163.173271972679,0.11910457808224745
0.008483058800079948,1.5980320263632821,1591.4305890490084,221.4305890490084,0.16162816718905723
0.008153477592373955,1.5866159727510978,1540.6066311228108,170.60663112281077,0.12453038768088377
0.009494277752967913,1.6997687167801467,1674.5295029836213,304.52950298362134,0.22228430874716887
0.00587832746161699,1.715581431079159,1027.2192311725623,342.78076882743767,0.25020494074995453
0.007343674460953209,1.5023394107094075,1465.4333113456685,95.43331134566847,0.06965935134720326
0.007103290112734486,1.7786649873254534,1197.2534557988229,172.74654420117713,0.1260923680300563
0.005859953821392008,1.6505622823602857,1064.3463616346796,305.6536383653204,0.22310484552213167
0.009783841349475898,1.6792619750880682,1746.673175689332,376.6731756893321,0.27494392386082633
0.007557533612146974,1.5574867019415517,1454.7100628074481,84.71006280744814,0.06183216263317382
0.0066804535326020365,1.7036663167441144,1175.5527273210475,194.44727267895246,0.14193231582405288
0.005983287697503205,1.5766709122899616,1137.6784538698735,232.32154613012653,0.16957777089790257
0.009414404475304786,1.7436234082646886,1618.679495170769,248.6794951707691,0.18151787968669275
0.007402538485417033,1.544877120274623,1436.5059711598758,66.5059711598758,0.04854450449625971
0.009075420617974509,1.6641444746310992,1634.9197415985052,264.9197415985052,0.19337207415949284
0.005622734317187299,1.7241133815367542,977.6928592295121,392.3071407704879,0.2863555772047357
0.008875852360272154,1.7617520509881954,1510.3791673967633,140.37916739676325,0.10246654554508267
0.009521138643643658,1.5976641839211765,1786.5866842750372,416.5866842750372,0.3040778717336038
0.006976967561662852,1.7951197287930047,1165.1825898563004,204.8174101436996,0.1495017592289778
0.00667479211464612,1.660937262807869,1204.7729793875137,165.22702061248629,0.12060366468064693
0.005089645079421323,1.645413677236679,927.327413048995,442.672586951005,0.32311867660657295
0.009797706685164592,1.6174357462650397,1816.00943140477,446.0094314047701,0.32555432949253293
0.005673539431527836,1.6562067604458488,1026.9758416393474,343.02415836065256,0.250382597343542
0.008117288318934095,1.5622625497225675,1557.6778806226203,187.67788062262025,0.13699115373913887
0.00911009823962767,1.6820043283126993,1623.740615827779,253.74061582777904,0.18521212834144454
0.008936831417803699,1.7344247066183072,1544.7166125180222,174.7166125180222,0.12753037410074614
0.00973593435038475,1.508800039722967,1934.490729708885,564.490729708885,0.4120370289845876
0.008637860257454832,1.6795404557194782,1541.8297008711136,171.82970087111357,0.1254231393219807
0.006948381876709014,1.6400461056001538,1270.1304401311174,99.86955986888256,0.07289748895538874
0.00869963631489697,1.6485304809544992,1582.0668071839007,212.06680718390066,0.15479328991525595
0.009246985508011847,1.508400909162548,1837.8247438715348,467.8247438715348,0.34147791523469695
0.009405657455574815,1.5418882324747967,1828.7610660255107,458.7610660255107,0.33486209198942385
0.008976718959919115,1.7689726137268051,1521.3082559258708,151.30825592587075,0.11044398242764289
0.006510222692304807,1.600678589869338,1219.3051593279274,150.6948406720726,0.10999623406720627
0.006863205786515616,1.699345216464611,1210.7824311177494,159.2175688822506,0.11621720356368656
0.007098609507292528,1.6191487212144684,1314.3385562366211,55.661443763378884,0.04062879106815977
0.008509696669032854,1.7661056737719452,1444.5018319856194,74.50183198561945,0.05438089925957624
0.008202634363239656,1.790570664587071,1373.3542978589894,3.354297858989412,0.0024483925978024904
0.007105930274932432,1.6839672437637474,1265.050915561325,104.94908443867507,0.07660517112312049
0.00994192088466209,1.595894712841113,1867.6124905184279,497.6124905184279,0.3632207959988525
0.006634165561898121,1.550670971755203,1282.5885289702596,87.41147102974037,0.06380399345236523
0.007651393443536714,1.5156915291597364,1513.3884457575616,143.3884457575616,0.10466309909311067
0.008032322023627662,1.671891773916978,1440.3022973605753,70.30229736057527,0.05131554551866808
0.006919496021503567,1.6595379218666297,1249.9941658907671,120.00583410923286,0.08759549934980501
0.007276937271935657,1.7923375229949081,1217.165228912971,152.8347710870289,0.11155822707082402
0.005107810535925353,1.5372119694113486,996.1430863368438,373.8569136631562,0.2728882581482892
0.007699237863685541,1.6735769873132582,1379.1856970897245,9.1856970897245,0.006704888386660219
0.005908816659368451,1.583298643935797,1118.8152512908032,251.1847487091968,0.1833465319045232
0.009933069445131802,1.69107389213514,1760.9279631660158,390.92796316601584,0.28534887822336924
0.0075996982975349466,1.7317800854682628,1315.6013582754474,54.39864172455259,0.039707037755147875
0.005013017881505011,1.6462539955774682,912.8998056992835,457.10019430071645,0.33364977686183683
0.006148703697506947,1.6041017585188353,1149.1384416231544,220.86155837684555,0.1612128163334639
0.008839143747199324,1.7173228909616474,1543.0462404797674,173.04624047976745,0.12631112443778647
0.007170393777793172,1.5484904634604153,1388.210018851997,18.210018851996892,0.01329198456350138
0.005051116535543888,1.6831216694069882,899.689350662732,470.31064933726805,0.3432924447717285
0.007272957173293477,1.509525781363937,1444.4123676644303,74.41236766443035,0.05431559683535062
0.009274090470205654,1.6903169573522323,1644.8408481522217,274.8408481522217,0.20061375777534432
0.005267783941847092,1.5846588696931372,996.5816153511214,373.4183846488786,0.2725681639772837
0.005490620352673459,1.7858735671986474,921.7038662231954,448.2961337768046,0.3272234553115362
0.005217645091550995,1.6977018693422354,921.3694555061967,448.6305444938033,0.3274675507254039
0.008139181551929565,1.5452574799370555,1579.0670973879462,209.0670973879462,0.15260372072112863
0.006240782062189888,1.6398568368504083,1140.916299656765,229.08370034323502,0.1672143798125803
0.005990043479144502,1.6571931638586679,1083.6213287039318,286.3786712960682,0.20903552649348045
0.007457232907858994,1.68998405289426,1322.8658456846488,47.134154315351225,0.0344044922009863
0.009144449227454977,1.6695148461040927,1642.056024450592,272.0560244505921,0.19858103974495772
0.0053669207557528985,1.5293618586530247,1052.0481834661823,317.9518165338177,0.23208161790789614
0.00998655671279868,1.7734726381820227,1688.1536931719122,318.1536931719122,0.2322289731181841
0.008047094260802901,1.7123529005119016,1408.8557139609477,38.855713960947696,0.02836183500799102
0.008085300583567798,1.7474516021055604,1387.1126002551232,17.112600255123198,0.012490949091330802
0.005913248225517775,1.6242581363857072,1091.4196337269532,278.5803662730468,0.20334333304601956
0.006939424252013569,1.587985894948618,1310.0790505971552,59.920949402844826,0.04373791927214951
0.005930203636881905,1.7351431478128676,1024.6015304168448,345.39846958315525,0.2521156712285805
0.00979836302116845,1.5301691687470862,1919.7062615616692,549.7062615616692,0.40124544639537896
0.009770301776310287,1.6949787195944666,1728.0823358198988,358.08233581989884,0.261373967751751
0.00993625469195561,1.6258881641596683,1832.1150759806344,462.1150759806344,0.33731027443841927
0.007090048367694007,1.7095836799555413,1243.3103172493727,126.6896827506273,0.09247422098585935
0.007555334572427543,1.5042451167540518,1505.7601299501316,135.7601299501316,0.09909498536505958
0.008940627509989706,1.5672475380665478,1710.2165625915452,340.2165625915452,0.24833325736609138
0.005292018890693699,1.5408551846237808,1029.6278111371403,340.37218886285973,0.24844685318456913
0.005978664370345374,1.7956799138119548,998.1503236498079,371.8496763501921,0.2714231214234979
0.007290458471852108,1.7118187669017078,1276.7849654898457,93.21503451015428,0.0680401711752951
0.00860505142499236,1.629679101736846,1582.9677849863147,212.96778498631465,0.1554509379462151
0.006913296030148072,1.5040561347132804,1377.976500960069,7.976500960068961,0.005822263474502891
0.009176382131772132,1.677621980462374,1639.827199970898,269.82719997089794,0.19695416056269924
0.005432793490432589,1.5466147776412764,1053.0809208916987,316.9190791083013,0.23132779496956296
0.006040773462157752,1.5433526244762779,1173.405413462125,196.5945865378751,0.14349969820282854
0.009527955428742064,1.7161495338384216,1664.429072977252,294.42907297725196,0.2149117321001839
0.006867830780976356,1.5787347779674605,1304.160711280282,65.83928871971807,0.0480578749778964
0.0063555935678921635,1.7565599686086533,1084.7104863015807,285.28951369841934,0.20824052094775133
0.0074273901752476175,1.6135797263454457,1379.9600483365473,9.960048336547288,0.007270108274852035
0.00523092106049647,1.5998206013979912,980.2290837859268,389.77091621407317,0.28450431840443297
0.006755422946745374,1.7881194378982357,1132.6004332321659,237.39956676783413,0.17328435530498842
0.009189317791873448,1.6514692848100476,1668.1437514508427,298.14375145084273,0.21762317624149105
0.0069272292017522885,1.632306767576866,1272.2676342300358,97.73236576996419,0.07133749326274759
0.007951936833439253,1.6252607087020305,1466.7989427132281,96.79894271322814,0.0706561625644001
0.007754262501391154,1.5381360752771531,1511.3548486601912,141.35484866019124,0.10317872164977462
0.009925170497931068,1.681389768404382,1769.6618092707579,399.6618092707579,0.29172394837281596
0.009068467994641088,1.5032357817661692,1808.5375184547559,438.53751845475585,0.32010037843412836
0.006632233746792756,1.6410801493304294,1211.5762035101,158.42379648990004,0.11563780765686134
0.007231969240295719,1.7955365830510286,1207.4885330626703,162.51146693732971,0.11862150871337936
0.006728493126728766,1.6110272703367705,1252.0902223315281,117.90977766847186,0.08606553114486998
0.008070688936478476,1.6067563027115122,1505.84856579505,135.84856579505004,0.09915953707667886
0.008051407437402607,1.558729874187951,1548.537219943832,178.53721994383204,0.13031913864513286
0.005290202436122569,1.554316519338043,1020.3602496087525,349.6397503912475,0.25521149663594705
0.006855767132213442,1.7972072157525218,1143.611744949113,226.38825505088698,0.1652469014969978
0.00718166340616601,1.7783380038285663,1210.6857753857646,159.3142246142354,0.11628775519287256
0.008395654851937148,1.7816063282133863,1412.7441987175089,42.74419871750888,0.031200145049276554
0.007826094998450203,1.7228906072008443,1361.7836479698135,8.2163520301865,0.0059973372483113135
0.006953182185324513,1.6785215707927295,1241.8735716787824,128.12642832121765,0.09352294038045084
0.007316826540859611,1.584732206944365,1384.1640902051458,14.16409020514584,0.010338751974559007
0.0052975038451709274,1.7926023256005417,885.947583759937,484.05241624006305,0.3533229315620898
0.007457009330879956,1.7177710753256092,1301.4278728669826,68.57212713301737,0.05005264754234845
0.005223892551623569,1.5455811741067165,1013.2651811602549,356.7348188397451,0.2603903787151424
0.006177145137587045,1.650315818657701,1122.1255369933958,247.87446300660417,0.1809302649683242
0.006357180180673031,1.5724822182099107,1211.9912392283993,158.0087607716007,0.1153348618770808
0.005676863094248169,1.6001489125351922,1063.5764755529992,306.4235244470008,0.22366680616569398
0.009616295760367495,1.6385800299692075,1759.3848882130744,389.3848882130744,0.28422254614093023
0.00895552692662175,1.7130615858085805,1567.25213632636,197.25213632635996,0.14397966155208755
0.005579787871528627,1.6793036123020673,996.1142874164567,373.8857125835433,0.2729092792580608
0.005231182627823685,1.5525093979199012,1010.1511142820623,359.8488857179377,0.26266342023207134
0.0070318653042389274,1.7543605446100985,1201.6345159832722,168.3654840167278,0.12289451388082322
0.00820896923864974,1.5973075690272414,1540.7095749254684,170.70957492546836,0.12460552914267764
0.008494532352139308,1.77772365327606,1432.5042751810129,62.50427518101287,0.045623558526286766
0.008912506124250551,1.766944138456737,1512.1599261552133,142.15992615521327,0.10376636945636006
0.008954116751021542,1.6710602860721981,1606.3912788672085,236.39127886720848,0.17254837873518866
0.007325099903113336,1.7643436398567778,1244.6609920209034,125.33900797909655,0.09148832699204128
0.0068802783854497755,1.640925567098425,1257.0073928128018,112.99260718719825,0.08247635561109361
0.006717516858844644,1.7732891453737545,1135.6641391638448,234.33586083615523,0.171048073603033
0.006437629253667564,1.5400761181219047,1253.154097346336,116.8459026536641,0.08528898003917088
0.00525131729550591,1.7279457784776144,911.0849075048243,458.9150924951757,0.3349745200694713
0.007932927451154408,1.5412222094678396,1543.0817211869935,173.0817211869935,0.1263370227642288
0.0069699702929946605,1.6597240344030908,1258.9710596529023,111.02894034709766,0.08104302215116617
0.0053589804723283745,1.562624877082301,1028.1302644900284,341.86973550997163,0.24953995292698658
0.005316115199892375,1.5793592166602228,1009.0999096184496,360.9000903815504,0.26343072290624114
0.005170622245778634,1.6967288874571351,913.5894154396058,456.4105845603942,0.333146412087879
0.008594296099218416,1.5195083894847796,1695.617589342904,325.617589342904,0.23767707251306863
0.009412658906368745,1.7968239967786528,1570.4621904621051,200.46219046210513,0.14632276676066067
0.008255354833933345,1.6468427833849155,1502.810797907601,132.810797907601,0.09694218825372336
0.006466412567948513,1.7059114873687287,1136.3905645406776,233.6094354593224,0.17051783610169519
0.009451194268759573,1.7636275542311255,1606.5731985584666,236.57319855846663,0.17268116683099755
0.00569346034194681,1.5925733873480354,1071.7600105575193,298.2399894424807,0.21769342295071584
0.007040644159641646,1.6299021396611755,1295.005366985464,74.99463301453602,0.05474060803980731
0.008474571744858918,1.5191492257021124,1672.391790684287,302.3917906842869,0.22072393480604882
0.007044495349059378,1.6289159501303916,1296.4981869660164,73.50181303398358,0.05365095841896612
0.005669337069154591,1.5411292399591066,1102.8435845117504,267.15641548824965,0.19500468283813843
0.007864850201864004,1.6929171468570916,1392.757334991801,22.757334991800917,0.016611193424672203
0.00826983238344736,1.6429084997796066,1509.0514035408955,139.05140354089554,0.10149737484736901
0.008379019349101954,1.6855291517294384,1490.3134743884013,120.31347438840135,0.08782005429810318
0.008308737954382334,1.5091496768505104,1650.5301047544197,280.53010475441965,0.20476649982074427
0.005639098220234106,1.5180559704682968,1113.6342461904724,256.36575380952763,0.18712828745220994
0.005993013275500171,1.6869277358698669,1065.0486932461138,304.95130675388623,0.22259219471086586
0.005456534993160814,1.7050968195656198,959.3754553946251,410.6245446053749,0.29972594496742694
0.00771083648738719,1.7980997236953675,1285.6075741111283,84.39242588887168,0.061600310867789554
0.00792444525333352,1.7956109305047008,1323.0532741942834,46.946725805716596,0.03426768306986613
0.007930527045538326,1.5003588970188764,1584.628985065765,214.62898506576494,0.15666349274873353
0.0075015266139906445,1.62451157239188,1384.3552367247596,14.355236724759607,0.010478274981576356
0.007137431690843641,1.741209711083668,1228.8859732314534,141.11402676854664,0.10300293924711433
0.008890264193721093,1.6589859554232427,1606.544133898395,236.5441338983951,0.17265995175065335
0.007916357002969327,1.5841233975286646,1498.1560956855594,128.15609568555942,0.09354459539091929
0.007652524131592113,1.644128030187232,1395.3712710883328,25.371271088332833,0.01851917597688528
0.006930881719841374,1.5628859391686933,1329.4802997611703,40.51970023882973,0.029576423531992503
0.006306308355360677,1.6776338796099357,1126.9346105475001,243.06538945249986,0.1774199923010948
0.005653410769877296,1.6179517791058289,1047.5280738724216,322.4719261275784,0.2353809679763346
0.008664761201307677,1.6854013773618923,1541.2530768125114,171.25307681251138,0.12500224584854847
0.009315758271842306,1.619262892118963,1724.7317183899609,354.73171838996086,0.25892826159851157
0.006899423010006057,1.6973200423169976,1218.6240257482173,151.37597425178274,0.11049341186261513
0.006972266561525606,1.5381305787371813,1358.9437458730383,11.056254126961676,0.00807025848683334
0.008568206701066353,1.7207941925552823,1492.7315298236813,122.73152982368129,0.08958505826546079
0.005717253751128951,1.6614353918538896,1031.6317826527923,338.36821734720775,0.2469841002534363
0.009929666987134978,1.5527129915634161,1917.185783444299,547.185783444299,0.39940568134620363
0.006532542274838166,1.6303900280380503,1201.189207418864,168.81079258113596,0.12321955662856639
0.008463661755238591,1.5709022192220998,1615.213175101405,245.2131751014051,0.17898771905212052
0.0050010822865667205,1.6272484783349912,921.3631300391045,448.6368699608955,0.32747216785466826
0.008370541302324723,1.5368962215625417,1632.787638233082,262.7876382330819,0.19181579433071672
0.0069324715375269335,1.7723947233061037,1172.595841615639,197.40415838436093,0.14409062655792768
0.009664322256040747,1.7913320664425032,1617.3946630657022,247.39466306570216,0.18058004603335925
0.008799972638142865,1.7096015452539846,1543.1463751570595,173.14637515705954,0.12638421544310915
0.008136126015804846,1.5537401541876017,1569.856587861199,199.85658786119893,0.14588072106656857
0.007894824289855593,1.6503404712451366,1434.1336351936034,64.13363519360337,0.04681287240409005
0.00953914560233297,1.6829758955751242,1699.2304612693356,329.2304612693356,0.24031420530608438
0.009216192143592306,1.504418028691671,1836.5539653434246,466.5539653434246,0.34055033966673326
0.0083532565484589,1.5799750654719662,1584.9891353943792,214.98913539437922,0.1569263762002768
0.0071828391418036625,1.5678417079721982,1373.4556178665678,3.4556178665677635,0.002522348807713696
0.009498357814865709,1.711063919244309,1664.1903345958658,294.1903345958658,0.21473747050793124
0.007800177243197695,1.5687639912898952,1490.6221213371646,120.62212133716457,0.08804534404172597
0.009124576071900889,1.567276607247714,1745.37096780058,375.37096780058005,0.27399340715370807
0.009687617217362934,1.634459392880403,1776.9022530673947,406.90225306739467,0.29700894384481363
0.007146985951383479,1.6606620022382321,1290.2158794317681,79.78412056823186,0.05823658435637362
0.00789338832266011,1.6519615601391706,1432.4657088264296,62.46570882642959,0.045595407902503354
0.006176060047838272,1.6752199953834257,1105.2495956349017,264.75040436509835,0.19324847033948783
0.005981311896154408,1.7561600178464034,1021.0642408382188,348.9357591617812,0.2546976344246578
0.008408271584683179,1.607203085617664,1568.3994315721345,198.39943157213452,0.14481710333732448
0.005522639275847747,1.5692610296657685,1055.047931386129,314.952068613871,0.22989202088603722
0.006355610534451575,1.610443547258944,1183.1300187187294,186.8699812812706,0.1364014461907085
0.0051380443133252,1.750048127743737,880.1740418365453,489.82595816345474,0.357537195739748
0.007389837394811089,1.594465771696905,1389.4418783621686,19.44187836216861,0.014191152089174167
0.0059908052142913695,1.5889884786500603,1130.2776859133887,239.72231408661128,0.17497979130409583
0.008745112521054785,1.7864421260540033,1467.5643503574306,97.56435035743061,0.0712148542754968
0.008368758474276894,1.5734765810827445,1594.4887287012407,224.4887287012407,0.16386038591331437
0.0069582950661058116,1.6710955097388354,1248.3094887156678,121.69051128433216,0.08882519071849063
0.006991092709230153,1.659045209131597,1263.303046758468,106.6969532415319,0.07788098776754153
0.008320315221939732,1.6076235877249716,1551.5869328901997,181.5869328901997,0.13254520648919688
0.009304952448005183,1.5941590944527484,1749.8595815609008,379.8595815609008,0.2772697675627013
0.009080538426237919,1.5455681242598198,1761.343865751003,391.343865751003,0.28565245675255696
0.007455390774714835,1.6747074314642085,1334.603217081414,35.39678291858604,0.02583706782378543
0.005042613286435213,1.5177641491034457,996.0292136145557,373.9707863854443,0.27297137692368195
0.006311386680558083,1.5531335726632822,1218.2507413759802,151.74925862401983,0.11076588220731375
0.007133126326539868,1.500920668394214,1424.7638264224606,54.763826422460625,0.039973595928803375
0.008946671152011997,1.6664203207364068,1609.52462125168,239.52462125167995,0.1748354899647299
0.009562983449310607,1.743463577190795,1644.3763733232302,274.37637332323015,0.20027472505345267
0.009715606828751267,1.7057353495464216,1707.5718416268062,337.5718416268062,0.2464028041071578
0.00949467929532135,1.5167372464718103,1876.6818382599788,506.6818382599788,0.3698407578539991
0.009303688426736685,1.6707273454792497,1669.4379423815953,299.43794238159535,0.21856784115444916
0.0088415654892344,1.6907299603834947,1567.7457149835632,197.74571498356318,0.1443399379442067
0.009707976060221044,1.717958886356123,1694.0906027570197,324.0906027570197,0.23656248376424796
0.007246476806243205,1.5194238924206906,1429.7781576427558,59.77815764275579,0.04363369171004072
0.009313235898976535,1.7154805841743106,1627.5543470705438,257.5543470705438,0.18799587377411958
0.0061066750476499836,1.6164882439149704,1132.538470127318,237.46152987268192,0.17332958384867295
0.008900217776622352,1.6370555957337485,1629.8885455951672,259.8885455951672,0.1896996683176403
0.005972042411971956,1.554587960521667,1151.670615900391,218.3293840996089,0.15936451394132037
0.008264795138019043,1.7832340081066491,1389.4549105890503,19.454910589050314,0.014200664663540375
0.009015743742254457,1.5722143308279408,1719.1370948547699,349.1370948547699,0.25484459478450355
0.008616404045472134,1.6138941557005293,1600.5590817645634,230.55908176456342,0.16829130055807548
0.008606845701025797,1.5048420168179768,1714.6433974466581,344.6433974466581,0.2515645236836921
0.007304588341568198,1.5335046510907377,1428.010337001123,58.010337001122934,0.042343311679651774
0.007685040760815813,1.6702208530555596,1379.4087502262332,9.408750226233224,0.006867700895060747
0.009606985875210573,1.7925198487661342,1606.733622215203,236.733622215203,0.17279826439065912
0.008437426037737714,1.7798149589632144,1421.2020627807688,51.202062780768756,0.03737376845311588
0.009285455645435873,1.7547606462183247,1586.3756561867024,216.37565618670237,0.15793843517277545
0.008713908507524683,1.7460158218652038,1496.1857833952756,126.18578339527562,0.09210641123742747
0.007002051206498377,1.5772320587681155,1330.9152135022844,39.08478649771564,0.0285290412392085
0.009450914407432988,1.5739352284551458,1800.1457806703465,430.14578067034654,0.3139750223871143
0.009285964505433066,1.6697513322186281,1667.2315633283945,297.2315633283945,0.21695734549517845
0.005201910889187417,1.5440952746229,1009.9724268292459,360.02757317075407,0.2627938490297475
0.009533624142118214,1.7470861430673628,1635.9288444677222,265.92884446772223,0.19410864559687754
0.008827525056528942,1.6079961923016826,1645.790859097317,275.790859097317,0.2013071964213993
0.005399346005702702,1.7745341307090141,912.1736136995861,457.8263863004139,0.33417984401490064
0.007861337254921257,1.6011981662791843,1471.8787895544533,101.8787895544533,0.07436407996675423
0.00729526403972257,1.7823389592388472,1227.0758751530802,142.92412484691977,0.1043241787203794
0.005595765585143295,1.7490919544049002,959.1081331871324,410.89186681286765,0.29992107066632673
0.009172822155274362,1.520088088075146,1809.0681206565803,439.0681206565803,0.32048767931137245
0.009573280281765111,1.507168640708082,1904.2309860195496,534.2309860195496,0.389949624831788
0.005801509505456011,1.7702884157196592,982.4663480294995,387.5336519705005,0.2828712788105843
0.007638097119224357,1.7588080957856191,1301.9293664282163,68.07063357178367,0.04968659384801728
0.009059875560700805,1.7231314639091528,1576.24790702552,206.2479070255199,0.15054591753687585
0.005291662836816842,1.6917158129594445,937.7465154631175,432.2534845368825,0.315513492362688
0.006972308310128459,1.590654984230598,1314.078456327405,55.92154367259491,0.040818645016492634
0.005594891454078419,1.6423928626802549,1021.2576414416052,348.7423585583948,0.2545564661010181
0.007976435888005267,1.5452327035982991,1547.5179339500642,177.51793395006416,0.12957513427011982
0.008157110071506896,1.5417602043652634,1586.1351665386812,216.13516653868123,0.15776289528370893
0.007497744409057407,1.584881933980044,1418.2553145787706,48.255314578770594,0.035222857356766855
0.005142467449770029,1.5459531910049535,997.2313301086285,372.7686698913715,0.2720939196287383
0.009708205539973593,1.5064827021601443,1931.948370482192,561.9483704821921,0.41018129232276795
0.0067659610975830484,1.5487780932982746,1309.6673545124577,60.33264548754232,0.044038427363169576
0.008346051795716793,1.7864921861084144,1400.5565777948557,30.556577794855684,0.02230407138310634
0.008494401186862949,1.7586680740537326,1448.0034343137543,78.00343431375427,0.05693681336770385
0.006534205728544916,1.7512807224323406,1118.5560209430341,251.44397905696587,0.18353575113647144
0.009098344226497114,1.768901940669312,1541.9820153284536,171.9820153284536,0.12553431775799534
0.007355006753867134,1.7135921460649464,1286.7563372135453,83.2436627864547,0.0607617976543465
0.009814168204568149,1.5804629658790872,1861.6150285029994,491.6150285029994,0.3588430864985397
0.0071109806002091075,1.6966984920224453,1256.4509032986175,113.5490967013825,0.08288255233677555
0.00797367231316434,1.5013380468601456,1592.210912824992,222.21091282499196,0.16219774658758537
0.005056822937964914,1.694896207182455,894.4485047632693,475.5514952367307,0.34711787973483993
0.008405047066104851,1.7496242806314088,1440.1776126723166,70.17761267231663,0.051224534797311407
0.005017401576080231,1.727669451104355,870.6405905971596,499.35940940284036,0.36449591927214625
0.005158697316871416,1.6620244496533878,930.5149205388732,439.4850794611268,0.3207920288037422
0.0055593374051190175,1.7872722662344327,932.5089730415821,437.49102695841793,0.3193365160280423
0.005656495290672512,1.7903779024849367,947.1601635065446,422.83983649345544,0.3086422164185806
0.007031161239851648,1.572369615048022,1340.5811779344742,29.418822065525774,0.021473592748558958
0.005700494138664624,1.5675567884821082,1090.209402429165,279.79059757083496,0.204226713555354
0.0073800051797168606,1.6467929679336077,1343.5021499127797,26.497850087220286,0.019341496414029404
0.009384249690001293,1.5463673669466722,1819.3136645182744,449.31366451827444,0.3279661784804923
0.006384355381114638,1.7152659130149197,1115.8512379492706,254.14876205072937,0.1855100452925032
0.008659200670330115,1.6333843907757972,1589.3154531986963,219.31545319869633,0.16008427240780754
0.009848821690361354,1.728099311211134,1708.5837855509712,338.58378555097124,0.24714144930727827
0.006290168045868179,1.627512282220801,1158.6671021190136,211.33289788098637,0.15425758969415063
0.005559492444926824,1.7702635400428441,941.4947930615485,428.50520693845147,0.3127775233127383
0.00677137659351677,1.654250277996047,1227.1466174230923,142.85338257690773,0.10427254202693995
0.008513084154431388,1.7165343079119324,1486.808863682075,116.80886368207507,0.08526194429348545
0.008229257341419858,1.6916677716039064,1458.3651277813983,88.36512778139831,0.06450009327109366
0.008442391427162733,1.7617852160990068,1436.5912792430943,66.59127924309428,0.04860677317014181
0.007374173714895986,1.636176225276292,1351.1513182721783,18.848681727821713,0.013758161845125337
0.006633140622153998,1.5401574977008872,1291.144272156375,78.85572784362489,0.05755892543330284
0.009929344055115256,1.634797404645524,1820.8632165379183,450.86321653791833,0.3290972383488455
0.005544108520393171,1.6121888439450052,1030.9474147459791,339.05258525402087,0.2474836388715481
0.006207328632516992,1.5155144739492032,1227.9066550296907,142.09334497030932,0.10371777005132067
0.009498387713135263,1.5687961997236612,1815.1146720392398,445.11467203923985,0.3249012204665984
0.007026723284434835,1.5200207060139437,1385.8749665659016,15.874966565901559,0.011587566836424496
0.007934258488135913,1.7776421794217765,1338.081916653969,31.918083346030926,0.023297871055497025
0.009153210124893025,1.564894085035265,1753.5137925135225,383.5137925135225,0.27993707482738867
0.006055606083541436,1.7778868948995323,1021.1139064429794,348.88609355702056,0.25466138215840917
0.005190162560867742,1.5226501537088282,1021.8838436078854,348.1161563921146,0.25409938422782086
0.00989271308654762,1.5920966705496495,1862.8019437293274,492.8019437293274,0.35970944797761123
0.007160346343725294,1.7012422630237654,1261.794323579376,108.20567642062406,0.07898224556249932
0.005615600815888834,1.5747713685443905,1069.0534545965509,300.94654540344914,0.21966901124339352
0.009901998441406504,1.636125792032878,1814.3742164060766,444.3742164060766,0.3243607419022457
0.009687710440445882,1.7531943811997057,1656.5775914397625,286.5775914397625,0.20918072367865875
0.009145093210019405,1.5385906401688036,1781.9099508950833,411.9099508950833,0.30066419773363745
0.009559662431891363,1.7465758509104368,1640.8761730062026,270.87617300620263,0.19771983431109683
0.006769186008866206,1.6528104470400986,1227.818299364837,142.181700635163,0.10378226323734525
0.0050655281515947425,1.5078530697986898,1007.1320382943745,362.8679617056255,0.26486712533257334
0.006720677662792754,1.6842706098672666,1196.249856852348,173.7501431476519,0.12682492200558532
0.009105539219935736,1.6452056835038755,1659.2283940730174,289.2283940730174,0.21111561611169152
0.007331981692052613,1.6972833355386268,1295.0535526078804,74.94644739211958,0.05470543605264203
0.008094782399370743,1.6381278375344048,1481.419616270653,111.41961627065302,0.08132818705887082
0.005649196098509391,1.708292869931104,991.3911214559148,378.6088785440852,0.2763568456526169
0.009239412770091968,1.733060500305463,1598.2744193490337,228.27441934903368,0.16662366375841875
0.008844153267260613,1.680959652821083,1577.3195046478604,207.3195046478604,0.15132810558237986
0.005142845662658126,1.5463235026412432,997.0658401617935,372.9341598382065,0.2722147152103697
0.008904567380126106,1.5315902986861336,1742.9740476971292,372.9740476971292,0.27224383043586076
0.009613686596061512,1.6975781044394183,1697.7779859069738,327.77798590697375,0.23925400431165966
0.007709386599675634,1.5313164244311324,1509.3000515864069,139.30005158640688,0.10167886977109991
0.0081436660981024,1.757719175427139,1388.9645802425218,18.964580242521833,0.013842759301110827
0.006187129973222243,1.5861815243379154,1169.383752223442,200.6162477765581,0.14643521735515191
0.0058469701483833065,1.6846011885941852,1040.529690056344,329.47030994365605,0.24048927733113581
0.005959941757644738,1.650033019905315,1082.8544444302613,287.1455555697387,0.2095952960363056
0.005188569206305573,1.7905769161674676,868.7110292870411,501.28897071295887,0.3659043581846415
0.00929638068928658,1.771877751938863,1572.8990413110173,202.8990413110173,0.14810149000804182
0.007087004192412184,1.6882004674798672,1258.517840521147,111.48215947885296,0.0813738390356591
0.005942692489924264,1.644346778881449,1083.454178627962,286.54582137203806,0.20915753384820296
0.007399350590386268,1.540152230784707,1440.2923664016269,70.29236640162685,0.05130829664352325
0.0064402231910828875,1.5260742420789144,1265.1614759536076,104.83852404639242,0.07652447010685579
0.007135366202036952,1.6817441688079309,1271.9705006945612,98.02949930543878,0.0715543790550648
0.00517576609138407,1.7162114768560008,904.1168058214046,465.88319417859543,0.3400607256778069
0.00566203796550692,1.7020505697238788,997.2889813984852,372.71101860151475,0.27205183839526625
0.009492007153865086,1.6861991714784943,1687.6014436157557,317.60144361575567,0.23182587125237641
0.009292861837979581,1.6561688036759605,1682.1533445617179,312.15334456171786,0.2278491566143926
0.008392028667058751,1.647114463390842,1527.4390199480745,157.43901994807447,0.11491899266282808
0.005604885053054766,1.7573356795911614,956.1646567454122,413.83534325458777,0.30206959361648744
0.005254302539174407,1.7863610666844858,881.7927700463899,488.20722995361007,0.35635564230190514
0.008822883513698941,1.5930552516392793,1660.3529177645908,290.35291776459076,0.2119364363245188
0.0050117106399501,1.6615061264366262,904.2837866374255,465.71621336257454,0.33993884187049234
0.005725097177077002,1.714742659593736,1000.932090539707,369.067909460293,0.26939263464254964
0.007683364891595388,1.6381324750864852,1406.1224483329263,36.1224483329263,0.0263667506079754
0.005300771690486664,1.7505252193479193,907.8026165083029,462.1973834916971,0.33737035291364753
0.008928900180159934,1.6420076944730126,1630.2097372971746,260.20973729717457,0.18993411481545588
0.007971226592828083,1.5491790270667423,1542.567754782767,172.567754782767,0.12596186480493943
0.007063111439052883,1.7566619480270975,1205.3927289878984,164.6072710121016,0.1201512927095632
0.006312847854262634,1.581533976984151,1196.6509747823056,173.34902521769436,0.12653213519539735
0.00897515834974317,1.7568076054196757,1531.5762376643193,161.57623766431925,0.11793885960899216
0.009727346751792577,1.7884748444005485,1630.543030374936,260.54303037493605,0.1901773944342599
0.009631965671309443,1.6670340032603126,1732.1726241492697,362.1726241492697,0.2643595796709998
0.007698677059784933,1.7301279771911775,1334.0084372533706,35.99156274662937,0.026271213683671073
0.00996597517411232,1.568525274425492,1904.7982474547193,534.7982474547193,0.39036368427351775
0.005799320001236282,1.5247124641357053,1140.2755855903115,229.7244144096885,0.16768205431364125
0.009645355162645832,1.7207007173550217,1680.4809246185582,310.4809246185582,0.22662841213033447
0.005467245924987922,1.6267975234281553,1007.5249505474171,362.4750494525829,0.26458032806757875
0.009121112712938584,1.635924673989927,1671.4955421741768,301.49554217417676,0.22006973881326772
0.009786817472286442,1.5994296025140178,1834.4127565241715,464.4127565241715,0.3389874135212931
0.006029555682883097,1.658046548674971,1090.2078233352067,279.79217666479326,0.20422786617868122
0.006231014155713465,1.5405332666569878,1212.574301383173,157.42569861682705,0.11490926906337741
0.00563331686372259,1.5392481689620652,1097.1758442350745,272.82415576492554,0.199141719536442
0.005691075936501692,1.648323514848478,1035.0769301652115,334.9230698347885,0.24446939403999163
0.006572269173836782,1.6115513255769724,1222.62114708431,147.37885291569,0.1075758050479489
0.006349799536773734,1.797117694612265,1059.2639628688162,310.7360371311838,0.22681462564319987
0.007718055884236919,1.6132561065053495,1434.251471410176,64.25147141017601,0.046898884241004385
0.006472191798065343,1.750422873321823,1108.4831656177253,261.51683438227474,0.19088820027903267
0.005205511035887062,1.6328495195099237,955.735926641355,414.26407335864496,0.302382535298281
0.006129973884041956,1.6827588863501521,1092.0874957663711,277.91250423362885,0.20285584250629843
0.006154065362988195,1.715267255138296,1075.6005376632354,294.3994623367646,0.21489011849398876
0.009485565864949919,1.7900495015935105,1588.6159034388468,218.61590343884677,0.15957365214514363
0.009802047096520244,1.7550192903215993,1674.3860359273235,304.3860359273235,0.22217958826811934
0.009900711387080126,1.6638365360708494,1783.9244050323884,413.92440503238845,0.3021346022134222
0.006006423814550853,1.712952774362784,1051.214362768283,318.7856372317169,0.2326902461545379
0.005946512491807812,1.5884816427166928,1122.2790043691543,247.72099563084566,0.18081824498601873
0.007336248705896459,1.6816068454743358,1307.8871782420943,62.11282175790575,0.04533782610066113
0.005091300858206597,1.7448161925919896,874.7818854385112,495.21811456148885,0.3614730763222546
0.005839776588129888,1.750956661912086,999.8653967908515,370.1346032091485,0.27017124321835656
0.0069938560391374395,1.5880895870902607,1320.2689003916935,49.73109960830652,0.036300072706793085
0.006768760163081632,1.6327549633805576,1242.8216679257816,127.17833207421836,0.09283089932424698
0.007226764940009457,1.6775025653249056,1291.5209010926521,78.47909890734786,0.05728401380098384
0.00979752978006668,1.5450081340804558,1901.1068422902129,531.1068422902129,0.3876692279490605
0.009399757503885522,1.7755960101953652,1587.0594383593648,217.05943835936478,0.1584375462477115
0.005378905077594851,1.53676519670652,1049.317864574724,320.6821354252761,0.23407455140531103
0.0053680625954796585,1.5560812153772159,1034.2035263285331,335.79647367146686,0.24510691508866195
0.005794916358828011,1.6651203016315794,1043.3313541461127,326.66864585388726,0.23844426704663305
0.00676669769758891,1.5193881118154742,1335.1459837863263,34.85401621367373,0.025440887747207104
0.007294868862943499,1.6030207069485345,1364.2660121169035,5.733987883096461,0.004185392615398876
0.007179373007410056,1.745943951633611,1232.7554265281367,137.2445734718633,0.10017852078238197
0.007635547013891216,1.6088768109978848,1422.7810307299014,52.78103072990143,0.03852629980284776
0.009327105900662581,1.5324538612317276,1824.6526533193398,454.65265331933983,0.33186325059805827
0.009893874246860324,1.6823792224637253,1763.044169830806,393.0441698308059,0.2868935546210262
0.005680456001312302,1.7181559034188965,991.1544486769867,378.8455513230133,0.2765295995058491
0.009586985891536337,1.7725559820690377,1621.447274054591,251.44727405459093,0.18353815624422695
0.006350700909405821,1.6447411548670825,1157.5634439617745,212.4365560382255,0.15506317958994562
0.009053226856068332,1.6126326854290856,1683.0175628557217,313.01756285572174,0.22847997288738814
0.008026144422538956,1.5216488355842062,1581.2962284245702,211.29622842457024,0.15423082366756952
0.006412579271975594,1.5863741351847038,1211.8471043034126,158.1528956965874,0.11544006985152365
0.007460916143022902,1.5257046898363857,1466.0283896017772,96.02838960177723,0.0700937150377936
0.005268341894216195,1.6512781472054865,956.4767563383167,413.5232436616833,0.30184178369465936
0.009024018860087118,1.5487580107906198,1746.7756591120647,376.77565911206466,0.2750187292788793
0.006988804080390912,1.5505785698962056,1351.2315947208476,18.768405279152375,0.013699565897191514
0.00818067898719404,1.7765607154016905,1380.4796202111936,10.479620211193605,0.007649357818389493
0.006765089025286121,1.6803234536870046,1206.9834906066426,163.0165093933574,0.11899015284186672
0.006520194692459234,1.6583483047386607,1178.7060582541192,191.29394174588083,0.1396306144130517
0.008390364587309223,1.6279461309537142,1545.1174798222512,175.1174798222512,0.12782297797244613
0.007670851496100456,1.6240957167654908,1415.965451561492,45.965451561492046,0.03355142449743945
0.00998703592258766,1.5334528798659326,1952.4812836952751,582.4812836952751,0.42516882021552926
0.007158223524343796,1.7814658834752568,1204.6155052321863,165.38449476781375,0.12071860931957208
0.008752823728090886,1.7175411609733935,1527.7832051477333,157.78320514773327,0.11517022273557173
0.009479474890690232,1.527551786706277,1860.4116094531803,490.4116094531803,0.3579646784329783
0.00932060745638955,1.6174502675358553,1727.5633603629226,357.5633603629226,0.26099515354957853
0.00789707507688723,1.5584147216572544,1519.1614372026236,149.16143720262357,0.10887696146176903
0.00627601309627822,1.500537707321452,1253.8847796980915,116.1152203019085,0.08475563525686751
0.009399629456161827,1.750849116631856,1609.4693667109827,239.46936671098274,0.17479515818319907
0.005987517572404904,1.6885099591797663,1063.0749321854335,306.92506781456655,0.22403289621501207
0.008498653365550371,1.7702416299906059,1439.2567313886063,69.25673138860634,0.050552358677814845
0.007772815636880226,1.7731690455371822,1314.1620711381265,55.83792886187348,0.04075761230793685
0.007135852596666585,1.5282864211365639,1399.7865585231145,29.786558523114536,0.021742013520521557
0.008004653679605178,1.5106895457628036,1588.5029513697104,218.50295136971044,0.1594912053793507
0.005870057670451354,1.7766182249130948,990.5330210785424,379.46697892145755,0.2769831962930347
0.006479640517075312,1.773070595734747,1095.5837642580848,274.4162357419152,0.20030382170942718
0.007759837785561304,1.608638629861884,1446.1550283760357,76.15502837603572,0.055587611953310745
0.006186322959329787,1.5964268508972543,1161.7274946966381,208.27250530336187,0.15202372649880427
0.006895611600931196,1.5285260507562042,1352.4482296090086,17.55177039099135,0.012811511234300256
0.0056784176445915146,1.5742902143000015,1081.3424156229025,288.65758437709746,0.2106989666986113
0.0052688309204140145,1.7387254128595768,908.4561373147009,461.54386268529913,0.33689333042722563
0.009276979384204265,1.5352727683445275,1811.5142206324904,441.5142206324904,0.32227315374634335
0.0064002225535157685,1.7647857776699991,1087.2358987382531,282.7641012617469,0.20639715420565466
0.007433493258287531,1.6247281805598572,1371.6172601010328,1.617260101032798,0.0011804818255713855
0.006393151275528048,1.6239186915484762,1180.242918091429,189.75708190857108,0.13850881891136574
0.007267287549176549,1.6112694807022057,1352.1499807784767,17.850019221523326,0.013029211110600968
0.007327523671834948,1.7048292274970251,1288.537465924233,81.46253407576705,0.05946170370493945
0.006473840355560678,1.7453869114616485,1111.9646309641614,258.0353690358386,0.1883469846976924
0.008154366618906667,1.6857409316032854,1450.1739658122533,80.1739658122533,0.05852114292865204
0.005711761593904543,1.6165366652534976,1059.2664456998996,310.7335543001004,0.22681281335773754
0.005294305779601905,1.5733266333086589,1008.8133700073722,361.1866299926278,0.2636398759070276
0.008863034838187591,1.7093084107156769,1554.4713773258686,184.47137732586862,0.1346506403838457
0.009656898279767723,1.6088880624698554,1799.419946906207,429.4199469062071,0.3134452167198592
0.00906084661835916,1.765509380907262,1538.5777660852684,168.57776608526842,0.12304946429581637
0.007155505219012884,1.7230031922479492,1245.0159741381374,124.98402586186262,0.09122921595756396
0.006921221500258095,1.569298005812773,1322.2026652931172,47.79733470688279,0.03488856547947649
0.006946186904038966,1.6987741784085646,1225.833587628514,144.1664123714861,0.10523095793539132
0.00941301895121579,1.5162076126905224,1861.1910829137623,491.19108291376233,0.35853363716333014
0.0077634375807317055,1.7738142979057472,1312.099038554937,57.9009614450631,0.042263475507345334
0.007591643616688708,1.7986401398578882,1265.354558520494,104.64544147950596,0.0763835339266467
0.005992712345447641,1.7144638896513287,1047.8902326103016,322.1097673896984,0.23511661853262655
0.009396651066573745,1.76374615671042,1597.1941934493354,227.19419344933544,0.16583517770024486
0.009246870492721791,1.631159595847416,1699.4916014827845,329.4916014827845,0.24050481860057263
0.008429763314824954,1.7284626542704915,1462.096654657669,92.09665465766898,0.0672238355165467
0.007860252829919272,1.5102684175084116,1560.2819267521563,190.28192675215632,0.13889191733734038
0.007396113206535464,1.726377235600265,1284.365266240648,85.634733759352,0.06250710493383357
0.00522722262139989,1.7425551262469683,899.3012011951566,470.69879880484336,0.34357576555098057
0.006370052520906576,1.662466271134108,1148.7112466521899,221.28875334781014,0.1615246374801534
0.009397887336742114,1.6304648129084285,1727.9831630731585,357.9831630731585,0.26130157888551714
0.008096146511535155,1.6027207818599931,1514.4020658448514,144.40206584485145,0.10540296776996456
0.0075598210431247065,1.772693280980732,1278.4937794228113,91.50622057718874,0.06679286173517426
0.009286795952090993,1.69338122502506,1644.1137673417911,274.1137673417911,0.200083041855322
0.0069902677789109545,1.5639158967204818,1339.9886553442116,30.011344655788434,0.021906090989626596
0.005448477636770817,1.505862591575384,1084.702224641049,285.29777535895096,0.2082465513568985
0.009486809108594594,1.786516987821111,1591.9657303181198,221.96573031811977,0.16201878125410202
0.007144089909520663,1.759102574971626,1217.5209704202398,152.4790295797602,0.11129856173705124
0.009079326971562971,1.717471410989695,1584.8378799051177,214.8378799051177,0.15681597073366255
0.009482572660651554,1.687924199912849,1684.2010833466984,314.2010833466984,0.2293438564574441
0.007477433061007444,1.6733016074927776,1339.6736289811763,30.326371018823693,0.022136037240017295
0.008530361642735589,1.70888450625546,1496.4955648806879,126.49556488068788,0.09233252910999115
0.008712339395770449,1.6386641173864365,1593.9164192806388,223.91641928063882,0.16344264181068527
0.006062884660037039,1.5245521250643577,1192.2236471424483,177.77635285755173,0.12976376120989178
0.006391935197029411,1.5418140800697442,1242.8567029349474,127.1432970650526,0.09280532632485591
0.009500363643835217,1.7854448512776884,1595.1976151159363,225.1976151159363,0.16437782125250824
0.008279699242855956,1.6739034753956705,1482.8760582684108,112.87605826841082,0.08239128340759913
0.005792898623553397,1.681796155456268,1032.6265235329515,337.3734764670485,0.2462580120197434
0.009560602444232975,1.6102918797225017,1779.923591995842,409.9235919958419,0.29921430072689187
0.00880491063671692,1.7197833282352555,1534.8711427272444,164.87114272724443,0.12034389980090834
0.007640958191056887,1.5252741191741963,1501.829480206741,131.82948020674098,0.09622589796112481
0.008365301910858098,1.5139397175675229,1656.5087715630218,286.5087715630218,0.20913049019198673
0.00682710015840768,1.7601146189796097,1162.8294631674428,207.17053683255722,0.1512193699507717
0.009938773832431337,1.7809683524211135,1673.0052685552412,303.0052685552412,0.2211717288724388
0.008312803509651539,1.5552894720109507,1602.3485286036287,232.34852860362867,0.16959746613403553
0.007921354441278098,1.7530968453003688,1354.6098865023596,15.390113497640414,0.01123365948732877
0.009062657901163989,1.7013532414474093,1596.914986268039,226.914986268039,0.16563137683798468
0.009984411147151265,1.5009111541051374,1994.2893696940325,624.2893696940325,0.4556856713095128
0.006675194243145601,1.554339105262617,1287.47509665335,82.52490334665004,0.06023715572748178
0.007101525556890252,1.7377749928484536,1225.1205196365777,144.87948036342232,0.10575144552074622
0.008684450124787406,1.530067791083581,1701.5799329025958,331.57993290259583,0.24202914810408455
0.009989224387725416,1.5050854477933484,1989.7170204524664,619.7170204524664,0.45234819011128935
0.008151004765710663,1.763836463465006,1385.3947372658984,15.394737265898357,0.011237034500655736
0.008566440544339637,1.6105305559199714,1594.601392478052,224.60139247805205,0.16394262224675332
0.0075898352739132815,1.7335337475668897,1312.5647976424923,57.435202357507706,0.04192350537044358
0.008264880682203473,1.562824198990993,1585.430335922752,215.43033592275196,0.15724842038157077
0.005101070103649941,1.709410014703518,894.6141251364832,475.38587486351685,0.34699698895147213
0.009850139417966475,1.5368601808239164,1921.4483819678028,551.4483819678028,0.4025170671297831
0.005617665107574093,1.681601697120779,1001.5056679022314,368.4943320977686,0.2689739650348676
0.009172193303414355,1.7580954803363826,1564.0529234257565,194.0529234257565,0.14164446965383684
0.009301875172760595,1.5983923510833289,1744.6480022011153,374.64800220111533,0.27346569503731044
0.005174234945238816,1.6618334739458949,933.4248207309507,436.5751792690493,0.31866801406499945
0.007918001411117067,1.5489738018661516,1532.4707897747728,162.4707897747728,0.11859181735384877
0.00516619904483089,1.6915414750018412,915.6071743173893,454.3928256826107,0.33167359538876695
0.009390341768590195,1.7988664251324393,1564.959799646302,194.95979964630192,0.14230642309949046
0.006525126194680044,1.7586696362126801,1112.3087476940727,257.69125230592726,0.18809580460286662
0.009441321151286592,1.6376917120883525,1728.3087249078637,358.30872490786373,0.26153921526121443
0.007267112999001988,1.5000305119637096,1452.3875688918422,82.3875688918422,0.06013691159988481
0.0073481372902228816,1.52350728595474,1445.950511865698,75.95051186569799,0.05543832982897663
0.007750916975567198,1.607241062700036,1445.748559930172,75.74855993017195,0.05529091965705982
0.007545526829254195,1.564173446230241,1446.1900248331472,76.19002483314716,0.055613156812516176
0.009739626829815988,1.7966329953806688,1625.188157414767,255.18815741476692,0.18626872803997585
0.006023383012385053,1.6516415020676445,1093.3152239743142,276.6847760256858,0.20195969052969764
0.009687876557800654,1.7294008056545078,1679.3980415456426,309.3980415456426,0.22583798652966616
0.009201574820701785,1.7814248372545078,1548.514804149993,178.5148041499931,0.13030277675181978
0.00682792110491609,1.7375107378155579,1178.0987630881402,191.90123691185977,0.14007389555610203
0.008669950992094772,1.567008905987975,1658.692499275161,288.692499275161,0.21072445202566498
0.008479428908579154,1.7539767758697702,1449.3172714208993,79.31727142089926,0.05789581855540092
0.008175872091610123,1.6594667850436136,1477.0194936881376,107.01949368813757,0.07811641875046538
0.007708862522559007,1.6196533794351269,1426.8848343514424,56.88483435144235,0.04152177689886303
0.008264525721702469,1.751883653520986,1414.2734166928094,44.273416692809406,0.032316362549495915
0.005349101329058182,1.7797833178806544,901.0199272116965,468.98007278830346,0.3423212210133602
0.007627373694043713,1.6755600940156934,1364.6953732000782,5.304626799921834,0.0038719903649064484
0.006333702956205921,1.7752641894600907,1069.5852418790232,300.4147581209768,0.21928084534377867
0.005995754640143508,1.6200084188156705,1109.5510370542406,260.4489629457594,0.1901087320771966
0.006472309555945717,1.6267694155374128,1192.7625219538868,177.2374780461132,0.1293704219314695
0.00777590606120504,1.7748225512368614,1313.459753844794,56.54024615520598,0.04127025266803356
0.00797761731250899,1.5619460782215124,1531.1857025330983,161.18570253309827,0.11765379746941479
0.008723292325855449,1.5131900137489973,1728.2543662454664,358.2543662454664,0.2614995374054499
0.006436530079784766,1.5574565000565146,1238.9579892212669,131.04201077873313,0.09565110275819937
0.009021450353242895,1.6796162608851992,1610.2265970551418,240.22659705514184,0.17534788106214733
0.007621247260594458,1.5902690452687294,1436.733272320777,66.7332723207769,0.048710417752391905
0.00780256265339145,1.6047533570057946,1457.6379767939493,87.63797679394929,0.06396932612697029
0.005145884647453621,1.7777502968924925,867.7807056149671,502.21929438503287,0.36658342655841814
0.006253984943660781,1.5411023749529145,1216.5950484712873,153.40495152871267,0.11197441717424282
0.005092252409414946,1.7591360829319038,867.8230646207627,502.1769353792373,0.36655250757608565
0.009714260814241487,1.627154642457556,1789.788168355057,419.788168355057,0.3064147214270489
0.0063554659121776045,1.6774959195178862,1135.812448410919,234.18755158908107,0.17093981867816135
0.006927016313129614,1.5511528737521865,1338.7895430937356,31.210456906264426,0.022781355406032426
0.006139853901253781,1.7527243983597123,1050.1833000900558,319.8166999099442,0.2334428466495943
0.008233097257678018,1.7435043929381815,1415.6663291641428,45.66632916414278,0.033333086981126116
0.006089892514254165,1.5752658571318543,1158.981411003336,211.018588996664,0.15402816715084963
0.005623358042436334,1.7995307636084814,936.8221782302579,433.1778217697421,0.31618819107280444
0.00796329562303609,1.5306523661140756,1559.6852828650115,189.68528286501146,0.13845641085037333
0.009893036734027937,1.7585335413263454,1686.5517375014508,316.5517375014508,0.23105966240981812
0.0064555473402094065,1.5318517229159356,1263.3888619276934,106.61113807230663,0.07781834895788806
0.008491575640863436,1.7661770026202,1441.3676148487402,71.36761484874023,0.05209314952462791
0.005522338249926708,1.5050200587212692,1100.0221214723065,269.9778785276935,0.1970641449107252
0.008073466493444589,1.6744520600503667,1445.4665035782455,75.46650357824547,0.05508503910820837
0.008903103286863953,1.7644624129548325,1512.6891899766117,142.68918997661171,0.1041526934135852
0.008063777756520188,1.5709230561458254,1538.8785242760516,168.87852427605162,0.12326899582193548
0.009375648371380522,1.7746215329941817,1583.8580893682185,213.85808936821854,0.1561007951592836
0.008927318865497079,1.6950452509622602,1578.9211907574784,208.92119075747837,0.15249721953100612
0.0073280562109238785,1.7954046987752978,1223.6216076150454,146.37839238495462,0.1068455418868282
0.005748395196796106,1.6435245823053097,1048.5547610037295,321.4452389962705,0.23463156131114637
0.00933940873212989,1.582781252286637,1768.9647865280833,398.9647865280833,0.291215172648236
0.007033312483919205,1.6750392044248676,1258.7968280779428,111.20317192205721,0.08117019848325344
0.007333416067283091,1.6154763152250884,1360.9006876966614,9.099312303338593,0.006641833798057367
0.007778226735317197,1.5241353620101277,1529.9518467878465,159.95184678784653,0.11675317283784419
0.00799041658010019,1.6728016634623413,1432.0087547223543,62.0087547223543,0.045261864760842555
0.009962225218610458,1.5091823349233575,1978.9523878759742,608.9523878759742,0.44449079407005415
0.005271205067133286,1.5520501120569794,1018.180734901379,351.81926509862103,0.256802383283665
0.007621234344672755,1.6693066686505216,1368.7051157774997,1.2948842225002863,0.0009451709653286762
0.007632920043501886,1.790749190427598,1277.840511552874,92.15948844712602,0.06726969959644236
0.005835952804253474,1.7336976690517794,1009.1578636753004,360.8421363246996,0.2633884206749632
0.009387618536536118,1.7576571812522965,1601.186662480658,231.18666248065801,0.16874938867201314
0.005590018517891428,1.7204425782970496,974.0780732147392,395.9219267852608,0.2889941071425261
0.007527301149241055,1.636752818534889,1378.7226073984602,8.72260739846024,0.006366866714204555
0.006629407363658857,1.7630540127810814,1127.2747824098399,242.72521759016013,0.17717169167164973
0.005860910005677289,1.657973400174358,1059.7616442664341,310.23835573356587,0.22645135455004808
0.005000570730594145,1.5243557167053279,983.4537793893884,386.5462206106116,0.28215052599314716
0.007521868551582161,1.795005690875898,1256.2631267934073,113.73687320659269,0.08301961547926474
0.0054197564260341875,1.7939632756695074,905.7053300690939,464.29466993090614,0.3389012189276687
0.005813264778794412,1.7619942592343132,989.0911550398223,380.9088449601777,0.27803565325560414
0.0077401811226082695,1.7703639257774952,1310.7180339165889,59.281966083411135,0.04327150809008112
0.008277598929657787,1.5262740824795178,1625.895216296172,255.89521629617207,0.18678482941326427
0.009111665276320242,1.6441725312681335,1661.3880099033358,291.38800990333584,0.212691978031632
0.006727884561546398,1.7768520035707698,1135.1362104401137,234.8637895598863,0.17143342303641335
0.008508479994697043,1.5198171135970695,1678.3454460628675,308.3454460628675,0.22506966865902736
0.008504800757145844,1.6177434007797589,1576.0689380998617,206.06893809986173,0.1504152832845706
0.009359944218146319,1.5578319090664705,1801.2474051725455,431.24740517254554,0.3147791278631719
0.008562075467741442,1.7869747465602046,1436.4196556200338,66.41965562003384,0.04848150045257944
0.00895200249517427,1.789247054476191,1499.928601439617,129.92860143961707,0.09483839521139932
0.009713824488060907,1.7992622115315031,1618.514133844678,248.5141338446781,0.18139717798881613
0.006922743886393389,1.5166468363182837,1368.4045330186586,1.5954669813413602,0.0011645744389352994
0.005469279394633978,1.5881304358298434,1032.43957562548,337.5604243745199,0.2463944703463649
0.006626972269627505,1.778987197223437,1116.7681863648293,253.23181363517074,0.18484073987968666
0.009474916761593476,1.7654236277670274,1608.9671286977662,238.96712869776616,0.17442856109325997
0.008014634061011836,1.6280096293096389,1475.8677110160224,105.86771101602244,0.07727570147154923
0.0061303435616019124,1.5960216541815784,1151.5074121344112,218.4925878655888,0.15948364077780205
0.0062701128180547685,1.723599876378225,1090.58521030519,279.41478969481,0.20395240123708758
0.009649456515894371,1.5014956543485491,1926.635138027887,556.635138027887,0.4063030204583117
0.006347349593231034,1.6522795342998393,1151.6740943876598,218.3259056123402,0.1593619748995184
0.009061990655394231,1.6975564610851517,1600.3688332210313,230.3688332210313,0.16815243300805205
0.005197812823504958,1.798027350995539,866.6526022085733,503.3473977914267,0.36740685970177134
0.006815186661612958,1.6928693513281845,1206.91036163586,163.08963836414,0.11904353165265694
0.005115977118363435,1.617083575764746,948.4552180060352,421.54478199396476,0.3076969211634779
0.005774818259050211,1.6061908337594515,1077.8588222495239,292.1411777504761,0.21324173558428913
0.008339934066840617,1.6479496928522672,1517.1878997887727,147.1878997887727,0.10743642320348373
0.009585953394510738,1.7842210403422507,1610.6729297747568,240.67292977475677,0.1756736713684356
0.008329983428048634,1.663186559351017,1501.4949423162793,131.49494231627932,0.0959817097199119
0.00852190634527544,1.6912045987438267,1510.6411441841797,140.64114418417967,0.10265776947750341
0.005922105375223334,1.5797956531495454,1123.8178326631676,246.18216733683244,0.1796950126546222
0.006246449181186532,1.6608707263187656,1127.5039797652428,242.49602023475722,0.17700439433193957
0.007901075197268936,1.6790231509362163,1410.750502702313,40.75050270231304,0.029744892483440175
0.005327508357396709,1.7505752623170219,912.3554181644006,457.6445818355994,0.33404714002598496
0.006502051451675069,1.7200221331701573,1133.2795951569894,236.72040484301056,0.17278861667373033
0.008607714180036793,1.77402776847756,1454.6152194727194,84.61521947271945,0.061762933921693026
0.008563447217605616,1.6141489380789715,1590.4708851554851,220.47088515548512,0.1609276533981643
0.005150296847040027,1.5428167448141379,1000.7800060465294,369.21999395347063,0.26950364522151143
0.005623217789535914,1.7092160717041749,986.2991057142776,383.70089428572237,0.2800736454640309
0.0071945467951726495,1.6773428028708686,1285.8855472055102,84.11445279448981,0.06139741079889767
0.008778924665196069,1.5180221204261515,1733.739824052841,363.73982405284096,0.26550352120645326
0.0064732464358698855,1.690307280937506,1148.093297671195,221.90670232880507,0.16197569513051466
0.005601499378207827,1.5945457400483611,1053.1446197507416,316.85538024925836,0.2312812994520134
0.009317910877991904,1.618202455841637,1726.2607626468134,356.2607626468134,0.2600443522969441
0.008560363147954258,1.6091278912009532,1594.859130545847,224.85913054584694,0.16413075222324594
0.006782709201712378,1.751124394576935,1161.199666784286,208.8003332157141,0.15240900234723656
0.008537841761848493,1.5546971070017248,1646.3532068544403,276.35320685444026,0.20171766923681772
0.00660166133369995,1.5292433662020835,1294.1879113909015,75.81208860909851,0.055337290955546355
0.005915564946904666,1.7422839383244444,1017.8833179147075,352.1166820852925,0.25701947597466607
0.008760350650934926,1.7781718486168878,1476.9590782963307,106.95907829633074,0.07807231992432902
0.008009825729356983,1.5094617145977571,1590.8222913725701,220.82229137257013,0.16118415428654753
0.008121116817120022,1.7024028139978076,1430.1254393442769,60.125439344276856,0.04388718200312179
0.007442621167168774,1.5565117002004276,1433.488545817577,63.488545817577005,0.046342004246406575
0.007856848566856688,1.7951467961084562,1312.106591560013,57.89340843998707,0.04225796236495406
0.007210360511152831,1.7801654998717416,1214.2756956363803,155.7243043636197,0.11366737544789758
0.00514125864914147,1.5325654569651348,1005.7061906458882,364.2938093541118,0.26590789003949766
0.007312793829989601,1.781503568355469,1230.601204556429,139.3987954435711,0.10175094557924896
0.006302545005256981,1.647217038968149,1147.059199900705,222.94080009929507,0.16273051102138328
0.005707008160718363,1.742600293173549,981.818958157046,388.18104184295396,0.2833438261627401
0.00782726668928281,1.727657301332791,1358.2297359501677,11.770264049832349,0.008591433613016314
0.007691702732461795,1.5245476700038965,1512.5236906263117,142.5236906263117,0.10403189096811072
0.009876068708499759,1.7897371772160033,1654.3048617359602,284.30486173596023,0.2075217968875622
0.007542743038541005,1.7108461120109035,1321.71880317672,48.28119682327997,0.03524174950604377
0.006463006933149816,1.6499163586262349,1174.3387623438625,195.66123765613747,0.14281842164681569
0.008373276735211252,1.5003473833323966,1673.10933577778,303.10933577777996,0.2212476903487445
0.00599068982593781,1.6924070554520634,1061.1889274792484,308.8110725207516,0.2254095419859501
0.0064448574584792286,1.729515116297397,1117.1452858263917,252.85471417360827,0.18456548479825421
0.006525384743316881,1.7804557462342503,1098.7417888550465,271.2582111449535,0.19799869426638944
0.00899525624000086,1.673966242005551,1610.970347465796,240.97034746579607,0.17589076457357378
0.007492529506732425,1.5952544913030007,1408.053605055922,38.053605055921935,0.027776354055417472
0.0057046496091124384,1.6743451134465448,1021.4208018466303,348.5791981533697,0.2544373709148684
0.005052198038830223,1.6238436463912576,932.7319608200465,437.26803917995346,0.3191737512262434
0.009043469643782246,1.7876669799103226,1516.59342809692,146.59342809691998,0.10700250226052553
0.008678212479800195,1.5021006069743572,1732.016243310119,362.0162433101191,0.2642454330730796
0.005196838605843774,1.5883633149737433,980.8669117373518,389.13308826264824,0.28403875055667754
0.0062064745548436676,1.5253573442382782,1219.815323497327,150.18467650267303,0.10962385146180513
0.007962601067325069,1.733386925893553,1377.1465045614398,7.1465045614397695,0.005216426687182313
0.005081570774529538,1.5643569104910098,973.8292986598655,396.17070134013454,0.2891756944088573
0.005123818811209061,1.662002491339414,924.2358202008878,445.7641797991122,0.3253753137219797
0.009205932251118388,1.7124789893374033,1611.6221424778535,241.62214247785346,0.17636652735609742
0.007199023005144981,1.6872778548227638,1279.1093036289894,90.89069637101056,0.06634357399343836
0.005360135290070722,1.773948076971676,905.8484601003922,464.15153989960777,0.33879674445226843
0.009090731028921762,1.69945773479314,1603.6483546376953,233.64835463769532,0.17054624426109147
0.009488781213466805,1.6375687466028006,1737.1270972964053,367.1270972964053,0.267975983428033
0.0053435572327895555,1.7069899384059974,938.469595654197,431.53040434580305,0.3149856966027759
0.006775074020333305,1.6260016021014543,1249.147658318809,120.85234168119109,0.08821338808846065
0.00949435485123521,1.5854448810063568,1795.2916636050595,425.2916636050595,0.310431871244569
0.009843427049449599,1.6097612852316014,1833.1818620383924,463.1818620383924,0.33808895039298714
0.008514999249607734,1.6574069992663063,1540.19655765789,170.19655765789003,0.12423106398386133
0.008048287646238324,1.795655307038053,1343.6966029615003,26.303397038499725,0.019199559882116586
0.008690188040013768,1.60304993240265,1625.1850802259034,255.18508022590345,0.18626648191671785
0.009180955233797708,1.7899440995189897,1537.6911139670924,167.6911139670924,0.12240227296868059
0.008646151255339189,1.7236205305944476,1503.8408344927095,133.84083449270952,0.09769403977570038
0.009786916880780804,1.6142205844360915,1817.6226323838775,447.62263238387754,0.32673184845538505
0.006017167160510897,1.636587395083097,1102.2334271093723,267.7665728906277,0.19545005320483771
0.005404829554371343,1.7328542389019266,935.0625694881278,434.9374305118722,0.3174725770159651
0.006170697361973619,1.5256914141756406,1212.518149169593,157.48185083040698,0.11495025608058904
0.008092796840657241,1.5881697783036133,1527.644896723035,157.6448967230349,0.11506926768104736
0.006660068196590354,1.7725384162088056,1126.4287401871716,243.57125981282843,0.17778924073929084
0.005014509932233119,1.6541663242488724,908.8035684272604,461.1964315727396,0.3366397310749924
0.009004132019181394,1.5792021402313945,1709.3257420429816,339.3257420429816,0.24768302338903764
0.0067381630803861545,1.5676603209104476,1288.5766421010358,81.42335789896424,0.05943310795544835
0.009485940301411661,1.5262913401826455,1863.2179090141167,493.2179090141167,0.3600130722730779
0.009184202391242846,1.6344413480490554,1684.5845297090052,314.5845297090052,0.2296237443131425
0.007854422034001487,1.6906938788301864,1392.7397012710019,22.739701271001877,0.016598322095621808
0.005705541893032175,1.5842136581696946,1079.7018568254693,290.29814317453065,0.2118964548719202
0.006490914151396634,1.6621433813728794,1170.733602119755,199.266397880245,0.14544992546003285
0.008618912930309343,1.547171370899977,1670.0703886230751,300.07038862307513,0.21902948074677017
0.008106069092329787,1.7482640471391957,1390.0293733569465,20.029373356946508,0.0146199805525157
0.009467817597733248,1.6549686187714967,1715.065939816472,345.0659398164721,0.2518729487711475
0.006041941271099498,1.5358904548256636,1179.334384860256,190.66561513974398,0.13917198185382773
0.007905651145652594,1.5228557776847957,1556.3224198741336,186.32241987413363,0.1360017663314844
0.006256545296439918,1.5704129659148456,1194.3769783608423,175.62302163915774,0.12819198659792536
0.009555826759311768,1.7076286116707804,1677.6275431420079,307.6275431420079,0.2245456519284729
0.005271558703800512,1.7101958642859298,924.0892077373335,445.9107922626665,0.3254823301187347
0.007762395571009225,1.7902834352604802,1299.854314890973,70.145685109027,0.05120123000658905
0.009883497105348558,1.5233454692099262,1945.0597062431739,575.0597062431739,0.4197516103964773
0.00904884005722579,1.7127922730722471,1583.831294345262,213.831294345262,0.1560812367483664
0.008621702623457655,1.7108027713785987,1510.8237284117788,140.8237284117788,0.10279104263633489
0.00564959485330323,1.517774982223582,1115.913720816902,254.086279183098,0.18546443735992554
0.008511874079467349,1.6082944504994714,1586.6470543857927,216.64705438579267,0.15813653604802386
0.009428309329287857,1.6940226475335876,1668.5349707259425,298.53497072594246,0.21790873775616237
0.009910941386191113,1.7115343724863834,1736.0010567265424,366.0010567265424,0.2671540560047755
0.009204006519239508,1.5963807512830117,1728.467181550011,358.467181550011,0.26165487704380364
0.005383811737916893,1.7238448430392643,936.2943311497288,433.7056688502712,0.31657348091260673
0.005748122170069322,1.7370213975679007,992.0681902146883,377.93180978531166,0.2758626348797895
0.006062386644802427,1.7541169263870964,1036.1098318200814,333.89016817991865,0.243715451226218
0.008214756214192525,1.7713239968360184,1390.3283429358632,20.328342935863247,0.014838206522527918
0.007241134310427491,1.5208063703404933,1427.4252764638036,57.425276463803584,0.04191626019255736
0.008392012859851668,1.6655081525652322,1510.5673058084915,140.56730580849148,0.10260387285291349
0.008155839506687362,1.6130923289735979,1515.7589735232884,145.75897352328843,0.10639341133086747
0.009307871235905062,1.55757962369635,1791.5165004132527,421.51650041325274,0.3076762776739071
0.005606803410148759,1.5665303500840142,1072.9938144901769,297.0061855098231,0.21679283613855702
0.008440820402581142,1.7420028101673837,1452.6350251887382,82.63502518873815,0.06031753663411544
0.008166776015978178,1.6224474418411161,1509.0398570860498,139.03985708604978,0.10148894677813852
0.007134732475641157,1.7870656135031597,1196.9000857511635,173.0999142488365,0.1263503023714135
0.00664667516112334,1.794866127335869,1110.1792238056078,259.82077619439224,0.18965020160174617
0.006938930752924525,1.6350811828742402,1272.2543248001114,97.74567519988864,0.07134720817510119
0.007107758002745641,1.798298498029126,1184.9268877484067,185.07311225159333,0.13508986295736738
0.007001303267856733,1.779837694420177,1179.2861351652514,190.71386483474862,0.13920720060930555
0.008481775003668124,1.6944095300821251,1500.683353940639,130.6833539406391,0.09538930944572198
0.008490950672175816,1.6056635878454508,1585.340162184305,215.34016218430497,0.15718260013452917
0.00897293840298425,1.7089800787141267,1574.049512231454,204.04951223145395,0.148941249803981
0.00943116850535847,1.5248190188920319,1854.2483750550605,484.2483750550605,0.3534659671934748
0.008299951502104476,1.6553084875262831,1503.2018991307107,133.20189913071067,0.09722766359905888
0.0055260347796458244,1.5246304160760544,1086.6000914813635,283.3999085186365,0.20686124709389525
0.008726054801017116,1.5494646162414978,1688.3285942890445,318.32859428904453,0.2323566381671858
0.007204910602329636,1.631130603058336,1324.2212825219199,45.778717478080125,0.033415122246773815
0.009974671769782477,1.5228490073347194,1963.642720455889,593.642720455889,0.43331585434736425
0.0060676346654041655,1.556100271264731,1168.9677999407406,201.03220005925937,0.14673883216004333
0.008809001724200754,1.5510084044449381,1702.6808312940605,332.68083129406045,0.2428327235723069
0.008443233808160241,1.6755597728655287,1510.6699610531894,140.66996105318935,0.10267880368845939
0.009314672940009474,1.5163198265456042,1841.6093011941778,471.60930119417776,0.34424036583516626
0.0067702395430499825,1.7079428193864512,1188.3692655406776,181.6307344593224,0.1325771784374616
0.006644492046666925,1.5522447001459798,1283.2825923930645,86.71740760693547,0.06329737781528136
0.007490649959480457,1.5061243660342638,1491.0059315242224,121.00593152422243,0.08832549746293608
0.007111108715056004,1.751506381217067,1217.1561483609898,152.84385163901015,0.11156485521095631
0.005684529892878716,1.5755352018903472,1081.6509761990028,288.3490238009972,0.21047374000072788
0.009665940388622684,1.7350981827853076,1670.0934026309367,300.0934026309367,0.21904627929265452
0.005110941144061868,1.5458295448384451,991.1970005928255,378.8029994071745,0.2764985397132661
0.006765424441595753,1.532732130345731,1323.2731164197435,46.726883580256526,0.03410721429215805
0.00976584458950948,1.7704440719085754,1653.6679132591282,283.6679132591282,0.2070568709920644
0.0074374746457825415,1.555275266034442,1433.6361247851607,63.636124785160746,0.04644972612055529
0.0077061454240372005,1.5211492991278839,1518.7491981898754,148.74919818987541,0.10857605707290176
0.005723047931045031,1.539094418408441,1114.7637116857436,255.2362883142564,0.18630386008339883
0.0058377721411488614,1.6421066369930872,1065.777349663259,304.222650336741,0.22206032871294965
0.008101468065146394,1.5346442454998883,1582.6202273137303,212.6202273137303,0.15519724621440167
0.006589700492623879,1.6327178107379754,1209.9717998878166,160.0282001121834,0.11680890519137475
0.0074165229222087105,1.5494804549683718,1434.9439707567506,64.94397075675056,0.04740435821660625
0.008893696158001462,1.6331527901403107,1632.586398534913,262.5863985349131,0.19166890404008255
0.008431411070959658,1.798030062971244,1405.801549944292,35.80154994429199,0.026132518207512404
0.007725404789862481,1.5119986519074542,1531.759362401604,161.759362401604,0.11807252730044088
0.007586694287612373,1.729342702925828,1315.2012754498107,54.79872455018926,0.03999906901473669
0.0068832417700861945,1.7333081907566905,1190.5234050509812,179.47659494901882,0.13100481383140059
0.006064566830967368,1.5270204993177394,1190.626712459522,179.37328754047803,0.13092940696385258
0.00550135488255142,1.6763522356238902,983.8413834050708,386.1586165949292,0.28186760335396294
0.008105127566886238,1.6755391120349374,1450.1936112546673,80.1936112546673,0.058535482667640366
0.007712289837258121,1.5174934334584569,1523.621965105082,153.62196510508193,0.11213282124458535
0.008990122701864969,1.7190984773096787,1567.781612331794,197.7816123317939,0.14436614038817072
0.005426535438384994,1.78754242396703,910.0955455295817,459.9044544704183,0.3356966820951958
0.007518078755936568,1.7859119962834102,1262.0237247805212,107.9762752194788,0.07881479943027649
0.005023463349102254,1.6738863072044454,899.700546338442,470.299453661558,0.34328427274566276
0.008086805020597533,1.6478447998120793,1471.2327002932254,101.23270029322543,0.07389248196585799
0.007913745272321403,1.7865696957389323,1327.9533134551714,42.04668654482862,0.030691012076517237
0.009683105505425017,1.6841441374705433,1723.6778824077771,353.67788240777713,0.25815903825385195
0.006135373198800878,1.596372453057198,1152.1989172973622,217.8010827026378,0.15897889248367725
0.006615414672750437,1.5431209378857917,1285.2209938582935,84.77900614170653,0.06188248623482229
0.007978926387374232,1.5649706427346435,1528.4772049730857,158.4772049730857,0.11567679195115743
0.009427256258082509,1.6406186738888993,1722.6552219518535,352.6552219518535,0.2574125707677763
0.009262075936240411,1.5658493937725118,1773.2870876032448,403.2870876032448,0.294370136936675
0.00943275772869924,1.723058225053975,1641.1921455043453,271.19214550434526,0.19795047117105494
0.006136470663483197,1.7504849579760295,1050.9474047566823,319.0525952433177,0.2328851060170202
0.007010985618691276,1.555215758773429,1351.478468355923,18.52153164407696,0.013519366163559823
0.009871823074237403,1.568694228127622,1886.5997281695713,516.5997281695713,0.3770800935544316
0.00636590488993583,1.584967257098632,1204.0944478825404,165.9055521174596,0.12109894315143035
0.007916152689894892,1.6638733562036063,1426.3122033648906,56.31220336489059,0.041103798076562476
0.00767771136586998,1.7945035196610124,1282.6500126472313,87.34998735276872,0.06375911485603557
0.0072302786987153735,1.7065219483392922,1270.175883305992,99.8241166940079,0.07286431875475029
0.005652027713171919,1.5765784092130048,1074.7548430919812,295.24515690801877,0.21550741380147356
0.005985870209871003,1.6761975217573786,1070.5890685274212,299.4109314725788,0.21854812516246627
0.007459212683764324,1.500376922581488,1490.4359508295693,120.43595082956926,0.08790945316026953
0.007935530920960276,1.7957593412250323,1324.7946234860003,45.20537651399968,0.032996625192700496
0.005838576661320573,1.7192182596523218,1018.1146219751669,351.88537802483313,0.2568506408940388
0.0072555412507745755,1.7295876101855219,1257.6157072822632,112.3842927177368,0.08203233045090277
0.00608898685115461,1.7566609978850587,1039.148894997418,330.851105002582,0.24149715693619125
0.007271124890110184,1.7769471420225276,1226.726643511761,143.27335648823896,0.10457909232718172
0.0062566533226524656,1.6578412185016196,1131.409605165404,238.59039483459605,0.17415357287196792
0.009152828677686698,1.633862112064265,1679.4250791884797,309.4250791884797,0.22585772203538662
0.006762164817174104,1.6739849615285431,1211.0300023786556,158.96999762134442,0.11603649461412001
0.008056511801123822,1.6317557505954843,1480.173411298534,110.17341129853389,0.08041854839309043
0.008021515125014027,1.681202029081493,1430.399020827951,60.39902082795106,0.0440868765167526
0.0070560146921531345,1.6566193315969762,1276.9016682942604,93.09833170573961,0.06795498664652526
0.009072201828672913,1.763796701293643,1542.0017985605411,172.00179856054115,0.1255487580733877
0.0080328077460701,1.5257826353876298,1578.3212647612747,208.32126476127473,0.15205931734399616
0.009627104042496979,1.567554223363572,1841.1696012205555,471.1696012205555,0.34391941694931055
0.005471980793688737,1.7343162745672083,945.8820149041773,424.11798509582275,0.3095751716027903
0.009360006089318213,1.5194646428133134,1846.7420388382388,476.74203883823884,0.34798688966294805
0.007822755467538472,1.5040616516041412,1559.2466488624623,189.24664886246228,0.1381362400455929
0.008519059193910768,1.7694666696155497,1443.3443361467225,73.34433614672253,0.05353601178592885
0.0075992509017341805,1.7492975614294652,1302.350244476384,67.64975552361602,0.049379383593880305
0.006901973114958062,1.602488244948109,1291.2166386906608,78.78336130933917,0.05750610314550304
0.009535429349631771,1.508702418012774,1894.7737928178,524.7737928178001,0.383046564100584
0.0069491575697470205,1.5099288874941859,1379.7371824054114,9.737182405411431,0.007107432412709074
0.005179427335159949,1.7442929078004328,890.1906582868728,479.8093417131272,0.3502257968708958
0.009763846185396129,1.5426544085611453,1897.4615644368466,527.4615644368466,0.38500844119477856
0.006872440897237614,1.637618956547592,1258.1107105563194,111.88928944368058,0.08167101419246758
0.005009746919838355,1.6633447497235612,902.9302814740446,467.0697185259554,0.34092680184376306
0.008621859634404348,1.7489557633882755,1477.8924352675187,107.89243526751875,0.07875360238505018
0.0057591117203530245,1.7033141489901598,1013.634660150537,356.365339849463,0.26012068602150584
0.006950827130161994,1.664201265033514,1252.1355404944882,117.86445950551183,0.08603245219380426
0.0062722323878059314,1.6228412373352008,1158.68879926617,211.31120073383,0.15424175236045984
0.0073550397771843,1.742539400974825,1265.386281800184,104.61371819981605,0.07636037824804091
0.005183195316025263,1.5036575920236361,1033.4020672845274,336.59793271547255,0.24569192169012596
0.00834825261041338,1.6248149236636966,1540.325075570736,170.3250755707361,0.12432487267936941
0.008083425040593527,1.7141984076121533,1413.6927506273703,43.69275062737029,0.0318925187061097
0.009718394270449578,1.6448906147511617,1771.24319393843,401.24319393843007,0.2928782437506789
0.008512067667128566,1.6330953884931134,1562.5870396618043,192.58703966180428,0.14057448150496663
0.007011972919008777,1.7437529968285028,1205.5242919395082,164.4757080604918,0.1200552613580232
0.006747902903566253,1.783007334639187,1134.5833292462794,235.4166707537206,0.1718369859516209
0.0073861210837317115,1.786948428669171,1239.1534972425895,130.84650275741046,0.0955083961732923
0.0076926472531725805,1.5769599666392828,1462.4325774549486,92.43257745494861,0.06746903463864862
0.008900256459064209,1.7245825179631533,1547.1743061877912,177.17430618779122,0.129324311085979
0.008250102573654414,1.7419724106214227,1419.8379458981576,49.837945898157614,0.03637806269938512
0.00725138545047149,1.706795946323211,1273.6793011404409,96.32069885955912,0.0703070794595322
0.007481159007291802,1.7080767068745213,1313.05288483722,56.94711516277994,0.04156723734509484
0.006439235271964094,1.6450481423120853,1173.48186972159,196.5181302784099,0.1434438907141678
0.005383890626907703,1.768389844994375,912.7228417492724,457.27715825072755,0.33377894762826826
0.009856112457640075,1.7008343442893732,1737.2580639150258,367.2580639150258,0.2680715795000188
0.00718300534181937,1.721908917628493,1250.5950838659655,119.40491613403447,0.0871568730905361
0.00725396701990176,1.6079975411984408,1352.417865966692,17.582134033307966,0.012833674476867129
0.009865975709488647,1.5646178135247768,1890.394627332458,520.394627332458,0.37985009294339994
0.006419632127334046,1.7061120712543565,1128.0368548675012,241.96314513249877,0.17661543440328378
0.006720647532077538,1.7308030699098427,1164.0835852562416,205.91641474375842,0.15030395236770688
0.005243464745283731,1.5706788993952532,1000.8100223605157,369.18997763948425,0.2694817355032732
0.005151981207617971,1.7141647584439825,901.036555671363,468.963444328637,0.34230908345155986
0.006869154255520903,1.6677969267298138,1234.7550266096546,135.24497339034542,0.09871895867908424
0.009165296690426228,1.6592710662285874,1655.9601857986065,285.9601857986065,0.2087300626267201
0.008561783973408694,1.547648329683258,1658.4893434922078,288.4893434922078,0.2105761631329984
0.008524485871519008,1.733581107145422,1474.1603736193579,104.16037361935787,0.07602946979515172
0.005766609315889395,1.613873730525732,1071.202751762379,298.79724823762103,0.21810018119534383
0.009493050701429574,1.5383767845301146,1849.9661671438105,479.9661671438105,0.35034026798818285
0.007095369729788583,1.6347511240754848,1301.2001034194695,68.79989658053046,0.05021890261352588
0.009956424564062302,1.534828894576243,1944.751628992441,574.751628992441,0.4195267364908329
0.006114585683372229,1.5852520978133626,1156.350257601481,213.64974239851904,0.15594871707921099
0.0085743240299276,1.7149979380621292,1498.8459283659724,128.84592836597244,0.0940481228948704
0.005694275682228996,1.7733531360941581,962.640135548511,407.359864451489,0.29734296675291166
0.006197767573607784,1.6504332182106511,1125.7916736667526,244.20832633324744,0.17825425279799084
0.00922778934878448,1.690260124637995,1636.6839697947714,266.68396979477143,0.19465983196698644
0.009941262103341508,1.5776666356485243,1889.0653666881253,519.0653666881253,0.37887982969936157
0.008551250086532094,1.6263521320078653,1576.2885736492956,206.28857364929559,0.1505756012038654
0.007348157590637653,1.7335620058800711,1270.7490233383778,99.25097666162219,0.07244596836614758
0.00909158619145461,1.7521346781208764,1555.5818884757,185.5818884757,0.1354612324640146
0.007981419156571426,1.5159618060459061,1578.3836094907374,208.3836094907374,0.15210482444579373
0.008208949179632111,1.5894795301033209,1548.2936430134605,178.2936430134605,0.13014134526529963
0.006775532278607147,1.6802554978865387,1208.895598685397,161.1044013146029,0.1175944535143087
0.007272015783326558,1.7704602810672907,1231.372151983004,138.62784801699604,0.10118821023138397
0.0067635501784834625,1.794513011528451,1129.9228926107724,240.07710738922765,0.17523876451768441
0.007407368371806168,1.7510063330118601,1268.226807424224,101.77319257577597,0.07428700188012845
0.00760587424125934,1.5518288101818911,1469.3526238623965,99.35262386239651,0.07252016340320913
0.009043448008228407,1.5759933859922288,1720.2848256086315,350.28482560863154,0.2556823544588551
0.00954586373805099,1.790592863951016,1598.229285605855,228.229285605855,0.16659071942033213
0.006698468395308377,1.7749589021508496,1131.378480161647,238.62151983835292,0.17417629185281236
0.005558895543800131,1.5386538829751075,1083.0993099102645,286.90069008973546,0.20941656210929596
0.007278444397839632,1.6897178419910441,1291.353314866778,78.64668513322204,0.05740633951330076
0.007952353348867083,1.713784670903536,1391.1056609489222,21.10566094892215,0.015405591933519817
0.006266583639827222,1.7704736677741675,1061.1140661630125,308.88593383698753,0.22546418528247264
0.009488935696427782,1.6392570365702277,1735.3662621378387,365.3662621378387,0.2666907022903932
0.009085838032954919,1.5031244547221285,1812.1358536429248,442.13585364292476,0.32272690046928815
0.005998075163190624,1.688578217679628,1064.9063677444844,305.09363225551556,0.2226960819383325
0.007372145953332148,1.7063471069472187,1295.231050637906,74.76894936209396,0.05457587544678391
0.005120225543166691,1.637078569223065,937.6489497561622,432.3510502438378,0.3155847082071809
0.009391696640930793,1.7337081362458426,1624.0102713434658,254.01027134346577,0.18540895718501152
0.00507069683432979,1.6652205299427358,912.8860955064143,457.11390449358566,0.33365978430188736
0.007993952598013358,1.54620144224596,1549.944679273353,179.9446792733529,0.13134648122142548
0.006986678157763401,1.740288659666161,1203.5666649535021,166.43333504649786,0.1214841861653269
0.005825855265963423,1.7349987848226722,1006.6563074359307,363.34369256406933,0.26521437413435717
0.007323564370280654,1.6705806834830454,1314.2432362560844,55.7567637439156,0.040698367696288755
0.00684285356630807,1.5999563741046525,1282.1823917077497,87.81760829225027,0.0641004440089418
0.007715901632169415,1.5748241693675835,1468.8427832062046,98.84278320620456,0.07214801693883545
0.0064805232057309325,1.7365970604186105,1118.7465562701095,251.25344372989048,0.18339667425539452
0.009601825846198586,1.5036542325481876,1914.3729385456008,544.3729385456008,0.39735250988729987
0.005453266081631165,1.6751738995066328,975.9273608678634,394.0726391321366,0.2876442621402457
0.009216033870617403,1.73058944898922,1596.5065825966767,226.5065825966767,0.16533327196837716
0.009380162267224467,1.797262686988685,1564.6582566301172,194.6582566301172,0.14208631870811475
0.007806914374865772,1.6342151049202216,1432.1578859417032,62.15788594170317,0.04537071966547677
0.005110664024603087,1.5128103159440374,1012.7763631700469,357.2236368299531,0.260747180167849
0.0064828092573148925,1.7035047749476937,1140.8816403554026,229.11835964459738,0.1672396785726988
0.0061167783001967535,1.6004232744382645,1145.7993837915676,224.2006162084324,0.16365008482367327
0.009158028101249892,1.7921312600179673,1531.9791670166237,161.9791670166237,0.11823296862527277
0.00605791928379369,1.571847332181949,1155.4038838702468,214.59611612975323,0.1566395008246374
0.005835334273610813,1.7791418909902865,983.2769460358803,386.7230539641197,0.282279601433664
0.007882237318457915,1.616574977677765,1461.7542228906475,91.7542228906475,0.0669738853216405
0.00711497727500486,1.567638078126411,1360.6562354221194,9.34376457788062,0.006820266115241329
0.0054775666177085975,1.7415822476622964,942.8972776828778,427.10272231712224,0.3117538119103082
0.006401080375221905,1.638783305360416,1170.988020970408,199.0119790295921,0.14526421826977526
0.009660793055742276,1.6112673348763238,1797.4875017450872,427.48750174508723,0.312034672806633
0.006688940164280016,1.7642843788394411,1136.6046411313387,233.39535886866133,0.17036157581654113
0.007143971174724659,1.5068007715031426,1421.361548823302,51.36154882330197,0.03749018162284815
0.005161605716518576,1.546534261220582,1000.5665595540585,369.4334404459415,0.2696594455809792
0.007362708543743397,1.6020119170405263,1377.8202698666912,7.820269866691206,0.005708226180066573
0.009012081378620737,1.7977940762304863,1502.8161811822329,132.81618118223287,0.09694611765126486
0.008536057780400837,1.6388587271732293,1561.4803772808032,191.48037728080317,0.1397666987451118
0.009157915292926803,1.7848878013447294,1538.1773205878176,168.17732058781758,0.12275716831227561
0.006137070860808101,1.5456021984647967,1190.3758678069332,179.62413219306677,0.1311125052504137
0.005931657088435852,1.5836243022584329,1122.9090485788156,247.0909514211844,0.18035835870159445
0.008880507012106624,1.7739686301410544,1500.7644330407304,130.7644330407304,0.09544849127060615
0.0092025963180228,1.5044350527480124,1833.8239095947902,463.82390959479017,0.33855759824437237
0.006390172619535218,1.5443111954467437,1240.5048686450623,129.4951313549377,0.09452199368973556
0.005916902512401408,1.5518329328313323,1143.062961489548,226.9370385104521,0.1656474733652935
0.006237739775826811,1.7597269014763182,1062.6804296681685,307.3195703318315,0.22432085425681134
0.005083498058366901,1.7758771895369243,858.1642847461968,511.8357152538032,0.37360271186408994
0.006040954938784325,1.7298167991517674,1046.9505965333726,323.0494034666274,0.23580248428220976
0.006366626855001423,1.6980931171566442,1124.005918606887,245.994081393113,0.17955772364460804
0.005769574915328609,1.5179320646435126,1139.4943724887457,230.50562751125426,0.16825228285493013
0.00999150739046864,1.6817519195646593,1781.1060744851995,411.10607448519954,0.30007742663153253
0.00653713833431555,1.781314384512158,1100.1902789142991,269.80972108570086,0.1969414022523364
0.00908109387310133,1.630642647514538,1669.5524661368308,299.55246613683084,0.2186514351363729
0.008442480298297396,1.5373393895301677,1646.3455873700443,276.3455873700443,0.2017121075693754
0.00959729631905696,1.6485494825371416,1745.2900771994964,375.2900771994964,0.2739343629193404
0.007309326066146928,1.5117293000021752,1449.5193204831744,79.5193204831744,0.058043299622755035
0.006653079693372681,1.6680550904692992,1195.729760930694,174.27023906930594,0.12720455406518683
0.008188659129759617,1.5773037351837562,1556.389041295702,186.3890412957021,0.1360503951063519
