scenario_id,storage_coefficient,relief_scale,base_cooling,canopy_gain,heat_load_mean,heat_load_std,noise_std,theta,beta,logistic_r2,delta_aic_linear,delta_aic_power_law,safe_fraction_low_R,safe_fraction_theta,safe_fraction_high_R
asphalt_canyon,1.0,0.26,0.9,3.1,1.58,0.2,0.45,0.3367774928047232,16.2854975094349,0.989882099768976,20.597881159702283,27.876905019036002,0.007291666666666667,0.5864583333333333,0.9822916666666667
dense_midrise,0.85,0.34,1.02,2.6,1.46,0.18,0.48,0.3100513358582073,12.357788364289387,0.9948512179061696,23.8228205879507,26.919583350339735,0.03125,0.5239583333333333,0.9666666666666667
mixed_residential,0.68,0.38,1.08,2.3,1.28,0.15,0.5,0.24409999849395012,10.484407852620953,0.9975282475293329,54.00581801874037,41.58361495863987,0.14166666666666666,0.4708333333333333,0.9833333333333333
garden_courtyard,0.55,0.4,1.14,2.1,1.22,0.14,0.52,0.19444668858017253,9.059388133545173,0.9978541227726775,62.21140005429112,40.2086023188006,0.24479166666666666,0.4739583333333333,0.9791666666666666
waterfront_breeze,0.44,0.45,1.18,1.9,1.16,0.15,0.55,0.14756776230593752,7.546101699113788,0.9948613155595846,45.53066821643384,17.411543510187897,0.3541666666666667,0.5322916666666667,0.9708333333333333
