{
  "theta_estimate": {
    "value": 1.0,
    "ci95": [
      0.9999999999999998,
      1.0000000000000002
    ]
  },
  "beta_estimate": {
    "value": 9.0,
    "ci95": [
      8.999999999999996,
      9.000000000000004
    ]
  },
  "logistic_model": {
    "r2": 1.0,
    "aic": -Infinity,
    "ss_res": 0.0,
    "residual_mean": 0.0,
    "residual_std": 0.0
  },
  "null_models": {
    "linear": {
      "r2": 0.9548496102521057,
      "aic": -2176.8382385130367,
      "ss_res": 0.8587948622741406,
      "slope": 0.8977149403116278,
      "intercept": -0.40253127946347256
    },
    "power_law": {
      "model": "sigma = A * R^k",
      "amplitude": 0.21665204623491313,
      "exponent": 3.52136825964157,
      "r2": 0.8451017517568095,
      "aic": -1731.8084395222786,
      "ss_res": 2.946282867308368
    }
  },
  "falsification": {
    "logistic_beats_all_nulls": true,
    "comparisons": {
      "linear": {
        "delta_aic": Infinity,
        "delta_r2": 0.045150389747894315
      },
      "power_law": {
        "delta_aic": Infinity,
        "delta_r2": 0.15489824824319054
      }
    }
  },
  "membrane": {
    "theta": 1.0,
    "beta": 9.0,
    "zeta_mean": 1.3054242359195933,
    "flux_mean": 0.07569158696269897,
    "flux_std": 0.19264671360622798,
    "boundary_flux_mean": -0.2785852281308795,
    "boundary_flux_std": 0.07668005889377626,
    "boundary_flux_peak": 0.001242210465670802,
    "boundary_flux_valley": -0.3082104631260707,
    "boundary_gate_mean": 0.8817802948994916,
    "boundary_gate_peak": 0.9462665042944909,
    "boundary_gate_valley": 0.016626356107881622
  },
  "threshold_crossing": {
    "crossed": true,
    "threshold_R": 1.0,
    "crossing_index": 26,
    "crossing_time": 1.2623643637393092,
    "crossing_R": 1.0,
    "crossing_sigma": 0.5,
    "overshoot": 0.018002687567566733,
    "zeta_at_crossing": 0.9999971570696671,
    "driver_at_crossing": 1.08,
    "boundary_flux_at_crossing": -0.0973293191266358,
    "boundary_gate_at_crossing": 0.4999964463370839,
    "interpolated": true
  },
  "logistic_fit": {
    "sigma_hat": [
      0.000746028833836697,
      0.001148175584004603,
      0.0017428163547615646,
      0.002609179635607407,
      0.003852502296935133,
      0.005609231352089435,
      0.008051534711297145,
      0.011390046068080422,
      0.01587352952973914,
      0.021784166851746358,
      0.02942763087909834,
      0.0391181141552282,
      0.0511599084125025,
      0.06582854859927753,
      0.0833553028828403,
      0.10391836635677666,
      0.12764242760939315,
      0.1546058518889117,
      0.1848524262962492,
      0.21840314486596343,
      0.2552630690851369,
      0.2954186106104022,
      0.33882127115266797,
      0.38535488865760636,
      0.43478535023594156,
      0.4866957668708393,
      0.5404176658561218,
      0.5949799632624202,
      0.6491085289558284,
      0.7013102071715792,
      0.7500536988769585,
      0.7940138092519321,
      0.8322984668863551,
      0.864569628655486,
      0.8910171813207706,
      0.9122168616879174,
      0.9289459380909051,
      0.9420232146936524,
      0.9522046557383578,
      0.9601337464641102,
      0.9663304270727088,
      0.9712011240295595,
      0.9750572008454339,
      0.978134570390597,
      0.9806111406212559,
      0.9826210411498902,
      0.9842656789617428,
      0.9856220956785121,
      0.9867491880554696,
      0.9876923022782008,
      0.9884866180648636,
      0.9891596430815448,
      0.9897330570499534,
      0.9902240812491447,
      0.990646501195379,
      0.9910114350687025,
      0.9913279149112851,
      0.9916033292166708,
      0.9918437622983308,
      0.9920542563114428,
      0.9922390149439996,
      0.9924015628325391,
      0.992544871153019,
      0.9926714572045763,
      0.9927834638704371,
      0.9928827234121833,
      0.9929708089926187,
      0.9930490765296105,
      0.9931186988872607,
      0.9931806939601049,
      0.9932359478633667,
      0.9932852341802356,
      0.9933292300156742,
      0.9933685294505148,
      0.9934036548686166,
      0.9934350665353637,
      0.9934631707316506,
      0.9934883266890373,
      0.9935108525254681,
      0.9935310303441007,
      0.9935491106283564,
      0.993565316042671,
      0.9935798447293833,
      0.9935928731767831,
      0.9936045587208091,
      0.9936150417326732,
      0.9936244475363019,
      0.9936328880926112,
      0.9936404634819284,
      0.9936472632111714,
      0.9936533673684667,
      0.9936588476446087,
      0.9936637682380203,
      0.9936681866575561,
      0.9936721544355366,
      0.9936757177617542,
      0.9936789180477668,
      0.9936817924296097,
      0.9936843742160144,
      0.9936866932883436,
      0.9936887764576873,
      0.9936906477839083,
      0.9936923288608477,
      0.9936938390714151,
      0.9936951958158418,
      0.9936964147160117,
      0.9936975097984402,
      0.9936984936581923,
      0.9936993776057667,
      0.9937001717987561,
      0.9937008853598868,
      0.9937015264828747,
      0.9937021025273706,
      0.9937026201041371,
      0.9937030851514759,
      0.9937035030038095,
      0.9937038784532368,
      0.9937042158047849,
      0.9937045189260097,
      0.993704791291528,
      0.9937050360230001,
      0.9937052559250339,
      0.9937054535174268,
      0.9937056310641201,
      0.9937057905992054,
      0.9937059339502803,
      0.9937060627594291,
      0.9937061785020666,
      0.9937062825038668,
      0.993706375955968,
      0.9937064599286347,
      0.9937065353835284,
      0.9937066031847329,
      0.9937066641086595,
      0.9937067188529453,
      0.9937067680444477,
      0.9937068122464278,
      0.9937068519650044,
      0.993706887654952,
      0.9937069197249101,
      0.9937069485420651,
      0.9937069744363556,
      0.9937069977042514,
      0.9937070186121494,
      0.9937070373994237,
      0.9937070542811681,
      0.9937070694506579,
      0.9937070830815646,
      0.9937070953299434,
      0.9937071063360204,
      0.9937071162257993,
      0.9937071251125025,
      0.9937071330978685,
      0.9937071402733171,
      0.9937071467209947,
      0.9937071525147164,
      0.99370715772081,
      0.9937071623988764,
      0.9937071666024705,
      0.9937071703797162,
      0.993707173773856,
      0.9937071768237464,
      0.9937071795643028,
      0.9937071820268992,
      0.9937071842397284,
      0.9937071862281223,
      0.9937071880148445,
      0.9937071896203492,
      0.9937071910630166,
      0.9937071923593623,
      0.9937071935242271,
      0.9937071945709461,
      0.9937071955115022,
      0.9937071963566633,
      0.9937071971161044,
      0.9937071977985197,
      0.9937071984117215,
      0.9937071989627299,
      0.9937071994578526,
      0.9937071999027577,
      0.9937072003025387,
      0.9937072006617721,
      0.9937072009845707,
      0.9937072012746296,
      0.9937072015352695,
      0.9937072017694742,
      0.9937072019799248,
      0.9937072021690307,
      0.9937072023389568,
      0.993707202491648,
      0.9937072026288527,
      0.9937072027521417,
      0.993707202862926,
      0.9937072029624743,
      0.9937072030519258,
      0.9937072031323048,
      0.9937072032045314,
      0.9937072032694325,
      0.9937072033277512,
      0.9937072033801547,
      0.9937072034272434,
      0.9937072034695562,
      0.9937072035075772,
      0.9937072035417421,
      0.9937072035724419,
      0.9937072036000282,
      0.9937072036248162,
      0.9937072036470903,
      0.9937072036671051,
      0.99370720368509,
      0.993707203701251,
      0.9937072037157727,
      0.9937072037288215,
      0.993707203740547,
      0.993707203751083,
      0.9937072037605507,
      0.9937072037690579,
      0.9937072037767023,
      0.9937072037835715,
      0.9937072037897439,
      0.9937072037952902,
      0.9937072038002742,
      0.9937072038047525,
      0.9937072038087766,
      0.9937072038123926,
      0.993707203815642,
