{
  "theta_estimate": {
    "value": 0.6214703985864286,
    "ci95": [
      0.617767971171555,
      0.6251728260013022
    ]
  },
  "beta_estimate": {
    "value": 14.019150893618612,
    "ci95": [
      13.685269700463397,
      14.353032086773826
    ]
  },
  "logistic_model": {
    "r2": 0.9991130264188406,
    "aic": -152.29649539122587,
    "ss_res": 0.0017281597766332659,
    "residual_mean": 0.002103496938671036,
    "residual_std": 0.009860616516121962
  },
  "null_models": {
    "linear": {
      "r2": 0.9677014652730843,
      "aic": -91.18214230392765,
      "ss_res": 0.06292975320221718,
      "slope": 2.182446429102149,
      "intercept": -0.8465947692216247
    },
    "power_law": {
      "model": "sigma = A * R^k",
      "amplitude": 3.3605961331133956,
      "exponent": 4.590352918493326,
      "r2": 0.9432510159371694,
      "aic": -81.60067218214068,
      "ss_res": 0.11056846980041046
    }
  },
  "falsification": {
    "logistic_beats_all_nulls": true,
    "comparisons": {
      "linear": {
        "delta_aic": 61.11435308729823,
        "delta_r2": 0.03141156114575627
      },
      "power_law": {
        "delta_aic": 70.69582320908519,
        "delta_r2": 0.055862010481671165
      }
    }
  },
  "membrane": {
    "theta": 0.6214703985864286,
    "beta": 14.019150893618612,
    "zeta_mean": 1.5343220981632029,
    "flux_mean": 0.002103496938671036,
    "flux_std": 0.009860616516121962
  },
  "logistic_fit": {
    "sigma_hat": [
      0.02175781048826334,
      0.03276090124199647,
      0.04290858707967859,
      0.06390900526417495,
      0.09417615116384812,
      0.15408534366945142,
      0.24192660535814428,
      0.3586151691976612,
      0.4253138356246678,
      0.4948467475638393,
      0.564579574432379,
      0.6318478449763787,
      0.7504321337720544,
      0.840463979804257,
      0.9022475268682855,
      0.9417621049198585,
      0.9659072306176539
    ],
    "residuals": [
      -0.0015578104882633392,
      -0.0017609012419964737,
      -0.0006085870796785908,
      0.011990994735825045,
      0.0001238488361518797,
      -0.019485343669451427,
      0.00907339464185572,
      0.0008848308023388096,
      0.0018861643753322332,
      0.0068532524361607505,
      0.008420425567620904,
      0.022052155023621345,
      0.013367866227945613,
      0.004136020195742995,
      -0.009547526868285416,
      -0.014262104919858465,
      0.004192769382346029
    ]
  },
  "dataset": {
    "path": "data/socio_ecology/amazon_resilience.csv",
    "control_parameter": "remaining rainforest canopy fraction",
    "order_parameter": "probability of convective moisture retention",
    "measurements": [
      {
        "R": 0.35,
        "sigma": 0.0202,
        "logistic_fit": 0.02175781048826334
      },
      {
        "R": 0.38,
        "sigma": 0.031,
        "logistic_fit": 0.03276090124199647
      },
      {
        "R": 0.4,
        "sigma": 0.0423,
        "logistic_fit": 0.04290858707967859
      },
      {
        "R": 0.43,
        "sigma": 0.0759,
        "logistic_fit": 0.06390900526417495
      },
      {
        "R": 0.46,
        "sigma": 0.0943,
        "logistic_fit": 0.09417615116384812
      },
      {
        "R": 0.5,
        "sigma": 0.1346,
        "logistic_fit": 0.15408534366945142
      },
      {
        "R": 0.54,
        "sigma": 0.251,
        "logistic_fit": 0.24192660535814428
      },
      {
        "R": 0.58,
        "sigma": 0.3595,
        "logistic_fit": 0.3586151691976612
      },
      {
        "R": 0.6,
        "sigma": 0.4272,
        "logistic_fit": 0.4253138356246678
      },
      {
        "R": 0.62,
        "sigma": 0.5017,
        "logistic_fit": 0.4948467475638393
      },
      {
        "R": 0.64,
        "sigma": 0.573,
        "logistic_fit": 0.564579574432379
      },
      {
        "R": 0.66,
        "sigma": 0.6539,
        "logistic_fit": 0.6318478449763787
      },
      {
        "R": 0.7,
        "sigma": 0.7638,
        "logistic_fit": 0.7504321337720544
      },
      {
        "R": 0.74,
        "sigma": 0.8446,
        "logistic_fit": 0.840463979804257
      },
      {
        "R": 0.78,
        "sigma": 0.8927,
        "logistic_fit": 0.9022475268682855
      },
      {
        "R": 0.82,
        "sigma": 0.9275,
        "logistic_fit": 0.9417621049198585
      },
      {
        "R": 0.86,
        "sigma": 0.9701,
        "logistic_fit": 0.9659072306176539
      }
    ]
  },
  "impedance": {
    "definition": "zeta(R) = 1.8 - 0.6 * sigma(beta(R-Theta))",
    "mean": 1.5343220981632029,
    "std": 0.20275397681056073,
    "samples": [
      {
        "R": 0.35,
        "sigma": 0.02175781048826334,
        "zeta": 1.7869453137070421
      },
      {
        "R": 0.38,
        "sigma": 0.03276090124199647,
        "zeta": 1.7803434592548022
      },
      {
        "R": 0.4,
        "sigma": 0.04290858707967859,
        "zeta": 1.7742548477521929
      },
      {
        "R": 0.43,
        "sigma": 0.06390900526417495,
        "zeta": 1.7616545968414952
      },
      {
        "R": 0.46,
        "sigma": 0.09417615116384812,
        "zeta": 1.7434943093016912
      },
      {
        "R": 0.5,
        "sigma": 0.15408534366945142,
        "zeta": 1.7075487937983291
      },
      {
        "R": 0.54,
        "sigma": 0.24192660535814428,
        "zeta": 1.6548440367851134
      },
      {
        "R": 0.58,
        "sigma": 0.3586151691976612,
        "zeta": 1.5848308984814032
      },
      {
        "R": 0.6,
        "sigma": 0.4253138356246678,
        "zeta": 1.5448116986251994
      },
      {
        "R": 0.62,
        "sigma": 0.4948467475638393,
        "zeta": 1.5030919514616965
      },
      {
        "R": 0.64,
        "sigma": 0.564579574432379,
        "zeta": 1.4612522553405727
      },
      {
        "R": 0.66,
        "sigma": 0.6318478449763787,
        "zeta": 1.4208912930141728
      },
      {
        "R": 0.7,
        "sigma": 0.7504321337720544,
        "zeta": 1.3497407197367675
      },
      {
        "R": 0.74,
        "sigma": 0.840463979804257,
        "zeta": 1.295721612117446
      },
      {
        "R": 0.78,
        "sigma": 0.9022475268682855,
        "zeta": 1.2586514838790288
      },
      {
        "R": 0.82,
        "sigma": 0.9417621049198585,
        "zeta": 1.234942737048085
      },
      {
        "R": 0.86,
        "sigma": 0.9659072306176539,
        "zeta": 1.2204556616294076
      }
    ]
  },
  "tri_layer": {
    "formal": "Logistic regression on logit domain with dual smooth null comparisons (linear, power-law).",
    "empirical": "Socio-ecological tipping dataset calibrated from climate-forest syntheses; JSON export for RepoPlan cross-links.",
    "metaphorical": "Frames stewardship as slackening the membrane so rainforest dawn choruses can rekindle moisture."
  },
  "ethics": {
    "notes": "Synthesised from public climate assessments; emphasises Indigenous guardianship and equitable restoration policies.",
    "references": [
      "Lovejoy & Nobre tipping point communiqu\u00e9s",
      "RepoPlan 2.0 socio-ecological membrane brief"
    ]
  }
}