variable,coefficient,std_error,t_statistic,p_value,ci_lower,ci_upper,significant
const,-2.4561559562757314,6.134511829345849,-0.4003832781813451,0.700812080731698,-16.96197139962974,12.049659487078278,False
FT_meta_adaptive,4.443810641679983,2.3533926705363553,1.8882571945238558,0.10093360399393672,-1.12107874059099,10.008700023950956,False
FT_physically_constrained,-1.5481589018198934,3.2264084960000985,-0.47983970527575937,0.64597168195433,-9.177402677006729,6.081084873366941,False
FT_strongly_coupled,-0.9232684377388463,2.1724485632042083,-0.4249897803688804,0.6836028271876315,-6.060292995629418,4.213756120151725,False
FT_weakly_coupled,-2.360548786736919,2.613993767905184,-0.9030430048150526,0.39651357034009893,-8.541661843837918,3.8205642703640796,False
coupling_memory,-17.503376547769758,33.76186132479155,-0.5184363616503843,0.6201337503522715,-97.33749261528436,62.33073951974484,False
SNR,0.9869421885210841,0.9841192640114108,1.0028684780523112,0.34932383215320006,-1.3401300896199402,3.3140144666621083,False
Memory,17.993110435854884,27.360960064994348,0.657619849344223,0.5318038236571974,-46.70527928069244,82.69150015240221,False
