variable,coefficient,std_error,t_statistic,p_value,ci_lower,ci_upper,significant
const,14.046339101944286,7.27926053396722,1.9296381873405741,0.06384085026754695,-0.8645501628224288,28.957228366711,False
FT_meta_adaptive,2.728094229536877,1.1970180973466291,2.2790751748733866,0.030486320239168353,0.27611381007388713,5.180074648999867,True
FT_physically_constrained,-1.10723766230276,1.288972555360269,-0.8590079421770824,0.3976307567809022,-3.7475782502808004,1.5331029256752806,False
FT_strongly_coupled,-2.527108537719095,1.4499632441930956,-1.7428776542024904,0.09232914598411418,-5.4972236024648335,0.4430065270266432,False
FT_weakly_coupled,-2.9515838139743833,1.5851333084553967,-1.862041380513604,0.07312333261365674,-6.198582203711942,0.295414575763175,False
SNR,0.9108711439591111,0.3065290870631243,2.9715651218819996,0.006026053745863419,0.282974772851031,1.5387675150671911,True
D_eff,-0.2071994005696486,0.12293893941960073,-1.6853846433672246,0.10302933224192543,-0.45902840208149165,0.0446296009421944,False
C_eff,-14.28682721120852,9.049067084158105,-1.5788176922922788,0.12561010439808817,-32.82300085298225,4.249346430565209,False
