variable,coefficient,std_error,t_statistic,p_value,ci_lower,ci_upper,significant
const,8.694355364299378,4.510685509368886,1.9275020052364171,0.06635614661943197,-0.636708542863456,18.025419271462212,False
FT_meta_adaptive,3.4034362308896218,1.3051914680352152,2.6076145257163095,0.015739154836629098,0.703441967484574,6.1034304942946696,True
FT_physically_constrained,-0.8308321004190791,1.2981785214916524,-0.6399983412638995,0.5284981574734263,-3.516318978585324,1.8546547777471656,False
FT_strongly_coupled,-1.8843190543949846,1.434141560079079,-1.3139003197781136,0.20183470433633133,-4.851066907070807,1.082428798280838,False
FT_weakly_coupled,-2.849191390441589,1.778248333923437,-1.6022460620869965,0.12274754747013099,-6.527778339627286,0.8293955587441082,False
SNR,1.102945811515845,0.42630467381398257,2.5872243005177884,0.016473940881037062,0.22106740367334332,1.9848242193583467,True
D_eff,-0.16536941713093672,0.10984798620532338,-1.505438769007881,0.14582216998794745,-0.39260728978378473,0.06186845552191128,False
coupling_sq,-12.475441783837999,8.483642921891429,-1.4705288634492173,0.15496771938997086,-30.025194278286328,5.074310710610332,False
