{
  "wls_coefficients": {
    "const": {
      "median": 138.22583626478416,
      "p05": -768.1560138199385,
      "p95": 1612.3350872823241,
      "std": 63250.56099350705
    },
    "C_eff": {
      "median": -300.6284491660838,
      "p05": -3321.6128285942063,
      "p95": 1496.722327763486,
      "std": 121408.79936993495
    },
    "D_eff": {
      "median": -0.10670385687445663,
      "p05": -5.6675455801644405,
      "p95": 6.494935370805577,
      "std": 73.91697625037449
    },
    "SNR": {
      "median": -3.967923907834677,
      "p05": -23.189878871633706,
      "p95": 11.904141591841315,
      "std": 368.41557621371817
    },
    "Memory": {
      "median": -84.17182003014022,
      "p05": -879.8431845493762,
      "p95": 553.90674088401,
      "std": 27674.77553585306
    },
    "Theta_dot": {
      "median": 12.484411303699273,
      "p05": -1041.2304752453754,
      "p95": 604.0179090969303,
      "std": 90425.63709107527
    },
    "log_theta": {
      "median": -1.4739750195454153,
      "p05": -18.634771097957188,
      "p95": 8.709648755497607,
      "std": 136.04549749449117
    },
    "coupling_sq": {
      "median": 230.56672917085243,
      "p05": -735.2030589801171,
      "p95": 1947.4953459874455,
      "std": 63853.09175430294
    },
    "coupling_memory": {
      "median": 90.85028264155656,
      "p05": -702.6200433473596,
      "p95": 979.4495561221133,
      "std": 25099.277058276137
    }
  },
  "wls_r2": {
    "mean": 0.8706903373832606,
    "median": 0.9897746784537724,
    "p05": 0.4280865764811284,
    "p95": 1.0,
    "std": 0.19549840634775276
  },
  "random_forest": {
    "mean": 0.1427905655955955,
    "median": 0.2615237951790671,
    "p05": -0.6909424664404855,
    "p95": 0.8622824268526187,
    "std": 0.4960477278366525
  },
  "settings": {
    "n_bootstrap": 1024,
    "rf_bootstrap": 48,
    "rf_trees": 192,
    "seed": 137
  }
}
