{
  "timestamp": "20251113T081154Z",
  "model_type": "WLS_with_FieldTypes",
  "r_squared": 0.7318601771514821,
  "adjusted_r_squared": 0.6648252214393526,
  "aic": 162.52551819265383,
  "bic": 175.1936697003027,
  "rmse": 2.2506217199026084,
  "canonical_beta": 4.2,
  "canonical_band": [
    3.6,
    4.8
  ],
  "beta_mean": 6.217434497070781,
  "beta_std": 4.439205348781906,
  "beta_band_fraction": 0.3888888888888889,
  "delta_aic_guard_min": 12.79,
  "bootstrap_r2_median": 0.7800070971319017,
  "bootstrap_r2_interval": [
    0.6720024497342577,
    0.8678893336855567
  ],
  "random_forest_oob_r2": 0.3934623315368514,
  "field_type_anova_eta_squared": 0.4680698044321698,
  "field_type_anova_p_value": 0.0004650165127527753,
  "top_features": [
    "SNR",
    "D_eff",
    "C_eff"
  ]
}
