variable,coefficient,std_error,t_statistic,p_value,ci_lower,ci_upper,significant
const,3.633147410358565,1.308127563380626,2.7773647708862073,0.019538807961347913,0.7184575630639647,6.547837257653166,True
FT_meta_adaptive,4.864749874173656,1.8485754198159823,2.6316209888033244,0.025092246620419017,0.745867160494269,8.983632587853043,True
FT_physically_constrained,1.1927339605154341,1.9441096649536154,0.6135116665570878,0.5532363183147662,-3.139012316448256,5.524480237479124,False
FT_strongly_coupled,0.4865465804387144,1.7585865818836728,0.27666910770896497,0.7876684795592929,-3.4318285072005175,4.404921668077947,False
FT_weakly_coupled,-0.6710387899012631,2.19969606434716,-0.30505977656527666,0.7665754574216669,-5.572267053387537,4.230189473585011,False
