variable,coefficient,std_error,t_statistic,p_value,ci_lower,ci_upper,p_value_corrected,significant
const,-37.16940325670251,27.602875413377383,-1.3465772206720474,0.2110450071585586,-99.61144558844347,25.272639075038448,1.0,False
C_eff,53.49562014460659,34.54285103728616,1.5486741406163167,0.15586825862188858,-24.64573775479245,131.63697804400562,0.9352095517313315,False
D_eff,0.0718180050052738,0.3557547082361357,0.20187506543863895,0.8445036643455508,-0.7329550564501708,0.8765910664607184,1.0,False
SNR,-1.5455617390680345,1.422665970286085,-1.0863841346800727,0.30554788168962477,-4.763855754099479,1.6727322759634102,1.0,False
Memory,7.613290110025565,7.851658851114447,0.9696409707032739,0.35756034841104234,-10.14839620030977,25.374976420360902,1.0,False
Theta_dot,85.66200454744717,71.62908912144516,1.1959108456930059,0.2622876808544894,-76.37425247734464,247.69826157223898,1.0,False
