{
  "timestamp": "20251112T193011Z",
  "model_type": "WLS_with_FieldTypes",
  "r_squared": 0.4757780028852514,
  "adjusted_r_squared": 0.19350461982346367,
  "aic": 96.78092328000454,
  "bic": 105.13710278179192,
  "rmse": 2.245546395493342,
  "canonical_beta": 4.2,
  "canonical_band": [
    3.6,
    4.8
  ],
  "beta_mean": 5.275125804502293,
  "beta_std": 3.4525298644342644,
  "beta_band_fraction": 0.6190476190476191,
  "delta_aic_guard_min": 12.79,
  "bootstrap_r2_median": 0.6829440562939679,
  "bootstrap_r2_interval": [
    0.3980263463696615,
    0.9909474155809096
  ],
  "random_forest_oob_r2": -0.11127335745216183,
  "field_type_anova_eta_squared": 0.5417706988547478,
  "field_type_anova_p_value": 0.010368820224082137,
  "top_features": [
    "coupling_memory",
    "SNR",
    "coupling_sq"
  ]
}
