variable,coefficient,std_error,t_statistic,p_value,ci_lower,ci_upper,p_value_corrected,significant
const,-13.110182506327526,6.431149478563316,-2.038544205826214,0.08762085464186993,-28.846638381908893,2.626273369253841,0.2628625639256098,False
C_eff,19.460367404013684,8.12860188912267,2.394060832288351,0.0537279877676043,-0.4296048917199613,39.35033969974733,0.23335899784803632,False
D_eff,0.09360332833814294,0.0852463636955772,1.0980330923253132,0.31428850770997663,-0.11498700925557917,0.30219366593186503,0.31428850770997663,False
SNR,-0.4497226374727845,0.2566802154221819,-1.7520736326837296,0.13031628977747875,-1.0777964985437651,0.1783512235981961,0.2628625639256098,False
Memory,4.209742518177121,1.3710564526498839,3.0704370414805457,0.021929779446080745,0.854888235599339,7.564596800754903,0.13157867667648449,False
Theta_dot,29.66218300846907,11.875689760670141,2.4977229623077695,0.046671799569607264,0.6034169925643376,58.72094902437381,0.23335899784803632,False
