variable,coefficient,std_error,t_statistic,p_value,ci_lower,ci_upper,significant
const,2.548759810678405,1.9166485378886233,1.329800305217207,0.21630000025137547,-1.7870004079801811,6.884520029336991,False
FT_meta_adaptive,4.7656838117615665,1.8888669136278267,2.5230384297475044,0.03260569020425455,0.4927699934202634,9.03859763010287,True
FT_physically_constrained,-0.3653173818773956,2.8000661764133845,-0.13046741000433498,0.8990662612218832,-6.699507139316423,5.968872375561632,False
FT_strongly_coupled,0.4493767568312492,1.7935505466859742,0.25055148719481773,0.8077869648080656,-3.6079164592953132,4.506669972957812,False
FT_weakly_coupled,-1.1687433276279906,2.329948147016808,-0.5016177416327537,0.627977031637551,-6.4394522174806985,4.101965562224717,False
coupling_memory,3.65602764948581,4.641015379410101,0.787764605501159,0.45108228823973207,-6.842678533962785,14.154733832934404,False
