variable,coefficient,std_error,t_statistic,p_value,ci_lower,ci_upper,significant
const,2.0183711839866585,3.937907812948819,0.5125491199539391,0.6168638902688728,-6.4889614271409055,10.525703795114223,False
FT_meta_adaptive,2.4917453461137327,1.416981235745256,1.7584885976300233,0.1021663602388032,-0.5694565023837117,5.552947194611177,False
FT_physically_constrained,-2.276042539623493,2.5706204584868906,-0.8854059073984064,0.392021029756737,-7.829530405796009,3.2774453265490235,False
FT_strongly_coupled,-1.010407901694136,1.4140093232556228,-0.7145694763650974,0.4875090151302405,-4.065189323599231,2.0443735202109594,False
FT_weakly_coupled,-2.2832375938492744,2.1395189049846306,-1.0671733671199677,0.30531145717496494,-6.905387176083858,2.338911988385309,False
coupling_memory,5.034943544310819,4.155174585524684,1.2117285184239843,0.2471815610067663,-3.9417653923800895,14.011652481001727,False
SNR,0.6113260749385542,0.8700177329888418,0.7026593272282124,0.49465889972146426,-1.2682329659758063,2.4908851158529144,False
coupling_sq,-2.9415871505499274,13.0601475944611,-0.22523383669855884,0.8252993306776701,-31.15632066237838,25.273146361278524,False
