{
  "meta": {
    "n_systems": 15,
    "beta_mean": 5.669842792969877,
    "beta_std": 3.9175144089177096,
    "beta_range": [
      2.5,
      16.276030904088
    ],
    "timestamp": "2025-11-12T17:11:57.865702"
  },
  "bootstrap": {
    "n_iterations": 1000,
    "n_systems": 15,
    "bootstrap_mean": [
      5.597091806217005,
      5.740870790929564,
      6.209750274697913,
      5.738041430138577,
      5.749230127771825,
      5.852035403912891,
      5.632753419481572,
      5.65120905502829,
      5.692569492824035,
      5.552563019445797,
      5.399774697890974,
      5.950786147973122,
      5.57015542077891,
      5.655595562972918,
      5.642952505936886
    ],
    "bootstrap_std": [
      3.913305847006622,
      4.009207731326584,
      4.491022738044744,
      4.016503131138935,
      3.99440212259222,
      4.074853836197349,
      3.843202710175613,
      3.8944355998019575,
      3.9461148628703446,
      3.783853046453227,
      3.679497198596025,
      4.250794488494338,
      3.885437573945067,
      3.87737984892585,
      3.924924013028104
    ],
    "bootstrap_ci_lower": [
      2.5,
      2.5,
      2.5,
      2.5,
      2.5,
      2.5,
      2.5,
      2.5,
      2.5,
      2.5,
      2.5,
      2.5,
      2.5,
      2.5,
      2.5
    ],
    "bootstrap_ci_upper": [
      16.276030904088,
      16.276030904088,
      16.276030904088,
      16.276030904088,
      16.276030904088,
      16.276030904088,
      16.276030904088,
      16.276030904088,
      16.276030904088,
      16.276030904088,
      16.276030904088,
      16.276030904088,
      16.276030904088,
      16.276030904088,
      16.276030904088
    ],
    "global_mean": 5.709025277066659,
    "global_std": 3.980959159758514,
    "global_ci_lower": 2.5,
    "global_ci_upper": 16.276030904088,
    "coefficient_of_variation": 0.697309779963693
  },
  "jackknife": {
    "n_systems": 15,
    "full_mean": 5.669842792969877,
    "full_std": 3.9175144089177096,
    "jackknife_mean_range": [
      4.912257927890011,
      5.8962601353248685
    ],
    "jackknife_std_range": [
      2.7989471658818372,
      4.053721686883873
    ],
    "mean_influence_score": 0.03344027127814,
    "max_influence_score": 0.1336165556511032,
    "influential_systems": [
      [
        "theta_plasticity",
        2.5,
        0.03993361908300691
      ],
      [
        "urban_heat",
        16.276030904088,
        0.1336165556511032
      ],
      [
        "amazon_moisture",
        14.560428856124563,
        0.11200343375327859
      ]
    ],
    "influence_threshold": 0.030157585874943757
  },
  "field_type_stability": {
    "field_stats": {
      "weakly_coupled": {
        "n": 2,
        "mean": 3.135,
        "std": 0.635,
        "cv": 0.2025518341307815,
        "range": [
          2.5,
          3.77
        ]
      },
      "meta_adaptive": {
        "n": 3,
        "mean": 12.305880631516056,
        "std": 4.456902970475091,
        "cv": 0.3621766782834469,
        "range": [
          6.0811821343356005,
          16.276030904088
        ]
      },
      "high_dimensional": {
        "n": 3,
        "mean": 3.626666666666667,
        "std": 0.20757863302587007,
        "cv": 0.057236755429927406,
        "range": [
          3.47,
          3.92
        ]
      },
      "strongly_coupled": {
        "n": 4,
        "mean": 4.112499999999999,
        "std": 0.06456585785072502,
        "cv": 0.0156999046445532,
        "range": [
          4.02,
          4.2
        ]
      },
      "physically_constrained": {
        "n": 3,
        "mean": 4.843333333333334,
        "std": 0.37561800927123934,
        "cv": 0.07755361512826689,
        "range": [
          4.38,
          5.3
        ]
      }
    },
    "within_variance": 4.091111123201493,
    "between_variance": 11.54483917044901,
    "variance_ratio": 2.8219324335029743,
    "interpretation": "High between/within ratio suggests field types explain \u03b2-heterogeneity"
  },
  "coefficient_stability": {
    "n_subsamples": 100,
    "subsample_fraction": 0.8,
    "subsample_size": 12,
    "mean_of_means": 5.657063413249642,
    "std_of_means": 0.5479563219731488,
    "cv_of_means": 0.09686232625389309,
    "mean_range": [
      4.075931844527967,
      6.26313682454568
    ],
    "interpretation": "CV = 0.097: robust to subsampling"
  }
}