{
  "theta_estimate": {
    "value": 4.707167899782632,
    "ci95": [
      4.666121332188985,
      4.748214467376278
    ]
  },
  "beta_estimate": {
    "value": 5.104012465624547,
    "ci95": [
      4.716737541680306,
      5.491287389568788
    ]
  },
  "logistic_model": {
    "r2": 0.995240963971551,
    "aic": -112.1631578921753,
    "ss_res": 0.011247508449437529,
    "residual_mean": -0.005875480647441963,
    "residual_std": 0.025854361435769024
  },
  "null_models": {
    "linear": {
      "r2": 0.8999730111233788,
      "aic": -63.43683940196392,
      "ss_res": 0.23640384225631736,
      "slope": 0.6777865010799137,
      "intercept": -2.667434730021599
    },
    "power_law": {
      "model": "sigma = A * R^k",
      "amplitude": 2.5088986041153476e-10,
      "exponent": 13.455153488623491,
      "r2": 0.8993040145445681,
      "aic": -63.330185094636946,
      "ss_res": 0.23798494915020035
    }
  },
  "falsification": {
    "logistic_beats_all_nulls": true,
    "comparisons": {
      "linear": {
        "delta_aic": 48.72631849021138,
        "delta_r2": 0.09526795284817224
      },
      "power_law": {
        "delta_aic": 48.83297279753836,
        "delta_r2": 0.09593694942698294
      }
    }
  },
  "membrane": {
    "theta": 4.707167899782632,
    "beta": 5.104012465624547,
    "zeta_mean": 1.379433408708651,
    "flux_mean": -0.005875480647441963,
    "flux_std": 0.025854361435769024
  },
  "logistic_fit": {
    "sigma_hat": [
      0.0035017003726389114,
      0.009658645464765256,
      0.026354871049839034,
      0.0698762850154866,
      0.13907555362864288,
      0.2120540725364688,
      0.30955791000456384,
      0.4275667610337672,
      0.5544372569247509,
      0.6745894834297996,
      0.7754627040882445,
      0.8519300106235389,
      0.9055285008766752,
      0.9410674810440662,
      0.9637720209916311,
      0.9779344332741925
    ],
    "residuals": [
      0.006498299627361089,
      0.000341354535234744,
      -0.013214871049839034,
      -0.013326285015486591,
      -0.037315553628642875,
      -0.0628840725364688,
      -0.03387791000456386,
      -0.032206761033767184,
      -0.014077256924750925,
      0.008050516570200394,
      0.02065729591175558,
      0.038099989376461085,
      0.028941499123324776,
      0.017062518955933803,
      0.0003779790083688894,
      -0.007134433274192498
    ]
  },
  "dataset": {
    "path": "data/ai/llm_emergent_skill.csv",
    "control_parameter": "log10 effective training tokens (billions)",
    "order_parameter": "pass rate on multilingual chain-of-thought benchmark",
    "measurements": [
      {
        "R": 3.6,
        "sigma": 0.01,
        "logistic_fit": 0.0035017003726389114
      },
      {
        "R": 3.8,
        "sigma": 0.01,
        "logistic_fit": 0.009658645464765256
      },
      {
        "R": 4.0,
        "sigma": 0.01314,
        "logistic_fit": 0.026354871049839034
      },
      {
        "R": 4.2,
        "sigma": 0.05655,
        "logistic_fit": 0.0698762850154866
      },
      {
        "R": 4.35,
        "sigma": 0.10176,
        "logistic_fit": 0.13907555362864288
      },
      {
        "R": 4.45,
        "sigma": 0.14917,
        "logistic_fit": 0.2120540725364688
      },
      {
        "R": 4.55,
        "sigma": 0.27568,
        "logistic_fit": 0.30955791000456384
      },
      {
        "R": 4.65,
        "sigma": 0.39536,
        "logistic_fit": 0.4275667610337672
      },
      {
        "R": 4.75,
        "sigma": 0.54036,
        "logistic_fit": 0.5544372569247509
      },
      {
        "R": 4.85,
        "sigma": 0.68264,
        "logistic_fit": 0.6745894834297996
      },
      {
        "R": 4.95,
        "sigma": 0.79612,
        "logistic_fit": 0.7754627040882445
      },
      {
        "R": 5.05,
        "sigma": 0.89003,
        "logistic_fit": 0.8519300106235389
      },
      {
        "R": 5.15,
        "sigma": 0.93447,
        "logistic_fit": 0.9055285008766752
      },
      {
        "R": 5.25,
        "sigma": 0.95813,
        "logistic_fit": 0.9410674810440662
      },
      {
        "R": 5.35,
        "sigma": 0.96415,
        "logistic_fit": 0.9637720209916311
      },
      {
        "R": 5.45,
        "sigma": 0.9708,
        "logistic_fit": 0.9779344332741925
      }
    ]
  },
  "impedance": {
    "definition": "zeta(R) = 1.6 - 0.45 * sigma(beta(R-Theta))",
    "mean": 1.379433408708651,
    "std": 0.16629887745314637,
    "samples": [
      {
        "R": 3.6,
        "sigma": 0.0035017003726389114,
        "zeta": 1.5984242348323126
      },
      {
        "R": 3.8,
        "sigma": 0.009658645464765256,
        "zeta": 1.5956536095408558
      },
      {
        "R": 4.0,
        "sigma": 0.026354871049839034,
        "zeta": 1.5881403080275724
      },
      {
        "R": 4.2,
        "sigma": 0.0698762850154866,
        "zeta": 1.5685556717430311
      },
      {
        "R": 4.35,
        "sigma": 0.13907555362864288,
        "zeta": 1.5374160008671107
      },
      {
        "R": 4.45,
        "sigma": 0.2120540725364688,
        "zeta": 1.504575667358589
      },
      {
        "R": 4.55,
        "sigma": 0.30955791000456384,
        "zeta": 1.4606989404979465
      },
      {
        "R": 4.65,
        "sigma": 0.4275667610337672,
        "zeta": 1.4075949575348048
      },
      {
        "R": 4.75,
        "sigma": 0.5544372569247509,
        "zeta": 1.350503234383862
      },
      {
        "R": 4.85,
        "sigma": 0.6745894834297996,
        "zeta": 1.2964347324565901
      },
      {
        "R": 4.95,
        "sigma": 0.7754627040882445,
        "zeta": 1.25104178316029
      },
      {
        "R": 5.05,
        "sigma": 0.8519300106235389,
        "zeta": 1.2166314952194075
      },
      {
        "R": 5.15,
        "sigma": 0.9055285008766752,
        "zeta": 1.1925121746054963
      },
      {
        "R": 5.25,
        "sigma": 0.9410674810440662,
        "zeta": 1.1765196335301702
      },
      {
        "R": 5.35,
        "sigma": 0.9637720209916311,
        "zeta": 1.166302590553766
      },
      {
        "R": 5.45,
        "sigma": 0.9779344332741925,
        "zeta": 1.1599295050266134
      }
    ]
  },
  "tri_layer": {
    "formal": "Logit-domain regression with dual smooth null comparisons (linear, power-law).",
    "empirical": "Synthetic blend of multilingual BIG-Bench style checkpoints; JSON export anchors RepoPlan cross-links.",
    "metaphorical": "Observes the membrane slacken as training scale crosses Theta, letting polyglot reasoning bloom at dawn."
  }
}