{
  "generated_from": [
    "amazon_resilience",
    "urban_heat_canopy"
  ],
  "summaries": [
    {
      "theta_estimate": {
        "value": 0.6214703985864286,
        "ci95": [
          0.617767971171555,
          0.6251728260013022
        ]
      },
      "beta_estimate": {
        "value": 14.019150893618612,
        "ci95": [
          13.685269700463397,
          14.353032086773826
        ]
      },
      "logistic_model": {
        "r2": 0.9991130264188406,
        "aic": -152.29649539122587,
        "ss_res": 0.0017281597766332659,
        "residual_mean": 0.002103496938671036,
        "residual_std": 0.009860616516121962
      },
      "null_models": {
        "linear": {
          "r2": 0.9677014652730843,
          "aic": -91.18214230392765,
          "ss_res": 0.06292975320221718,
          "slope": 2.182446429102149,
          "intercept": -0.8465947692216247
        },
        "power_law": {
          "model": "sigma = A * R^k",
          "amplitude": 3.3605961331133956,
          "exponent": 4.590352918493326,
          "r2": 0.9432510159371694,
          "aic": -81.60067218214068,
          "ss_res": 0.11056846980041046
        }
      },
      "falsification": {
        "linear": {
          "r2": 0.9677014652730843,
          "aic": -91.18214230392765,
          "delta_aic": 61.11435308729823
        },
        "power_law": {
          "r2": 0.9432510159371694,
          "aic": -81.60067218214068,
          "delta_aic": 70.69582320908519
        },
        "best_delta_aic": 61.11435308729823
      },
      "membrane": {
        "theta": 0.6214703985864286,
        "beta": 14.019150893618612,
        "zeta_mean": null,
        "flux_mean": null,
        "flux_std": null
      },
      "threshold_crossing": {
        "crossed": null,
        "threshold_R": 0.6214703985864286,
        "note": "threshold diagnostics unavailable: \"results must contain 'R' and 't' arrays for diagnostics\""
      },
      "logistic_fit": {
        "sigma_hat": [
          0.02175781048826334,
          0.03276090124199647,
          0.04290858707967859,
          0.06390900526417495,
          0.09417615116384812,
          0.15408534366945142,
          0.24192660535814428,
          0.3586151691976612,
          0.4253138356246678,
          0.4948467475638393,
          0.564579574432379,
          0.6318478449763787,
          0.7504321337720544,
          0.840463979804257,
          0.9022475268682855,
          0.9417621049198585,
          0.9659072306176539
        ],
        "residuals": [
          -0.0015578104882633392,
          -0.0017609012419964737,
          -0.0006085870796785908,
          0.011990994735825045,
          0.0001238488361518797,
          -0.019485343669451427,
          0.00907339464185572,
          0.0008848308023388096,
          0.0018861643753322332,
          0.0068532524361607505,
          0.008420425567620904,
          0.022052155023621345,
          0.013367866227945613,
          0.004136020195742995,
          -0.009547526868285416,
          -0.014262104919858465,
          0.004192769382346029
        ]
      },
      "identifier": "amazon_resilience",
      "dataset_path": "data/socio_ecology/amazon_resilience.csv",
      "control_parameter": "Remaining rainforest canopy fraction",
      "order_parameter": "Probability of convective moisture retention",
      "theta": 0.6214703985864286,
      "theta_ci": [
        0.617767971171555,
        0.6251728260013022
      ],
      "beta": 14.019150893618612,
      "beta_ci": [
        13.685269700463397,
        14.353032086773826
      ],
      "r_squared": 0.9991130264188406,
      "aic": -152.29649539122587,
      "sigma_fit": [
        0.02175781048826334,
        0.03276090124199647,
        0.04290858707967859,
        0.06390900526417495,
        0.09417615116384812,
        0.15408534366945142,
        0.24192660535814428,
        0.3586151691976612,
        0.4253138356246678,
        0.4948467475638393,
        0.564579574432379,
        0.6318478449763787,
        0.7504321337720544,
        0.840463979804257,
        0.9022475268682855,
        0.9417621049198585,
        0.9659072306176539
      ],
      "measurements": [
        {
          "R": 0.35,
          "sigma": 0.0202,
          "logistic_fit": 0.02175781048826334
        },
        {
          "R": 0.38,
          "sigma": 0.031,
          "logistic_fit": 0.03276090124199647
        },
        {
          "R": 0.4,
          "sigma": 0.0423,
          "logistic_fit": 0.04290858707967859
        },
        {
          "R": 0.43,
          "sigma": 0.0759,
          "logistic_fit": 0.06390900526417495
        },
        {
          "R": 0.46,
          "sigma": 0.0943,
          "logistic_fit": 0.09417615116384812
        },
        {
          "R": 0.5,
          "sigma": 0.1346,
          "logistic_fit": 0.15408534366945142
        },
        {
          "R": 0.54,
          "sigma": 0.251,
          "logistic_fit": 0.24192660535814428
        },
        {
          "R": 0.58,
          "sigma": 0.3595,
          "logistic_fit": 0.3586151691976612
        },
        {
          "R": 0.6,
          "sigma": 0.4272,
          "logistic_fit": 0.4253138356246678
        },
        {
          "R": 0.62,
          "sigma": 0.5017,
          "logistic_fit": 0.4948467475638393
        },
        {
          "R": 0.64,
          "sigma": 0.573,
          "logistic_fit": 0.564579574432379
        },
        {
          "R": 0.66,
          "sigma": 0.6539,
          "logistic_fit": 0.6318478449763787
        },
        {
          "R": 0.7,
          "sigma": 0.7638,
          "logistic_fit": 0.7504321337720544
        },
        {
          "R": 0.74,
          "sigma": 0.8446,
          "logistic_fit": 0.840463979804257
        },
        {
          "R": 0.78,
          "sigma": 0.8927,
          "logistic_fit": 0.9022475268682855
        },
        {
          "R": 0.82,
          "sigma": 0.9275,
          "logistic_fit": 0.9417621049198585
        },
        {
          "R": 0.86,
          "sigma": 0.9701,
          "logistic_fit": 0.9659072306176539
        }
      ],
      "instrumentation_flag": "genuine_regime_split",
      "narrative": "Rainforest moisture resonance under deforestation stress."
    },
    {
      "theta_estimate": {
        "value": 0.31267920387045345,
        "ci95": [
          0.3087776803303822,
          0.3165807274105247
        ]
      },
      "beta_estimate": {
        "value": 15.274864885179445,
        "ci95": [
          14.840374828710752,
          15.709354941648138
        ]
      },
      "logistic_model": {
        "r2": 0.9986553018766973,
        "aic": -136.31925278542303,
        "ss_res": 0.002485293353135941,
        "residual_mean": 0.0042974753756297585,
        "residual_std": 0.011698826435452924
      },
      "null_models": {
        "linear": {
          "r2": 0.966266964296634,
          "aic": -84.76232317098867,
          "ss_res": 0.06234595554336276,
          "slope": 2.4893313959792676,
          "intercept": -0.2658286157316042
        },
        "power_law": {
          "model": "sigma = A * R^k",
          "amplitude": 5.279701268187224,
          "exponent": 2.1553626653482096,
          "r2": 0.97304909363836,
          "aic": -88.35369464465927,
          "ss_res": 0.04981111171410149
        }
      },
      "falsification": {
        "linear": {
          "r2": 0.966266964296634,
          "aic": -84.76232317098867,
          "delta_aic": 51.55692961443437
        },
        "power_law": {
          "r2": 0.97304909363836,
          "aic": -88.35369464465927,
          "delta_aic": 47.96555814076376
        },
        "best_delta_aic": 47.96555814076376
      },
      "membrane": {
        "theta": 0.31267920387045345,
        "beta": 15.274864885179445,
        "zeta_mean": null,
        "flux_mean": null,
        "flux_std": null
      },
      "threshold_crossing": {
        "crossed": null,