{
  "meta": {
    "generated_at": "2025-10-27T22:50:06.095578+00:00",
    "cohort_size": 9,
    "logistic_response": "sigma(beta * (R - Theta))"
  },
  "aggregate": {
    "theta": {
      "mean": 5.194160905993566,
      "median": 0.6214703985864286,
      "min": 0.02150266269691967,
      "max": 26.578069452654905
    },
    "beta": {
      "mean": 9.022715464105286,
      "median": 11.093055841939847,
      "min": 0.6717283976038891,
      "max": 16.289963354409085
    },
    "logistic_r2": {
      "mean": 0.9938797701181418,
      "median": 0.9979289120972659,
      "min": 0.9687963452454948,
      "max": 0.9999661710064784
    },
    "delta_aic": {
      "mean": 126.99294139334823,
      "median": 70.69582320908519,
      "min": 25.196229770856547,
      "max": 498.1482382097897
    },
    "delta_r2": {
      "mean": 0.0893409815079853,
      "median": 0.061975093973440254,
      "min": 0.006101068081724725,
      "max": 0.22733769849175556
    },
    "zeta_mean": {
      "mean": 1.2320172094743975,
      "median": 1.186570598415284,
      "min": 1.0,
      "max": 1.5343220981632029
    }
  },
  "domains": {
    "socio_ecology": {
      "count": 2,
      "delta_aic": {
        "mean": 61.12637641175978,
        "median": 61.12637641175978,
        "min": 51.55692961443437,
        "max": 70.69582320908519
      },
      "delta_r2": {
        "mean": 0.04412517403086724,
        "median": 0.04412517403086724,
        "min": 0.03238833758006332,
        "max": 0.055862010481671165
      },
      "logistic_r2": {
        "mean": 0.9988841641477689,
        "median": 0.9988841641477689,
        "min": 0.9986553018766973,
        "max": 0.9991130264188406
      }
    },
    "coupled": {
      "count": 1,
      "delta_aic": {
        "mean": 498.1482382097897,
        "median": 498.1482382097897,
        "min": 498.1482382097897,
        "max": 498.1482382097897
      },
      "delta_r2": {
        "mean": 0.006101068081724725,
        "median": 0.006101068081724725,
        "min": 0.006101068081724725,
        "max": 0.006101068081724725
      },
      "logistic_r2": {
        "mean": 0.9979289120972659,
        "median": 0.9979289120972659,
        "min": 0.9979289120972659,
        "max": 0.9979289120972659
      }
    },
    "biology": {
      "count": 2,
      "delta_aic": {
        "mean": 48.71436043120674,
        "median": 48.71436043120674,
        "min": 25.196229770856547,
        "max": 72.23249109155694
      },
      "delta_r2": {
        "mean": 0.19242716249735475,
        "median": 0.19242716249735475,
        "min": 0.15751662650295395,
        "max": 0.22733769849175556
      },
      "logistic_r2": {
        "mean": 0.9831398648036397,
        "median": 0.9831398648036397,
        "min": 0.9687963452454948,
        "max": 0.9974833843617845
      }
    },
    "ai": {
      "count": 1,
      "delta_aic": {
        "mean": 48.83297279753836,
        "median": 48.83297279753836,
        "min": 48.83297279753836,
        "max": 48.83297279753836
      },
      "delta_r2": {
        "mean": 0.09593694942698294,
        "median": 0.09593694942698294,
        "min": 0.09593694942698294,
        "max": 0.09593694942698294
      },
      "logistic_r2": {
        "mean": 0.995240963971551,
        "median": 0.995240963971551,
        "min": 0.995240963971551,
        "max": 0.995240963971551
      }
    },
    "geophysics": {
      "count": 1,
      "delta_aic": {
        "mean": 148.72212963584204,
        "median": 148.72212963584204,
        "min": 148.72212963584204,
        "max": 148.72212963584204
      },
      "delta_r2": {
        "mean": 0.1310587112171988,
        "median": 0.1310587112171988,
        "min": 0.1310587112171988,
        "max": 0.1310587112171988
      },
      "logistic_r2": {
        "mean": 0.9999661710064784,
        "median": 0.9999661710064784,
        "min": 0.9999661710064784,
        "max": 0.9999661710064784
      }
    },
    "synthetic": {
      "count": 1,
      "delta_aic": {
        "mean": 168.01118273101198,
        "median": 168.01118273101198,
        "min": 168.01118273101198,
        "max": 168.01118273101198
      },
      "delta_r2": {
        "mean": 0.061975093973440254,
        "median": 0.061975093973440254,
        "min": 0.061975093973440254,
        "max": 0.061975093973440254
      },
      "logistic_r2": {
        "mean": 0.9890972546652523,
        "median": 0.9890972546652523,
        "min": 0.9890972546652523,
        "max": 0.9890972546652523
      }
    },
    "cognition": {
      "count": 1,
      "delta_aic": {
        "mean": 59.540475480018955,
        "median": 59.540475480018955,
        "min": 59.540475480018955,
        "max": 59.540475480018955
      },
      "delta_r2": {
        "mean": 0.035892337816077036,
        "median": 0.035892337816077036,
        "min": 0.035892337816077036,
        "max": 0.035892337816077036
      },
      "logistic_r2": {
        "mean": 0.9986365714199111,
        "median": 0.9986365714199111,
        "min": 0.9986365714199111,
        "max": 0.9986365714199111
      }
    }
  },
  "records": [
    {
      "result_path": "analysis/results/amazon_resilience_fit.json",
      "domain": "socio_ecology",
      "dataset_path": "data/socio_ecology/amazon_resilience.csv",
      "theta": 0.6214703985864286,
      "theta_ci": [
        0.617767971171555,
        0.6251728260013022
      ],
      "beta": 14.019150893618612,
      "beta_ci": [
        13.685269700463397,
        14.353032086773826
      ],
      "logistic_r2": 0.9991130264188406,
      "logistic_aic": -152.29649539122587,
      "best_null_model": "power_law",
      "best_null_aic": -81.60067218214068,
      "delta_aic": 70.69582320908519,
      "delta_r2": 0.055862010481671165,
      "logistic_minus_best_r2": 0.055862010481671165,
      "zeta_mean": 1.5343220981632029
    },
    {
      "result_path": "analysis/results/coupled_field_threshold.json",
      "domain": "coupled",
      "dataset_path": null,
      "theta": 0.5092479202944065,
      "theta_ci": [
        0.4757015629284599,
        0.542794277660353
      ],
      "beta": 5.6576882603257435,
      "beta_ci": [
        5.428981130068291,
        5.886395390583196
      ],
      "logistic_r2": 0.9979289120972659,
      "logistic_aic": -2914.153641009339,
      "best_null_model": "cubic_polynomial",
      "best_null_aic": -2416.0054027995493,
      "delta_aic": 498.1482382097897,
      "delta_r2": 0.006101068081724725,
      "logistic_minus_best_r2": 0.006101068081724725,
      "zeta_mean": 1.1076414033639093
    },
    {
      "result_path": "analysis/results/honeybee_waggle_fit.json",
      "domain": "biology",
      "dataset_path": "data/biology/honeybee_waggle_activation.csv",
      "theta": 26.578069452654905,
      "theta_ci": [
        25.830816988695016,
        27.325321916614794
      ],
      "beta": 0.6717283976038891,
      "beta_ci": [
        0.5413091744299211,
        0.8021476207778572
      ],
      "logistic_r2": 0.9687963452454948,
      "logistic_aic": -73.55328443149556,
      "best_null_model": "linear",
      "best_null_aic": -48.35705466063901,
      "delta_aic": 25.196229770856547,
      "delta_r2": 0.15751662650295395,
      "logistic_minus_best_r2": 0.15751662650295395,
      "zeta_mean": 1.1132816696807928
    },
    {
      "result_path": "analysis/results/llm_emergent_skill.json",
      "domain": "ai",
      "dataset_path": "data/ai/llm_emergent_skill.csv",
      "theta": 4.707167899782632,
      "theta_ci": [
        4.666121332188985,
        4.748214467376278
      ],
      "beta": 5.104012465624547,
      "beta_ci": [
        4.716737541680306,
        5.491287389568788
      ],
      "logistic_r2": 0.995240963971551,
      "logistic_aic": -112.1631578921753,
      "best_null_model": "power_law",
      "best_null_aic": -63.330185094636946,
      "delta_aic": 48.83297279753836,
      "delta_r2": 0.09593694942698294,
      "logistic_minus_best_r2": 0.09593694942698294,