{
  "mean_beta": 6.180931526999532,
  "median_beta": 6.395801207940193,
  "std_beta": 1.6141966433482065,
  "min_beta": 3.1658432746947702,
  "max_beta": 7.939313320893159,
  "mean_r_squared": 0.9749492808758353,
  "n_simulations": 80
}