{
  "theta_estimate": {
    "value": 0.7406406447104941,
    "ci95": [
      0.7398700068389016,
      0.7414112825820866
    ]
  },
  "beta_estimate": {
    "value": 16.289963354409085,
    "ci95": [
      16.20442997866459,
      16.375496730153582
    ]
  },
  "logistic_model": {
    "r2": 0.9999661710064784,
    "aic": -221.4544970723466,
    "ss_res": 6.540720878819227e-05,
    "residual_mean": -0.0004898736723730155,
    "residual_std": 0.0018422154072425983
  },
  "null_models": {
    "linear": {
      "r2": 0.9251798993430118,
      "aic": -82.82707187751735,
      "ss_res": 0.14466212073686424,
      "slope": 2.2840265063754637,
      "intercept": -1.1976498436512695
    },
    "power_law": {
      "model": "sigma = A * R^k",
      "amplitude": 1.5642004431558414,
      "exponent": 4.960091803164977,
      "r2": 0.8689074597892796,
      "aic": -72.73236743650457,
      "ss_res": 0.2534629693510607
    }
  },
  "falsification": {
    "logistic_beats_all_nulls": true,
    "comparisons": {
      "linear": {
        "delta_aic": 138.62742519482924,
        "delta_r2": 0.07478627166346663
      },
      "power_law": {
        "delta_aic": 148.72212963584204,
        "delta_r2": 0.1310587112171988
      }
    }
  },
  "membrane": {
    "theta": 0.7406406447104941,
    "beta": 16.289963354409085,
    "zeta_mean": 1.3653305694801947,
    "flux_mean": -0.0004898736723730155,
    "flux_std": 0.0018422154072425983
  },
  "logistic_fit": {
    "sigma_hat": [
      0.036670293215430826,
      0.0680630795047791,
      0.12290197407417652,
      0.21187952219111836,
      0.34028271216164085,
      0.41672424539788633,
      0.4973910039648628,
      0.5781938118249473,
      0.6550161879269935,
      0.7245134905906251,
      0.7846141486554087,
      0.83459647587643,
      0.8748303017057656,
      0.9063752634799809,
      0.9489115586440213,
      0.9727044303418593,
      0.9855848344974818,
      0.9935643920493059
    ],
    "residuals": [
      0.0013297067845691735,
      -6.307950477910107e-05,
      0.001098025925823476,
      -0.0038795221911183675,
      -0.004282712161640834,
      0.0012757546021136545,
      -0.004391003964862805,
      -0.00019381182494737637,
      0.0009838120730065736,
      -0.0005134905906251097,
      0.001385851344591349,
      0.0004035241235699205,
      -0.0018303017057655913,
      0.0006247365200191535,
      8.844135597863012e-05,
      -0.0007044303418592968,
      -0.000584834497481812,
      0.00043560795069408353
    ]
  },
  "dataset": {
    "path": "data/geophysics/subduction_rupture_threshold.csv",
    "control_parameter": "stress accumulation ratio (current / critical)",
    "order_parameter": "probability of slow-slip rupture transitioning to seismic failure",
    "measurements": [
      {
        "R": 0.54,
        "sigma": 0.038,
        "logistic_fit": 0.036670293215430826
      },
      {
        "R": 0.58,
        "sigma": 0.068,
        "logistic_fit": 0.0680630795047791
      },
      {
        "R": 0.62,
        "sigma": 0.124,
        "logistic_fit": 0.12290197407417652
      },
      {
        "R": 0.66,
        "sigma": 0.208,
        "logistic_fit": 0.21187952219111836
      },
      {
        "R": 0.7,
        "sigma": 0.336,
        "logistic_fit": 0.34028271216164085
      },
      {
        "R": 0.72,
        "sigma": 0.418,
        "logistic_fit": 0.41672424539788633
      },
      {
        "R": 0.74,
        "sigma": 0.493,
        "logistic_fit": 0.4973910039648628
      },
      {
        "R": 0.76,
        "sigma": 0.578,
        "logistic_fit": 0.5781938118249473
      },
      {
        "R": 0.78,
        "sigma": 0.656,
        "logistic_fit": 0.6550161879269935
      },
      {
        "R": 0.8,
        "sigma": 0.724,
        "logistic_fit": 0.7245134905906251
      },
      {
        "R": 0.82,
        "sigma": 0.786,
        "logistic_fit": 0.7846141486554087
      },
      {
        "R": 0.84,
        "sigma": 0.835,
        "logistic_fit": 0.83459647587643
      },
      {
        "R": 0.86,
        "sigma": 0.873,
        "logistic_fit": 0.8748303017057656
      },
      {
        "R": 0.88,
        "sigma": 0.907,
        "logistic_fit": 0.9063752634799809
      },
      {
        "R": 0.92,
        "sigma": 0.949,
        "logistic_fit": 0.9489115586440213
      },
      {
        "R": 0.96,
        "sigma": 0.972,
        "logistic_fit": 0.9727044303418593
      },
      {
        "R": 1.0,
        "sigma": 0.985,
        "logistic_fit": 0.9855848344974818
      },
      {
        "R": 1.05,
        "sigma": 0.994,
        "logistic_fit": 0.9935643920493059
      }
    ]
  },
  "impedance": {
    "definition": "zeta(R) = 1.70 - 0.55 * sigma(beta(R-Theta))",
    "mean": 1.3653305694801947,
    "std": 0.18012298486199183,
    "samples": [
      {
        "R": 0.54,
        "sigma": 0.036670293215430826,
        "zeta": 1.679831338731513
      },
      {
        "R": 0.58,
        "sigma": 0.0680630795047791,
        "zeta": 1.6625653062723715
      },
      {
        "R": 0.62,
        "sigma": 0.12290197407417652,
        "zeta": 1.6324039142592028
      },
      {
        "R": 0.66,
        "sigma": 0.21187952219111836,
        "zeta": 1.5834662627948848
      },
      {
        "R": 0.7,
        "sigma": 0.34028271216164085,
        "zeta": 1.5128445083110975
      },
      {
        "R": 0.72,
        "sigma": 0.41672424539788633,
        "zeta": 1.4708016650311624
      },
      {
        "R": 0.74,
        "sigma": 0.4973910039648628,
        "zeta": 1.4264349478193254
      },
      {
        "R": 0.76,
        "sigma": 0.5781938118249473,
        "zeta": 1.3819934034962789
      },
      {
        "R": 0.78,
        "sigma": 0.6550161879269935,
        "zeta": 1.3397410966401535
      },
      {
        "R": 0.8,
        "sigma": 0.7245134905906251,
        "zeta": 1.3015175801751562
      },
      {
        "R": 0.82,
        "sigma": 0.7846141486554087,
        "zeta": 1.268462218239525
      },
      {
        "R": 0.84,
        "sigma": 0.83459647587643,
        "zeta": 1.2409719382679634
      },
      {
        "R": 0.86,
        "sigma": 0.8748303017057656,
        "zeta": 1.2188433340618288
      },
      {
        "R": 0.88,
        "sigma": 0.9063752634799809,
        "zeta": 1.2014936050860103
      },
      {
        "R": 0.92,
        "sigma": 0.9489115586440213,
        "zeta": 1.1780986427457882
      },
      {
        "R": 0.96,
        "sigma": 0.9727044303418593,
        "zeta": 1.1650125633119774
      },
      {
        "R": 1.0,
        "sigma": 0.9855848344974818,
        "zeta": 1.157928341026385
      },
      {
        "R": 1.05,
        "sigma": 0.9935643920493059,
        "zeta": 1.1535395843728815
      }
    ]
  },
  "tri_layer": {
    "formal": "Logit-domain regression with dual smooth null comparisons (linear, power-law).",
    "empirical": "Synthetic Cascadia-style slow-slip checkpoints informed by hydration impedance briefs; JSON export for RepoPlan cross-links.",
    "metaphorical": "Scores the subduction choir as pore fluids ease the membrane once stress grazes Theta and rupture dawns."
  },
  "ethics": {
    "notes": "Derived from literature-informed synthetic sequences; intended for resilience planning exercises, not real-time hazard warnings.",
    "references": [
      "RepoPlan tectonic membrane vignette",
      "Scholz (2019) Mechanics of Earthquakes and Faulting"
    ]
  }
}