{
  "theta_estimate": {
    "value": 12.677728838580355,
    "ci95": [
      12.192177773346295,
      13.163279903814416
    ]
  },
  "beta_estimate": {
    "value": 0.8099742262185788,
    "ci95": [
      0.7263977789302415,
      0.8935506735069162
    ]
  },
  "logistic_model": {
    "r2": 0.9974833843617845,
    "aic": -121.98087991786045,
    "ss_res": 0.006089335767246429,
    "residual_mean": 0.009199940922853355,
    "residual_std": 0.01720303962876648
  },
  "null_models": {
    "linear": {
      "r2": 0.8606683183143022,
      "aic": -57.75780325106837,
      "ss_res": 0.3371342766513762,
      "slope": 0.07667247706422019,
      "intercept": -0.48450252293577983
    },
    "power_law": {
      "model": "sigma = A * R^k",
      "amplitude": 3.292081900332901e-06,
      "exponent": 4.431492667592993,
      "r2": 0.770145685870029,
      "aic": -49.74838882630352,
      "ss_res": 0.5561676066195106
    }
  },
  "falsification": {
    "logistic_beats_all_nulls": true,
    "comparisons": {
      "linear": {
        "delta_aic": 64.22307666679208,
        "delta_r2": 0.13681506604748228
      },
      "power_law": {
        "delta_aic": 72.23249109155694,
        "delta_r2": 0.22733769849175556
      }
    }
  },
  "membrane": {
    "theta": 12.677728838580355,
    "beta": 0.8099742262185788,
    "zeta_mean": 1.186570598415284,
    "flux_mean": 0.009199940922853355,
    "flux_std": 0.01720303962876648
  },
  "logistic_fit": {
    "sigma_hat": [
      0.000885266029808882,
      0.004457107264834378,
      0.022121405822710195,
      0.048389840484629756,
      0.10257904756813284,
      0.2044163553767634,
      0.27809515350567804,
      0.36610970097274825,
      0.46407307755303595,
      0.5648897997706628,
      0.74478809865195,
      0.8677236262862317,
      0.9364907460274552,
      0.9867563174362362,
      0.9973508160171751,
      0.9994745864662938
    ],
    "residuals": [
      0.0052147339701911185,
      -0.0034571072648343776,
      -0.014021405822710196,
      -0.018389840484629758,
      0.0022209524318671653,
      0.008483644623236614,
      0.026604846494321988,
      0.006690299027251767,
      0.03282692244696406,
      0.02691020022933721,
      0.03811190134805009,
      0.03717637371376836,
      0.003509253972544757,
      -0.005856317436236158,
      0.0016491839828248755,
      -0.00047458646629383594
    ]
  },
  "dataset": {
    "path": "data/biology/synaptic_release_threshold.csv",
    "control_parameter": "stimulation frequency (Hz)",
    "order_parameter": "probability of vesicle release",
    "measurements": [
      {
        "R": 4.0,
        "sigma": 0.0061,
        "logistic_fit": 0.000885266029808882
      },
      {
        "R": 6.0,
        "sigma": 0.001,
        "logistic_fit": 0.004457107264834378
      },
      {
        "R": 8.0,
        "sigma": 0.0081,
        "logistic_fit": 0.022121405822710195
      },
      {
        "R": 9.0,
        "sigma": 0.03,
        "logistic_fit": 0.048389840484629756
      },
      {
        "R": 10.0,
        "sigma": 0.1048,
        "logistic_fit": 0.10257904756813284
      },
      {
        "R": 11.0,
        "sigma": 0.2129,
        "logistic_fit": 0.2044163553767634
      },
      {
        "R": 11.5,
        "sigma": 0.3047,
        "logistic_fit": 0.27809515350567804
      },
      {
        "R": 12.0,
        "sigma": 0.3728,
        "logistic_fit": 0.36610970097274825
      },
      {
        "R": 12.5,
        "sigma": 0.4969,
        "logistic_fit": 0.46407307755303595
      },
      {
        "R": 13.0,
        "sigma": 0.5918,
        "logistic_fit": 0.5648897997706628
      },
      {
        "R": 14.0,
        "sigma": 0.7829,
        "logistic_fit": 0.74478809865195
      },
      {
        "R": 15.0,
        "sigma": 0.9049,
        "logistic_fit": 0.8677236262862317
      },
      {
        "R": 16.0,
        "sigma": 0.94,
        "logistic_fit": 0.9364907460274552
      },
      {
        "R": 18.0,
        "sigma": 0.9809,
        "logistic_fit": 0.9867563174362362
      },
      {
        "R": 20.0,
        "sigma": 0.999,
        "logistic_fit": 0.9973508160171751
      },
      {
        "R": 22.0,
        "sigma": 0.999,
        "logistic_fit": 0.9994745864662938
      }
    ]
  },
  "impedance": {
    "definition": "zeta(R) = 1.40 - 0.45 * sigma(beta(R-Theta))",
    "mean": 1.186570598415284,
    "std": 0.1725998323987829,
    "samples": [
      {
        "R": 4.0,
        "sigma": 0.000885266029808882,
        "zeta": 1.399601630286586
      },
      {
        "R": 6.0,
        "sigma": 0.004457107264834378,
        "zeta": 1.3979943017308245
      },
      {
        "R": 8.0,
        "sigma": 0.022121405822710195,
        "zeta": 1.3900453673797803
      },
      {
        "R": 9.0,
        "sigma": 0.048389840484629756,
        "zeta": 1.3782245717819166
      },
      {
        "R": 10.0,
        "sigma": 0.10257904756813284,
        "zeta": 1.35383942859434
      },
      {
        "R": 11.0,
        "sigma": 0.2044163553767634,
        "zeta": 1.3080126400804564
      },
      {
        "R": 11.5,
        "sigma": 0.27809515350567804,
        "zeta": 1.2748571809224447
      },
      {
        "R": 12.0,
        "sigma": 0.36610970097274825,
        "zeta": 1.2352506345622631
      },
      {
        "R": 12.5,
        "sigma": 0.46407307755303595,
        "zeta": 1.1911671151011338
      },
      {
        "R": 13.0,
        "sigma": 0.5648897997706628,
        "zeta": 1.1457995901032016
      },
      {
        "R": 14.0,
        "sigma": 0.74478809865195,
        "zeta": 1.0648453556066224
      },
      {
        "R": 15.0,
        "sigma": 0.8677236262862317,
        "zeta": 1.0095243681711956
      },
      {
        "R": 16.0,
        "sigma": 0.9364907460274552,
        "zeta": 0.9785791642876451
      },
      {
        "R": 18.0,
        "sigma": 0.9867563174362362,
        "zeta": 0.9559596571536937
      },
      {
        "R": 20.0,
        "sigma": 0.9973508160171751,
        "zeta": 0.9511921327922711
      },
      {
        "R": 22.0,
        "sigma": 0.9994745864662938,
        "zeta": 0.9502364360901676
      }
    ]
  },
  "tri_layer": {
    "formal": "Logistic fit with dual smooth null falsification (linear, power-law) via shared pipeline.",
    "empirical": "Synaptic release probabilities sampled across stimulation frequencies; JSON export for RepoPlan cross-links.",
    "metaphorical": "Describes the synaptic membrane relaxing from vigil to resonance as stimulation crosses Theta."
  }
}