{
  "theta_estimate": {
    "value": 0.02150266269691967,
    "ci95": [
      -0.056468920404552744,
      0.09947424579839208
    ]
  },
  "beta_estimate": {
    "value": 11.093055841939847,
    "ci95": [
      9.62068186110805,
      12.565429822771645
    ]
  },
  "logistic_model": {
    "r2": 0.9890972546652523,
    "aic": -367.72051631665977,
    "ss_res": 0.12233435398988735,
    "residual_mean": 0.012533235293370254,
    "residual_std": 0.04337999438580501
  },
  "null_models": {
    "linear": {
      "r2": 0.8957648407586648,
      "aic": -232.26242411351564,
      "ss_res": 1.1695715599429721,
      "slope": 0.6971871581766951,
      "intercept": 0.5019613603687155
    },
    "power_law": {
      "model": "sigma = A * R^k",
      "amplitude": 1.0546761510676537,
      "exponent": 0.15735501695415197,
      "r2": 0.9271221606918121,
      "aic": -199.70933358564778,
      "ss_res": 0.03373856486604722
    }
  },
  "falsification": {
    "logistic_beats_all_nulls": true,
    "comparisons": {
      "linear": {
        "delta_aic": 135.45809220314413,
        "delta_r2": 0.09333241390658753
      },
      "power_law": {
        "delta_aic": 168.01118273101198,
        "delta_r2": 0.061975093973440254
      }
    }
  },
  "membrane": {
    "theta": 0.0,
    "beta": 8.0,
    "zeta_mean": 1.0,
    "flux_mean": 0.4754367758261803,
    "flux_std": 0.1799563050471275
  },
  "threshold_crossing": {
    "crossed": true,
    "threshold_R": 0.02150266269691967,
    "crossing_index": 31,
    "crossing_time": 30.134328549559132,
    "crossing_R": 0.02150266269691967,
    "crossing_sigma": 0.5,
    "overshoot": 0.02934479493019906,
    "zeta_at_crossing": 1.0064486132419586,
    "driver_at_crossing": null,
    "interpolated": true
  },
  "logistic_fit": {
    "sigma_hat": [
      1.198807600865427e-05,
      1.7460528315066468e-05,
      2.5431043914792976e-05,
      3.703986670820748e-05,
      5.3947626370915785e-05,
      7.857274302246289e-05,
      0.00011443703761272845,
      0.00016666875407033072,
      0.00024273444918285298,
      0.0003535033752475332,
      0.0005147943309990533,
      0.0007496214001263858,
      0.0010914495208507958,
      0.0015889037576852169,
      0.002312559774851707,
      0.0033646895655387644,
      0.004893152096190976,
      0.007110988461273286,
      0.010323637262856015,
      0.014965840057150294,
      0.021649825675222455,
      0.03122436073562311,
      0.044839126077808725,
      0.06399817366701015,
      0.09056735665367065,
      0.12667408355819298,
      0.1744148850315773,
      0.23530046569429616,
      0.30947306377214356,
      0.3949509059052619,
      0.48737459875304984,
      0.5806697660062836,
      0.6685333850618439,
      0.7460385956061321,
      0.8105565922583367,
      0.8617220062597994,
      0.9007604212553372,
      0.9296769932618167,
      0.9506296253436526,
      0.9655706467894192,
      0.9761037087369252,
      0.983469530809186,
      0.988591439563585,
      0.9921390276889405,
      0.9945895008390518,
      0.9962789615821416,
      0.9974422347718959,
      0.9982424863520345,
      0.9987926651649606,
      0.9991707569642455,
      0.9994305121630247,
      0.9996089325153451,
      0.999731468849058,
      0.9998156169657846,
      0.9998733993933312,
      0.999913075390049,
      0.9999403178701007,
      0.9999590228104868,
      0.9999718656117141,
      0.9999806833844036
    ],
    "residuals": [
      -1.198807600865427e-05,
      -1.7460528315066468e-05,
      0.013940638236602848,
      -3.703986670820748e-05,
      -5.3947626370915785e-05,
      -7.857274302246289e-05,
      0.023609318197859757,
      0.006125360717780361,
      0.029811570436671934,
      -0.0003535033752475332,
      0.012474886753532411,
      0.00011394030692063201,
      -0.0010914495208507958,
      0.012584248246780696,
      -0.002312559774851707,
      0.008765720112129194,
      0.034100863482025574,
      0.026654393343323455,
      0.02381532127773694,
      0.08363645248756689,
      0.05019489514762754,
      0.04774156862946782,
      0.07404169810252056,
      0.07199684473363914,
      0.08542344371217932,
      0.09419856352073688,
      0.14514551316188976,
      0.10186665617141835,
      0.09372273034060635,
      0.08468665479653431,
      0.08680944029972432,
      0.015172135760842309,
      -0.017726299863935147,
      0.024398866652957096,
      -0.06762604746405387,
      -0.05275865129851198,
      -0.033873784612490465,
      0.00030576501231593944,
      -0.06033040794550604,
      -0.08480681913796329,
      -0.017683743841707567,
      -0.036247313254092695,
      -0.028955678956703923,
      -0.007974994051070161,
      -0.009339576035591435,
      -0.005183619665274808,
      -0.017331475468810087,
      0.001757513647965503,
      0.0012073348350394308,
      -0.0035566217737161843,
      -0.012305300712221356,
      0.0003910674846548945,
      0.00026853115094205293,
      -0.022327955621933238,
      -0.010378061907240776,
      8.692460995096685e-05,
      -0.0026218881043207354,
      -0.0071118035949684355,
      2.81343882858609e-05,
      -0.0009863133345263675
    ]
  },
  "results": {
    "t": [
      0,
      1,
      2,
      3,
      4,
      5,
      6,
      7,
      8,
      9,
      10,
      11,
      12,
      13,
      14,
      15,
      16,
      17,
      18,
      19,
      20,
      21,
      22,
      23,
      24,
      25,
      26,
      27,
      28,
      29,
      30,
      31,
      32,
      33,
      34,
      35,
      36,
      37,
      38,
      39,
      40,
      41,
      42,
      43,
      44,
      45,
      46,
      47,
      48,
      49,
      50,
      51,
      52,
      53,
      54,
      55,
      56,
      57,
      58,
      59
    ],
    "R": [
      -1.0,
      -0.9661016949152542,
      -0.9322033898305084,
      -0.8983050847457628,
      -0.864406779661017,
      -0.8305084745762712,
      -0.7966101694915254,
      -0.7627118644067796,
      -0.728813559322034,
      -0.6949152542372881,
      -0.6610169491525424,
      -0.6271186440677966,
      -0.5932203389830508,
      -0.5593220338983051,
      -0.5254237288135593,
      -0.4915254237288136,
      -0.4576271186440678,
      -0.423728813559322,
      -0.38983050847457623,
      -0.35593220338983056,
      -0.3220338983050848,
      -0.288135593220339,
      -0.2542372881355932,
      -0.22033898305084743,
      -0.18644067796610164,
      -0.15254237288135597,
      -0.11864406779661019,
      -0.0847457627118644,
      -0.05084745762711862,
      -0.016949152542372836,
      0.016949152542372836,
      0.05084745762711873,
      0.0847457627118644,
      0.11864406779661008,
      0.15254237288135597,
      0.18644067796610164,
      0.22033898305084754,
      0.2542372881355932,
      0.2881355932203389,
      0.3220338983050848,
      0.35593220338983045,
      0.38983050847457634,
      0.423728813559322,
      0.4576271186440677,
      0.4915254237288136,
      0.5254237288135593,
      0.5593220338983051,
      0.5932203389830508,
      0.6271186440677967,
      0.6610169491525424,
      0.6949152542372881,
      0.728813559322034,
      0.7627118644067796,
      0.7966101694915255,
      0.8305084745762712,
      0.8644067796610169,
      0.8983050847457628,
      0.9322033898305084,
      0.9661016949152543,
      1.0
    ],