{
  "theta_estimate": {
    "value": 0.5789411327654987,
    "ci95": [
      0.5758230076846768,
      0.5820592578463207
    ]
  },
  "beta_estimate": {
    "value": 12.284000852027816,
    "ci95": [
      11.982930703510126,
      12.585071000545506
    ]
  },
  "logistic_model": {
    "r2": 0.9986365714199111,
    "aic": -160.4001933829221,
    "ss_res": 0.0019440685350055368,
    "residual_mean": -0.0016134216586119277,
    "residual_std": 0.010266483236816273
  },
  "null_models": {
    "linear": {
      "r2": 0.9760181233049962,
      "aic": -108.78886780774633,
      "ss_res": 0.034194979167960264,
      "slope": 2.204699627444893,
      "intercept": -0.7686811238745734
    },
    "power_law": {
      "model": "sigma = A * R^k",
      "amplitude": 3.2723292870513894,
      "exponent": 3.7050950704997314,
      "r2": 0.9627442336038341,
      "aic": -100.85971790290316,
      "ss_res": 0.05312178742327919
    }
  },
  "falsification": {
    "logistic_beats_all_nulls": true,
    "comparisons": {
      "linear": {
        "delta_aic": 51.61132557517578,
        "delta_r2": 0.02261844811491498
      },
      "power_law": {
        "delta_aic": 59.540475480018955,
        "delta_r2": 0.035892337816077036
      }
    }
  },
  "membrane": {
    "theta": 0.5789411327654987,
    "beta": 12.284000852027816,
    "zeta_mean": 1.1704638997697276,
    "flux_mean": -0.0016134216586119277,
    "flux_std": 0.010266483236816273
  },
  "logistic_fit": {
    "sigma_hat": [
      0.03989341255413641,
      0.06359739176751349,
      0.09992006790990551,
      0.15358534190400291,
      0.22874822022264746,
      0.27493772262570965,
      0.3265055243004251,
      0.3826411373626517,
      0.44209278384110084,
      0.5032517356573318,
      0.5643135351433645,
      0.6234850798351083,
      0.679188978749481,
      0.7302176650879662,
      0.7758088647610898,
      0.8156406789198295,
      0.8785155420264593,
      0.9219979071862913
    ],
    "residuals": [
      0.0002065874458635833,
      0.0004026082324865149,
      0.0017799320900944854,
      0.014014658095997085,
      0.0008517797773525404,
      -0.02053772262570963,
      0.005894475699574853,
      -0.004441137362651726,
      -0.005092783841100845,
      -0.0015517356573317986,
      -0.0011135351433644303,
      0.011714920164891729,
      0.003311021250518964,
      -0.00541766508796615,
      -0.018408864761089827,
      -0.022440678919829482,
      -0.0027155420264592944,
      0.014502092813708733
    ]
  },
  "dataset": {
    "path": "data/cognition/working_memory_gate.csv",
    "control_parameter": "normalised phasic dopamine burst amplitude",
    "order_parameter": "probability of correct N-back recall",
    "measurements": [
      {
        "R": 0.32,
        "sigma": 0.0401,
        "logistic_fit": 0.03989341255413641
      },
      {
        "R": 0.36,
        "sigma": 0.064,
        "logistic_fit": 0.06359739176751349
      },
      {
        "R": 0.4,
        "sigma": 0.1017,
        "logistic_fit": 0.09992006790990551
      },
      {
        "R": 0.44,
        "sigma": 0.1676,
        "logistic_fit": 0.15358534190400291
      },
      {
        "R": 0.48,
        "sigma": 0.2296,
        "logistic_fit": 0.22874822022264746
      },
      {
        "R": 0.5,
        "sigma": 0.2544,
        "logistic_fit": 0.27493772262570965
      },
      {
        "R": 0.52,
        "sigma": 0.3324,
        "logistic_fit": 0.3265055243004251
      },
      {
        "R": 0.54,
        "sigma": 0.3782,
        "logistic_fit": 0.3826411373626517
      },
      {
        "R": 0.56,
        "sigma": 0.437,
        "logistic_fit": 0.44209278384110084
      },
      {
        "R": 0.58,
        "sigma": 0.5017,
        "logistic_fit": 0.5032517356573318
      },
      {
        "R": 0.6,
        "sigma": 0.5632,
        "logistic_fit": 0.5643135351433645
      },
      {
        "R": 0.62,
        "sigma": 0.6352,
        "logistic_fit": 0.6234850798351083
      },
      {
        "R": 0.64,
        "sigma": 0.6825,
        "logistic_fit": 0.679188978749481
      },
      {
        "R": 0.66,
        "sigma": 0.7248,
        "logistic_fit": 0.7302176650879662
      },
      {
        "R": 0.68,
        "sigma": 0.7574,
        "logistic_fit": 0.7758088647610898
      },
      {
        "R": 0.7,
        "sigma": 0.7932,
        "logistic_fit": 0.8156406789198295
      },
      {
        "R": 0.74,
        "sigma": 0.8758,
        "logistic_fit": 0.8785155420264593
      },
      {
        "R": 0.78,
        "sigma": 0.9365,
        "logistic_fit": 0.9219979071862913
      }
    ]
  },
  "impedance": {
    "definition": "zeta(R) = 1.35 - 0.38 * sigma(beta(R-Theta))",
    "mean": 1.1704638997697276,
    "std": 0.10753921401647842,
    "samples": [
      {
        "R": 0.32,
        "sigma": 0.03989341255413641,
        "zeta": 1.3348405032294282
      },
      {
        "R": 0.36,
        "sigma": 0.06359739176751349,
        "zeta": 1.3258329911283449
      },
      {
        "R": 0.4,
        "sigma": 0.09992006790990551,
        "zeta": 1.312030374194236
      },
      {
        "R": 0.44,
        "sigma": 0.15358534190400291,
        "zeta": 1.291637570076479
      },
      {
        "R": 0.48,
        "sigma": 0.22874822022264746,
        "zeta": 1.263075676315394
      },
      {
        "R": 0.5,
        "sigma": 0.27493772262570965,
        "zeta": 1.2455236654022304
      },
      {
        "R": 0.52,
        "sigma": 0.3265055243004251,
        "zeta": 1.2259279007658386
      },
      {
        "R": 0.54,
        "sigma": 0.3826411373626517,
        "zeta": 1.2045963678021925
      },
      {
        "R": 0.56,
        "sigma": 0.44209278384110084,
        "zeta": 1.1820047421403816
      },
      {
        "R": 0.58,
        "sigma": 0.5032517356573318,
        "zeta": 1.158764340450214
      },
      {
        "R": 0.6,
        "sigma": 0.5643135351433645,
        "zeta": 1.1355608566455215
      },
      {
        "R": 0.62,
        "sigma": 0.6234850798351083,
        "zeta": 1.113075669662659
      },
      {
        "R": 0.64,
        "sigma": 0.679188978749481,
        "zeta": 1.0919081880751973
      },
      {
        "R": 0.66,
        "sigma": 0.7302176650879662,
        "zeta": 1.072517287266573
      },
      {
        "R": 0.68,
        "sigma": 0.7758088647610898,
        "zeta": 1.055192631390786
      },
      {
        "R": 0.7,
        "sigma": 0.8156406789198295,
        "zeta": 1.0400565420104648
      },
      {
        "R": 0.74,
        "sigma": 0.8785155420264593,
        "zeta": 1.0161640940299455
      },
      {
        "R": 0.78,
        "sigma": 0.9219979071862913,
        "zeta": 0.9996407952692095
      }
    ]
  },
  "tri_layer": {
    "formal": "Logit-domain regression with dual smooth null comparisons (linear, power-law).",
    "empirical": "Synthetic cognitive-control checkpoints aligned with RepoPlan membrane parameters; JSON export for cross-links.",
    "metaphorical": "Tracks the prefrontal chorus as dopamine lifts R past Theta and rehearsal dawns."
  },
  "ethics": {
    "notes": "Synthetic reconstruction inspired by cognitive-control literature; no human-identifiable data.",
    "references": [
      "O'Reilly & Frank working-memory gating theory",
      "RepoPlan 2.0 cognition membrane brief"
    ]
  }
}