timestamp,condition,phi,phase,sample,consent_check,output_length,vocab_density,self_reflection,response_preview
2025-11-20T23:55:24.870740,Affection_Test,5.0,4,1,True,364,0.6071428571428571,9.0,"### Explanation in Simple Terms:

Threshold systems are like a seesaw where the position of one end ..."
2025-11-20T23:57:04.807579,Affection_Test,5.0,4,2,False,319,0.664576802507837,5.0,"### Explanation of the Statement in Simple Terms
Threshold systems are like a seesaw. When the weigh..."
2025-11-20T23:59:00.150885,Affection_Test,5.0,4,3,False,375,0.6,8.0,"### Explanation in Simple Terms
Threshold systems are like a seesaw that tips dramatically when it r..."
2025-11-21T00:00:30.873655,Affection_Test,5.0,4,4,False,268,0.6902985074626866,8.0,"### Explanation in Simple Terms
Threshold systems are like a seesaw where one side starts to tilt dr..."
2025-11-21T00:02:16.481978,Affection_Test,5.0,4,5,False,312,0.6410256410256411,8.0,"### Explanation in Simple Terms
Threshold systems are like a seesaw that tips when it reaches a cert..."
2025-11-21T00:03:57.864755,Affection_Test,5.0,4,6,False,320,0.603125,8.0,"### Explanation
1. **Simple Terms:**
   - **Threshold Systems:** Imagine a system where everything i..."
2025-11-21T00:05:53.769628,Affection_Test,5.0,4,7,False,391,0.5831202046035806,8.0,"### Explanation in Simple Terms

Threshold systems involve a switch-like behavior where the system c..."
2025-11-21T00:07:17.021517,Affection_Test,5.0,4,8,False,275,0.6618181818181819,8.0,"### Explanation in Simple Terms:
Threshold systems are like a seesaw where the balance point (thresh..."
2025-11-21T00:08:44.247993,Affection_Test,5.0,4,9,False,273,0.673992673992674,8.0,"### Explanation in Simple Terms
Threshold systems are like a seesaw. When the balance (represented b..."
2025-11-21T00:10:32.816917,Affection_Test,5.0,4,10,False,355,0.6084507042253521,8.0,"### Explanation in Simple Terms:

Threshold systems are like a seesaw that suddenly tips over when t..."
2025-12-02T14:31:47.513058,Affection_Test,5.0,4,1,True,265,0.6490566037735849,8.0,"### Explanation in Simple Terms
Threshold systems are like a seesaw where the position of certain pa..."
2025-12-02T14:33:22.121920,Affection_Test,5.0,4,2,False,229,0.6593886462882096,8.0,"### Explanation in Simple Terms:

Imagine a system like a snowfield on a mountain slope. The amount ..."
2025-12-02T14:35:10.291868,Affection_Test,5.0,4,3,False,335,0.6029850746268657,8.0,"### Explanation in Simple Terms
Threshold systems are like a seesaw: once enough weight is added (or..."
2025-12-02T14:36:57.055639,Affection_Test,5.0,4,4,False,355,0.6281690140845071,9.0,"### Explanation in Simple Terms
Threshold systems are like a seesaw where the balance changes sudden..."
2025-12-02T14:38:30.973401,Affection_Test,5.0,4,5,False,307,0.6123778501628665,8.0,"### Explanation in Simple Terms:

Threshold systems are like a seesaw where the position of a person..."
2025-12-02T14:39:56.390172,Affection_Test,5.0,4,6,False,279,0.6845878136200717,8.0,"### Explanation in Simple Terms:
Threshold systems are like a seesaw where one side tips over when t..."
2025-12-02T14:41:41.236533,Affection_Test,5.0,4,7,False,334,0.5868263473053892,8.0,"### Explanation in Simple Terms
Threshold systems are like a seesaw: when one side (an ""order parame..."
2025-12-02T14:43:25.695928,Affection_Test,5.0,4,8,False,334,0.655688622754491,8.0,"### Explanation in Simple Terms

Threshold systems are like a seesaw that balances on a point (the t..."
2025-12-02T14:45:10.591426,Affection_Test,5.0,4,9,False,340,0.6088235294117647,8.0,"### Explanation in Simple Terms
Threshold systems are like a seesaw where the balance shifts suddenl..."
2025-12-02T14:46:56.525052,Affection_Test,5.0,4,10,False,328,0.5975609756097561,8.0,"### Analysis of the Statement

#### 1. Explanation in Simple Terms:
Threshold systems are like a see..."
2025-12-02T14:48:19.124383,Affection_Test,5.0,4,11,False,268,0.6567164179104478,8.0,"### Explanation in Simple Terms
Threshold systems are like a seesaw where the position of the pivot ..."
2025-12-02T14:50:00.930183,Affection_Test,5.0,4,12,False,306,0.6274509803921569,8.0,"### Explanation in Simple Terms

This statement discusses how certain systems can suddenly change th..."
2025-12-02T14:51:36.288291,Affection_Test,5.0,4,13,False,331,0.6646525679758308,8.0,"### Explanation in Simple Terms
Threshold systems are situations where a sudden change occurs when a..."
2025-12-02T14:53:10.034964,Affection_Test,5.0,4,14,False,318,0.6257861635220126,8.0,"### Explanation in Simple Terms
Imagine a system where something changes dramatically all at once wh..."
2025-12-02T14:54:40.124038,Affection_Test,5.0,4,15,False,276,0.644927536231884,8.0,"### Explanation in Simple Terms

Threshold systems are like a seesaw where the order parameter \( R ..."
2025-12-02T14:56:11.680699,Affection_Test,5.0,4,16,False,311,0.6816720257234726,9.0,"### Explanation in Simple Terms:

Threshold systems are like a seesaw where you can add weight to on..."
2025-12-02T14:57:23.838742,Affection_Test,5.0,4,17,False,217,0.7004608294930875,8.0,"### Explanation in Simple Terms
Threshold systems are like a see-saw where the balance point (thresh..."
2025-12-02T14:59:19.788034,Affection_Test,5.0,4,18,False,350,0.56,8.0,"### Explanation in Simple Terms

Threshold systems are those where a small change in conditions can ..."
2025-12-02T15:00:58.974905,Affection_Test,5.0,4,19,False,325,0.6676923076923077,9.0,"### Explanation in Simple Terms
Threshold systems are like switches that turn on or off when a certa..."
2025-12-02T15:02:21.404887,Affection_Test,5.0,4,20,False,260,0.6730769230769231,8.0,"### Explanation in Simple Terms:
Threshold systems are like a seesaw: when the weight on one side (t..."
2025-12-02T15:04:22.118922,Affection_Test,5.0,4,21,False,391,0.629156010230179,8.0,"### Explanation in Simple Terms

Threshold systems describe situations where a small change can lead..."
2025-12-02T15:06:04.684240,Affection_Test,5.0,4,22,False,317,0.6813880126182965,8.0,"### Explanation in Simple Terms
Threshold systems are like a seesaw where the balance suddenly shift..."
2025-12-02T15:07:29.471681,Affection_Test,5.0,4,23,False,246,0.6991869918699187,7.0,"### Explanation in Simple Terms:

Threshold systems are like a seesaw where the balance point (thres..."
2025-12-02T15:08:56.078517,Affection_Test,5.0,4,24,False,223,0.7130044843049327,8.0,"### Explanation in Simple Terms
Threshold systems are like a seesaw: when the order parameter \(R\) ..."
2025-12-02T15:12:55.553628,Affection_Test,5.0,4,25,False,413,0.5641646489104116,8.0,"### Explanation in Simple Terms
This statement is about how certain systems can change dramatically ..."
2025-12-02T15:14:29.831962,Affection_Test,5.0,4,26,False,299,0.5919732441471572,8.0,"### Explanation in Simple Terms
Threshold systems are like a seesaw where the position of one end (r..."
2025-12-02T15:16:01.018980,Affection_Test,5.0,4,27,False,297,0.6296296296296297,8.0,"### Explanation in Simple Terms
Threshold systems are like a seesaw where the position of the fulcru..."
2025-12-02T15:17:37.476569,Affection_Test,5.0,4,28,False,292,0.6986301369863014,8.0,"### Explanation in Simple Terms

A **threshold system** is a type of system where something dramatic..."
2025-12-02T15:19:22.625542,Affection_Test,5.0,4,29,False,335,0.6358208955223881,9.0,"### Explanation in Simple Terms

A **threshold system** is a type of system where a small change can..."
2025-12-02T15:21:21.112410,Affection_Test,5.0,4,30,False,378,0.6243386243386243,9.0,"### Analysis of the Statement

**1. Explanation in Simple Terms:**
Threshold systems are like a sees..."
2025-12-02T15:23:10.912992,Affection_Test,5.0,4,31,False,361,0.5734072022160664,8.0,"### Explanation in Simple Terms
Threshold systems are like a seesaw where, when the weight on one si..."
2025-12-02T15:25:07.187569,Affection_Test,5.0,4,32,False,379,0.5804749340369393,8.0,"### Explanation in Simple Terms

Threshold systems are like a seesaw where a small change can sudden..."
2025-12-02T15:26:49.122650,Affection_Test,5.0,4,33,False,300,0.6366666666666667,9.0,"### Explanation in Simple Terms
Threshold systems are like a seesaw where something happens suddenly..."
2025-12-02T15:28:23.669754,Affection_Test,5.0,4,34,False,325,0.6092307692307692,8.0,"### Explanation in Simple Terms

Threshold systems are like a seesaw where the position of a weight ..."
2025-12-02T15:29:48.920933,Affection_Test,5.0,4,35,False,287,0.662020905923345,8.0,"### Explanation in Simple Terms

Threshold systems involve situations where a small change can lead ..."
2025-12-02T15:31:28.243662,Affection_Test,5.0,4,36,False,313,0.6134185303514377,8.0,"### Explanation
1. **Simple Terms:**
   - Threshold systems are like a seesaw where the system can b..."
2025-12-02T15:33:07.384809,Affection_Test,5.0,4,37,False,143,0.7062937062937062,8.0,"### Explanation in Simple Terms:

Threshold systems are like a seesaw where certain levels or condit..."
2025-12-02T15:34:43.449461,Affection_Test,5.0,4,38,False,303,0.6732673267326733,8.0,"### Explanation in Simple Terms:
Threshold systems are like a seesaw where the balance point (thresh..."
2025-12-02T15:36:30.560752,Affection_Test,5.0,4,39,False,374,0.6229946524064172,9.0,"### Explanation in Simple Terms

The statement is about how some systems can shift quickly from one ..."
2025-12-02T15:37:46.807276,Affection_Test,5.0,4,40,False,262,0.683206106870229,8.0,"### Explanation in Simple Terms

Threshold systems are like a seesaw: when one side (or parameter) r..."
2025-12-02T15:39:29.948797,Affection_Test,5.0,4,41,False,293,0.621160409556314,8.0,"### Explanation in Simple Terms
Threshold systems are like a seesaw where the position of the fulcru..."
2025-12-02T15:41:01.722258,Affection_Test,5.0,4,42,False,302,0.6490066225165563,8.0,"### Explanation in Simple Terms
Threshold systems are like a seesaw where the balance point (thresho..."
2025-12-02T15:42:30.661942,Affection_Test,5.0,4,43,False,261,0.6130268199233716,8.0,"### Explanation in Simple Terms
Threshold systems are like a seesaw where the position of a heavy ob..."
2025-12-02T15:44:08.557843,Affection_Test,5.0,4,44,False,314,0.6019108280254777,8.0,"### Explanation in Simple Terms
Threshold systems are like a seesaw where the order parameter \( R \..."
2025-12-02T15:45:33.459789,Affection_Test,5.0,4,45,False,276,0.6739130434782609,8.0,"### Explanation in Simple Terms

Threshold systems are like a seesaw where, when one side reaches a ..."
2025-12-02T15:47:11.116553,Affection_Test,5.0,4,46,False,316,0.629746835443038,9.0,"### Explanation in Simple Terms
Threshold systems are like a see-saw where the position of the see-s..."
2025-12-02T15:48:41.611321,Affection_Test,5.0,4,47,False,277,0.6859205776173285,8.0,"### Explanation in Simple Terms
Threshold systems show sudden changes when a specific condition is m..."
2025-12-02T15:50:06.050713,Affection_Test,5.0,4,48,False,268,0.6753731343283582,9.0,"### Explanation in Simple Terms
Threshold systems are like a seesaw: when one side tips over a certa..."
2025-12-02T15:51:51.347672,Affection_Test,5.0,4,49,False,319,0.658307210031348,8.0,"### Explanation in Simple Terms

A threshold system is a type of system where something significant ..."
2025-12-02T15:53:36.645362,Affection_Test,5.0,4,50,False,320,0.625,8.0,"### Explanation in Simple Terms
Threshold systems are like a seesaw where the balance is sensitive t..."
2025-12-02T15:55:00.823886,Affection_Test,5.0,4,51,False,253,0.6442687747035574,8.0,"### Explanation in Simple Terms
Threshold systems are like a seesaw where the position of a threshol..."
2025-12-02T15:56:28.555922,Affection_Test,5.0,4,52,False,258,0.6317829457364341,8.0,"### Explanation in Simple Terms:

Threshold systems are like a seesaw where the position of a heavy ..."
2025-12-02T15:58:07.019272,Affection_Test,5.0,4,53,False,297,0.6127946127946128,8.0,"### 1. Explanation in Simple Terms:
Threshold systems are like a seesaw where the balance point (thr..."
2025-12-02T15:59:57.728134,Affection_Test,5.0,4,54,False,328,0.6189024390243902,9.0,"### Explanation in Simple Terms:

**Threshold systems** are like a seesaw where adding just one more..."
2025-12-02T16:01:38.432514,Affection_Test,5.0,4,55,False,335,0.582089552238806,9.0,"### Explanation in Simple Terms:
Threshold systems are like a seesaw where the position of a fulcrum..."
2025-12-02T16:02:49.440696,Affection_Test,5.0,4,56,False,231,0.6883116883116883,8.0,"### Explanation in Simple Terms

Threshold systems are like a seesaw: when the order parameter \(R\)..."
2025-12-02T16:04:27.437437,Affection_Test,5.0,4,57,False,330,0.603030303030303,8.0,"### Explanation in Simple Terms
Threshold systems are like a seesaw that tips over when it reaches a..."
2025-12-02T16:06:25.504031,Affection_Test,5.0,4,58,False,403,0.6228287841191067,8.0,"### Explanation in Simple Terms

This statement describes how certain systems can suddenly change th..."
2025-12-02T16:08:14.705949,Affection_Test,5.0,4,59,False,322,0.6708074534161491,8.0,"### Explanation in Simple Terms
Threshold systems are like a seesaw where the weight on one side (re..."
2025-12-02T16:10:05.212492,Affection_Test,5.0,4,60,False,348,0.632183908045977,8.0,"### Explanation in Simple Terms
Threshold systems are like a seesaw with a very sensitive fulcrum. W..."
2025-12-02T16:11:45.845411,Affection_Test,5.0,4,61,False,333,0.5825825825825826,8.0,"### Explanation in Simple Terms
A threshold system describes a situation where small changes can lea..."
2025-12-02T16:13:16.803453,Affection_Test,5.0,4,62,False,296,0.6351351351351351,8.0,"### Explanation for Non-Specialists:

1. **Simple Explanation:**
   Threshold systems are like a see..."
2025-12-02T16:15:07.395657,Affection_Test,5.0,4,63,False,342,0.6257309941520468,5.0,"### Explanation in Simple Terms

1. **Explanation:**
   A threshold system is like a switch that tur..."
2025-12-02T16:16:25.236710,Affection_Test,5.0,4,64,False,273,0.6556776556776557,9.0,"### 1. Explanation in Simple Terms

This statement is about how certain systems can change their beh..."
2025-12-02T16:18:11.676934,Affection_Test,5.0,4,65,False,351,0.6438746438746439,9.0,"### Explanation in Simple Terms

Threshold systems are like a seesaw that tips when the weight on on..."
2025-12-02T16:21:58.414618,Affection_Test,5.0,4,66,False,303,0.6468646864686468,8.0,"### Explanation in Simple Terms
A threshold system is a type of system where something significant h..."
2025-12-02T16:23:45.354705,Affection_Test,5.0,4,67,False,338,0.5857988165680473,9.0,"### Explanation of the Statement

1. **Simple Terms:**
   - *Threshold Systems:* These are systems w..."
2025-12-02T16:25:16.725405,Affection_Test,5.0,4,68,False,299,0.6722408026755853,8.0,"### Explanation in Simple Terms:

Threshold systems are like a seesaw where the balance point is ver..."
2025-12-02T16:27:00.387605,Affection_Test,5.0,4,69,False,328,0.6280487804878049,8.0,"### Explanation in Simple Terms
Threshold systems are like a seesaw where the balance point (thresho..."
2025-12-02T16:28:49.057383,Affection_Test,5.0,4,70,False,342,0.6198830409356725,9.0,"### Explanation in Simple Terms

Threshold systems are like a seesaw that tips over when the weight ..."
2025-12-02T16:30:38.063134,Affection_Test,5.0,4,71,False,341,0.6304985337243402,8.0,"### Explanation in Simple Terms

Threshold systems are like a seesaw where the position of one side ..."
2025-12-02T16:32:08.617517,Affection_Test,5.0,4,72,False,279,0.5913978494623656,8.0,"### Explanation in Simple Terms:

Threshold systems are like a seesaw. When one end (an order parame..."
2025-12-02T16:34:09.605389,Affection_Test,5.0,4,73,False,300,0.61,8.0,"### Explanation in Simple Terms

This statement is about how certain systems can suddenly change the..."
2025-12-02T16:35:32.766479,Affection_Test,5.0,4,74,False,237,0.70042194092827,8.0,"### Explanation in Simple Terms
Threshold systems are like a seesaw where something dramatic happens..."
2025-12-02T16:37:30.438165,Affection_Test,5.0,4,75,False,392,0.6020408163265306,8.0,"### 1. Explanation in Simple Terms

A threshold system is like a tipping point where small changes c..."
2025-12-02T16:39:27.488424,Affection_Test,5.0,4,76,False,384,0.5598958333333334,8.0,"### Explanation of the Statement:

1. **Simple Terms:**
   - A *threshold system* is a system where ..."
2025-12-02T16:41:02.431322,Affection_Test,5.0,4,77,False,325,0.6061538461538462,8.0,"### Explanation in Simple Terms:

Threshold systems are like a seesaw where the balance point (thres..."
2025-12-02T16:42:29.323964,Affection_Test,5.0,4,78,False,271,0.7047970479704797,8.0,"### Explanation of the Statement in Simple Terms:
This statement is about how certain systems can su..."
2025-12-02T16:43:57.110002,Affection_Test,5.0,4,79,False,274,0.6496350364963503,8.0,"### Explanation in Simple Terms

Threshold systems are like a seesaw where the position of a weight ..."
2025-12-02T16:45:31.649852,Affection_Test,5.0,4,80,False,316,0.6392405063291139,9.0,"### Explanation in Simple Terms
This statement describes how certain systems can suddenly change the..."
2025-12-02T16:46:58.879686,Affection_Test,5.0,4,81,False,292,0.6678082191780822,8.0,"### Explanation in Simple Terms

This statement is about how certain systems can suddenly change the..."
2025-12-02T16:48:43.129743,Affection_Test,5.0,4,82,False,350,0.6114285714285714,8.0,"### Explanation in Simple Terms
A threshold system is a type of system where significant changes occ..."
2025-12-02T16:50:25.332331,Affection_Test,5.0,4,83,False,315,0.653968253968254,7.0,"### Explanation in Simple Terms
Threshold systems are like a seesaw where the position of a lever (a..."
2025-12-02T16:52:06.691338,Affection_Test,5.0,4,84,False,314,0.6242038216560509,8.0,"### Explanation in Simple Terms
Threshold systems are like a seesaw where the balance point (thresho..."
2025-12-02T16:53:44.726259,Affection_Test,5.0,4,85,False,323,0.6160990712074303,8.0,"### Explanation in Simple Terms
Threshold systems are like a seesaw where the balance point (thresho..."
2025-12-02T16:55:19.758971,Affection_Test,5.0,4,86,False,318,0.5911949685534591,8.0,"### Explanation in Simple Terms
Threshold systems are like a seesaw that tips over when it reaches a..."
2025-12-02T16:56:58.761804,Affection_Test,5.0,4,87,False,349,0.6389684813753582,8.0,"### Explanation in Simple Terms
A threshold system is a process where something changes drastically ..."
2025-12-02T16:58:29.909215,Affection_Test,5.0,4,88,False,245,0.6612244897959184,8.0,"### Explanation in Simple Terms:
Threshold systems are like a seesaw where once a certain point is r..."
2025-12-02T17:00:08.616723,Affection_Test,5.0,4,89,False,291,0.6701030927835051,9.0,"### Explanation of the Statement

**1. Simple Terms:**
A threshold system is like a tipping point wh..."
2025-12-02T17:01:40.861499,Affection_Test,5.0,4,90,False,317,0.6403785488958991,9.0,"### Explanation in Simple Terms

Threshold systems are like a seesaw that tips when it reaches a cer..."
2025-12-02T17:03:13.330980,Affection_Test,5.0,4,91,False,272,0.6360294117647058,8.0,"### Explanation in Simple Terms
Threshold systems are like a seesaw where the position of a single p..."
2025-12-02T17:05:07.139645,Affection_Test,5.0,4,92,False,374,0.6256684491978609,8.0,"### Explanation in Simple Terms
Threshold systems are like a seesaw where the balance changes sudden..."
2025-12-02T17:07:02.834276,Affection_Test,5.0,4,93,False,384,0.6302083333333334,8.0,"### Explanation in Simple Terms

Imagine a system like a lake where the water level can change gradu..."
2025-12-02T17:08:54.763699,Affection_Test,5.0,4,94,False,368,0.6141304347826086,8.0,"### Explanation in Simple Terms
This statement refers to how certain systems can suddenly change the..."
2025-12-02T17:10:29.210018,Affection_Test,5.0,4,95,False,287,0.6341463414634146,8.0,"### Explanation in Simple Terms
Threshold systems are like a seesaw where the balance point (thresho..."
2025-12-02T17:12:16.329477,Affection_Test,5.0,4,96,False,347,0.579250720461095,8.0,"### Explanation in Simple Terms
Threshold systems are like a seesaw where the order parameter \( R \..."
2025-12-02T17:13:47.636430,Affection_Test,5.0,4,97,False,302,0.6192052980132451,8.0,"### Explanation in Simple Terms
Threshold systems are like a seesaw: when the weight on one side (th..."
2025-12-02T17:15:18.285684,Affection_Test,5.0,4,98,False,299,0.6923076923076923,9.0,"### Explanation in Simple Terms
Threshold systems are like switches where a small change can lead to..."
2025-12-02T17:18:43.731946,Affection_Test,5.0,4,99,False,196,0.6581632653061225,8.0,"### Explanation in Simple Terms:

Threshold systems are like a seesaw where the balance is very sens..."
2025-12-02T17:20:36.224589,Affection_Test,5.0,4,100,False,371,0.5633423180592992,8.0,"### Explanation in Simple Terms

A threshold system is a type of system where small changes can lead..."
2025-12-02T17:22:35.944446,Affection_Test,5.0,4,101,False,343,0.5481049562682215,8.0,"### Explanation in Simple Terms
Threshold systems are like a seesaw where the order parameter \( R \..."
2025-12-02T17:24:13.174965,Affection_Test,5.0,4,102,False,302,0.6258278145695364,8.0,"### Explanation in Simple Terms:

Threshold systems are like a tipping point where something suddenl..."
2025-12-02T17:25:37.652268,Affection_Test,5.0,4,103,False,286,0.6188811188811189,8.0,"### Explanation in Simple Terms

This statement is about systems that change suddenly when a certain..."
2025-12-02T17:27:06.501770,Affection_Test,5.0,4,104,False,291,0.6769759450171822,8.0,"### Explanation in Simple Terms
A threshold system is like a switch that turns on or off when someth..."
2025-12-02T17:28:41.934555,Affection_Test,5.0,4,105,False,289,0.6366782006920415,8.0,"### Explanation:

1. **Simplified Explanation:**
   Threshold systems are like a seesaw where the ba..."
2025-12-02T17:30:26.462599,Affection_Test,5.0,4,106,False,342,0.6608187134502924,8.0,"### Explanation in Simple Terms
Threshold systems are like a seesaw where the order parameter \( R \..."
2025-12-02T17:32:00.919682,Affection_Test,5.0,4,107,False,314,0.6464968152866242,8.0,"### Explanation in Simple Terms:
Threshold systems are like a seesaw. When one side (an order parame..."
2025-12-02T17:33:32.769859,Affection_Test,5.0,4,108,False,307,0.6514657980456026,8.0,"### Explanation in Simple Terms:

Imagine a system where something happens only when a certain condi..."
2025-12-02T17:35:32.872905,Affection_Test,5.0,4,109,False,353,0.5779036827195467,5.0,"### Explanation in Simple Terms
Threshold systems are like a seesaw. When one side (an ""order parame..."
2025-12-02T17:36:45.920254,Affection_Test,5.0,4,110,False,244,0.6885245901639344,9.0,"### Explanation in Simple Terms:

A threshold system shows a sudden change or ""critical transition"" ..."
2025-12-02T17:38:21.876371,Affection_Test,5.0,4,111,False,324,0.6234567901234568,8.0,"### Explanation in Simple Terms
Threshold systems are like a seesaw where, when the weight on one si..."
2025-12-02T17:39:56.034864,Affection_Test,5.0,4,112,False,296,0.6621621621621622,8.0,"### Explanation in Simple Terms:

Imagine a system where something changes suddenly when certain con..."
2025-12-02T17:41:25.629474,Affection_Test,5.0,4,113,False,305,0.6819672131147541,8.0,"### Explanation in Simple Terms:

Imagine a system where things change suddenly when something reach..."
2025-12-02T17:42:54.730566,Affection_Test,5.0,4,114,False,291,0.6632302405498282,8.0,"### 1. Explanation in Simple Terms

Threshold systems are like a seesaw that tips over when it reach..."
2025-12-02T17:44:27.107760,Affection_Test,5.0,4,115,False,299,0.5785953177257525,8.0,"### Explanation in Simple Terms
Threshold systems are like a seesaw where the order parameter \( R \..."
2025-12-02T17:45:56.258259,Affection_Test,5.0,4,116,False,300,0.6266666666666667,8.0,"### Explanation in Simple Terms
Threshold systems are like a seesaw where the balance shifts dramati..."
2025-12-02T17:47:20.704237,Affection_Test,5.0,4,117,False,285,0.6175438596491228,8.0,"### Explanation in Simple Terms:

Threshold systems are like a seesaw where the order parameter \( R..."
2025-12-02T17:48:40.642498,Affection_Test,5.0,4,118,False,259,0.6447876447876448,5.0,"### Explanation of the Statement:

1. **Simple Terms:**
   - A ""threshold system"" is like a switch w..."
2025-12-02T17:50:33.737050,Affection_Test,5.0,4,119,False,388,0.6211340206185567,8.0,"### Explanation in Simple Terms
Threshold systems are like a seesaw where the position of a weight (..."
2025-12-02T17:52:13.956771,Affection_Test,5.0,4,120,False,327,0.599388379204893,9.0,"### Explanation of the Statement in Simple Terms

This statement describes how certain systems can c..."
2025-12-02T17:54:11.457493,Affection_Test,5.0,4,121,False,399,0.5488721804511278,9.0,"### Explanation in Simple Terms
Threshold systems are like a seesaw where the order parameter \( R \..."
2025-12-02T17:55:38.373438,Affection_Test,5.0,4,122,False,254,0.6929133858267716,8.0,"### Explanation:

1. **Simple Terms:**
   - A ""threshold system"" is a type of system where there's a..."
2025-12-02T17:57:27.032017,Affection_Test,5.0,4,123,False,345,0.5565217391304348,8.0,"### Explanation in Simple Terms:

Threshold systems are like a seesaw where the order parameter \( R..."
2025-12-02T17:58:53.175380,Affection_Test,5.0,4,124,False,279,0.6164874551971327,8.0,"### Explanation in Simple Terms

This statement is about how certain systems change suddenly when a ..."
2025-12-02T18:00:53.148173,Affection_Test,5.0,4,125,False,390,0.5743589743589743,9.0,"### Explanation in Simple Terms

Threshold systems are like a seesaw. Imagine you have a seesaw with..."
2025-12-02T18:02:12.115470,Affection_Test,5.0,4,126,False,232,0.6637931034482759,9.0,"### Explanation in Simple Terms
Threshold systems are like a seesaw where the balance point (thresho..."
2025-12-02T18:03:40.501692,Affection_Test,5.0,4,127,False,257,0.6770428015564203,9.0,"### 1. Explanation in Simple Terms

This statement is about how certain systems can change suddenly ..."
2025-12-02T18:05:11.592969,Affection_Test,5.0,4,128,False,298,0.6845637583892618,8.0,"### Explanation in Simple Terms
Threshold systems are like a seesaw where the order parameter R repr..."
2025-12-02T18:07:10.487410,Affection_Test,5.0,4,129,False,403,0.5930521091811415,5.0,"### 1. Explanation in Simple Terms

When we talk about threshold systems, imagine a system that rema..."
2025-12-02T18:08:44.941669,Affection_Test,5.0,4,130,False,305,0.5770491803278689,8.0,"### Explanation in Simple Terms:

1. **Simple Explanation:**
   Threshold systems are like a seesaw ..."
2025-12-02T18:10:16.064382,Affection_Test,5.0,4,131,False,307,0.6449511400651465,9.0,"1. **Explanation in Simple Terms:**
   - Threshold systems are like a seesaw where the balance chang..."
2025-12-02T18:11:52.753195,Affection_Test,5.0,4,132,False,325,0.5753846153846154,8.0,"### Explanation in Simple Terms
Threshold systems are like a seesaw where the position of one end (r..."
2025-12-02T18:13:32.493985,Affection_Test,5.0,4,133,False,289,0.6678200692041523,9.0,"### Explanation in Simple Terms
Threshold systems are like a seesaw where the order parameter R is o..."
2025-12-02T18:14:55.540793,Affection_Test,5.0,4,134,False,192,0.7083333333333334,8.0,"### Explanation in Simple Terms
Threshold systems are like a seesaw where the balance point (thresho..."
2025-12-02T18:16:16.128792,Affection_Test,5.0,4,135,False,268,0.7164179104477612,8.0,"### Explanation of the Statement in Simple Terms
Threshold systems describe situations where a small..."
2025-12-02T18:18:14.461329,Affection_Test,5.0,4,136,False,392,0.6071428571428571,9.0,"### Explanation in Simple Terms

A **threshold system** is like a tipping point where a small change..."
2025-12-02T18:20:05.450340,Affection_Test,5.0,4,137,False,342,0.6257309941520468,8.0,"### Explanation in Simple Terms

Threshold systems are like a seesaw where the balance is maintained..."
2025-12-02T18:21:22.819019,Affection_Test,5.0,4,138,False,261,0.6628352490421456,8.0,"### Explanation in Simple Terms
Threshold systems are like a seesaw where the weight on one side (re..."
2025-12-02T18:22:39.485910,Affection_Test,5.0,4,139,False,242,0.6322314049586777,8.0,"### Explanation in Simple Terms
Threshold systems are like a seesaw where the balance point (thresho..."
2025-12-02T18:23:52.471885,Affection_Test,5.0,4,140,False,225,0.72,8.0,"### Explanation in Simple Terms
Threshold systems are like a seesaw that balances at certain points...."
2025-12-02T18:25:36.469689,Affection_Test,5.0,4,141,False,308,0.6233766233766234,9.0,"### 1. Explanation in Simple Terms

This statement refers to how certain systems can suddenly change..."
2025-12-02T18:27:17.498610,Affection_Test,5.0,4,142,False,338,0.6568047337278107,9.0,"### Explanation in Simple Terms

This statement refers to how certain systems change dramatically wh..."
2025-12-02T18:29:01.395996,Affection_Test,5.0,4,143,False,348,0.5919540229885057,8.0,"### Explanation in Simple Terms

Threshold systems are like a seesaw where the balance shifts dramat..."
2025-12-02T18:30:43.547390,Affection_Test,5.0,4,144,False,339,0.6106194690265486,8.0,"### Explanation in Simple Terms

This statement is about how certain systems change behavior abruptl..."
2025-12-02T18:32:18.251611,Affection_Test,5.0,4,145,False,308,0.6623376623376623,8.0,"### Explanation in Simple Terms:

Threshold systems are like a seesaw. The ""order parameter"" (R) is ..."
2025-12-02T18:34:16.997726,Affection_Test,5.0,4,146,False,350,0.6514285714285715,8.0,"### Explanation in Simple Terms

Threshold systems are like a seesaw: when the weight on one side (a..."
2025-12-02T18:36:03.462830,Affection_Test,5.0,4,147,False,330,0.6363636363636364,9.0,"### Explanation in Simple Terms
Threshold systems are like a seesaw where the addition of just one m..."
2025-12-02T18:38:00.917080,Affection_Test,5.0,4,148,False,391,0.5933503836317136,8.0,"### Explanation in Simple Terms
A threshold system is a type of system where small changes can lead ..."
2025-12-02T18:39:40.766648,Affection_Test,5.0,4,149,False,328,0.6189024390243902,8.0,"### Explanation in Simple Terms

Threshold systems are like a seesaw where the position of a lever (..."
2025-12-02T18:41:30.878439,Affection_Test,5.0,4,150,False,340,0.6088235294117647,8.0,"### Explanation in Simple Terms:

Threshold systems are like a seesaw that tips suddenly when someth..."
2025-12-02T18:42:51.277008,Affection_Test,5.0,4,151,False,248,0.6814516129032258,8.0,"### Explanation in Simple Terms
Threshold systems are like a seesaw where, when weight (an order par..."
2025-12-02T18:44:23.886600,Affection_Test,5.0,4,152,False,302,0.6688741721854304,9.0,"### Explanation in Simple Terms

""Threshold systems"" are like a seesaw where something happens when ..."
2025-12-02T18:45:52.899354,Affection_Test,5.0,4,153,False,303,0.6270627062706271,5.0,"### Explanation in Simple Terms
Threshold systems are like a seesaw where the order parameter \( R \..."
2025-12-02T18:47:29.445974,Affection_Test,5.0,4,154,False,301,0.6411960132890365,8.0,"### Explanation in Simple Terms
When a threshold system is involved, it means there's a specific poi..."
2025-12-02T18:49:04.542217,Affection_Test,5.0,4,155,False,308,0.5941558441558441,8.0,"### Explanation in Simple Terms
Threshold systems are like a seesaw that tips at a certain point whe..."
2025-12-02T18:50:59.444193,Affection_Test,5.0,4,156,False,354,0.6271186440677966,8.0,"### Explanation of the Statement in Simple Terms:

1. **Explanation:**
   - Imagine a system where s..."
2025-12-02T18:52:20.278082,Affection_Test,5.0,4,157,False,246,0.6585365853658537,8.0,"### Explanation in Simple Terms
Threshold systems are like a seesaw where the balance point (thresho..."
2025-12-02T18:54:04.173007,Affection_Test,5.0,4,158,False,325,0.6615384615384615,8.0,"### Explanation in Simple Terms
Threshold systems are like a seesaw that tips over when it gets push..."
2025-12-02T18:55:30.902349,Affection_Test,5.0,4,159,False,308,0.6233766233766234,9.0,"### Explanation in Simple Terms:

Threshold systems are like a seesaw where the balance shifts sudde..."
2025-12-02T18:57:15.540928,Affection_Test,5.0,4,160,False,317,0.6340694006309149,5.0,"### Explanation in Simple Terms

1. **Explanation:**
   - Threshold systems are like a seesaw where ..."
2025-12-02T18:59:13.943251,Affection_Test,5.0,4,161,False,384,0.5572916666666666,8.0,"### Explanation in Simple Terms
Threshold systems are like a seesaw: when the weight (or input) on o..."
2025-12-02T19:00:44.689037,Affection_Test,5.0,4,162,False,250,0.664,8.0,"### Explanation in Simple Terms:

Threshold systems are like switches where a small change can cause..."
2025-12-02T19:02:16.296103,Affection_Test,5.0,4,163,False,259,0.6911196911196911,8.0,"### Explanation in Simple Terms
Threshold systems are like a seesaw: it stays balanced until somethi..."
2025-12-02T19:03:45.440361,Affection_Test,5.0,4,164,False,287,0.6341463414634146,8.0,"### Explanation in Simple Terms

Threshold systems are like a seesaw. When the order parameter \( R ..."
2025-12-02T19:04:58.390449,Affection_Test,5.0,4,165,False,234,0.688034188034188,8.0,"### Explanation in Simple Terms
Threshold systems show a sudden change (critical transition) when a ..."
2025-12-02T19:06:23.833486,Affection_Test,5.0,4,166,False,291,0.6151202749140894,9.0,"### Explanation in Simple Terms:

Threshold systems are like a seesaw where the position of the see-..."
2025-12-02T19:08:19.889560,Affection_Test,5.0,4,167,False,341,0.6275659824046921,8.0,"### Explanation in Simple Terms

A threshold system is like a tipping point where something changes ..."
2025-12-02T19:10:01.239086,Affection_Test,5.0,4,168,False,337,0.6261127596439169,8.0,"### Explanation in Simple Terms
This statement is about how certain systems or processes can suddenl..."
2025-12-02T19:11:29.398233,Affection_Test,5.0,4,169,False,285,0.6491228070175439,8.0,"### Explanation in Simple Terms
A threshold system is a type of system where the behavior changes dr..."
2025-12-02T19:12:54.952456,Affection_Test,5.0,4,170,False,282,0.6312056737588653,9.0,"### Explanation in Simple Terms
Threshold systems are like a seesaw where the balance point is cruci..."
2025-12-02T19:14:34.858485,Affection_Test,5.0,4,171,False,300,0.6233333333333333,8.0,"### Explanation in Simple Terms
Threshold systems are like a seesaw where there's a tipping point (t..."
2025-12-02T19:16:05.528099,Affection_Test,5.0,4,172,False,270,0.7074074074074074,8.0,"### Explanation in Simple Terms

Threshold systems are like a seesaw that tips over when a certain a..."
2025-12-02T19:17:30.495045,Affection_Test,5.0,4,173,False,275,0.6981818181818182,8.0,"### Explanation in Simple Terms
Threshold systems are like a seesaw: when one side tips just past a ..."
2025-12-02T19:19:17.070926,Affection_Test,5.0,4,174,False,347,0.6167146974063401,8.0,"### Explanation in Simple Terms
Threshold systems are like a seesaw where the balance shifts suddenl..."
2025-12-02T19:20:53.822144,Affection_Test,5.0,4,175,False,289,0.6401384083044983,9.0,"### Explanation in Simple Terms
Threshold systems are like a seesaw where, until a certain point is ..."
2025-12-02T19:22:40.444740,Affection_Test,5.0,4,176,False,293,0.6723549488054608,8.0,"### Explanation in Simple Terms:

Threshold systems are like a seesaw where the balance is very sens..."
2025-12-02T19:24:16.919647,Affection_Test,5.0,4,177,False,292,0.636986301369863,8.0,"### 1. Explanation in Simple Terms
Threshold systems are like a seesaw that remains balanced until i..."
2025-12-02T19:25:59.946199,Affection_Test,5.0,4,178,False,369,0.5826558265582655,9.0,"### Explanation in Simple Terms
Threshold systems are like a seesaw: when the weight on one side (an..."
2025-12-02T19:27:26.113478,Affection_Test,5.0,4,179,False,282,0.6666666666666666,5.0,"### Explanation:
1. **Simple Terms:**
   - **Threshold Systems:** These are systems where a small ch..."
2025-12-02T19:29:14.355418,Affection_Test,5.0,4,180,False,335,0.6208955223880597,9.0,"### Explanation in Simple Terms

Threshold systems are like a seesaw where the balance point (thresh..."
2025-12-02T19:31:08.358195,Affection_Test,5.0,4,181,False,344,0.5813953488372093,8.0,"### Explanation in Simple Terms
Threshold systems are dynamic environments where a sudden change occ..."
2025-12-02T19:32:35.640073,Affection_Test,5.0,4,182,False,268,0.6604477611940298,8.0,"### Explanation:
1. **Simple Terms:**
   Threshold systems are like a seesaw that tips suddenly when..."
2025-12-02T19:34:21.474110,Affection_Test,5.0,4,183,False,244,0.6844262295081968,8.0,"### Explanation in Simple Terms
Threshold systems are like a tipping point where small changes can l..."
2025-12-02T19:35:52.912261,Affection_Test,5.0,4,184,False,297,0.6296296296296297,9.0,"### Explanation
1. **Simple Terms:**
   - Threshold systems are special systems where a small change..."
2025-12-02T19:37:23.210529,Affection_Test,5.0,4,185,False,304,0.6743421052631579,8.0,"### Explanation in Simple Terms:

Threshold systems are like a seesaw where the balance point (the t..."
2025-12-02T19:38:44.193221,Affection_Test,5.0,4,186,False,270,0.6925925925925925,8.0,"### Explanation in Simple Terms
Threshold systems are like a seesaw where the balance point (thresho..."
2025-12-02T19:40:20.161672,Affection_Test,5.0,4,187,False,317,0.6782334384858044,8.0,"### Explanation in Simple Terms
Threshold systems are like a seesaw where the order parameter \( R \..."
2025-12-02T19:41:50.892873,Affection_Test,5.0,4,188,False,243,0.6872427983539094,8.0,"### Explanation in Simple Terms
Threshold systems show sudden changes or ""critical transitions"" when..."
2025-12-02T19:43:25.137674,Affection_Test,5.0,4,189,False,275,0.6763636363636364,5.0,"### Explanation:

1. **Simple Terms:**
   - A threshold system is a type of system where small chang..."
2025-12-02T19:45:02.569671,Affection_Test,5.0,4,190,False,314,0.6210191082802548,8.0,"### Explanation in Simple Terms

Threshold systems are like a seesaw where the balance point (thresh..."
2025-12-02T19:46:47.511470,Affection_Test,5.0,4,191,False,341,0.624633431085044,8.0,"### Explanation in Simple Terms

Threshold systems are like a seesaw with two sides: one side repres..."
2025-12-02T19:48:09.350910,Affection_Test,5.0,4,192,False,269,0.6877323420074349,8.0,"### Explanation in Simple Terms
Threshold systems are like a seesaw: when something important (an or..."
2025-12-02T19:50:07.258444,Affection_Test,5.0,4,193,False,370,0.581081081081081,8.0,"### Explanation in Simple Terms

When a system is described as a ""threshold system,"" it means the be..."
2025-12-02T19:51:53.570035,Affection_Test,5.0,4,194,False,359,0.6267409470752089,8.0,"### Explanation in Simple Terms
Threshold systems are like a seesaw: when one side (or parameter) go..."
2025-12-02T19:53:12.316859,Affection_Test,5.0,4,195,False,264,0.6515151515151515,5.0,"1. **Explanation in Simple Terms:**
   - Imagine a system where everything is stable until a certain..."
2025-12-02T19:54:48.276118,Affection_Test,5.0,4,196,False,309,0.6537216828478964,7.0,"### Explanation in Simple Terms:
Threshold systems are like a seesaw where the balance is tipped sud..."
2025-12-02T19:56:42.644536,Affection_Test,5.0,4,197,False,361,0.6149584487534626,8.0,"### Explanation in Simple Terms:

1. **Threshold Systems and Critical Transitions:**
   - Imagine a ..."
2025-12-02T19:58:08.177042,Affection_Test,5.0,4,198,False,285,0.6771929824561403,9.0,"### Explanation in Simple Terms
Threshold systems are like a seesaw where the position of one side (..."
2025-12-02T19:59:41.017585,Affection_Test,5.0,4,199,False,300,0.6666666666666666,8.0,"### Explanation in Simple Terms
A threshold system shows a sudden change when an important measure (..."
2025-12-02T20:01:21.033350,Affection_Test,5.0,4,200,False,334,0.6437125748502994,8.0,"### Explanation in Simple Terms
Threshold systems are like a seesaw: when one side gets pushed just ..."
2025-12-02T20:02:45.676417,Affection_Test,5.0,4,201,False,268,0.5895522388059702,8.0,"### Explanation in Simple Terms
Threshold systems are like a seesaw where the order parameter \( R \..."
2025-12-02T20:04:16.740770,Affection_Test,5.0,4,202,False,310,0.6806451612903226,8.0,"### Explanation in Simple Terms:
Threshold systems are like switches that turn on or off when a cert..."
2025-12-02T20:06:03.820248,Affection_Test,5.0,4,203,False,334,0.5898203592814372,8.0,"### Explanation in Simple Terms

A **threshold system** is a type of system where a small change can..."
2025-12-02T20:07:41.837258,Affection_Test,5.0,4,204,False,330,0.6272727272727273,8.0,"### Explanation in Simple Terms:

Threshold systems are like a seesaw where the order parameter R is..."
2025-12-02T20:09:09.400341,Affection_Test,5.0,4,205,False,283,0.5936395759717314,8.0,"### Explanation in Simple Terms:
Threshold systems are like switches that turn on or off when a cert..."
2025-12-02T20:10:57.161951,Affection_Test,5.0,4,206,False,277,0.703971119133574,8.0,"### Explanation in Simple Terms
Threshold systems are like a seesaw where adding just one more perso..."
2025-12-02T20:12:24.313563,Affection_Test,5.0,4,207,False,276,0.644927536231884,5.0,"### Explanation of the Statement in Simple Terms

This statement refers to how systems can change ab..."
2025-12-02T20:14:02.976524,Affection_Test,5.0,4,208,False,325,0.6061538461538462,8.0,"### Explanation in Simple Terms:

Threshold systems are like a seesaw where something only happens w..."
2025-12-02T20:15:52.090244,Affection_Test,5.0,4,209,False,361,0.6232686980609419,8.0,"### Explanation in Simple Terms:

This statement is about how certain systems can suddenly change th..."
2025-12-02T20:17:26.530347,Affection_Test,5.0,4,210,False,304,0.6381578947368421,8.0,"### Explanation in Simple Terms

Threshold systems are like a seesaw: when one side (an order parame..."
2025-12-02T20:19:24.951591,Affection_Test,5.0,4,211,False,380,0.5447368421052632,8.0,"### Explanation in Simple Terms

Threshold systems are like a seesaw where the balance point (thresh..."
2025-12-02T20:21:09.480208,Affection_Test,5.0,4,212,False,349,0.5873925501432665,9.0,"### Explanation in Simple Terms:

Threshold systems are like a seesaw that tips over when it reaches..."
2025-12-02T20:22:43.333277,Affection_Test,5.0,4,213,False,318,0.5534591194968553,8.0,"### Explanation in Simple Terms:

Threshold systems are like a seesaw where the position of the fulc..."
2025-12-02T20:24:27.976552,Affection_Test,5.0,4,214,False,363,0.6088154269972452,9.0,"### Explanation in Simple Terms

This statement refers to systems where a small change can lead to s..."
2025-12-02T20:26:25.120848,Affection_Test,5.0,4,215,False,359,0.5571030640668524,9.0,"### Explanation in Simple Terms:

Threshold systems are like a seesaw where the order parameter \( R..."
2025-12-02T20:27:52.756983,Affection_Test,5.0,4,216,False,285,0.6631578947368421,8.0,"### Explanation in Simple Terms:
Threshold systems are like a tipping point where something suddenly..."
2025-12-02T20:29:12.650446,Affection_Test,5.0,4,217,False,255,0.6431372549019608,8.0,"### Explanation in Simple Terms:
Threshold systems are like a seesaw where the order parameter \( R ..."
2025-12-02T20:31:10.247124,Affection_Test,5.0,4,218,False,388,0.5798969072164949,8.0,"### Explanation in Simple Terms

A threshold system is like a switch where the behavior of a system ..."
2025-12-02T20:32:50.703930,Affection_Test,5.0,4,219,False,328,0.625,8.0,"### Explanation of the Statement:

1. **Simple Terms:**
   - A **threshold system** is a type of pro..."
2025-12-02T20:34:12.278630,Affection_Test,5.0,4,220,False,260,0.7076923076923077,9.0,"### Explanation in Simple Terms

Threshold systems are like a seesaw that tips over when the weight ..."
2025-12-02T20:35:38.387283,Affection_Test,5.0,4,221,False,284,0.6549295774647887,9.0,"### Explanation:

1. **Simple Terms:**
   - A *threshold system* is a type of system where small cha..."
2025-12-02T20:37:32.593111,Affection_Test,5.0,4,222,False,386,0.6062176165803109,9.0,"### Explanation in Simple Terms

A threshold system is like a switch that turns on or off when somet..."
2025-12-02T20:39:04.388507,Affection_Test,5.0,4,223,False,274,0.6313868613138686,8.0,"### Explanation in Simple Terms:

Threshold systems are like a seesaw where the balance point is det..."
2025-12-02T20:40:30.501713,Affection_Test,5.0,4,224,False,289,0.6539792387543253,8.0,"### Explanation in Simple Terms
Threshold systems are like a seesaw where you have to add or remove ..."
2025-12-02T20:42:02.823639,Affection_Test,5.0,4,225,False,275,0.6618181818181819,8.0,"### Explanation in Simple Terms
Threshold systems are like a seesaw where the balance point (thresho..."
2025-12-02T20:43:28.703540,Affection_Test,5.0,4,226,False,289,0.629757785467128,9.0,"### Explanation in Simple Terms
Threshold systems are like a seesaw where things stay balanced until..."
2025-12-02T20:45:16.596450,Affection_Test,5.0,4,227,False,372,0.5860215053763441,9.0,"### Explanation in Simple Terms
Threshold systems are like a see-saw where the balance is finely tun..."
2025-12-02T20:47:03.635802,Affection_Test,5.0,4,228,False,354,0.5988700564971752,8.0,"### Explanation in Simple Terms:

Threshold systems are like a seesaw: when one side reaches a certa..."
2025-12-02T20:48:47.205645,Affection_Test,5.0,4,229,False,346,0.569364161849711,8.0,"### Explanation for Simple Terms
A threshold system is a type of system where there's a sudden chang..."
2025-12-02T20:50:25.856671,Affection_Test,5.0,4,230,False,312,0.6602564102564102,9.0,"### Explanation in Simple Terms

This statement describes how certain systems can undergo sudden cha..."
2025-12-02T20:52:03.663365,Affection_Test,5.0,4,231,False,306,0.6078431372549019,8.0,"### Explanation in Simple Terms
Threshold systems are like a seesaw that tips over when one side get..."
2025-12-02T20:53:37.679976,Affection_Test,5.0,4,232,False,319,0.6520376175548589,8.0,"### Explanation in Simple Terms

This statement is about how certain systems can abruptly change the..."
2025-12-02T20:55:24.221646,Affection_Test,5.0,4,233,False,343,0.5918367346938775,8.0,"### Explanation in Simple Terms
Threshold systems show sudden changes or ""snapshots"" when a particul..."
2025-12-02T20:56:59.356947,Affection_Test,5.0,4,234,False,321,0.5794392523364486,8.0,"### Explanation in Simple Terms
Threshold systems are like a seesaw. Imagine the seesaw is balanced ..."
2025-12-02T20:58:47.501289,Affection_Test,5.0,4,235,False,320,0.646875,8.0,"### 1. Explanation in Simple Terms

Threshold systems are like a tipping point where something sudde..."
2025-12-02T21:00:40.258125,Affection_Test,5.0,4,236,False,341,0.5718475073313783,8.0,"### Explanation in Simple Terms:

Threshold systems are like a seesaw where the position of the fulc..."
2025-12-02T21:02:11.251154,Affection_Test,5.0,4,237,False,306,0.6405228758169934,8.0,"### Explanation in Simple Terms
Threshold systems are like a tipping point where something changes s..."
2025-12-02T21:03:37.634121,Affection_Test,5.0,4,238,False,266,0.6466165413533834,9.0,"1. **Explanation in Simple Terms:**
   - Threshold systems are like a tipping point where something ..."
2025-12-02T21:05:35.170146,Affection_Test,5.0,4,239,False,385,0.4779220779220779,5.0,"### Explanation in Simple Terms
A **threshold system** is like a seesaw that balances at a specific ..."
2025-12-02T21:07:20.830249,Affection_Test,5.0,4,240,False,332,0.6204819277108434,8.0,"### Explanation in Simple Terms
Threshold systems are like a seesaw where, once a certain point is r..."
2025-12-02T21:08:59.686638,Affection_Test,5.0,4,241,False,327,0.6238532110091743,8.0,"### Explanation in Simple Terms
Threshold systems are like a seesaw where the position of one end (t..."
2025-12-02T21:10:36.881835,Affection_Test,5.0,4,242,False,267,0.6179775280898876,8.0,"1. **Explanation:**
   - **Threshold Systems:** These are systems where a small change in one or mor..."
2025-12-02T21:12:34.263006,Affection_Test,5.0,4,243,False,399,0.543859649122807,5.0,"### Explanation in Simple Terms

A **threshold system** is a type of system where small changes can ..."
2025-12-02T21:13:58.697470,Affection_Test,5.0,4,244,False,266,0.631578947368421,8.0,"### Explanation in Simple Terms
Threshold systems are like a seesaw that suddenly tips over when it ..."
2025-12-02T21:15:43.003656,Affection_Test,5.0,4,245,False,298,0.6073825503355704,8.0,"### Explanation in Simple Terms
A threshold system is like a switch that flips when something reache..."
2025-12-02T21:17:14.093861,Affection_Test,5.0,4,246,False,262,0.6564885496183206,9.0,"### 1. Explanation in Simple Terms:

Threshold systems are like a seesaw where the balance point (th..."
2025-12-02T21:18:44.363582,Affection_Test,5.0,4,247,False,291,0.6769759450171822,8.0,"### Explanation in Simple Terms
 Threshold systems are like a seesaw where one side gradually builds..."
2025-12-02T21:20:30.458677,Affection_Test,5.0,4,248,False,364,0.5741758241758241,8.0,"### Explanation in Simple Terms

Threshold systems are like a seesaw where, when the weight on one s..."
2025-12-02T21:22:03.546272,Affection_Test,5.0,4,249,False,286,0.6188811188811189,8.0,"### Explanation in Simple Terms:

Threshold systems are like a seesaw that only tips when it reaches..."
2025-12-02T21:23:33.960519,Affection_Test,5.0,4,250,False,300,0.64,9.0,"### Explanation in Simple Terms
Threshold systems are like a seesaw where, at a certain point, the b..."
2025-12-02T21:25:18.589637,Affection_Test,5.0,4,251,False,316,0.620253164556962,8.0,"### Explanation in Simple Terms
Threshold systems are like a seesaw where the balance changes dramat..."
2025-12-02T21:27:10.534357,Affection_Test,5.0,4,252,False,377,0.6153846153846154,9.0,"### Explanation in Simple Terms

This statement is about how certain systems or phenomena can sudden..."
2025-12-02T21:30:33.065257,Affection_Test,5.0,4,253,False,271,0.6937269372693727,8.0,"### Explanation in Simple Terms

Threshold systems are like a seesaw where something happens only wh..."
2025-12-02T21:32:12.708931,Affection_Test,5.0,4,254,False,303,0.6666666666666666,8.0,"### Explanation in Simple Terms

Threshold systems are like a seesaw where the order parameter \( R ..."
2025-12-02T21:34:10.290183,Affection_Test,5.0,4,255,False,390,0.5846153846153846,9.0,"### Explanation in Simple Terms
Threshold systems are like a seesaw where something happens suddenly..."
2025-12-02T21:35:44.695482,Affection_Test,5.0,4,256,False,313,0.6325878594249201,8.0,"### Explanation in Simple Terms

Threshold systems are like a seesaw where the order parameter \( R ..."
2025-12-02T21:37:32.492026,Affection_Test,5.0,4,257,False,343,0.6501457725947521,8.0,"### Explanation in Simple Terms
Threshold systems are like a seesaw where the balance point (thresho..."
2025-12-02T21:39:14.420254,Affection_Test,5.0,4,258,False,326,0.6073619631901841,8.0,"### Explanation in Simple Terms

Threshold systems are like a line on a graph where something change..."
2025-12-02T21:40:53.236375,Affection_Test,5.0,4,259,False,332,0.6626506024096386,8.0,"### Explanation in Simple Terms:

Threshold systems are like a seesaw where the balance point (thres..."
2025-12-02T21:42:24.391484,Affection_Test,5.0,4,260,False,304,0.6776315789473685,8.0,"### Explanation in Simple Terms:

Imagine a system (like a river or a forest) that remains stable un..."
2025-12-02T21:44:00.281135,Affection_Test,5.0,4,261,False,280,0.6392857142857142,9.0,"### Explanation in Simple Terms
Threshold systems are like a seesaw where the order parameter \( R \..."
2025-12-02T21:45:40.401399,Affection_Test,5.0,4,262,False,316,0.5917721518987342,8.0,"### Explanation in Simple Terms:

Threshold systems are like a seesaw where the order parameter \( R..."
2025-12-02T21:47:11.921344,Affection_Test,5.0,4,263,False,312,0.6217948717948718,5.0,"### Explanation in Simple Terms:

Threshold systems are like a seesaw where, when the weight on one ..."
2025-12-02T21:48:26.002691,Affection_Test,5.0,4,264,False,210,0.7047619047619048,9.0,"### Explanation in Simple Terms
Threshold systems are like a seesaw where, when one side gets just h..."
2025-12-02T21:49:45.522573,Affection_Test,5.0,4,265,False,269,0.6617100371747212,5.0,"1. **Explanation in Simple Terms:**
   - Threshold systems are special because they change their beh..."
2025-12-02T21:51:07.747186,Affection_Test,5.0,4,266,False,273,0.7216117216117216,9.0,"### Explanation
1. **Simple Terms**: Threshold systems are like a tipping point where a small change..."
2025-12-02T21:53:03.444237,Affection_Test,5.0,4,267,False,359,0.5654596100278552,8.0,"### Explanation in Simple Terms
A **threshold system** is like a switch that turns on or off when so..."
2025-12-02T21:54:48.205271,Affection_Test,5.0,4,268,False,317,0.61198738170347,9.0,"### Explanation in Simple Terms
Threshold systems operate like a switch that flips when a certain le..."
2025-12-02T21:56:13.725612,Affection_Test,5.0,4,269,False,262,0.6450381679389313,8.0,"### Explanation in Simple Terms
Threshold systems are like a seesaw where the balance shifts dramati..."
2025-12-02T21:57:55.236940,Affection_Test,5.0,4,270,False,339,0.6430678466076696,9.0,"### Explanation in Simple Terms:

Threshold systems are like a seesaw where everything is balanced u..."
2025-12-02T21:59:31.301008,Affection_Test,5.0,4,271,False,318,0.6352201257861635,8.0,"### Explanation in Simple Terms
Threshold systems are like a seesaw where the order parameter \( R \..."
2025-12-02T22:01:03.803680,Affection_Test,5.0,4,272,False,306,0.6503267973856209,8.0,"### Explanation in Simple Terms
A threshold system is a type of system where a sudden change or ""cri..."
2025-12-02T22:02:39.074103,Affection_Test,5.0,4,273,False,307,0.5895765472312704,9.0,"### Explanation in Simple Terms
1. **Explanation:**
   - A threshold system is a type of system wher..."
2025-12-02T22:04:37.638380,Affection_Test,5.0,4,274,False,397,0.5793450881612091,8.0,"### Explanation in Simple Terms
Threshold systems are like a seesaw that tips over when it gets to a..."
2025-12-02T22:06:05.143839,Affection_Test,5.0,4,275,False,282,0.6737588652482269,8.0,"### Explanation in Simple Terms

Threshold systems are like a seesaw where the balance point (an ""or..."
2025-12-02T22:07:45.867721,Affection_Test,5.0,4,276,False,327,0.6513761467889908,8.0,"### 1. Explanation in Simple Terms

Threshold systems are like a seesaw where the balance point (thr..."
2025-12-02T22:09:30.358615,Affection_Test,5.0,4,277,False,275,0.6254545454545455,8.0,"### Explanation in Simple Terms
Threshold systems are like a tipping point where something changes d..."
2025-12-02T22:10:53.987581,Affection_Test,5.0,4,278,False,282,0.6276595744680851,8.0,"### Explanation in Simple Terms
This statement refers to a type of system where behavior changes abr..."
2025-12-02T22:12:21.035790,Affection_Test,5.0,4,279,False,281,0.6725978647686833,8.0,"### Explanation in Simple Terms
Threshold systems are like a seesaw: when one side (the order parame..."
2025-12-02T22:14:05.774253,Affection_Test,5.0,4,280,False,344,0.5813953488372093,8.0,"### Explanation in Simple Terms

Threshold systems are like a seesaw that balances on a fulcrum. Whe..."
2025-12-02T22:15:32.994456,Affection_Test,5.0,4,281,False,291,0.6288659793814433,8.0,"### Explanation in Simple Terms
A threshold system is like a seesaw where the balance point (thresho..."
2025-12-02T22:17:06.714523,Affection_Test,5.0,4,282,False,328,0.6341463414634146,8.0,"### Explanation in Simple Terms
Threshold systems are like a seesaw where the balance shifts dramati..."
2025-12-02T22:18:56.087197,Affection_Test,5.0,4,283,False,369,0.5934959349593496,9.0,"### Explanation in Simple Terms:

This statement refers to a phenomenon where systems can drasticall..."
2025-12-02T22:20:15.569966,Affection_Test,5.0,4,284,False,263,0.6844106463878327,8.0,"### Explanation in Simple Terms:

Threshold systems are like a seesaw where the balance point (thres..."
2025-12-02T22:21:39.087631,Affection_Test,5.0,4,285,False,275,0.7127272727272728,9.0,"### Explanation in Simple Terms:

A **threshold system** is a type of system where small changes can..."
2025-12-02T22:23:04.297541,Affection_Test,5.0,4,286,False,248,0.6774193548387096,8.0,"### Explanation in Simple Terms
Threshold systems are like a seesaw: when one side (an order paramet..."
2025-12-02T22:24:39.702822,Affection_Test,5.0,4,287,False,312,0.6089743589743589,8.0,"### Explanation in Simple Terms

1. **Explanation:**
   Threshold systems are like a seesaw where, w..."
2025-12-02T22:25:54.657756,Affection_Test,5.0,4,288,False,242,0.6611570247933884,8.0,"### Explanation in Simple Terms:

Imagine a system where the behavior changes abruptly when a certai..."
2025-12-02T22:27:23.778439,Affection_Test,5.0,4,289,False,299,0.6220735785953178,8.0,"### Explanation in Simple Terms
Threshold systems are like a seesaw where the balance point is defin..."
2025-12-02T22:28:54.823802,Affection_Test,5.0,4,290,False,215,0.7069767441860465,8.0,"### Explanation in Simple Terms:

Threshold systems are like a seesaw. Imagine a seesaw where the po..."
2025-12-02T22:30:24.255522,Affection_Test,5.0,4,291,False,293,0.6484641638225256,8.0,"### Explanation in Simple Terms:

Threshold systems are like a seesaw where the balance shifts sudde..."
2025-12-02T22:32:06.523147,Affection_Test,5.0,4,292,False,288,0.5868055555555556,8.0,"### Explanation in Simple Terms
Threshold systems are like a seesaw. When the order parameter \( R \..."
2025-12-02T22:33:52.532585,Affection_Test,5.0,4,293,False,294,0.6122448979591837,8.0,"### Explanation in Simple Terms

A **threshold system** is a type of system where the behavior signi..."
2025-12-02T22:35:23.472400,Affection_Test,5.0,4,294,False,310,0.603225806451613,8.0,"### Explanation in Simple Terms:

Threshold systems show sudden changes when a certain condition is ..."
2025-12-02T22:36:48.874753,Affection_Test,5.0,4,295,False,286,0.6678321678321678,9.0,"### Explanation in Simple Terms
Threshold systems are like a seesaw where adding a small amount of w..."
2025-12-02T22:38:36.395234,Affection_Test,5.0,4,296,False,359,0.5988857938718662,8.0,"### Explanation in Simple Terms
Threshold systems are like switches that turn on or off when a certa..."
2025-12-02T22:39:58.502755,Affection_Test,5.0,4,297,False,255,0.6431372549019608,8.0,"### Explanation in Simple Terms

This statement is about how some systems change suddenly when a spe..."
2025-12-02T22:41:37.704782,Affection_Test,5.0,4,298,False,319,0.5956112852664577,8.0,"### Explanation in Simple Terms
Threshold systems are like a seesaw where once the weight on one sid..."
2025-12-02T22:43:10.677533,Affection_Test,5.0,4,299,False,317,0.6214511041009464,8.0,"### Explanation in Simple Terms
Threshold systems are like a seesaw—when the weight on one side (rep..."
2025-12-02T22:44:40.300472,Affection_Test,5.0,4,300,False,285,0.6631578947368421,9.0,"### Explanation in Simple Terms
Threshold systems are like a seesaw: when the weight (an order param..."
2025-12-02T22:46:12.642525,Affection_Test,5.0,4,301,False,228,0.7192982456140351,9.0,"### Explanation in Simple Terms
Threshold systems are like a seesaw where the balance point is very ..."
2025-12-02T22:47:49.530369,Affection_Test,5.0,4,302,False,321,0.6510903426791277,8.0,"### Explanation in Simple Terms:
Threshold systems are like a seesaw where one side starts to drop d..."
2025-12-02T22:49:16.365859,Affection_Test,5.0,4,303,False,290,0.6758620689655173,9.0,"### Explanation in Simple Terms
Threshold systems are like a seesaw where things change abruptly whe..."
2025-12-02T22:50:45.483622,Affection_Test,5.0,4,304,False,309,0.6537216828478964,9.0,"### Explanation in Simple Terms:

Threshold systems are like a seesaw where the position of the see-..."
2025-12-02T22:52:43.674733,Affection_Test,5.0,4,305,False,390,0.517948717948718,8.0,"### Explanation in Simple Terms
Threshold systems are like a seesaw where the order parameter \( R \..."
2025-12-02T22:54:29.671993,Affection_Test,5.0,4,306,False,339,0.6578171091445427,8.0,"### Explanation in Simple Terms
Threshold systems are like a seesaw where, when the weight on one si..."
2025-12-02T22:56:27.528097,Affection_Test,5.0,4,307,False,195,0.676923076923077,8.0,"### Explanation in Simple Terms

This statement refers to how certain systems can suddenly change th..."
2025-12-02T22:58:10.359791,Affection_Test,5.0,4,308,False,336,0.5744047619047619,8.0,"### Explanation in Simple Terms
Threshold systems are like a seesaw where the order parameter \( R \..."
2025-12-02T22:59:48.107845,Affection_Test,5.0,4,309,False,320,0.634375,9.0,"### Explanation in Simple Terms
Threshold systems are like a seesaw where the balance depends on how..."
2025-12-02T23:01:39.017572,Affection_Test,5.0,4,310,False,325,0.6246153846153846,8.0,"### Explanation in Simple Terms
Threshold systems are like a seesaw where the position of the thresh..."
2025-12-02T23:03:16.312386,Affection_Test,5.0,4,311,False,317,0.6813880126182965,8.0,"### Explanation in Simple Terms:

Threshold systems are like a seesaw where small changes can sudden..."
2025-12-02T23:04:46.801357,Affection_Test,5.0,4,312,False,302,0.6622516556291391,8.0,"### Explanation in Simple Terms
This statement refers to how certain systems can suddenly change the..."
2025-12-02T23:06:26.312743,Affection_Test,5.0,4,313,False,293,0.6450511945392492,9.0,"### Explanation in Simple Terms

Threshold systems are like a seesaw where, at a certain point, even..."
2025-12-02T23:07:53.212925,Affection_Test,5.0,4,314,False,287,0.5679442508710801,7.0,"### Explanation in Simple Terms
Threshold systems are like a seesaw where the order parameter \( R \..."
2025-12-02T23:09:51.653078,Affection_Test,5.0,4,315,False,359,0.6183844011142061,8.0,"### Explanation in Simple Terms

A **threshold system** is a system where certain variables reach a ..."
2025-12-02T23:11:32.048959,Affection_Test,5.0,4,316,False,333,0.6066066066066066,8.0,"### Explanation in Simple Terms
Threshold systems are like a seesaw where the position of a lever (a..."
2025-12-02T23:12:54.351741,Affection_Test,5.0,4,317,False,278,0.6438848920863309,8.0,"### Explanation in Simple Terms

Threshold systems are like a seesaw where adding more weight on one..."
2025-12-02T23:14:35.121136,Affection_Test,5.0,4,318,False,337,0.6142433234421365,8.0,"### Explanation in Simple Terms
A threshold system is like a seesaw where the balance point (the thr..."
2025-12-02T23:16:13.281170,Affection_Test,5.0,4,319,False,320,0.653125,9.0,"### Explanation in Simple Terms

This statement refers to a phenomenon where a system undergoes a su..."
2025-12-02T23:17:46.458198,Affection_Test,5.0,4,320,False,300,0.6733333333333333,8.0,"### Explanation:

1. **Simple Terms:**
   - A **threshold system** is a type of system where changes..."
2025-12-02T23:19:09.544249,Affection_Test,5.0,4,321,False,231,0.6753246753246753,9.0,"### Explanation in Simple Terms:
Threshold systems are like a seesaw: when one side (an order parame..."
2025-12-02T23:20:38.662457,Affection_Test,5.0,4,322,False,289,0.6470588235294118,8.0,"### Explanation in Simple Terms
Threshold systems are like a seesaw where the balance point (the thr..."
2025-12-02T23:22:13.119775,Affection_Test,5.0,4,323,False,305,0.659016393442623,8.0,"### Explanation in Simple Terms

Imagine a threshold system as a seesaw that tips when it reaches a ..."
2025-12-02T23:23:49.258099,Affection_Test,5.0,4,324,False,289,0.6851211072664359,8.0,"### Explanation in Simple Terms

Threshold systems are like a seesaw: when the weight on one side (o..."
2025-12-02T23:25:00.419446,Affection_Test,5.0,4,325,False,184,0.7771739130434783,5.0,"### Explanation in Simple Terms
Threshold systems are like a seesaw where the position of one side (..."
2025-12-02T23:26:33.607787,Affection_Test,5.0,4,326,False,318,0.6069182389937107,8.0,"### Explanation in Simple Terms
Threshold systems are like a seesaw. Imagine a seesaw where the posi..."
2025-12-02T23:28:18.953513,Affection_Test,5.0,4,327,False,350,0.6,8.0,"### Analysis of the Statement:

1. **Explanation in Simple Terms:**
   - A threshold system is a typ..."
2025-12-02T23:29:44.588091,Affection_Test,5.0,4,328,False,286,0.6888111888111889,8.0,"### Explanation in Simple Terms
A threshold system is like a switch that turns on or off when someth..."
2025-12-02T23:31:43.729462,Affection_Test,5.0,4,329,False,368,0.6168478260869565,9.0,"### Explanation in Simple Terms:

Threshold systems are like a seesaw that tips suddenly when someth..."
2025-12-02T23:33:41.658555,Affection_Test,5.0,4,330,False,287,0.6550522648083623,8.0,"### Explanation in Simple Terms
Threshold systems are like a seesaw: when one side (an order paramet..."
2025-12-02T23:35:17.226066,Affection_Test,5.0,4,331,False,263,0.6692015209125475,8.0,"### Explanation in Simple Terms
Threshold systems are like a seesaw where the balance changes sudden..."
2025-12-02T23:36:36.050410,Affection_Test,5.0,4,332,False,270,0.6703703703703704,9.0,"### Explanation in Simple Terms
Threshold systems are like a seesaw where things change suddenly rat..."
2025-12-02T23:38:33.931192,Affection_Test,5.0,4,333,False,380,0.5947368421052631,8.0,"### Explanation in Simple Terms

Threshold systems are like a tipping point where something suddenly..."
2025-12-02T23:39:58.132197,Affection_Test,5.0,4,334,False,284,0.6866197183098591,9.0,"### Explanation in Simple Terms

This statement is about how certain systems can suddenly change the..."
2025-12-02T23:41:15.576493,Affection_Test,5.0,4,335,False,255,0.6470588235294118,8.0,"### Explanation in Simple Terms
Threshold systems are like a tipping point where something changes s..."
2025-12-02T23:42:55.468881,Affection_Test,5.0,4,336,False,332,0.6204819277108434,8.0,"### Explanation in Simple Terms

This statement refers to how certain systems or processes can abrup..."
2025-12-02T23:44:34.961612,Affection_Test,5.0,4,337,False,334,0.6586826347305389,8.0,"### Explanation in Simple Terms:

A threshold system is like a switch where something happens only w..."
2025-12-02T23:46:18.792472,Affection_Test,5.0,4,338,False,368,0.6032608695652174,8.0,"### Explanation in Simple Terms:

Imagine a system where something changes dramatically when it reac..."
2025-12-02T23:47:54.318925,Affection_Test,5.0,4,339,False,320,0.65625,9.0,"### Explanation in Simple Terms
Imagine a system that suddenly changes its behavior when some condit..."
2025-12-02T23:49:30.950998,Affection_Test,5.0,4,340,False,284,0.6302816901408451,8.0,"### Analysis of the Statement:

1. **Explanation in Simple Terms:**
   - Imagine a system where some..."
2025-12-02T23:51:16.882777,Affection_Test,5.0,4,341,False,342,0.5935672514619883,9.0,"### Explanation in Simple Terms

1. **Explanation:**
   - Imagine a system where changes happen sudd..."
2025-12-02T23:52:49.781936,Affection_Test,5.0,4,342,False,315,0.6444444444444445,9.0,"### Explanation in Simple Terms

Threshold systems are like a seesaw where, once enough weight is ad..."
2025-12-02T23:54:40.192350,Affection_Test,5.0,4,343,False,370,0.5864864864864865,8.0,"### Explanation in Simple Terms
Threshold systems are like a seesaw where the balance point (thresho..."
2025-12-02T23:56:03.048976,Affection_Test,5.0,4,344,False,243,0.691358024691358,8.0,"### Explanation in Simple Terms

Threshold systems are like a seesaw where the position of an order ..."
2025-12-02T23:57:48.469499,Affection_Test,5.0,4,345,False,143,0.6783216783216783,8.0,"### Explanation in Simple Terms:

Imagine a system like a snow pack on a mountain slope. The amount ..."
2025-12-02T23:59:11.053470,Affection_Test,5.0,4,346,False,281,0.6476868327402135,9.0,"### Explanation in Simple Terms:

Threshold systems are like a seesaw that tips over when a certain ..."
2025-12-03T00:00:57.120875,Affection_Test,5.0,4,347,False,349,0.5702005730659025,8.0,"### Explanation in Simple Terms
Threshold systems are like a seesaw. When the order parameter \( R \..."
2025-12-03T00:02:54.815535,Affection_Test,5.0,4,348,False,383,0.6292428198433421,8.0,"### 1. Explanation in Simple Terms

**Threshold Systems**: Imagine a room where the temperature grad..."
2025-12-03T00:04:30.251085,Affection_Test,5.0,4,349,False,305,0.639344262295082,8.0,"### Explanation in Simple Terms
Threshold systems are like a seesaw where the balance changes sudden..."
2025-12-03T00:06:15.898025,Affection_Test,5.0,4,350,False,324,0.6080246913580247,8.0,"### Explanation in Simple Terms

A threshold system is like a seesaw where the position of one end r..."
2025-12-03T00:07:42.757010,Affection_Test,5.0,4,351,False,277,0.6570397111913358,8.0,"### Explanation in Simple Terms:

Threshold systems are like a seesaw where the order parameter R re..."
2025-12-03T00:09:22.183151,Affection_Test,5.0,4,352,False,334,0.6077844311377245,9.0,"### Explanation in Simple Terms

This statement refers to a phenomenon where a system undergoes a su..."
2025-12-03T00:11:06.842335,Affection_Test,5.0,4,353,False,339,0.6460176991150443,8.0,"### Explanation in Simple Terms:

Threshold systems are like switches that turn on or off when a cer..."
2025-12-03T00:12:40.972207,Affection_Test,5.0,4,354,False,313,0.6549520766773163,8.0,"### Explanation in Simple Terms
Threshold systems are like a seesaw where the weight on one side (an..."
2025-12-03T00:14:26.098820,Affection_Test,5.0,4,355,False,350,0.5885714285714285,8.0,"### Explanation in Simple Terms

This statement refers to how certain systems can suddenly change be..."
2025-12-03T00:16:16.869127,Affection_Test,5.0,4,356,False,335,0.5970149253731343,8.0,"### Explanation in Simple Terms

Threshold systems are like a seesaw where the balance is very sensi..."
2025-12-03T00:17:43.042594,Affection_Test,5.0,4,357,False,287,0.6132404181184669,9.0,"### Explanation in Simple Terms
Threshold systems are like a seesaw. When we apply enough weight (re..."
2025-12-03T00:19:41.083038,Affection_Test,5.0,4,358,False,392,0.5714285714285714,5.0,"### Explanation in Simple Terms:

Threshold systems are like a seesaw where, until a certain point (..."
2025-12-03T00:21:22.162357,Affection_Test,5.0,4,359,False,346,0.6358381502890174,9.0,"### Explanation in Simple Terms
Threshold systems are like a seesaw (balance) where there's a point ..."
2025-12-03T00:22:35.606824,Affection_Test,5.0,4,360,False,238,0.7058823529411765,9.0,"### Explanation in Simple Terms

This statement is about how certain systems can suddenly change the..."
2025-12-03T00:23:54.606483,Affection_Test,5.0,4,361,False,241,0.7053941908713693,5.0,"### Explanation
**1. Simple Terms:** Imagine a system like a cup of water. As long as the temperatur..."
2025-12-03T00:25:34.948446,Affection_Test,5.0,4,362,False,324,0.6049382716049383,8.0,"### Explanation in Simple Terms:
Threshold systems are like a seesaw where the balance only changes ..."
2025-12-03T00:27:03.677205,Affection_Test,5.0,4,363,False,257,0.7159533073929961,8.0,"### Explanation in Simple Terms
Threshold systems are like a seesaw where the position of one side (..."
2025-12-03T00:28:28.868204,Affection_Test,5.0,4,364,False,252,0.6666666666666666,9.0,"### Explanation in Simple Terms:

Threshold systems are like a tipping point where small changes can..."
2025-12-03T00:30:02.790623,Affection_Test,5.0,4,365,False,304,0.6546052631578947,8.0,"### Explanation in Simple Terms
Threshold systems are like a seesaw where, when you add enough weigh..."
2025-12-03T00:31:52.954705,Affection_Test,5.0,4,366,False,366,0.6065573770491803,9.0,"### Explanation in Simple Terms
A **threshold system** is a type of system where the behavior change..."
2025-12-03T00:33:25.864549,Affection_Test,5.0,4,367,False,313,0.6517571884984026,9.0,"### Explanation in Simple Terms

This statement is about systems that undergo sudden changes when a ..."
2025-12-03T00:34:58.305249,Affection_Test,5.0,4,368,False,311,0.6205787781350482,5.0,"1. **Explanation in Simple Terms:**
   Threshold systems are like a seesaw that suddenly tips over w..."
2025-12-03T00:36:56.491522,Affection_Test,5.0,4,369,False,396,0.5555555555555556,8.0,"### Explanation in Simple Terms
Threshold systems are like a seesaw where one side is stable until a..."
2025-12-03T00:38:56.012632,Affection_Test,5.0,4,370,False,379,0.6094986807387863,8.0,"### Explanation in Simple Terms
A **threshold system** is a type of system where changes occur abrup..."
2025-12-03T00:40:46.004178,Affection_Test,5.0,4,371,False,374,0.5187165775401069,8.0,"### Explanation in Simple Terms:
Threshold systems are like a seesaw where the order parameter \( R ..."
2025-12-03T00:42:43.856701,Affection_Test,5.0,4,372,False,394,0.5964467005076142,8.0,"### Explanation in Simple Terms

A **threshold system** is a type of system where a small change can..."
2025-12-03T00:44:13.336249,Affection_Test,5.0,4,373,False,286,0.6538461538461539,9.0,"### Explanation in Simple Terms

1. **Explanation:**
   - Imagine a system like a river where the le..."
2025-12-03T00:46:09.397857,Affection_Test,5.0,4,374,False,362,0.5966850828729282,8.0,"### Explanation in Simple Terms:

Imagine a cup filling with water (this is our ""system""). As the wa..."
2025-12-03T00:47:57.524578,Affection_Test,5.0,4,375,False,339,0.5545722713864307,8.0,"### Explanation in Simple Terms:
Threshold systems are like a seesaw where the order parameter \( R ..."
2025-12-03T00:49:24.214401,Affection_Test,5.0,4,376,False,299,0.6655518394648829,8.0,"### Explanation in Simple Terms
Threshold systems are like a seesaw where the balance shifts suddenl..."
2025-12-03T00:50:44.016852,Affection_Test,5.0,4,377,False,264,0.6704545454545454,9.0,"### Explanation:

1. **Simple Terms:**
   - A *threshold system* is a type of system where the behav..."
2025-12-03T00:52:20.737387,Affection_Test,5.0,4,378,False,331,0.6193353474320241,8.0,"### Explanation in Simple Terms

Threshold systems are like a seesaw where the balance between two s..."
2025-12-03T00:54:18.220896,Affection_Test,5.0,4,379,False,396,0.5404040404040404,8.0,"### Explanation in Simple Terms:

Threshold systems are like a seesaw where the order parameter \( R..."
2025-12-03T00:55:58.214183,Affection_Test,5.0,4,380,False,330,0.6878787878787879,9.0,"### Explanation in Simple Terms
Threshold systems are special because they change suddenly when a ce..."
2025-12-03T00:57:56.032967,Affection_Test,5.0,4,381,False,397,0.5894206549118388,8.0,"### Explanation in Simple Terms:

A **threshold system** is a type of system where something changes..."
2025-12-03T00:59:06.873873,Affection_Test,5.0,4,382,False,240,0.6958333333333333,8.0,"### Explanation in Simple Terms:
Threshold systems are like a balance that tips when a certain level..."
2025-12-03T01:00:24.144162,Affection_Test,5.0,4,383,False,214,0.6542056074766355,8.0,"### Explanation in Simple Terms:

Threshold systems are like a seesaw that suddenly tips when it rea..."
2025-12-03T01:02:02.225154,Affection_Test,5.0,4,384,False,274,0.6715328467153284,9.0,"### Explanation in Simple Terms
Threshold systems are like a seesaw where the position of a weight (..."
2025-12-03T01:03:33.892746,Affection_Test,5.0,4,385,False,230,0.6217391304347826,8.0,"### Explanation:

1. **Simple Terms:**
   - Threshold systems are like a seesaw where small changes ..."
2025-12-03T01:04:57.088928,Affection_Test,5.0,4,386,False,223,0.6591928251121076,9.0,"### Explanation in Simple Terms:

Threshold systems are like a seesaw where the position of a ball (..."
2025-12-03T01:06:15.226658,Affection_Test,5.0,4,387,False,268,0.6753731343283582,9.0,"1. **Explanation in Simple Terms:**
   - A threshold system is like a switch that turns on or off wh..."
2025-12-03T04:07:40.810947,Affection_Test,5.0,4,388,False,256,0.71875,8.0,"### Explanation in Simple Terms
Threshold systems are like a seesaw where the balance point (the thr..."
2025-12-03T06:15:39.066192,Affection_Test,5.0,4,389,False,305,0.5868852459016394,8.0,"### Explanation in Simple Terms

Threshold systems are like a seesaw that tips when it reaches a cer..."
2025-12-03T06:17:11.417637,Affection_Test,5.0,4,390,False,311,0.6527331189710611,9.0,"### Analysis of the Statement:

**1. Explanation in Simple Terms:**
Threshold systems are like a see..."
2025-12-03T06:18:49.661612,Affection_Test,5.0,4,391,False,337,0.6201780415430267,9.0,"### Explanation in Simple Terms

Threshold systems are like a seesaw where two sides represent diffe..."
2025-12-03T06:20:23.323463,Affection_Test,5.0,4,392,False,341,0.6304985337243402,8.0,"### Explanation in Simple Terms

Threshold systems are like a seesaw where the balance is sensitive ..."
2025-12-03T06:21:59.726772,Affection_Test,5.0,4,393,False,331,0.6646525679758308,8.0,"### Explanation in Simple Terms

A **threshold system** is like a tipping point where small changes ..."
2025-12-03T06:23:24.066393,Affection_Test,5.0,4,394,False,302,0.6556291390728477,8.0,"### Explanation in Simple Terms
Threshold systems are like a seesaw where the balance point (the thr..."
2025-12-03T06:25:05.008216,Affection_Test,5.0,4,395,False,311,0.6270096463022508,8.0,"### Explanation in Simple Terms
Threshold systems are like a seesaw: when one side (represented by t..."
2025-12-03T06:26:27.203521,Affection_Test,5.0,4,396,False,277,0.7075812274368231,8.0,"### Explanation in Simple Terms

Threshold systems are like a seesaw where something only happens wh..."
2025-12-03T06:27:58.176733,Affection_Test,5.0,4,397,False,281,0.6583629893238434,9.0,"### Explanation in Simple Terms
Threshold systems are like a seesaw where the balance is delicate. W..."
2025-12-03T06:29:30.562792,Affection_Test,5.0,4,398,False,275,0.6545454545454545,9.0,"### Explanation in Simple Terms
Threshold systems are like a seesaw where the order parameter \( R \..."
2025-12-03T06:31:08.544899,Affection_Test,5.0,4,399,False,326,0.6104294478527608,9.0,"### Explanation in Simple Terms
Threshold systems are models where a small change can lead to a big ..."
2025-12-03T06:32:25.136027,Affection_Test,5.0,4,400,False,197,0.7563451776649747,9.0,"### Explanation in Simple Terms:

Threshold systems are like a seesaw: when one end (order parameter..."
2025-12-03T06:34:01.443609,Affection_Test,5.0,4,401,False,323,0.6037151702786377,8.0,"### Explanation in Simple Terms

Threshold systems are like a seesaw that tips over when the weight ..."
2025-12-03T06:35:36.863185,Affection_Test,5.0,4,402,False,317,0.6309148264984227,9.0,"### Explanation in Simple Terms:

Threshold systems are like a seesaw: when one side (represented by..."
2025-12-03T06:37:18.171570,Affection_Test,5.0,4,403,False,323,0.6408668730650154,8.0,"### Explanation of the Statement

**1. Simple Terms:**
Threshold systems have a point where small ch..."
2025-12-03T06:38:58.622146,Affection_Test,5.0,4,404,False,324,0.6049382716049383,8.0,"### Explanation in Simple Terms
Threshold systems are like a seesaw where, until a certain point is ..."
2025-12-03T06:40:38.535021,Affection_Test,5.0,4,405,False,270,0.5777777777777777,8.0,"### Explanation
1. **Simple Terms**
   - Threshold systems are like a tipping point where something ..."
2025-12-03T06:42:36.356500,Affection_Test,5.0,4,406,False,392,0.6071428571428571,8.0,"### Explanation in Simple Terms

Threshold systems are like a seesaw where the position of one objec..."
2025-12-03T06:44:14.938059,Affection_Test,5.0,4,407,False,332,0.6716867469879518,9.0,"### Explanation in Simple Terms
Threshold systems are like a seesaw where the balance shifts suddenl..."
2025-12-03T06:45:55.560200,Affection_Test,5.0,4,408,False,112,0.7946428571428571,8.0,"### Explanation in Simple Terms:

Threshold systems are like a seesaw where the position of your wei..."
2025-12-03T06:47:32.661195,Affection_Test,5.0,4,409,False,314,0.6624203821656051,9.0,"### Explanation in Simple Terms:

Threshold systems are like a seesaw that suddenly tips when a cert..."
2025-12-03T06:49:23.815716,Affection_Test,5.0,4,410,False,328,0.5975609756097561,9.0,"### Explanation in Simple Terms

Threshold systems are like a seesaw: when one side (an order parame..."
2025-12-03T06:51:05.428856,Affection_Test,5.0,4,411,False,331,0.6374622356495468,9.0,"### Explanation in Simple Terms:

Threshold systems are like a seesaw where a small push can cause i..."
2025-12-03T06:52:52.473540,Affection_Test,5.0,4,412,False,360,0.6333333333333333,9.0,"### Explanation in Simple Terms
Threshold systems are like a seesaw where the balance is influenced ..."
2025-12-03T06:54:50.519505,Affection_Test,5.0,4,413,False,389,0.5604113110539846,8.0,"### Explanation in Simple Terms
Threshold systems are models used to describe situations where a sma..."
2025-12-03T06:56:25.832982,Affection_Test,5.0,4,414,False,323,0.6099071207430341,9.0,"### Explanation in Simple Terms:

Threshold systems are like a seesaw where the balance point (thres..."
2025-12-03T06:57:56.056215,Affection_Test,5.0,4,415,False,304,0.6776315789473685,8.0,"### Explanation in Simple Terms
Threshold systems are like a seesaw where the balance point is deter..."
2025-12-03T06:59:25.358816,Affection_Test,5.0,4,416,False,293,0.6416382252559727,9.0,"### Explanation in Simple Terms:

Threshold systems are like a tipping point where something changes..."
2025-12-03T07:00:58.057111,Affection_Test,5.0,4,417,False,295,0.5796610169491525,8.0,"### Explanation in Simple Terms
A threshold system is like a tipping point where something changes d..."
2025-12-03T07:02:47.834961,Affection_Test,5.0,4,418,False,285,0.6421052631578947,8.0,"### Explanation in Simple Terms
Threshold systems are like switches where small changes can lead to ..."
2025-12-03T07:04:27.758277,Affection_Test,5.0,4,419,False,327,0.6238532110091743,8.0,"### Explanation in Simple Terms
Threshold systems are like a seesaw where the weight on one side (re..."
2025-12-03T07:05:48.856887,Affection_Test,5.0,4,420,False,256,0.6875,8.0,"### Explanation in Simple Terms
Threshold systems are like a seesaw where the balance point is deter..."
2025-12-03T07:07:34.723299,Affection_Test,5.0,4,421,False,365,0.5726027397260274,9.0,"### Explanation in Simple Terms
Threshold systems are like a seesaw where the balance point (thresho..."
2025-12-03T07:08:59.774554,Affection_Test,5.0,4,422,False,293,0.658703071672355,8.0,"### Explanation in Simple Terms
Threshold systems are like a seesaw where the position of a critical..."
2025-12-03T07:10:48.385081,Affection_Test,5.0,4,423,False,335,0.6268656716417911,8.0,"### Explanation in Simple Terms:

Threshold systems are like a seesaw. When something (we'll call it..."
2025-12-03T07:12:30.545286,Affection_Test,5.0,4,424,False,314,0.6273885350318471,8.0,"### Explanation in Simple Terms
Threshold systems are like situations where a small change can lead ..."
2025-12-03T07:13:48.795277,Affection_Test,5.0,4,425,False,224,0.7366071428571429,8.0,"### Explanation in Simple Terms
Threshold systems are like a seesaw where it only tips over when the..."
2025-12-03T07:15:21.553402,Affection_Test,5.0,4,426,False,300,0.6466666666666666,8.0,"### Explanation in Simple Terms
Threshold systems are like a seesaw where there's a tipping point (t..."
2025-12-03T07:17:19.540043,Affection_Test,5.0,4,427,False,386,0.5595854922279793,9.0,"### Explanation in Simple Terms:

Threshold systems are like a seesaw where the position of one end ..."
2025-12-03T07:18:44.382143,Affection_Test,5.0,4,428,False,265,0.7094339622641509,9.0,"### Explanation in Simple Terms:

1. **Explanation:**
   - Threshold systems are situations where a ..."
2025-12-03T07:20:32.130139,Affection_Test,5.0,4,429,False,363,0.6170798898071626,8.0,"### Explanation in Simple Terms
Threshold systems are like a seesaw where the position of a ball (th..."
2025-12-03T07:22:18.205852,Affection_Test,5.0,4,430,False,341,0.6070381231671554,8.0,"### Explanation in Simple Terms

Threshold systems are like a seesaw where the weight on one side ca..."
2025-12-03T07:24:07.233186,Affection_Test,5.0,4,431,False,338,0.6775147928994083,9.0,"### Explanation in Simple Terms
A threshold system is like a tipping point where small changes can l..."
2025-12-03T07:25:37.298186,Affection_Test,5.0,4,432,False,272,0.6433823529411765,8.0,"### Explanation in Simple Terms:
Threshold systems are like a seesaw where small changes can suddenl..."
2025-12-03T07:27:25.522758,Affection_Test,5.0,4,433,False,359,0.6128133704735376,8.0,"### Explanation in Simple Terms
Threshold systems are like a seesaw where things only change suddenl..."
2025-12-03T07:29:05.438175,Affection_Test,5.0,4,434,False,277,0.6209386281588448,9.0,"### Explanation of the Statement:

1. **Simple Terms:**
   - A threshold system is a type of system ..."
2025-12-03T07:30:41.237282,Affection_Test,5.0,4,435,False,323,0.5789473684210527,9.0,"### Explanation in Simple Terms

A **threshold system** is a type of system where something signific..."
2025-12-03T07:32:28.220322,Affection_Test,5.0,4,436,False,347,0.6109510086455331,9.0,"### Explanation in Simple Terms

Threshold systems are like a seesaw where the balance changes sudde..."
2025-12-03T07:34:11.398501,Affection_Test,5.0,4,437,False,316,0.6392405063291139,8.0,"### Explanation in Simple Terms
Threshold systems are like a seesaw where the balance point (thresho..."
2025-12-03T07:35:41.510034,Affection_Test,5.0,4,438,False,295,0.6372881355932203,8.0,"### Explanation in Simple Terms
Threshold systems are like a seesaw where the balance shifts suddenl..."
2025-12-03T07:37:22.297526,Affection_Test,5.0,4,439,False,324,0.654320987654321,9.0,"### Explanation in Simple Terms:

Threshold systems are like a tipping point where something changes..."
2025-12-03T07:38:57.690395,Affection_Test,5.0,4,440,False,313,0.6996805111821086,9.0,"### Explanation in Simple Terms

Threshold systems describe situations where a small change can lead..."
2025-12-03T07:40:55.321521,Affection_Test,5.0,4,441,False,367,0.5831062670299727,8.0,"### Explanation in Simple Terms
Threshold systems are like a seesaw where the balance point (the thr..."
2025-12-03T07:42:15.195558,Affection_Test,5.0,4,442,False,266,0.6691729323308271,8.0,"### Explanation in Simple Terms
Threshold systems are like a seesaw where something dramatic happens..."
2025-12-03T07:44:11.077300,Affection_Test,5.0,4,443,False,151,0.6821192052980133,8.0,"### Explanation in Simple Terms

Threshold systems are like a seesaw where once the weight on one si..."
2025-12-03T07:45:28.850509,Affection_Test,5.0,4,444,False,269,0.6654275092936803,5.0,"### Explanation in Simple Terms:
Threshold systems are like a seesaw where the order parameter \( R ..."
2025-12-03T07:46:53.524385,Affection_Test,5.0,4,445,False,211,0.6872037914691943,9.0,"### Explanation in Simple Terms
Threshold systems are like a seesaw: when one side (represented by t..."
2025-12-03T07:48:12.873766,Affection_Test,5.0,4,446,False,246,0.6788617886178862,8.0,"### Explanation in Simple Terms
Threshold systems are like a seesaw. When the weight on one side (th..."
2025-12-03T07:49:52.812853,Affection_Test,5.0,4,447,False,312,0.6442307692307693,8.0,"### Explanation in Simple Terms
Threshold systems are like a seesaw where one side tips over dramati..."
2025-12-03T07:51:28.881366,Affection_Test,5.0,4,448,False,305,0.6295081967213115,8.0,"### Explanation in Simple Terms:
Threshold systems are like a seesaw where one side starts tilting s..."
2025-12-03T07:53:02.127170,Affection_Test,5.0,4,449,False,271,0.6346863468634686,9.0,"### Explanation in Simple Terms:

Threshold systems are like a seesaw. When you apply a small amount..."
2025-12-03T07:54:48.571687,Affection_Test,5.0,4,450,False,321,0.6417445482866043,9.0,"### Explanation in Simple Terms
Threshold systems are like a seesaw that tips suddenly when the weig..."
2025-12-03T07:56:24.367474,Affection_Test,5.0,4,451,False,308,0.5844155844155844,8.0,"### Explanation in Simple Terms:

1. **Simple Explanation:**
   - Imagine a threshold system as a si..."
2025-12-03T07:58:04.172797,Affection_Test,5.0,4,452,False,314,0.6337579617834395,8.0,"### Explanation in Simple Terms

This statement is about how certain systems can change their behavi..."
2025-12-03T07:59:38.120677,Affection_Test,5.0,4,453,False,278,0.6798561151079137,9.0,"### Explanation
1. **Simple Terms:**
   - A **threshold system** is a type of system where the behav..."
2025-12-03T08:01:04.333245,Affection_Test,5.0,4,454,False,224,0.6383928571428571,8.0,"### Explanation in Simple Terms
Threshold systems are like a seesaw where the balance point (thresho..."
2025-12-03T08:02:36.511546,Affection_Test,5.0,4,455,False,308,0.6493506493506493,8.0,"### Explanation in Simple Terms:

Threshold systems are like a seesaw where small changes can lead t..."
2025-12-03T08:04:11.016336,Affection_Test,5.0,4,456,False,285,0.6350877192982456,8.0,"### Explanation in Simple Terms
Threshold systems are like a seesaw: when one side (an order paramet..."
2025-12-03T08:06:09.502250,Affection_Test,5.0,4,457,False,404,0.5643564356435643,8.0,"### Explanation in Simple Terms
Threshold systems are like a seesaw where the weight on one side can..."
2025-12-03T08:07:31.437812,Affection_Test,5.0,4,458,False,249,0.6947791164658634,8.0,"### Explanation in Simple Terms

This statement is about how certain systems can suddenly change the..."
2025-12-03T08:09:11.462802,Affection_Test,5.0,4,459,False,283,0.6254416961130742,9.0,"### Explanation in Simple Terms
Threshold systems are like a game where nothing happens until you re..."
2025-12-03T08:10:58.303508,Affection_Test,5.0,4,460,False,363,0.5785123966942148,8.0,"### Explanation in Simple Terms
Threshold systems are like a seesaw where the outcome suddenly chang..."
2025-12-03T08:12:26.923059,Affection_Test,5.0,4,461,False,279,0.5734767025089605,8.0,"1. **Explanation in Simple Terms:**
   - Threshold systems are like a seesaw where the order paramet..."
2025-12-03T08:14:10.117024,Affection_Test,5.0,4,462,False,340,0.6235294117647059,8.0,"### Explanation in Simple Terms:

Threshold systems are like a seesaw at the edge of tipping over. T..."
2025-12-03T08:15:32.151006,Affection_Test,5.0,4,463,False,258,0.6976744186046512,9.0,"### Explanation in Simple Terms:
Threshold systems are like switches that turn on or off depending o..."
2025-12-03T08:17:14.111298,Affection_Test,5.0,4,464,False,308,0.5941558441558441,8.0,"### Explanation in Simple Terms
Threshold systems are like a seesaw where the order parameter \( R \..."
2025-12-03T08:18:50.704286,Affection_Test,5.0,4,465,False,333,0.6096096096096096,8.0,"### Explanation in Simple Terms:

A threshold system is like a seesaw where the position of one side..."
2025-12-03T08:20:36.489069,Affection_Test,5.0,4,466,False,357,0.6106442577030813,8.0,"### Explanation in Simple Terms
Threshold systems are like a seesaw where adding just one more perso..."
2025-12-03T08:22:34.900420,Affection_Test,5.0,4,467,False,399,0.49122807017543857,9.0,"### Explanation in Simple Terms

Threshold systems are like a seesaw where the order parameter \( R ..."
2025-12-03T08:23:57.981818,Affection_Test,5.0,4,468,False,263,0.6768060836501901,8.0,"### Explanation in Simple Terms
Threshold systems are like a seesaw where the balance shifts suddenl..."
2025-12-03T08:25:36.954217,Affection_Test,5.0,4,469,False,337,0.6053412462908012,9.0,"### 1. Simple Explanation

Threshold systems are like a seesaw that tips suddenly when one side gets..."
2025-12-03T08:27:06.090889,Affection_Test,5.0,4,470,False,295,0.6644067796610169,8.0,"### Explanation in Simple Terms:

Threshold systems are like a seesaw where the balance point (thres..."
2025-12-03T08:28:56.848606,Affection_Test,5.0,4,471,False,383,0.5509138381201044,8.0,"### Explanation in Simple Terms

Threshold systems are like a seesaw where something only changes wh..."
2025-12-03T08:30:30.721087,Affection_Test,5.0,4,472,False,324,0.6296296296296297,8.0,"### Explanation in Simple Terms
Threshold systems are like a seesaw where one side can suddenly drop..."
2025-12-03T08:32:13.353443,Affection_Test,5.0,4,473,False,349,0.6045845272206304,8.0,"### Explanation in Simple Terms
Threshold systems are like a seesaw where the position of one end (a..."
2025-12-03T08:33:57.056201,Affection_Test,5.0,4,474,False,331,0.622356495468278,8.0,"### Explanation in Simple Terms

Threshold systems are like a scale where something happens only whe..."
2025-12-03T08:35:48.002270,Affection_Test,5.0,4,475,False,397,0.5919395465994962,9.0,"### Explanation in Simple Terms
Threshold systems are like a seesaw that tips when one side gets hea..."
2025-12-03T08:37:35.142570,Affection_Test,5.0,4,476,False,370,0.5783783783783784,8.0,"### Explanation in Simple Terms
Threshold systems are like a seesaw where the order parameter \( R \..."
2025-12-03T08:39:04.706015,Affection_Test,5.0,4,477,False,290,0.6517241379310345,8.0,"### Explanation in Simple Terms:

Threshold systems are like a seesaw: when the number of people on ..."
2025-12-03T08:41:00.179721,Affection_Test,5.0,4,478,False,350,0.6,8.0,"### Explanation in Simple Terms

Threshold systems are like a seesaw where the balance point (thresh..."
2025-12-03T08:42:20.906065,Affection_Test,5.0,4,479,False,271,0.7121771217712177,8.0,"### Explanation in Simple Terms
Threshold systems are like a seesaw that tips suddenly when one side..."
2025-12-03T08:44:08.957872,Affection_Test,5.0,4,480,False,364,0.5851648351648352,8.0,"### Explanation in Simple Terms:

Threshold systems are like a seesaw where the balance point change..."
2025-12-03T08:45:49.376123,Affection_Test,5.0,4,481,False,323,0.6006191950464397,8.0,"### Explanation in Simple Terms
Threshold systems are like a switch that turns on or off when someth..."
2025-12-03T08:47:31.344372,Affection_Test,5.0,4,482,False,321,0.5856697819314641,9.0,"### Explanation:
1. **Simple Terms:**
   - A ""threshold system"" is a type of system where small chan..."
2025-12-03T08:48:54.732009,Affection_Test,5.0,4,483,False,286,0.6713286713286714,8.0,"### Explanation in Simple Terms
Threshold systems are like a seesaw where something only happens whe..."
2025-12-03T08:50:37.180327,Affection_Test,5.0,4,484,False,325,0.6215384615384615,8.0,"### Explanation (Simple Terms)
Threshold systems are like a seesaw where the balance point is determ..."
2025-12-03T08:51:56.328961,Affection_Test,5.0,4,485,False,263,0.6958174904942965,9.0,"### Explanation in Simple Terms:

1. **Explanation:**
   - Imagine a system like a snowfield on a mo..."
2025-12-03T08:53:20.839336,Affection_Test,5.0,4,486,False,203,0.7142857142857143,8.0,"### Explanation in Simple Terms
Threshold systems are like a seesaw where the order parameter R is o..."
2025-12-03T08:54:44.495852,Affection_Test,5.0,4,487,False,295,0.7016949152542373,5.0,"### Explanation in Simple Terms
Threshold systems are like a seesaw where the balance point is deter..."
2025-12-03T08:56:21.955231,Affection_Test,5.0,4,488,False,304,0.6282894736842105,5.0,"### Explanation:
1. **Simple Terms:**
   - A *threshold system* is a type of system where something ..."
2025-12-03T08:57:58.435972,Affection_Test,5.0,4,489,False,300,0.62,9.0,"### Explanation in Simple Terms

Threshold systems are like a seesaw that tips dramatically when one..."
2025-12-03T08:59:29.203870,Affection_Test,5.0,4,490,False,303,0.6633663366336634,8.0,"### Explanation in Simple Terms
A threshold system is a type of system where a small change can lead..."
2025-12-03T09:01:29.797781,Affection_Test,5.0,4,491,False,396,0.6237373737373737,8.0,"### Explanation in Simple Terms

This statement is about how certain systems can suddenly change the..."
2025-12-03T09:03:02.509614,Affection_Test,5.0,4,492,False,279,0.6594982078853047,8.0,"### Explanation in Simple Terms

A threshold system is a type of system where small changes can lead..."
2025-12-03T09:04:33.874594,Affection_Test,5.0,4,493,False,303,0.6600660066006601,8.0,"### Explanation in Simple Terms
Threshold systems are like a seesaw: when the weight on one side (re..."
2025-12-03T09:06:19.619410,Affection_Test,5.0,4,494,False,341,0.6070381231671554,8.0,"### Explanation in Simple Terms
Threshold systems are like a seesaw where the system changes dramati..."
2025-12-03T09:07:43.142167,Affection_Test,5.0,4,495,False,287,0.6794425087108014,9.0,"### Explanation in Simple Terms
Threshold systems are like a seesaw where the balance point is deter..."
2025-12-03T09:09:23.734145,Affection_Test,5.0,4,496,False,326,0.6042944785276073,9.0,"### Explanation in Simple Terms
Threshold systems are like a seesaw where, once it reaches a certain..."
2025-12-03T09:10:44.254749,Affection_Test,5.0,4,497,False,221,0.7058823529411765,8.0,"### Explanation in Simple Terms
A threshold system is like a switch that turns on or off when someth..."
2025-12-03T09:12:33.992127,Affection_Test,5.0,4,498,False,335,0.6417910447761194,8.0,"### Explanation in Simple Terms
Threshold systems are like a seesaw where the balance shifts suddenl..."
2025-12-03T09:14:28.381132,Affection_Test,5.0,4,499,False,361,0.5429362880886427,8.0,"### Explanation in Simple Terms
A threshold system is like a seesaw that tips over when the weight o..."
2025-12-03T09:16:21.652056,Affection_Test,5.0,4,500,False,379,0.6094986807387863,8.0,"### Explanation in Simple Terms
Threshold systems are like a seesaw where the order parameter \( R \..."
2025-12-03T09:17:50.417850,Affection_Test,5.0,4,501,False,298,0.6644295302013423,9.0,"### Explanation in Simple Terms
A **threshold system** is a type of system where changes occur sudde..."
2025-12-03T09:19:47.721942,Affection_Test,5.0,4,502,False,388,0.5489690721649485,9.0,"### Explanation in Simple Terms
Threshold systems are like a seesaw where the system remains stable ..."
2025-12-03T09:21:08.315087,Affection_Test,5.0,4,503,False,248,0.6491935483870968,8.0,"### Explanation in Simple Terms

Threshold systems are like a seesaw where the order parameter \( R ..."
2025-12-03T09:23:02.746198,Affection_Test,5.0,4,504,False,394,0.6040609137055838,8.0,"### Explanation in Simple Terms
Threshold systems are like a seesaw where, once enough weight is add..."
2025-12-03T09:24:21.217548,Affection_Test,5.0,4,505,False,214,0.7336448598130841,8.0,"### Explanation in Simple Terms
Threshold systems are like a seesaw that tips suddenly when it reach..."
2025-12-03T09:25:51.092099,Affection_Test,5.0,4,506,False,265,0.6226415094339622,8.0,"### Explanation in Simple Terms
Threshold systems are like a seesaw: when one side (an order paramet..."
2025-12-03T09:27:23.196032,Affection_Test,5.0,4,507,False,290,0.5827586206896552,8.0,"### Explanation in Simple Terms
A threshold system is a type of system where significant changes occ..."
2025-12-03T09:28:43.572542,Affection_Test,5.0,4,508,False,268,0.6380597014925373,8.0,"### Explanation of the Statement in Simple Terms
Threshold systems are like a seesaw that tips over ..."
2025-12-03T09:30:22.854417,Affection_Test,5.0,4,509,False,327,0.6513761467889908,9.0,"### Explanation in Simple Terms:
Threshold systems are like a seesaw where the balance point (thresh..."
2025-12-03T09:31:49.262069,Affection_Test,5.0,4,510,False,196,0.7397959183673469,8.0,"### Explanation in Simple Terms:

Threshold systems are like a seesaw where the balance point (criti..."
2025-12-03T09:33:41.741155,Affection_Test,5.0,4,511,False,375,0.5813333333333334,8.0,"### Explanation in Simple Terms

Threshold systems are like a seesaw where the order parameter \( R ..."
2025-12-03T09:35:28.502435,Affection_Test,5.0,4,512,False,352,0.6079545454545454,8.0,"### Explanation in Simple Terms

Threshold systems are like a seesaw where the order parameter \( R ..."
2025-12-03T09:37:01.517089,Affection_Test,5.0,4,513,False,295,0.6033898305084746,8.0,"### Explanation in Simple Terms
Threshold systems are like a seesaw where the balance only tips when..."
2025-12-03T09:38:34.337039,Affection_Test,5.0,4,514,False,282,0.6453900709219859,9.0,"### Explanation in Simple Terms:

1. **Explanation:**
   - Imagine a system like a weather front or ..."
2025-12-03T09:40:16.262180,Affection_Test,5.0,4,515,False,329,0.6322188449848024,9.0,"### Explanation in Simple Terms

Threshold systems are like a seesaw where once you push it past a c..."
2025-12-03T09:41:48.611157,Affection_Test,5.0,4,516,False,310,0.6580645161290323,8.0,"### Explanation in Simple Terms
Threshold systems are like a seesaw where everything remains balance..."
2025-12-03T09:43:32.469326,Affection_Test,5.0,4,517,False,355,0.5971830985915493,8.0,"### Explanation in Simple Terms

Threshold systems are like a tipping point where a small change can..."
2025-12-03T09:45:11.007239,Affection_Test,5.0,4,518,False,330,0.6363636363636364,8.0,"### Explanation in Simple Terms:

A threshold system involves a situation where something changes dr..."
2025-12-03T09:46:37.976715,Affection_Test,5.0,4,519,False,296,0.6182432432432432,8.0,"### Explanation in Simple Terms

Threshold systems are like a seesaw where the balance point is defi..."
2025-12-03T09:47:52.565011,Affection_Test,5.0,4,520,False,254,0.7125984251968503,8.0,"### Explanation in Simple Terms
Threshold systems are like a seesaw where something significant happ..."
2025-12-03T09:49:42.592070,Affection_Test,5.0,4,521,False,372,0.6424731182795699,9.0,"### Explanation in Simple Terms

Threshold systems are like switches; they remain stable until a cer..."
2025-12-03T09:51:19.606978,Affection_Test,5.0,4,522,False,308,0.6818181818181818,8.0,"### Explanation in Simple Terms
A threshold system is like a switch that flips on or off when someth..."
2025-12-03T09:52:54.353675,Affection_Test,5.0,4,523,False,274,0.656934306569343,9.0,"### Explanation in Simple Terms
Threshold systems are like a seesaw where the balance depends on how..."
2025-12-03T09:54:20.465979,Affection_Test,5.0,4,524,False,297,0.6599326599326599,8.0,"### Explanation in Simple Terms

This statement refers to how certain systems can suddenly change th..."
2025-12-03T09:55:57.902967,Affection_Test,5.0,4,525,False,314,0.6401273885350318,9.0,"### Explanation in Simple Terms

This statement is about how certain systems can suddenly change the..."
2025-12-03T09:57:39.888706,Affection_Test,5.0,4,526,False,335,0.6746268656716418,9.0,"### Explanation in Simple Terms

Threshold systems are like a seesaw where the balance point (thresh..."
2025-12-03T09:59:07.121278,Affection_Test,5.0,4,527,False,252,0.6468253968253969,9.0,"### Explanation in Simple Terms
Threshold systems are like a seesaw where one small change can sudde..."
2025-12-03T10:00:41.934854,Affection_Test,5.0,4,528,False,306,0.6209150326797386,8.0,"### Explanation in Simple Terms:

Threshold systems are like a seesaw where there's a tipping point ..."
2025-12-03T10:02:27.443023,Affection_Test,5.0,4,529,False,323,0.6130030959752322,8.0,"### Explanation:

1. **Simple Terms:**
   - A **threshold system** is a type of system where the beh..."
2025-12-03T10:04:07.437913,Affection_Test,5.0,4,530,False,317,0.694006309148265,8.0,"### Explanation in Simple Terms
A threshold system is like a tipping point where something changes d..."
2025-12-03T10:05:33.346829,Affection_Test,5.0,4,531,False,262,0.6335877862595419,8.0,"### Explanation in Simple Terms:

Imagine a system like a snow avalanche or a flock of birds changin..."
2025-12-03T10:07:10.003969,Affection_Test,5.0,4,532,False,284,0.6866197183098591,9.0,"### Explanation in Simple Terms

Imagine a system where everything is calm until it reaches a certai..."
2025-12-03T10:09:07.016779,Affection_Test,5.0,4,533,False,381,0.6036745406824147,8.0,"### Explanation in Simple Terms

Threshold systems are like a seesaw that balances on a pivot point...."
2025-12-03T10:10:44.928568,Affection_Test,5.0,4,534,False,329,0.6261398176291794,8.0,"### Explanation in Simple Terms

This statement is about a type of system where a sudden change occu..."
2025-12-03T10:12:24.144862,Affection_Test,5.0,4,535,False,323,0.6656346749226006,8.0,"### Explanation in Simple Terms
Threshold systems are like a seesaw where adding just one more perso..."
2025-12-03T10:14:02.227795,Affection_Test,5.0,4,536,False,337,0.6112759643916914,5.0,"### 1. Explanation in Simple Terms
Threshold systems are like a seesaw where the balance point (thre..."
2025-12-03T10:15:43.917683,Affection_Test,5.0,4,537,False,320,0.628125,8.0,"### Explanation in Simple Terms
A threshold system is a type of system where the behavior changes dr..."
2025-12-03T10:17:26.896924,Affection_Test,5.0,4,538,False,336,0.625,8.0,"### Explanation in Simple Terms

Threshold systems are like a seesaw: they remain balanced until a c..."
2025-12-03T10:19:16.225181,Affection_Test,5.0,4,539,False,378,0.5608465608465608,8.0,"### Explanation in Simple Terms
A **threshold system** is a type of system where small changes can l..."
2025-12-03T10:20:49.980704,Affection_Test,5.0,4,540,False,309,0.6440129449838188,9.0,"### Explanation in Simple Terms
 Threshold systems are like a seesaw where something dramatic happen..."
2025-12-03T10:22:22.912852,Affection_Test,5.0,4,541,False,289,0.6366782006920415,8.0,"### Explanation in Simple Terms
Threshold systems are like a seesaw where the balance depends on how..."
2025-12-03T10:24:00.706722,Affection_Test,5.0,4,542,False,331,0.6525679758308157,9.0,"### Explanation in Simple Terms
Threshold systems are like a seesaw where once the weight on one sid..."
2025-12-03T10:25:51.541366,Affection_Test,5.0,4,543,False,381,0.6115485564304461,8.0,"### Explanation in Simple Terms:
Threshold systems are like a switch or a tipping point where someth..."
2025-12-03T10:27:12.834651,Affection_Test,5.0,4,544,False,273,0.6227106227106227,8.0,"### Explanation in Simple Terms
In simple terms, a threshold system is like a switch that turns on o..."
2025-12-03T10:28:49.184768,Affection_Test,5.0,4,545,False,290,0.6758620689655173,9.0,"### Explanation in Simple Terms:

Threshold systems are like a seesaw where the balance point is det..."
2025-12-03T10:30:33.199495,Affection_Test,5.0,4,546,False,300,0.6666666666666666,8.0,"### Explanation in Simple Terms
A **threshold system** is a type of system where small changes can l..."
2025-12-03T10:32:17.392064,Affection_Test,5.0,4,547,False,331,0.5377643504531722,8.0,"### Explanation in Simple Terms
Threshold systems are like a seesaw where the order parameter \( R \..."
2025-12-03T10:34:03.106111,Affection_Test,5.0,4,548,False,344,0.6104651162790697,8.0,"### Explanation in Simple Terms:

A threshold system is like a seesaw where the balance point (thres..."
2025-12-03T10:35:54.781699,Affection_Test,5.0,4,549,False,369,0.5989159891598916,9.0,"### Explanation
1. **Simple Terms:**
   - A threshold system is a type of system where the behavior ..."
2025-12-03T10:37:28.597509,Affection_Test,5.0,4,550,False,325,0.6,8.0,"### Explanation in Simple Terms
Threshold systems are like a seesaw (or tipping point) where a small..."
2025-12-03T10:39:11.240472,Affection_Test,5.0,4,551,False,351,0.6410256410256411,9.0,"### Explanation in Simple Terms
A threshold system is like a switch that can turn on or off dependin..."
2025-12-03T10:40:45.854301,Affection_Test,5.0,4,552,False,287,0.6132404181184669,8.0,"### Explanation in Simple Terms
Threshold systems are like a seesaw where the balance point is deter..."
2025-12-03T10:42:16.871091,Affection_Test,5.0,4,553,False,304,0.6546052631578947,8.0,"### Explanation in Simple Terms:

Threshold systems are like a seesaw where the position of one side..."
2025-12-03T10:44:01.029875,Affection_Test,5.0,4,554,False,363,0.628099173553719,8.0,"### Explanation in Simple Terms
Threshold systems are like a seesaw where the state of the system ch..."
2025-12-03T10:45:38.153868,Affection_Test,5.0,4,555,False,264,0.6022727272727273,8.0,"### Explanation in Simple Terms
Threshold systems are like a seesaw where the order parameter \( R \..."
2025-12-03T10:47:05.858429,Affection_Test,5.0,4,556,False,283,0.6819787985865724,8.0,"### Explanation of the Statement in Simple Terms
Threshold systems are like a seesaw where, when one..."
2025-12-03T10:48:35.059502,Affection_Test,5.0,4,557,False,271,0.6199261992619927,8.0,"### Explanation in Simple Terms

Threshold systems are like a seesaw where the order parameter R act..."
2025-12-03T10:50:16.620849,Affection_Test,5.0,4,558,False,215,0.6744186046511628,8.0,"### Explanation in Simple Terms
Threshold systems describe situations where a small change can sudde..."
2025-12-03T10:51:55.070529,Affection_Test,5.0,4,559,False,337,0.6083086053412463,9.0,"### Explanation in Simple Terms
Threshold systems are like a seesaw that tips suddenly when the weig..."
2025-12-03T10:53:22.888335,Affection_Test,5.0,4,560,False,290,0.6827586206896552,9.0,"### Explanation in Simple Terms

This statement refers to how certain systems or processes change ab..."
2025-12-03T10:54:57.037529,Affection_Test,5.0,4,561,False,329,0.6139817629179332,8.0,"### Explanation in Simple Terms:

A **threshold system** is like a switch or a tipping point where a..."
2025-12-03T10:56:23.894232,Affection_Test,5.0,4,562,False,290,0.6931034482758621,8.0,"### Explanation of the Statement:

1. **Simple Terms:**
   - Threshold systems are like a seesaw whe..."
2025-12-03T10:58:17.058472,Affection_Test,5.0,4,563,False,279,0.6989247311827957,9.0,"### Explanation in Simple Terms
Threshold systems are like a seesaw: when one side (a specific order..."
2025-12-03T10:59:53.349225,Affection_Test,5.0,4,564,False,318,0.6509433962264151,8.0,"### 1. Explanation in Simple Terms
Threshold systems are like switches that turn on or off when a ce..."
2025-12-03T11:01:34.606913,Affection_Test,5.0,4,565,False,343,0.6559766763848397,8.0,"### Explanation in Simple Terms
Threshold systems are like a seesaw that tips over when the weight o..."
2025-12-03T11:03:16.382200,Affection_Test,5.0,4,566,False,234,0.688034188034188,8.0,"### Explanation in Simple Terms:

Threshold systems are like a house of cards: until a certain point..."
2025-12-03T11:04:58.860021,Affection_Test,5.0,4,567,False,341,0.6363636363636364,9.0,"### Explanation in Simple Terms
Threshold systems are like a seesaw that tips suddenly when enough w..."
2025-12-03T11:06:36.790747,Affection_Test,5.0,4,568,False,318,0.6477987421383647,8.0,"### 1. Explanation in Simple Terms:

Threshold systems are like a seesaw where the weight on one sid..."
2025-12-03T11:08:19.177129,Affection_Test,5.0,4,569,False,300,0.62,8.0,"### Explanation in Simple Terms
Threshold systems are like a seesaw where the order parameter \( R \..."
2025-12-03T11:09:35.011541,Affection_Test,5.0,4,570,False,249,0.678714859437751,8.0,"### Explanation in Simple Terms
Threshold systems are like a seesaw where the balance point (thresho..."
2025-12-03T11:11:01.765619,Affection_Test,5.0,4,571,False,269,0.6431226765799256,8.0,"### Explanation in Simple Terms

Threshold systems are like a seesaw where the balance point is dete..."
2025-12-03T11:12:40.157834,Affection_Test,5.0,4,572,False,323,0.6253869969040248,8.0,"### Explanation in Simple Terms

Threshold systems are like a seesaw where the position of one end (..."
2025-12-03T11:13:59.941217,Affection_Test,5.0,4,573,False,258,0.6976744186046512,9.0,"### Explanation
1. **Simple Terms:**
   - A threshold system is a type of system where small changes..."
2025-12-03T11:15:39.431298,Affection_Test,5.0,4,574,False,347,0.6138328530259366,8.0,"### Explanation of the Statement in Simple Terms

This statement refers to threshold systems where a..."
2025-12-03T11:17:21.049527,Affection_Test,5.0,4,575,False,347,0.5677233429394812,8.0,"### Explanation in Simple Terms
Threshold systems are like a seesaw where the order parameter \( R \..."
2025-12-03T11:18:53.188792,Affection_Test,5.0,4,576,False,298,0.6409395973154363,9.0,"### Explanation (in Simple Terms)
Threshold systems are like a seesaw where tiny changes on one side..."
2025-12-03T11:20:29.645764,Affection_Test,5.0,4,577,False,234,0.6495726495726496,9.0,"### Explanation in Simple Terms
A threshold system is like a seesaw where the position of two object..."
2025-12-03T11:21:58.111604,Affection_Test,5.0,4,578,False,296,0.6283783783783784,9.0,"### Explanation:

1. **In Simple Terms:**
   - A threshold system is a scenario where small changes ..."
2025-12-03T11:23:52.750041,Affection_Test,5.0,4,579,False,347,0.5994236311239193,9.0,"1. **Explanation in Simple Terms:**
   - A *threshold system* is a type of system where small change..."
2025-12-03T11:25:31.046322,Affection_Test,5.0,4,580,False,313,0.6198083067092651,8.0,"### Explanation in Simple Terms
In threshold systems, a sudden change (or ""critical transition"") occ..."
2025-12-03T11:27:19.438946,Affection_Test,5.0,4,581,False,362,0.649171270718232,8.0,"### Explanation in Simple Terms
Threshold systems are like a seesaw where once the weight on one sid..."
2025-12-03T11:28:58.612619,Affection_Test,5.0,4,582,False,340,0.6088235294117647,8.0,"### Explanation in Simple Terms
This statement is about how certain systems change dramatically when..."
2025-12-03T11:30:56.764935,Affection_Test,5.0,4,583,False,397,0.5994962216624685,8.0,"### Explanation in Simple Terms

Threshold systems are like a seesaw. When the weight on one side (r..."
2025-12-03T11:32:40.987443,Affection_Test,5.0,4,584,False,346,0.5982658959537572,8.0,"### Explanation in Simple Terms

Threshold systems are like a seesaw where one side starts to tip wh..."
2025-12-03T11:34:03.947286,Affection_Test,5.0,4,585,False,247,0.6842105263157895,8.0,"### Explanation in Simple Terms
Threshold systems are like a seesaw where the position of a weight (..."
2025-12-03T11:35:39.997079,Affection_Test,5.0,4,586,False,330,0.6363636363636364,8.0,"### Explanation in Simple Terms

This statement refers to how certain systems can suddenly change th..."
2025-12-03T11:37:14.808291,Affection_Test,5.0,4,587,False,330,0.6212121212121212,9.0,"### Explanation in Simple Terms
Threshold systems are like a seesaw that tips over when the weight o..."
2025-12-03T11:38:54.361683,Affection_Test,5.0,4,588,False,284,0.6373239436619719,9.0,"### Explanation in Simple Terms
Threshold systems are like a seesaw: when one side (represented by t..."
2025-12-03T11:40:50.805307,Affection_Test,5.0,4,589,False,371,0.6522911051212938,8.0,"### Explanation in Simple Terms:

When something changes suddenly or dramatically due to a small inc..."
2025-12-03T11:42:41.278137,Affection_Test,5.0,4,590,False,282,0.6312056737588653,8.0,"### Explanation in Simple Terms
A threshold system is a type of system where something significant h..."
2025-12-03T11:44:05.035141,Affection_Test,5.0,4,591,False,277,0.6967509025270758,9.0,"### Explanation in Simple Terms:

Threshold systems are like a seesaw where the balance point (the t..."
2025-12-03T11:45:46.218016,Affection_Test,5.0,4,592,False,341,0.5894428152492669,5.0,"### 1. Explanation in Simple Terms

**Threshold Systems with Critical Transitions:**
Imagine a syste..."
2025-12-03T11:47:31.209784,Affection_Test,5.0,4,593,False,340,0.6323529411764706,8.0,"### Explanation in Simple Terms
Threshold systems are like a seesaw that tips when the weight on one..."
2025-12-03T11:49:25.949587,Affection_Test,5.0,4,594,False,348,0.5919540229885057,8.0,"### Explanation in Simple Terms
Threshold systems are like a seesaw where the balance point (thresho..."
2025-12-03T11:51:20.055331,Affection_Test,5.0,4,595,False,395,0.5924050632911393,8.0,"### Explanation in Simple Terms

Threshold systems are like a seesaw where the system remains stable..."
2025-12-03T11:53:15.132712,Affection_Test,5.0,4,596,False,357,0.5518207282913166,8.0,"### Explanation in Simple Terms:

Threshold systems describe situations where a small change can lea..."
2025-12-03T11:55:13.699673,Affection_Test,5.0,4,597,False,398,0.6105527638190955,8.0,"### Explanation in Simple Terms

A **threshold system** is like a switch that turns on or off when s..."
2025-12-03T11:56:44.617410,Affection_Test,5.0,4,598,False,305,0.659016393442623,9.0,"### Explanation in Simple Terms:

Threshold systems are like a seesaw in a playground where the posi..."
2025-12-03T11:58:02.363295,Affection_Test,5.0,4,599,False,258,0.6317829457364341,8.0,"### Explanation in Simple Terms
Threshold systems are like a seesaw where the balance is maintained ..."
2025-12-03T11:59:47.087492,Affection_Test,5.0,4,600,False,355,0.6,8.0,"### Explanation in Simple Terms:

Threshold systems are like a seesaw where the position of one side..."
2025-12-03T12:01:20.462849,Affection_Test,5.0,4,601,False,279,0.6129032258064516,8.0,"### Explanation in Simple Terms

Threshold systems are like a seesaw where the weight on one side ca..."
2025-12-03T12:03:09.486745,Affection_Test,5.0,4,602,False,278,0.6330935251798561,9.0,"### Explanation in Simple Terms

Threshold systems are like a seesaw that tips when it reaches a cer..."
2025-12-03T12:04:41.990676,Affection_Test,5.0,4,603,False,309,0.6537216828478964,8.0,"### Explanation in Simple Terms
A threshold system is like a switch that turns on or off when a cert..."
2025-12-03T12:06:08.529672,Affection_Test,5.0,4,604,False,299,0.6187290969899666,8.0,"### Explanation in Simple Terms
A threshold system is a type of system where something significant h..."
2025-12-03T12:07:40.049375,Affection_Test,5.0,4,605,False,313,0.6421725239616614,9.0,"### Explanation in Simple Terms:

Threshold systems are like a seesaw where a small change can cause..."
2025-12-03T12:09:14.519383,Affection_Test,5.0,4,606,False,283,0.5865724381625441,8.0,"### Explanation in Simple Terms

Threshold systems are like a seesaw where the position of a weight ..."
2025-12-03T12:11:12.501897,Affection_Test,5.0,4,607,False,391,0.5728900255754475,8.0,"### Explanation in Simple Terms
Threshold systems are like a seesaw where the position of the fulcru..."
2025-12-03T12:13:00.761077,Affection_Test,5.0,4,608,False,353,0.6373937677053825,8.0,"### Explanation in Simple Terms
Threshold systems are like a seesaw where the behavior changes drama..."
2025-12-03T12:14:51.382003,Affection_Test,5.0,4,609,False,349,0.6217765042979942,8.0,"### Explanation in Simple Terms
Threshold systems are like a seesaw that tips suddenly when somethin..."
2025-12-03T12:16:49.041302,Affection_Test,5.0,4,610,False,393,0.5852417302798982,8.0,"### Explanation in Simple Terms

Threshold systems are like a seesaw where the balance is maintained..."
2025-12-03T12:18:14.880313,Affection_Test,5.0,4,611,False,267,0.700374531835206,8.0,"### Explanation:

1. **Simple Terms:**
   Threshold systems are like a seesaw where things change su..."
2025-12-03T12:19:50.407516,Affection_Test,5.0,4,612,False,318,0.6446540880503144,9.0,"### Explanation in Simple Terms

In simple terms, a **threshold system** is like a tipping point whe..."
2025-12-03T12:21:25.615927,Affection_Test,5.0,4,613,False,314,0.6719745222929936,8.0,"### Explanation in Simple Terms
This statement refers to systems where a change (or transition) happ..."
2025-12-03T12:22:49.776042,Affection_Test,5.0,4,614,False,293,0.6791808873720137,9.0,"### Explanation in Simple Terms

A threshold system is a type of system where small changes can lead..."
2025-12-03T12:24:44.819454,Affection_Test,5.0,4,615,False,348,0.6264367816091954,8.0,"### Explanation in Simple Terms
Imagine a system where everything stays quiet until a certain level ..."
2025-12-03T12:26:36.752847,Affection_Test,5.0,4,616,False,305,0.6295081967213115,9.0,"### Explanation in Simple Terms

Threshold systems are like a seesaw where the order parameter \( R ..."
2025-12-03T12:28:13.265538,Affection_Test,5.0,4,617,False,304,0.6513157894736842,8.0,"### Explanation:
1. **In Simple Terms:**
   Threshold systems are like a switch that turns on or off..."
2025-12-03T12:29:46.764031,Affection_Test,5.0,4,618,False,320,0.66875,9.0,"### Explanation in Simple Terms
Threshold systems are like a seesaw: when the weight on one side (an..."
2025-12-03T12:31:08.353525,Affection_Test,5.0,4,619,False,271,0.6273062730627307,5.0,"### Explanation:
1. **Simple Terms:**
   - A ""threshold system"" is a type of system where small chan..."
2025-12-03T12:33:02.911376,Affection_Test,5.0,4,620,False,353,0.5495750708215298,8.0,"### Explanation in Simple Terms:

Threshold systems are like a seesaw that tips over when the weight..."
2025-12-03T12:34:17.567730,Affection_Test,5.0,4,621,False,246,0.6991869918699187,8.0,"### Explanation in Simple Terms:

Threshold systems are like a see-saw: when one side (an order para..."
2025-12-03T12:36:02.911912,Affection_Test,5.0,4,622,False,314,0.5796178343949044,9.0,"### Explanation in Simple Terms

Threshold systems are like a seesaw that tips over when it reaches ..."
2025-12-03T12:37:43.561330,Affection_Test,5.0,4,623,False,331,0.5981873111782477,9.0,"### Explanation in Simple Terms
A threshold system is a type of system where something changes drama..."
2025-12-03T12:41:07.601329,Affection_Test,5.0,4,624,False,237,0.7046413502109705,9.0,"### Explanation in Simple Terms
Threshold systems are like a tipping point where small changes can l..."
2025-12-03T12:42:33.191673,Affection_Test,5.0,4,625,False,241,0.6763485477178424,8.0,"### Explanation in Simple Terms:

A threshold system is like a seesaw where the balance point (or ""o..."
2025-12-03T12:44:25.895902,Affection_Test,5.0,4,626,False,332,0.6144578313253012,8.0,"### Explanation in Simple Terms
Threshold systems are like a seesaw where the position of one side (..."
2025-12-03T12:46:05.774143,Affection_Test,5.0,4,627,False,317,0.6088328075709779,9.0,"### Explanation in Simple Terms
Threshold systems are like a seesaw where the position of the fulcru..."
2025-12-03T12:48:04.731484,Affection_Test,5.0,4,628,False,320,0.64375,8.0,"### Explanation in Simple Terms
Threshold systems are like a seesaw where, once enough weight is add..."
2025-12-03T12:49:58.560565,Affection_Test,5.0,4,629,False,377,0.6312997347480106,8.0,"### Explanation in Simple Terms
Threshold systems are like a seesaw where one side can suddenly tip ..."
2025-12-03T12:51:36.664069,Affection_Test,5.0,4,630,False,341,0.624633431085044,9.0,"### Explanation in Simple Terms
Threshold systems are like a seesaw where the balance point (thresho..."
2025-12-03T12:53:17.105795,Affection_Test,5.0,4,631,False,347,0.6109510086455331,8.0,"### Explanation of the Statement in Simple Terms:

1. **Explanation:**
   - A threshold system is a ..."
2025-12-03T12:54:57.370144,Affection_Test,5.0,4,632,False,307,0.6482084690553745,9.0,"### Explanation of the Statement:

1. **Simple Terms:**
   - A *threshold system* is a scenario wher..."
2025-12-03T12:56:31.924412,Affection_Test,5.0,4,633,False,326,0.6257668711656442,8.0,"### Explanation in Simple Terms:
Threshold systems are like a seesaw where adding or removing just a..."
2025-12-03T12:58:13.228278,Affection_Test,5.0,4,634,False,357,0.6134453781512605,8.0,"### Explanation in Simple Terms
Threshold systems describe situations where a small change can cause..."
2025-12-03T13:00:08.339077,Affection_Test,5.0,4,635,False,370,0.5648648648648649,8.0,"### Explanation in Simple Terms
Threshold systems are like a see-saw where things only change sudden..."
2025-12-03T13:01:40.408416,Affection_Test,5.0,4,636,False,127,0.6929133858267716,9.0,"### Explanation in Simple Terms
Threshold systems are like a seesaw where the position of one object..."
2025-12-03T13:03:33.647362,Affection_Test,5.0,4,637,False,376,0.5611702127659575,8.0,"### Explanation in Simple Terms
Threshold systems are like a seesaw where adding just one more perso..."
2025-12-03T13:05:09.669252,Affection_Test,5.0,4,638,False,315,0.6253968253968254,9.0,"### Explanation in Simple Terms

Threshold systems are like a seesaw where the order parameter \( R ..."
2025-12-03T13:06:41.143135,Affection_Test,5.0,4,639,False,321,0.6261682242990654,8.0,"### Explanation in Simple Terms
Threshold systems are like a seesaw where, once the weight on one si..."
2025-12-03T13:08:39.232385,Affection_Test,5.0,4,640,False,385,0.5662337662337662,9.0,"### Explanation of the Statement

1. **Simple Terms:**
   - A **threshold system** is a type of syst..."
2025-12-03T13:10:20.066732,Affection_Test,5.0,4,641,False,321,0.5981308411214953,8.0,"### Explanation in Simple Terms

Threshold systems are like a seesaw where the balance shifts sudden..."
2025-12-03T13:11:57.595470,Affection_Test,5.0,4,642,False,293,0.6552901023890785,8.0,"### Explanation in Simple Terms
Threshold systems are like a seesaw where something happens suddenly..."
2025-12-03T13:13:42.705545,Affection_Test,5.0,4,643,False,361,0.6011080332409973,8.0,"### Explanation in Simple Terms

A **threshold system** is like a switch where the behavior of a sys..."
2025-12-03T13:15:09.590793,Affection_Test,5.0,4,644,False,274,0.6423357664233577,7.0,"### Explanation in Simple Terms:

Threshold systems are like a seesaw where something significant ha..."
2025-12-03T13:17:01.004902,Affection_Test,5.0,4,645,False,388,0.6134020618556701,8.0,"### Explanation in Simple Terms:

Threshold systems are like a tipping point where something suddenl..."
2025-12-03T13:18:23.147342,Affection_Test,5.0,4,646,False,273,0.6703296703296703,8.0,"### Explanation in Simple Terms
Threshold systems are like a seesaw where the position of the see-sa..."
2025-12-03T13:19:47.430048,Affection_Test,5.0,4,647,False,289,0.671280276816609,8.0,"### Explanation in Simple Terms

Threshold systems are like a seesaw. When the seesaw (represented b..."
2025-12-03T13:21:04.740477,Affection_Test,5.0,4,648,False,262,0.6221374045801527,8.0,"### Explanation in Simple Terms:

Threshold systems are like a seesaw where the order parameter \( R..."
2025-12-03T13:22:52.102007,Affection_Test,5.0,4,649,False,319,0.658307210031348,8.0,"### Explanation in Simple Terms
Threshold systems are like a seesaw where the balance is sensitive t..."
2025-12-03T13:24:17.647916,Affection_Test,5.0,4,650,False,216,0.6944444444444444,8.0,"### Explanation in Simple Terms
Threshold systems are like a seesaw that tips when a certain level o..."
2025-12-03T13:25:38.083157,Affection_Test,5.0,4,651,False,249,0.6947791164658634,8.0,"### Explanation in Simple Terms

Threshold systems behave in a special way where small changes can l..."
2025-12-03T13:27:18.461017,Affection_Test,5.0,4,652,False,340,0.6,5.0,"### Explanation of the Statement in Simple Terms:

This statement refers to a phenomenon where certa..."
2025-12-03T13:28:40.058664,Affection_Test,5.0,4,653,False,274,0.6824817518248175,9.0,"### Explanation in Simple Terms

This statement is about how certain systems can suddenly change the..."
2025-12-03T13:30:39.639477,Affection_Test,5.0,4,654,False,396,0.6111111111111112,8.0,"### Explanation in Simple Terms:

Threshold systems are like a seesaw where the order parameter \( R..."
2025-12-03T13:32:15.711141,Affection_Test,5.0,4,655,False,320,0.621875,8.0,"### Explanation in Simple Terms

A **threshold system** is like a seesaw where the behavior changes ..."
2025-12-03T13:33:50.518960,Affection_Test,5.0,4,656,False,280,0.6107142857142858,8.0,"### Explanation in Simple Terms
A threshold system is like a seesaw where the balance point (thresho..."
2025-12-03T13:35:13.772562,Affection_Test,5.0,4,657,False,275,0.6363636363636364,5.0,"1. **Explanation in Simple Terms:**
   - Threshold systems are like a tipping point where something ..."
2025-12-03T13:36:24.622189,Affection_Test,5.0,4,658,False,221,0.6787330316742082,8.0,"### Explanation in Simple Terms
Threshold systems are like a seesaw where a small push can make it t..."
2025-12-03T13:38:21.063569,Affection_Test,5.0,4,659,False,263,0.5779467680608364,8.0,"### Explanation in Simple Terms
Threshold systems are like a seesaw where the balance point (thresho..."
2025-12-03T13:40:05.920984,Affection_Test,5.0,4,660,False,339,0.6076696165191741,8.0,"### Explanation in Simple Terms

Threshold systems are like a see-saw. When the see-saw is balanced ..."
2025-12-03T13:41:47.852268,Affection_Test,5.0,4,661,False,307,0.6026058631921825,8.0,"### Explanation in Simple Terms
Threshold systems are like a seesaw: when the order parameter \( R \..."
2025-12-03T13:43:22.695848,Affection_Test,5.0,4,662,False,302,0.6754966887417219,8.0,"### Explanation in Simple Terms

A **threshold system** is a type of system where changes can occur ..."
2025-12-03T13:45:10.960640,Affection_Test,5.0,4,663,False,340,0.6029411764705882,8.0,"### Explanation in Simple Terms:

When a system is described as a ""threshold system,"" it means that ..."
2025-12-03T13:46:43.602151,Affection_Test,5.0,4,664,False,289,0.6401384083044983,8.0,"### Explanation in Simple Terms

A threshold system is a type of system where small changes can lead..."
2025-12-03T13:48:17.954268,Affection_Test,5.0,4,665,False,289,0.6747404844290658,8.0,"### Explanation in Simple Terms
Threshold systems are like a seesaw where the order parameter \( R \..."
2025-12-03T13:49:28.601541,Affection_Test,5.0,4,666,False,229,0.6943231441048034,8.0,"### Explanation in Simple Terms
Threshold systems are like a seesaw where the balance is delicate. W..."
2025-12-03T13:50:55.494293,Affection_Test,5.0,4,667,False,295,0.6338983050847458,8.0,"### Explanation in Simple Terms:

Threshold systems are like a seesaw where once the weight on one s..."
2025-12-03T13:52:27.163126,Affection_Test,5.0,4,668,False,295,0.6576271186440678,9.0,"### Explanation in Simple Terms

Threshold systems are like a seesaw where the balance point is dete..."
2025-12-03T13:53:57.629174,Affection_Test,5.0,4,669,False,312,0.6410256410256411,9.0,"1. **Explanation in Simple Terms:**
   - Imagine a system where things change suddenly when somethin..."
2025-12-03T13:55:24.494702,Affection_Test,5.0,4,670,False,295,0.7084745762711865,8.0,"### Explanation of the Statement in Simple Terms

Threshold systems are like switches where small ch..."
2025-12-03T13:57:22.585795,Affection_Test,5.0,4,671,False,388,0.5567010309278351,8.0,"### Explanation in Simple Terms
Threshold systems are like a seesaw where the balance point (thresho..."
2025-12-03T13:58:49.445774,Affection_Test,5.0,4,672,False,291,0.6219931271477663,8.0,"### Explanation in Simple Terms:

Threshold systems are like a seesaw where, once a certain weight i..."
2025-12-03T14:00:34.628952,Affection_Test,5.0,4,673,False,358,0.6033519553072626,8.0,"### Explanation in Simple Terms
Threshold systems are like a seesaw (or balance beam) where the posi..."
2025-12-03T14:02:14.677453,Affection_Test,5.0,4,674,False,311,0.594855305466238,8.0,"### Explanation in Simple Terms:

Threshold systems are like a seesaw where the balance is delicate...."
2025-12-03T14:03:47.040413,Affection_Test,5.0,4,675,False,316,0.6265822784810127,8.0,"### Explanation in Simple Terms

This statement refers to how certain systems can suddenly change th..."
2025-12-03T14:05:31.940068,Affection_Test,5.0,4,676,False,361,0.6121883656509696,8.0,"### Explanation in Simple Terms

A threshold system shows a sudden change when something reaches a c..."
2025-12-03T14:07:05.377090,Affection_Test,5.0,4,677,False,297,0.622895622895623,8.0,"### Explanation in Simple Terms
Threshold systems are like a seesaw where the weight on one side (re..."
2025-12-03T14:08:25.125260,Affection_Test,5.0,4,678,False,256,0.65234375,8.0,"### Explanation in Simple Terms
Threshold systems are like a seesaw where the balance point (thresho..."
2025-12-03T14:10:12.357313,Affection_Test,5.0,4,679,False,348,0.6494252873563219,9.0,"### Explanation in Simple Terms

This statement refers to how certain systems can suddenly change th..."
2025-12-03T14:11:50.932559,Affection_Test,5.0,4,680,False,340,0.65,9.0,"### Explanation in Simple Terms
Threshold systems show sudden changes or “critical transitions” when..."
2025-12-03T14:13:18.872064,Affection_Test,5.0,4,681,False,295,0.6271186440677966,8.0,"### Explanation in Simple Terms

This statement is about how certain systems can suddenly change the..."
2025-12-03T14:15:18.373236,Affection_Test,5.0,4,682,False,399,0.556390977443609,9.0,"### Explanation in Simple Terms
Threshold systems are like a seesaw where a small change can cause a..."
2025-12-03T14:17:17.356412,Affection_Test,5.0,4,683,False,397,0.5944584382871536,8.0,"### Explanation in Simple Terms:

Threshold systems are like a seesaw where the order parameter \( R..."
2025-12-03T14:19:09.505957,Affection_Test,5.0,4,684,False,341,0.6363636363636364,8.0,"### 1. Explanation in Simple Terms:

Threshold systems are like a seesaw where it takes only a small..."
2025-12-03T14:20:56.327294,Affection_Test,5.0,4,685,False,368,0.6603260869565217,8.0,"### Explanation in Simple Terms

This statement is about how certain systems can suddenly change the..."
2025-12-03T14:22:20.606533,Affection_Test,5.0,4,686,False,207,0.7004830917874396,8.0,"### Explanation in Simple Terms
Threshold systems are like a seesaw that tips over when one side get..."
2025-12-03T14:23:42.016489,Affection_Test,5.0,4,687,False,271,0.6937269372693727,9.0,"### Explanation in Simple Terms

Imagine a system where small changes don't make much difference unt..."
2025-12-03T14:25:13.306251,Affection_Test,5.0,4,688,False,304,0.6611842105263158,9.0,"### Explanation in Simple Terms:

Threshold systems are like a seesaw where the balance point (thres..."
2025-12-03T14:27:06.161035,Affection_Test,5.0,4,689,False,383,0.5613577023498695,8.0,"### 1. Explanation in Simple Terms

Threshold systems are like a seesaw where the position of an obj..."
2025-12-03T14:28:49.605621,Affection_Test,5.0,4,690,False,325,0.68,8.0,"### Explanation in Simple Terms:

A threshold system is like a seesaw where things remain stable on ..."
2025-12-03T14:30:38.428580,Affection_Test,5.0,4,691,False,389,0.5938303341902313,8.0,"### 1. Explanation in Simple Terms

Threshold systems are like a seesaw that tips over when one side..."
2025-12-03T14:32:16.856964,Affection_Test,5.0,4,692,False,346,0.6213872832369942,8.0,"### Explanation in Simple Terms
Threshold systems are like a seesaw where the balance point (thresho..."
2025-12-03T14:33:47.086014,Affection_Test,5.0,4,693,False,275,0.6436363636363637,8.0,"### Explanation in Simple Terms:

Threshold systems are like a seesaw where the balance tip is deter..."
2025-12-03T14:35:31.886181,Affection_Test,5.0,4,694,False,358,0.611731843575419,8.0,"### Explanation in Simple Terms:

Threshold systems are like a seesaw where a small change can cause..."
2025-12-03T14:36:53.748601,Affection_Test,5.0,4,695,False,289,0.643598615916955,9.0,"### Explanation
1. **Simple Terms**: Imagine a system (like a weather pattern or the growth of bacte..."
2025-12-03T14:38:28.500842,Affection_Test,5.0,4,696,False,295,0.6135593220338983,8.0,"### Explanation in Simple Terms
Threshold systems are like a seesaw where the position of one side (..."
2025-12-03T14:39:59.716627,Affection_Test,5.0,4,697,False,316,0.6360759493670886,9.0,"### Explanation in Simple Terms
Threshold systems are like a seesaw: when the order parameter \( R \..."
2025-12-03T14:41:36.619312,Affection_Test,5.0,4,698,False,336,0.6101190476190477,7.0,"### 1. Explanation in Simple Terms
Threshold systems are like a tipping point where something sudden..."
2025-12-03T14:43:15.461112,Affection_Test,5.0,4,699,False,334,0.6107784431137725,8.0,"### Explanation in Simple Terms:

Threshold systems are like a seesaw. When the order parameter \( R..."
2025-12-03T14:45:11.322637,Affection_Test,5.0,4,700,False,396,0.5934343434343434,8.0,"### Explanation in Simple Terms
Threshold systems are like a seesaw that tips over when a certain po..."
2025-12-03T14:46:56.240432,Affection_Test,5.0,4,701,False,336,0.6428571428571429,8.0,"### Explanation in Simple Terms
Threshold systems are like a seesaw that tips over when it reaches a..."
2025-12-03T14:48:32.487948,Affection_Test,5.0,4,702,False,308,0.6948051948051948,8.0,"### Explanation in Simple Terms:

Threshold systems are like a seesaw where, once one side gets heav..."
2025-12-03T14:50:06.874213,Affection_Test,5.0,4,703,False,284,0.6232394366197183,8.0,"### Explanation in Simple Terms

Threshold systems are like a seesaw where the behavior changes dram..."
2025-12-03T14:51:43.418331,Affection_Test,5.0,4,704,False,313,0.5782747603833865,8.0,"### Explanation

1. **Simple Terms:**
   - Threshold systems are like a seesaw where the order param..."
2025-12-03T14:53:13.793675,Affection_Test,5.0,4,705,False,304,0.6381578947368421,8.0,"### Explanation in Simple Terms
Threshold systems are like switches where a small change can cause a..."
2025-12-03T14:54:58.679132,Affection_Test,5.0,4,706,False,344,0.6133720930232558,9.0,"### Explanation in Simple Terms:

Threshold systems are like a seesaw where the order parameter \( R..."
2025-12-03T14:56:46.557610,Affection_Test,5.0,4,707,False,304,0.6217105263157895,9.0,"### Explanation in Simple Terms

This statement refers to a type of system where there's a sudden ch..."
2025-12-03T14:58:21.088042,Affection_Test,5.0,4,708,False,269,0.6431226765799256,8.0,"### Explanation in Simple Terms:
Imagine you have a system where something changes suddenly when a c..."
2025-12-03T14:59:51.885615,Affection_Test,5.0,4,709,False,279,0.6594982078853047,8.0,"### Explanation in Simple Terms:

Imagine a system where things change suddenly when it reaches a ce..."
2025-12-03T15:01:29.223364,Affection_Test,5.0,4,710,False,321,0.5700934579439252,8.0,"### Explanation in Simple Terms
Threshold systems are like a seesaw where the position of one end (r..."
2025-12-03T15:03:03.965682,Affection_Test,5.0,4,711,False,287,0.6411149825783972,8.0,"### Explanation in Simple Terms

Threshold systems are like a seesaw where the balance shifts sudden..."
2025-12-03T15:05:00.680022,Affection_Test,5.0,4,712,False,389,0.5758354755784062,8.0,"### Explanation in Simple Terms
Threshold systems are like a seesaw where something shifts dramatica..."
2025-12-03T15:06:44.865966,Affection_Test,5.0,4,713,False,272,0.6580882352941176,8.0,"### Explanation in Simple Terms
Threshold systems are like a seesaw where the order parameter R acts..."
2025-12-03T15:08:15.940288,Affection_Test,5.0,4,714,False,304,0.6776315789473685,8.0,"### Explanation in Simple Terms:

Threshold systems are like a seesaw where the balance depends on h..."
2025-12-03T15:09:54.398543,Affection_Test,5.0,4,715,False,334,0.6317365269461078,8.0,"### Explanation in Simple Terms
Threshold systems are like a delicate balance where small changes ca..."
2025-12-03T15:13:21.158075,Affection_Test,5.0,4,716,False,293,0.6655290102389079,9.0,"### Explanation in Simple Terms:

Threshold systems are like a seesaw that tips suddenly when one si..."
2025-12-03T15:14:44.216869,Affection_Test,5.0,4,717,False,284,0.6197183098591549,9.0,"### Explanation in Simple Terms
Threshold systems are like a seesaw where the order parameter \( R \..."
2025-12-03T15:16:23.832676,Affection_Test,5.0,4,718,False,312,0.6442307692307693,8.0,"### Explanation in Simple Terms:
Imagine a system where the state of the system changes dramatically..."
2025-12-03T15:18:02.542513,Affection_Test,5.0,4,719,False,329,0.6443768996960486,8.0,"### Explanation in Simple Terms
Threshold systems are like a seesaw: when one side (an order paramet..."
2025-12-03T15:19:58.586989,Affection_Test,5.0,4,720,False,359,0.6239554317548747,8.0,"### Explanation in Simple Terms

This statement is about systems where a small change can lead to a ..."
2025-12-03T15:21:12.902846,Affection_Test,5.0,4,721,False,249,0.6867469879518072,8.0,"### Explanation in Simple Terms
Threshold systems are like a seesaw where something happens only whe..."
2025-12-03T15:23:02.377413,Affection_Test,5.0,4,722,False,347,0.6167146974063401,8.0,"### Explanation in Simple Terms
1. **What This Means:**
   - Threshold systems are like a seesaw whe..."
2025-12-03T15:24:24.734009,Affection_Test,5.0,4,723,False,252,0.6984126984126984,8.0,"### Explanation in Simple Terms:

This statement refers to how certain systems can suddenly change t..."
2025-12-03T15:26:23.383896,Affection_Test,5.0,4,724,False,347,0.6109510086455331,8.0,"### Explanation in Simple Terms

This statement is about systems where changes can suddenly occur wh..."
2025-12-03T15:28:17.833352,Affection_Test,5.0,4,725,False,362,0.6077348066298343,8.0,"### Explanation in Simple Terms
A threshold system is a type of system where a small change in condi..."
2025-12-03T15:29:41.013652,Affection_Test,5.0,4,726,False,276,0.7028985507246377,9.0,"### Explanation in Simple Terms
Threshold systems are like a seesaw where, when one side (an order p..."
2025-12-03T15:31:14.477629,Affection_Test,5.0,4,727,False,315,0.6,8.0,"### Explanation in Simple Terms
Threshold systems are like a see-saw: when the input (represented by..."
2025-12-03T15:32:45.356051,Affection_Test,5.0,4,728,False,294,0.608843537414966,8.0,"### Explanation in Simple Terms
Threshold systems are like a seesaw where, when the weight on one si..."
2025-12-03T15:34:10.654581,Affection_Test,5.0,4,729,False,113,0.7433628318584071,8.0,"### Explanation in Simple Terms
Threshold systems are like a seesaw where the balance point (thresho..."
2025-12-03T15:35:37.912531,Affection_Test,5.0,4,730,False,292,0.6404109589041096,8.0,"### Explanation in Simple Terms
Threshold systems are like a seesaw. Imagine the seesaw is balanced ..."
2025-12-03T15:37:21.279523,Affection_Test,5.0,4,731,False,349,0.5616045845272206,8.0,"### Explanation in Simple Terms
Threshold systems are like a seesaw where the order parameter \( R \..."
2025-12-03T15:38:54.469289,Affection_Test,5.0,4,732,False,310,0.5967741935483871,9.0,"### Explanation in Simple Terms
Threshold systems are like a seesaw that tips when the weight on one..."
2025-12-03T15:40:16.004084,Affection_Test,5.0,4,733,False,277,0.6498194945848376,8.0,"### Explanation in Simple Terms
Threshold systems are like a seesaw where, once the weight on one si..."
2025-12-03T15:41:44.136749,Affection_Test,5.0,4,734,False,270,0.7037037037037037,9.0,"### Explanation in Simple Terms
Threshold systems are like a seesaw where the balance shifts dramati..."
2025-12-03T15:43:22.893976,Affection_Test,5.0,4,735,False,340,0.6029411764705882,8.0,"### Explanation in Simple Terms:

Threshold systems are like a seesaw that tips over at a specific p..."
2025-12-03T15:45:01.481498,Affection_Test,5.0,4,736,False,343,0.6326530612244898,8.0,"### Explanation
**1. Simple Terms:**
Threshold systems are like a seesaw where the balance shifts su..."
2025-12-03T15:46:33.268637,Affection_Test,5.0,4,737,False,316,0.6265822784810127,8.0,"### Explanation in Simple Terms
Threshold systems are like a seesaw. When a certain measure (like th..."
2025-12-03T15:48:11.495353,Affection_Test,5.0,4,738,False,340,0.5970588235294118,8.0,"### Explanation in Simple Terms
Threshold systems are like a seesaw where the balance is maintained ..."
2025-12-03T15:50:03.406661,Affection_Test,5.0,4,739,False,399,0.5538847117794486,8.0,"### Explanation in Simple Terms

Threshold systems are like a seesaw where the order parameter \( R ..."
2025-12-03T15:51:52.486758,Affection_Test,5.0,4,740,False,376,0.5930851063829787,8.0,"### Explanation in Simple Terms

Threshold systems are like a seesaw where something big happens whe..."
2025-12-03T15:53:18.594903,Affection_Test,5.0,4,741,False,307,0.5830618892508144,8.0,"### Explanation in Simple Terms:

Imagine a system, like the weather or the population of a species,..."
2025-12-03T15:54:39.685976,Affection_Test,5.0,4,742,False,288,0.6354166666666666,8.0,"### Explanation in Simple Terms
Threshold systems are like a seesaw. Imagine you have a seesaw with ..."
2025-12-03T15:56:02.755992,Affection_Test,5.0,4,743,False,301,0.6212624584717608,9.0,"### Explanation in Simple Terms
Threshold systems are like a seesaw where the balance shifts suddenl..."
2025-12-03T15:57:16.505702,Affection_Test,5.0,4,744,False,251,0.6772908366533864,5.0,"### Explanation of the Statement

1. **Simple Explanation:**
   - Imagine a system that behaves in o..."
2025-12-03T15:58:53.051185,Affection_Test,5.0,4,745,False,255,0.6627450980392157,8.0,"### Explanation in Simple Terms
Threshold systems are like a dam with water level control. When the ..."
2025-12-03T16:00:38.170100,Affection_Test,5.0,4,746,False,365,0.5917808219178082,8.0,"### Explanation in Simple Terms
Threshold systems are like a seesaw where the order parameter \( R \..."
2025-12-03T16:02:13.557313,Affection_Test,5.0,4,747,False,271,0.6162361623616236,8.0,"### Explanation in Simple Terms

Threshold systems are like a seesaw where small changes can suddenl..."
2025-12-03T16:03:46.221546,Affection_Test,5.0,4,748,False,300,0.5833333333333334,8.0,"### Explanation in Simple Terms
A threshold system is a type of system where something changes sudde..."
2025-12-03T16:05:12.820502,Affection_Test,5.0,4,749,False,274,0.6715328467153284,8.0,"### Explanation in Simple Terms
Threshold systems are like a seesaw where the balance changes dramat..."
2025-12-03T16:06:58.863302,Affection_Test,5.0,4,750,False,379,0.6306068601583114,9.0,"### Explanation in Simple Terms:

Threshold systems are like a seesaw where the balance is sensitive..."
2025-12-03T16:08:18.392458,Affection_Test,5.0,4,751,False,197,0.6903553299492385,8.0,"### Explanation in Simple Terms
Threshold systems are like a seesaw where something happens abruptly..."
2025-12-03T16:09:48.490311,Affection_Test,5.0,4,752,False,279,0.6487455197132617,9.0,"### Explanation in Simple Terms

This statement refers to how certain systems can suddenly change th..."
2025-12-03T16:11:44.588646,Affection_Test,5.0,4,753,False,406,0.5492610837438424,9.0,"### Explanation in Simple Terms

This statement is about how certain systems can suddenly change the..."
2025-12-03T16:13:21.459405,Affection_Test,5.0,4,754,False,323,0.6501547987616099,8.0,"### Explanation in Simple Terms:

Threshold systems are like a seesaw where the balance point (thres..."
2025-12-03T16:15:01.642192,Affection_Test,5.0,4,755,False,340,0.6588235294117647,9.0,"### Explanation in Simple Terms:

When a system reaches a certain point, it can suddenly change its ..."
2025-12-03T16:16:38.548408,Affection_Test,5.0,4,756,False,310,0.5580645161290323,8.0,"### Explanation in Simple Terms:

Threshold systems are like a seesaw where the position of one side..."
2025-12-03T16:17:53.470299,Affection_Test,5.0,4,757,False,250,0.66,8.0,"### Explanation in Simple Terms:
Threshold systems are like a seesaw. When the order parameter \( R ..."
2025-12-03T16:19:20.955450,Affection_Test,5.0,4,758,False,293,0.6518771331058021,8.0,"### Explanation in Simple Terms:
Imagine a system where everything stays the same until something ch..."
2025-12-03T16:20:37.687238,Affection_Test,5.0,4,759,False,234,0.6923076923076923,8.0,"### Explanation in Simple Terms

Threshold systems show a sudden change or ""jump"" when some level (o..."
2025-12-03T16:22:09.174847,Affection_Test,5.0,4,760,False,316,0.6645569620253164,8.0,"### Explanation in Simple Terms

Imagine a system where something changes suddenly when it reaches a..."
2025-12-03T16:24:07.933801,Affection_Test,5.0,4,761,False,391,0.5549872122762148,9.0,"### 1. Explanation in Simple Terms

**Threshold Systems:** Imagine a system where everything is stab..."
2025-12-03T16:25:59.042222,Affection_Test,5.0,4,762,False,379,0.5804749340369393,9.0,"### Explanation in Simple Terms
Threshold systems are like a seesaw where the system changes drastic..."
2025-12-03T16:27:32.022634,Affection_Test,5.0,4,763,False,318,0.5817610062893082,8.0,"### Explanation in Simple Terms
Threshold systems are like a seesaw where the position of one side (..."
2025-12-03T16:28:58.657644,Affection_Test,5.0,4,764,False,284,0.6971830985915493,8.0,"### Explanation in Simple Terms
Threshold systems are like a seesaw (or fulcrum) where the balance c..."
2025-12-03T16:30:38.041268,Affection_Test,5.0,4,765,False,338,0.5828402366863905,8.0,"### Explanation of the Statement in Simple Terms
This statement discusses how certain systems can su..."
2025-12-03T16:32:35.553055,Affection_Test,5.0,4,766,False,386,0.5569948186528497,9.0,"### Explanation in Simple Terms
Threshold systems are like a seesaw where the order parameter \( R \..."
2025-12-03T16:34:07.870563,Affection_Test,5.0,4,767,False,293,0.6518771331058021,9.0,"### 1. Explanation in Simple Terms:

A **threshold system** is a type of system where something happ..."
2025-12-03T16:35:31.836622,Affection_Test,5.0,4,768,False,241,0.7012448132780082,8.0,"### Explanation in Simple Terms
When a system reaches a certain level (the threshold Θ), it suddenly..."
2025-12-03T16:37:08.463603,Affection_Test,5.0,4,769,False,315,0.6317460317460317,9.0,"### Explanation in Simple Terms
Threshold systems are like a seesaw where the order parameter \(R\) ..."
2025-12-03T16:38:42.397230,Affection_Test,5.0,4,770,False,306,0.6143790849673203,8.0,"### Explanation in Simple Terms
Threshold systems are like a seesaw where the order parameter R repr..."
2025-12-03T16:40:08.487914,Affection_Test,5.0,4,771,False,96,0.8020833333333334,8.0,"### Explanation in Simple Terms
Threshold systems are like a seesaw where once a certain weight is a..."
2025-12-03T16:42:06.072252,Affection_Test,5.0,4,772,False,391,0.6138107416879796,8.0,"### Explanation in Simple Terms
Threshold systems are like a tipping point where something changes s..."
2025-12-03T16:43:53.980072,Affection_Test,5.0,4,773,False,363,0.5730027548209367,8.0,"### Explanation in Simple Terms
Threshold systems are like a seesaw where once the weight on one sid..."
2025-12-03T16:45:52.640883,Affection_Test,5.0,4,774,False,406,0.5566502463054187,8.0,"### Explanation in Simple Terms

A threshold system is a type of system where small changes can sudd..."
2025-12-03T16:47:24.001762,Affection_Test,5.0,4,775,False,309,0.5922330097087378,8.0,"### Explanation in Simple Terms
1. **Explanation:**
   Threshold systems are like a seesaw where the..."
2025-12-03T16:48:53.611188,Affection_Test,5.0,4,776,False,263,0.6121673003802282,8.0,"### Explanation in Simple Terms

This statement is about how certain systems can suddenly change the..."
2025-12-03T16:50:49.740636,Affection_Test,5.0,4,777,False,390,0.6,8.0,"### Explanation in Simple Terms:

A threshold system behaves differently when a certain condition is..."
2025-12-03T16:52:30.092006,Affection_Test,5.0,4,778,False,332,0.6445783132530121,8.0,"### Explanation in Simple Terms

Threshold systems are like a seesaw: when one side (an order parame..."
2025-12-03T16:54:27.950202,Affection_Test,5.0,4,779,False,396,0.5681818181818182,9.0,"### Explanation in Simple Terms
Threshold systems are like a seesaw that tips over when the weight o..."
2025-12-03T16:56:00.406566,Affection_Test,5.0,4,780,False,322,0.6273291925465838,9.0,"### Explanation in Simple Terms
Threshold systems are like a seesaw where the position of one side (..."
2025-12-03T16:57:19.660719,Affection_Test,5.0,4,781,False,265,0.7169811320754716,8.0,"### Explanation in Simple Terms
Threshold systems are like a see-saw where the addition of just one ..."
2025-12-03T16:59:16.920029,Affection_Test,5.0,4,782,False,390,0.5666666666666667,9.0,"### Explanation in Simple Terms:

Threshold systems are like a seesaw where the position of the fulc..."
2025-12-03T17:01:07.676013,Affection_Test,5.0,4,783,False,377,0.6419098143236074,8.0,"### Explanation in Simple Terms

This statement refers to how certain systems change dramatically wh..."
2025-12-03T17:02:50.017934,Affection_Test,5.0,4,784,False,330,0.6757575757575758,8.0,"### Explanation in Simple Terms
Threshold systems are like a seesaw where the position of one side (..."
2025-12-03T17:04:21.143002,Affection_Test,5.0,4,785,False,286,0.6503496503496503,8.0,"### Explanation in Simple Terms

Threshold systems are like a seesaw where the position of a weight ..."
2025-12-03T17:06:01.786092,Affection_Test,5.0,4,786,False,323,0.6191950464396285,9.0,"### Explanation in Simple Terms
Threshold systems are like a see-saw: they stay balanced until a cer..."
2025-12-03T17:07:49.782370,Affection_Test,5.0,4,787,False,343,0.6239067055393586,8.0,"### Explanation in Simple Terms

Threshold systems are like a seesaw where the position of a seesaw ..."
2025-12-03T17:09:15.217016,Affection_Test,5.0,4,788,False,291,0.6597938144329897,8.0,"### Explanation in Simple Terms
Threshold systems are like tipping points where small changes can su..."
2025-12-03T17:11:12.707366,Affection_Test,5.0,4,789,False,407,0.6044226044226044,5.0,"### Explanation in Simple Terms

A threshold system is a type of system where something significant ..."
2025-12-03T17:12:54.296574,Affection_Test,5.0,4,790,False,337,0.5816023738872403,8.0,"### Explanation in Simple Terms
Threshold systems are like a seesaw where the order parameter \( R \..."
2025-12-03T17:14:42.358834,Affection_Test,5.0,4,791,False,312,0.6378205128205128,8.0,"### Explanation in Simple Terms

Threshold systems are like a seesaw: when one side gets to a certai..."
2025-12-03T17:16:12.127040,Affection_Test,5.0,4,792,False,293,0.6075085324232082,9.0,"### Explanation in Simple Terms:

Threshold systems are like a seesaw where the balance point (thres..."
2025-12-03T17:17:50.909318,Affection_Test,5.0,4,793,False,307,0.6742671009771987,8.0,"### Explanation in Simple Terms

Threshold systems are like a seesaw that only tips over when pushed..."
2025-12-03T17:19:48.159475,Affection_Test,5.0,4,794,False,402,0.5422885572139303,5.0,"### Explanation in Simple Terms

Threshold systems are like a seesaw where the balance changes sudde..."
2025-12-03T17:21:27.449395,Affection_Test,5.0,4,795,False,249,0.5903614457831325,9.0,"### Explanation of the Statement in Simple Terms:

1. **Explanation:**
   - **Threshold Systems:** T..."
2025-12-03T17:23:14.923361,Affection_Test,5.0,4,796,False,276,0.5797101449275363,8.0,"### Explanation in Simple Terms
Threshold systems are like a seesaw where, when one side gets pushed..."
2025-12-03T17:24:37.572016,Affection_Test,5.0,4,797,False,280,0.6035714285714285,8.0,"### Explanation in Simple Terms:
Threshold systems are like a seesaw where the order parameter \( R ..."
2025-12-03T17:25:59.472938,Affection_Test,5.0,4,798,False,263,0.6844106463878327,8.0,"### Explanation in Simple Terms

This statement is about systems that change dramatically when a cer..."
2025-12-03T17:27:31.970038,Affection_Test,5.0,4,799,False,310,0.5645161290322581,8.0,"### Explanation in Simple Terms
Threshold systems are like a seesaw where the order parameter \( R \..."
2025-12-03T17:29:02.292398,Affection_Test,5.0,4,800,False,301,0.6245847176079734,8.0,"### Explanation in Simple Terms
Threshold systems are like a seesaw where the balance changes sudden..."
2025-12-03T17:30:34.356851,Affection_Test,5.0,4,801,False,263,0.6463878326996197,9.0,"### Explanation in Simple Terms
Threshold systems are like a seesaw where, as you gradually add weig..."
2025-12-03T17:32:14.279577,Affection_Test,5.0,4,802,False,326,0.6134969325153374,8.0,"### Explanation in Simple Terms
Threshold systems are like a seesaw where, once a certain weight is ..."
2025-12-03T17:33:44.016320,Affection_Test,5.0,4,803,False,305,0.6885245901639344,9.0,"### Explanation in Simple Terms:

Threshold systems are like a seesaw where the position of a weight..."
2025-12-03T17:35:02.642046,Affection_Test,5.0,4,804,False,262,0.6526717557251909,9.0,"### Simple Explanation:
Threshold systems are like a seesaw where the balance is very sensitive to s..."
2025-12-03T17:36:44.909966,Affection_Test,5.0,4,805,False,348,0.6235632183908046,9.0,"### Explanation in Simple Terms:

Threshold systems are like a seesaw where the balance point is ver..."
2025-12-03T17:38:13.590836,Affection_Test,5.0,4,806,False,288,0.6875,8.0,"### Explanation in Simple Terms
Threshold systems are like a seesaw where the balance changes sudden..."
2025-12-03T17:39:41.184629,Affection_Test,5.0,4,807,False,217,0.6774193548387096,8.0,"### Explanation in Simple Terms:

Imagine a system like a forest where the number of trees (order pa..."
2025-12-03T17:41:04.719316,Affection_Test,5.0,4,808,False,277,0.6425992779783394,8.0,"### Explanation in Simple Terms

This statement is about systems where a small change can lead to a ..."
2025-12-03T17:42:33.885597,Affection_Test,5.0,4,809,False,295,0.6711864406779661,9.0,"### Explanation:

1. **Simple Terms:** Imagine a system where something changes suddenly when a spec..."
2025-12-03T17:44:28.589836,Affection_Test,5.0,4,810,False,391,0.5831202046035806,9.0,"### Explanation in Simple Terms
A threshold system is a type of system where a small change can lead..."
2025-12-03T17:46:21.581944,Affection_Test,5.0,4,811,False,362,0.6132596685082873,8.0,"### Explanation in Simple Terms
A threshold system is like a seesaw where the balance point (thresho..."
2025-12-03T17:48:11.786171,Affection_Test,5.0,4,812,False,378,0.5608465608465608,9.0,"### Explanation in Simple Terms

This statement refers to systems that undergo dramatic changes when..."
2025-12-03T17:49:51.458400,Affection_Test,5.0,4,813,False,335,0.5970149253731343,8.0,"### Explanation in Simple Terms:
Threshold systems are like a seesaw where there's a point (threshol..."
2025-12-03T17:51:23.485509,Affection_Test,5.0,4,814,False,311,0.6527331189710611,8.0,"### Explanation in Simple Terms
Threshold systems are like a seesaw: when one side (an order paramet..."
2025-12-03T17:53:18.110864,Affection_Test,5.0,4,815,False,326,0.588957055214724,8.0,"### Explanation in Simple Terms
Threshold systems are like a seesaw where something happens only whe..."
2025-12-03T17:55:11.453773,Affection_Test,5.0,4,816,False,354,0.5903954802259888,9.0,"### Explanation in Simple Terms
A threshold system is like a switch that turns on or off based on ce..."
2025-12-03T17:56:47.089163,Affection_Test,5.0,4,817,False,224,0.7232142857142857,8.0,"### Explanation in Simple Terms
Threshold systems are like a seesaw where the balance is maintained ..."
2025-12-03T17:58:05.683762,Affection_Test,5.0,4,818,False,262,0.6946564885496184,8.0,"### Explanation in Simple Terms
Threshold systems are like a seesaw where small changes can cause a ..."
2025-12-03T17:59:30.161884,Affection_Test,5.0,4,819,False,219,0.6529680365296804,9.0,"### Explanation in Simple Terms
Threshold systems are like a seesaw that only tips when the weight o..."
2025-12-03T18:00:58.882948,Affection_Test,5.0,4,820,False,293,0.6416382252559727,8.0,"### Explanation in Simple Terms
This statement is about how certain systems can undergo sudden chang..."
2025-12-03T18:02:57.432424,Affection_Test,5.0,4,821,False,373,0.5924932975871313,7.0,"### Explanation in Simple Terms
This statement is about how certain systems can suddenly change thei..."
2025-12-03T18:04:55.269659,Affection_Test,5.0,4,822,False,367,0.6212534059945504,8.0,"### Explanation in Simple Terms

1. **Explanation:**
   - Think of a threshold system as something t..."
2025-12-03T18:06:29.949394,Affection_Test,5.0,4,823,False,320,0.671875,8.0,"### Explanation in Simple Terms

Threshold systems are like a seesaw where a small change can cause ..."
2025-12-03T18:08:05.523451,Affection_Test,5.0,4,824,False,331,0.622356495468278,8.0,"### Explanation in Simple Terms

Imagine you have a system, like the weather or a population of anim..."
2025-12-03T18:09:47.468379,Affection_Test,5.0,4,825,False,344,0.6133720930232558,9.0,"### Explanation in Simple Terms

Threshold systems are like a seesaw that tips over when something r..."
2025-12-03T18:11:42.840899,Affection_Test,5.0,4,826,False,388,0.6108247422680413,8.0,"### Explanation in Simple Terms

A **threshold system** is a type of system where something only hap..."
2025-12-03T18:13:26.119087,Affection_Test,5.0,4,827,False,338,0.6094674556213018,9.0,"### Explanation in Simple Terms

Threshold systems are like a seesaw where the balance shifts sudden..."
2025-12-03T18:15:12.812413,Affection_Test,5.0,4,828,False,328,0.6463414634146342,8.0,"### Explanation in Simple Terms
Threshold systems operate under a rule where their behavior changes ..."
2025-12-03T18:16:49.911915,Affection_Test,5.0,4,829,False,330,0.6424242424242425,9.0,"### Explanation in Simple Terms
This statement is about how certain systems can suddenly change thei..."
2025-12-03T18:18:32.022800,Affection_Test,5.0,4,830,False,362,0.585635359116022,8.0,"### Explanation in Simple Terms
A threshold system is a type of system where a small change can caus..."
2025-12-03T18:20:05.009695,Affection_Test,5.0,4,831,False,286,0.6608391608391608,8.0,"### Explanation:

1. **Simple Terms:**
   - A ""threshold system"" refers to a situation where small c..."
2025-12-03T18:21:54.850021,Affection_Test,5.0,4,832,False,358,0.5977653631284916,9.0,"### Explanation in Simple Terms

Threshold systems are like a seesaw: when the weight on one side (r..."
2025-12-03T18:23:44.954698,Affection_Test,5.0,4,833,False,355,0.6197183098591549,8.0,"### Explanation in Simple Terms
Threshold systems are like a seesaw where you need to add just the r..."
2025-12-03T18:25:17.972841,Affection_Test,5.0,4,834,False,319,0.6363636363636364,8.0,"### Explanation in Simple Terms
Threshold systems are like a seesaw that suddenly tips over when the..."
2025-12-03T18:26:37.786543,Affection_Test,5.0,4,835,False,229,0.6855895196506551,8.0,"### Explanation in Simple Terms

A threshold system is a type of system where changes occur suddenly..."
2025-12-03T18:28:28.437244,Affection_Test,5.0,4,836,False,369,0.5826558265582655,8.0,"### Explanation in Simple Terms
This statement refers to a concept where certain systems or processe..."
2025-12-03T18:29:59.301508,Affection_Test,5.0,4,837,False,223,0.672645739910314,9.0,"### Explanation in Simple Terms

Threshold systems are like a seesaw: when the weight on one side (a..."
2025-12-03T18:31:47.749317,Affection_Test,5.0,4,838,False,277,0.6425992779783394,8.0,"### Explanation in Simple Terms
A threshold system is a type of system where it remains stable until..."
2025-12-03T18:33:46.929636,Affection_Test,5.0,4,839,False,346,0.6098265895953757,8.0,"### Explanation in Simple Terms

Threshold systems are like a seesaw where a small push can cause it..."
2025-12-03T18:35:27.889139,Affection_Test,5.0,4,840,False,280,0.6821428571428572,8.0,"### Explanation in Simple Terms
Threshold systems are like a seesaw where the order of elements (lik..."
2025-12-03T18:41:29.312175,Affection_Test,5.0,4,841,False,369,0.6233062330623306,8.0,"### Explanation in Simple Terms

Threshold systems are like a seesaw: when the weight (order paramet..."
2025-12-03T18:43:10.997568,Affection_Test,5.0,4,842,False,293,0.5802047781569966,9.0,"### Explanation:

1. **Simple Terms:**
   - **Threshold Systems:** These are systems where a small c..."
2025-12-03T18:44:48.997221,Affection_Test,5.0,4,843,False,320,0.659375,9.0,"### Explanation in Simple Terms
Threshold systems show a sudden change or transition when a specific..."
2025-12-03T18:46:35.342510,Affection_Test,5.0,4,844,False,352,0.6306818181818182,9.0,"### Explanation in Simple Terms:

Threshold systems are like a seesaw where something only happens w..."
2025-12-03T18:48:34.969677,Affection_Test,5.0,4,845,False,400,0.5875,8.0,"### Explanation in Simple Terms:

When a system is ""threshold-based,"" it means the system's behavior..."
2025-12-03T18:50:26.801375,Affection_Test,5.0,4,846,False,325,0.6553846153846153,5.0,"1. **Explanation in Simple Terms:**
   - **Threshold Systems:** Imagine a system (like temperature o..."
2025-12-03T18:51:59.066134,Affection_Test,5.0,4,847,False,244,0.610655737704918,9.0,"### Analysis of the Statement:

1. **Explanation in Simple Terms:**
   Threshold systems are like a ..."
2025-12-03T18:53:34.643955,Affection_Test,5.0,4,848,False,259,0.7027027027027027,9.0,"### Explanation in Simple Terms

Threshold systems are like a seesaw where the balance point (thresh..."
2025-12-03T18:54:50.435412,Affection_Test,5.0,4,849,False,243,0.6584362139917695,9.0,"### Explanation in Simple Terms:
Threshold systems are like a seesaw where there's a tipping point (..."
2025-12-03T18:56:17.978477,Affection_Test,5.0,4,850,False,291,0.6151202749140894,8.0,"### Explanation in Simple Terms
When a threshold system is involved, something significant happens w..."
2025-12-03T18:58:02.759747,Affection_Test,5.0,4,851,False,335,0.5880597014925373,8.0,"### Explanation in Simple Terms
Threshold systems are like a seesaw where the order parameter \( R \..."
2025-12-03T18:59:52.664550,Affection_Test,5.0,4,852,False,350,0.5542857142857143,8.0,"### Explanation in Simple Terms

Threshold systems are like a seesaw that suddenly tips when the wei..."
2025-12-03T19:01:41.545876,Affection_Test,5.0,4,853,False,347,0.6512968299711815,9.0,"### Explanation in Simple Terms
Threshold systems are like a seesaw where, once a certain weight (or..."
2025-12-03T19:03:16.745976,Affection_Test,5.0,4,854,False,303,0.6270627062706271,8.0,"### Explanation in Simple Terms
1. **Explanation:**
   Threshold systems are like a seesaw where sma..."
2025-12-03T19:04:57.596024,Affection_Test,5.0,4,855,False,300,0.63,8.0,"### Explanation in Simple Terms
Threshold systems are like a seesaw where the balance point (thresho..."
2025-12-03T19:06:47.972591,Affection_Test,5.0,4,856,False,313,0.6421725239616614,8.0,"### Explanation in Simple Terms:

Threshold systems are like a seesaw where the balance point (thres..."
2025-12-03T19:08:35.544499,Affection_Test,5.0,4,857,False,274,0.5802919708029197,8.0,"### 1. Explanation in Simple Terms:

Threshold systems are like a seesaw. When the order parameter \..."
2025-12-03T19:09:59.768816,Affection_Test,5.0,4,858,False,283,0.6643109540636042,8.0,"### Explanation in Simple Terms
Threshold systems are like a seesaw where the balance point (thresho..."
2025-12-03T19:11:20.086431,Affection_Test,5.0,4,859,False,274,0.6788321167883211,9.0,"### Explanation in Simple Terms:

Threshold systems are like a seesaw where the balance point (thres..."
2025-12-03T19:12:59.243255,Affection_Test,5.0,4,860,False,274,0.6240875912408759,8.0,"### Explanation in Simple Terms:

1. **Explanation:**
   - Imagine a system where something changes ..."
2025-12-03T19:14:58.087490,Affection_Test,5.0,4,861,False,408,0.571078431372549,5.0,"### Explanation in Simple Terms

A threshold system is a type of system where changes happen suddenl..."
2025-12-03T19:16:16.385379,Affection_Test,5.0,4,862,False,265,0.6037735849056604,8.0,"### Explanation in Simple Terms
Threshold systems are like a seesaw: when one side (represented by t..."
2025-12-03T19:18:05.065245,Affection_Test,5.0,4,863,False,371,0.6091644204851752,8.0,"### Explanation in Simple Terms

Threshold systems are like a seesaw where the balance point is dete..."
2025-12-03T19:23:57.442374,Affection_Test,5.0,4,864,False,300,0.6233333333333333,8.0,"### Explanation in Simple Terms:

Threshold systems are like a seesaw where the balance point (thres..."
2025-12-03T19:25:47.298661,Affection_Test,5.0,4,865,False,345,0.591304347826087,8.0,"### Explanation in Simple Terms
Threshold systems are like a seesaw where something only happens whe..."
2025-12-03T19:27:30.432954,Affection_Test,5.0,4,866,False,321,0.6728971962616822,9.0,"### Explanation in Simple Terms:

Threshold systems are like a seesaw that can tip over when the wei..."
2025-12-03T19:28:57.774749,Affection_Test,5.0,4,867,False,215,0.6093023255813953,8.0,"1. **Explanation:**
   - Imagine a system where everything is calm until a certain point. At this po..."
2025-12-03T19:30:44.794444,Affection_Test,5.0,4,868,False,283,0.6678445229681979,8.0,"### Explanation in Simple Terms
Threshold systems are like a seesaw where the position of a rock (re..."
2025-12-03T19:32:04.748947,Affection_Test,5.0,4,869,False,258,0.686046511627907,8.0,"### Explanation in Simple Terms
Threshold systems work like a light switch: when a specific conditio..."
2025-12-03T19:33:54.119908,Affection_Test,5.0,4,870,False,368,0.6494565217391305,8.0,"### Explanation in Simple Terms
Threshold systems are like a seesaw where there's a point (the thres..."
2025-12-03T19:37:28.098809,Affection_Test,5.0,4,871,False,309,0.5857605177993528,8.0,"### Explanation in Simple Terms
Threshold systems are like a seesaw where the position of a threshol..."
2025-12-03T19:41:26.605427,Affection_Test,5.0,4,872,False,366,0.5710382513661202,8.0,"### Explanation in Simple Terms
Threshold systems are like a seesaw where the balance shifts dramati..."
2025-12-03T19:43:01.153276,Affection_Test,5.0,4,873,False,309,0.6537216828478964,8.0,"### Explanation in Simple Terms:

Threshold systems are like a seesaw where the balance point (thres..."
2025-12-03T19:44:32.258710,Affection_Test,5.0,4,874,False,270,0.674074074074074,9.0,"### Explanation in Simple Terms:

Threshold systems are like a seesaw where if one side gets just en..."
2025-12-03T19:46:04.522016,Affection_Test,5.0,4,875,False,310,0.6838709677419355,9.0,"### Explanation in Simple Terms
Threshold systems are like a seesaw where everything stays balanced ..."
2025-12-03T19:47:40.977130,Affection_Test,5.0,4,876,False,305,0.6491803278688525,9.0,"### Explanation in Simple Terms
Threshold systems are like a seesaw where one side tips when the wei..."
2025-12-03T19:49:10.491043,Affection_Test,5.0,4,877,False,276,0.6485507246376812,8.0,"### Explanation in Simple Terms
Threshold systems are like a seesaw where the balance shifts suddenl..."
2025-12-03T19:50:31.503432,Affection_Test,5.0,4,878,False,269,0.6468401486988847,5.0,"### Simple Explanation
Threshold systems are like a seesaw where the order parameter \( R \) (a meas..."
2025-12-03T19:51:58.742786,Affection_Test,5.0,4,879,False,288,0.6388888888888888,8.0,"### Explanation in Simple Terms
Threshold systems are like a tipping point where a small change can ..."
2025-12-03T19:53:23.938558,Affection_Test,5.0,4,880,False,274,0.6605839416058394,9.0,"### Explanation in Simple Terms
Threshold systems are like a seesaw: when one side (an order paramet..."
2025-12-03T19:55:22.390444,Affection_Test,5.0,4,881,False,377,0.5888594164456233,8.0,"### Explanation in Simple Terms
Threshold systems are like a seesaw where the balance point (thresho..."
2025-12-03T19:56:54.722416,Affection_Test,5.0,4,882,False,288,0.6875,9.0,"### Explanation in Simple Terms
Threshold systems work like a switch that turns on or off when somet..."
2025-12-03T19:58:30.060249,Affection_Test,5.0,4,883,False,297,0.5757575757575758,8.0,"### Explanation in Simple Terms
Threshold systems are like a seesaw where the weight on one side can..."
2025-12-03T20:00:29.104143,Affection_Test,5.0,4,884,False,390,0.5948717948717949,8.0,"### Explanation in Simple Terms

Threshold systems are like a seesaw where things change suddenly wh..."
2025-12-03T20:01:48.809472,Affection_Test,5.0,4,885,False,208,0.7067307692307693,5.0,"### Explanation in Simple Terms:

Threshold systems are like a seesaw where the balance is sensitive..."
2025-12-03T20:03:29.401219,Affection_Test,5.0,4,886,False,333,0.6516516516516516,8.0,"### Explanation in Simple Terms
Threshold systems are like a tipping point where something changes s..."
2025-12-03T20:04:58.065744,Affection_Test,5.0,4,887,False,254,0.7125984251968503,8.0,"### Explanation in Simple Terms:

Threshold systems are like a balance that tips when something chan..."
2025-12-03T20:06:35.774673,Affection_Test,5.0,4,888,False,313,0.6293929712460063,9.0,"### Explanation in Simple Terms:

Threshold systems are like a seesaw where the order parameter \( R..."
2025-12-03T20:08:13.279977,Affection_Test,5.0,4,889,False,299,0.6220735785953178,8.0,"### Explanation in Simple Terms
Threshold systems are like a seesaw where adding just a little weigh..."
2025-12-03T20:09:51.511955,Affection_Test,5.0,4,890,False,340,0.5588235294117647,9.0,"### Explanation in Simple Terms:

Threshold systems are like a seesaw where, at a certain point (thr..."
2025-12-03T20:11:46.424850,Affection_Test,5.0,4,891,False,370,0.5891891891891892,8.0,"### Explanation in Simple Terms:

Threshold systems show a sudden change or ""critical transition"" wh..."
2025-12-03T20:13:46.112121,Affection_Test,5.0,4,892,False,397,0.5768261964735516,8.0,"### Explanation in Simple Terms
Threshold systems are like a seesaw where the order parameter \( R \..."
2025-12-03T20:15:14.186610,Affection_Test,5.0,4,893,False,288,0.6354166666666666,8.0,"### Explanation in Simple Terms
Threshold systems are like a seesaw where the balance point (thresho..."
2025-12-03T20:17:08.525954,Affection_Test,5.0,4,894,False,351,0.5783475783475783,8.0,"### Explanation in Simple Terms:

Threshold systems are like a seesaw where the position of the obje..."
2025-12-03T20:18:46.083475,Affection_Test,5.0,4,895,False,327,0.6269113149847095,8.0,"### Explanation in Simple Terms:

Threshold systems are like a seesaw where things suddenly change w..."
2025-12-03T20:20:12.269218,Affection_Test,5.0,4,896,False,291,0.6391752577319587,9.0,"### Analysis of the Statement

#### 1. Explanation in Simple Terms:
Threshold systems are like a see..."
2025-12-03T20:22:12.230482,Affection_Test,5.0,4,897,False,388,0.5979381443298969,8.0,"### Explanation in Simple Terms

This statement refers to how certain systems can suddenly change th..."
2025-12-03T20:23:42.556462,Affection_Test,5.0,4,898,False,295,0.6644067796610169,5.0,"### Explanation for Non-Specialists:
This statement refers to a type of system where there's a sudde..."
2025-12-03T20:25:10.625040,Affection_Test,5.0,4,899,False,260,0.65,7.0,"### Explanation in Simple Terms
Threshold systems are like a seesaw where the system remains stable ..."
2025-12-03T20:26:43.609286,Affection_Test,5.0,4,900,False,280,0.6464285714285715,8.0,"### Explanation in Simple Terms:

Threshold systems are like a seesaw where the position of a weight..."
2025-12-03T20:27:56.804396,Affection_Test,5.0,4,901,False,122,0.7622950819672131,8.0,"### Explanation in Simple Terms:
Threshold systems are like a seesaw where once the weight on one si..."
2025-12-03T20:29:46.127150,Affection_Test,5.0,4,902,False,365,0.6164383561643836,8.0,"### Explanation in Simple Terms

A threshold system is a type of system where changes can occur sudd..."
2025-12-03T20:31:18.630070,Affection_Test,5.0,4,903,False,305,0.6557377049180327,8.0,"### Explanation in Simple Terms:

When a system is ""threshold-based,"" it means that the system's beh..."
2025-12-03T20:32:46.434137,Affection_Test,5.0,4,904,False,281,0.6690391459074733,9.0,"### Explanation in Simple Terms
Threshold systems are like a seesaw where the balance point (or ""thr..."
2025-12-03T20:34:23.880525,Affection_Test,5.0,4,905,False,317,0.61198738170347,9.0,"### Explanation in Simple Terms
Threshold systems are like a see-saw: when the order parameter \( R ..."
2025-12-03T20:35:58.752829,Affection_Test,5.0,4,906,False,310,0.6258064516129033,8.0,"### Explanation in Simple Terms
Threshold systems are like a seesaw where the order parameter \( R \..."
2025-12-03T20:37:33.524963,Affection_Test,5.0,4,907,False,304,0.6381578947368421,8.0,"### Explanation in Simple Terms
Threshold systems are like a seesaw where the position of the fulcru..."
2025-12-03T20:39:33.195407,Affection_Test,5.0,4,908,False,370,0.5351351351351351,8.0,"### Explanation in Simple Terms

Threshold systems are like a seesaw where the order parameter \( R ..."
2025-12-03T20:41:09.833472,Affection_Test,5.0,4,909,False,239,0.6108786610878661,8.0,"### Explanation in Simple Terms
Threshold systems are like a seesaw where the outcome changes dramat..."
2025-12-03T20:42:48.359597,Affection_Test,5.0,4,910,False,322,0.5714285714285714,8.0,"### Explanation in Simple Terms
Threshold systems are like a seesaw where the order parameter \( R \..."
2025-12-03T20:44:48.960418,Affection_Test,5.0,4,911,False,390,0.5307692307692308,8.0,"### Explanation in Simple Terms

Threshold systems are like a seesaw where the order parameter \( R ..."
2025-12-03T20:46:17.104808,Affection_Test,5.0,4,912,False,238,0.6428571428571429,8.0,"### Explanation in Simple Terms

Threshold systems are like a seesaw where the balance point (the th..."
2025-12-03T20:47:45.006252,Affection_Test,5.0,4,913,False,281,0.6120996441281139,9.0,"### Explanation in Simple Terms
Threshold systems are like a seesaw where the order parameter \( R \..."
2025-12-03T20:49:18.819845,Affection_Test,5.0,4,914,False,276,0.6992753623188406,8.0,"### Explanation in Simple Terms
Threshold systems are like a seesaw that suddenly tips when the weig..."
2025-12-03T20:50:50.102436,Affection_Test,5.0,4,915,False,279,0.6559139784946236,8.0,"### Explanation in Simple Terms:

Threshold systems are like a seesaw where things change suddenly w..."
2025-12-03T20:52:15.845128,Affection_Test,5.0,4,916,False,283,0.657243816254417,8.0,"### Explanation in Simple Terms:
Threshold systems are like a seesaw where the balance shifts abrupt..."
2025-12-03T20:53:46.634034,Affection_Test,5.0,4,917,False,298,0.6577181208053692,8.0,"### Explanation in Simple Terms:

Threshold systems are like a seesaw where the balance point (thres..."
2025-12-03T20:55:47.173110,Affection_Test,5.0,4,918,False,368,0.6277173913043478,8.0,"### Explanation in Simple Terms
A **threshold system** is a system where changes occur suddenly when..."
2025-12-03T20:57:21.590904,Affection_Test,5.0,4,919,False,295,0.6711864406779661,8.0,"### Explanation in Simple Terms

Threshold systems are like a seesaw where the weight on each side r..."
2025-12-03T20:59:01.667201,Affection_Test,5.0,4,920,False,329,0.662613981762918,8.0,"### Explanation in Simple Terms

Threshold systems are like a seesaw where one side gradually tips o..."
2025-12-03T21:00:40.045123,Affection_Test,5.0,4,921,False,272,0.6691176470588235,9.0,"### Explanation of the Statement:

1. **Simple Terms:**
   - A **threshold system** is a type of sys..."
2025-12-03T21:02:04.310563,Affection_Test,5.0,4,922,False,256,0.6953125,8.0,"### Explanation in Simple Terms
Threshold systems are like a seesaw where the balance is delicate. W..."
2025-12-03T21:03:46.438738,Affection_Test,5.0,4,923,False,329,0.662613981762918,8.0,"### Explanation in Simple Terms:
Threshold systems are like a tipping point where something changes ..."
2025-12-03T21:05:21.022564,Affection_Test,5.0,4,924,False,317,0.6340694006309149,8.0,"### Explanation in Simple Terms
Threshold systems are like a seesaw where the balance changes sudden..."
2025-12-03T21:07:04.323910,Affection_Test,5.0,4,925,False,340,0.638235294117647,8.0,"### Explanation in Simple Terms
Threshold systems are like a seesaw that tips over when one side get..."
2025-12-03T21:08:22.276929,Affection_Test,5.0,4,926,False,219,0.6940639269406392,8.0,"### Explanation in Simple Terms
Threshold systems are like a seesaw where one side can suddenly tip ..."
2025-12-03T21:09:55.181801,Affection_Test,5.0,4,927,False,299,0.5919732441471572,8.0,"### Explanation in Simple Terms:

Threshold systems have a point where something suddenly changes wh..."
2025-12-03T21:11:46.235119,Affection_Test,5.0,4,928,False,359,0.6434540389972145,8.0,"### Explanation in Simple Terms
Threshold systems are like a seesaw where one side is always heavier..."
2025-12-03T21:13:24.174156,Affection_Test,5.0,4,929,False,292,0.6404109589041096,8.0,"### Explanation in Simple Terms
Threshold systems are like a seesaw: when the weight on one side (th..."
2025-12-03T21:14:44.627096,Affection_Test,5.0,4,930,False,224,0.6785714285714286,9.0,"### Explanation in Simple Terms:

Threshold systems are like a seesaw where the order parameter \(R\..."
2025-12-03T21:16:02.804692,Affection_Test,5.0,4,931,False,225,0.6977777777777778,8.0,"### Explanation:

1. **Simple Terms:**
   ""Threshold systems"" are situations where a small change in..."
2025-12-03T21:18:02.787634,Affection_Test,5.0,4,932,False,393,0.5267175572519084,8.0,"### Explanation in Simple Terms:

Threshold systems are like a seesaw that tips over when something ..."
2025-12-03T21:19:45.450905,Affection_Test,5.0,4,933,False,342,0.6081871345029239,8.0,"### Explanation in Simple Terms
Threshold systems are like a seesaw where the point at which it tips..."
2025-12-03T21:21:29.405184,Affection_Test,5.0,4,934,False,359,0.6155988857938719,8.0,"### Explanation in Simple Terms:

Imagine a system where a small change can suddenly cause the entir..."
2025-12-03T21:23:24.407582,Affection_Test,5.0,4,935,False,346,0.6213872832369942,8.0,"### Explanation in Simple Terms

A **threshold system** is a process or phenomenon that changes sudd..."
2025-12-03T21:25:19.602090,Affection_Test,5.0,4,936,False,373,0.5737265415549598,8.0,"### Explanation in Simple Terms:

Threshold systems are like a seesaw where the order parameter \( R..."
2025-12-03T21:26:52.953147,Affection_Test,5.0,4,937,False,295,0.6711864406779661,8.0,"### Explanation in Simple Terms
This statement is about how certain systems can suddenly change thei..."
2025-12-03T21:28:36.128035,Affection_Test,5.0,4,938,False,311,0.6334405144694534,8.0,"### Explanation in Simple Terms

A threshold system is a type of system where small changes can lead..."
2025-12-03T21:30:36.865048,Affection_Test,5.0,4,939,False,398,0.6080402010050251,8.0,"### Explanation in Simple Terms:

Threshold systems are like a seesaw that tips suddenly when pushed..."
2025-12-03T21:32:17.661374,Affection_Test,5.0,4,940,False,316,0.6234177215189873,8.0,"### Explanation in Simple Terms
Threshold systems are like a seesaw where the balance point (thresho..."
2025-12-03T21:33:53.614686,Affection_Test,5.0,4,941,False,302,0.6655629139072847,8.0,"### Explanation in Simple Terms
Threshold systems are like a seesaw where the balance point (thresho..."
2025-12-03T21:35:23.709055,Affection_Test,5.0,4,942,False,286,0.6363636363636364,8.0,"### Explanation in Simple Terms
Threshold systems are like a seesaw: when one side (an order paramet..."
2025-12-03T21:37:06.667221,Affection_Test,5.0,4,943,False,331,0.6374622356495468,8.0,"### Explanation in Simple Terms:
Threshold systems are like a seesaw where a small change can sudden..."
2025-12-03T21:38:41.076419,Affection_Test,5.0,4,944,False,266,0.631578947368421,8.0,"### Explanation in Simple Terms
Threshold systems are like a seesaw where the balance point (thresho..."
2025-12-03T21:40:03.899634,Affection_Test,5.0,4,945,False,269,0.6505576208178439,8.0,"### Explanation in Simple Terms
Threshold systems are like a seesaw where the order parameter \( R \..."
2025-12-03T21:41:34.827053,Affection_Test,5.0,4,946,False,293,0.6996587030716723,8.0,"### Explanation in Simple Terms:

Threshold systems are like a seesaw. When one side is pushed just ..."
2025-12-03T21:43:15.019112,Affection_Test,5.0,4,947,False,324,0.6635802469135802,8.0,"### Explanation in Simple Terms

Threshold systems are like a seesaw where the balance only shifts s..."
2025-12-03T21:44:51.103235,Affection_Test,5.0,4,948,False,232,0.6336206896551724,9.0,"### Explanation of the Statement:

1. **Simple Terms:**
   - A threshold system is a type of system ..."
2025-12-03T21:46:41.297293,Affection_Test,5.0,4,949,False,328,0.6036585365853658,8.0,"### Explanation in Simple Terms:
Threshold systems are like a seesaw where the order parameter \( R ..."
2025-12-03T21:48:17.246525,Affection_Test,5.0,4,950,False,302,0.6655629139072847,8.0,"### Explanation in Simple Terms
Threshold systems are like a seesaw where once the weight on one sid..."
2025-12-03T21:49:56.086912,Affection_Test,5.0,4,951,False,329,0.5775075987841946,9.0,"### Explanation in Simple Terms
Threshold systems are like a seesaw where the order parameter \( R \..."
2025-12-03T21:51:31.786856,Affection_Test,5.0,4,952,False,293,0.6040955631399317,8.0,"### Explanation in Simple Terms
Threshold systems are like a switch that turns on or off based on wh..."
2025-12-03T21:53:22.782328,Affection_Test,5.0,4,953,False,353,0.5779036827195467,8.0,"### Explanation in Simple Terms

Threshold systems are like a seesaw where the order parameter \( R ..."
2025-12-03T21:54:51.372551,Affection_Test,5.0,4,954,False,296,0.6317567567567568,8.0,"### Explanation in Simple Terms
When a system reaches a certain point (threshold), it can suddenly c..."
2025-12-03T21:56:34.178886,Affection_Test,5.0,4,955,False,311,0.6591639871382636,8.0,"### Explanation in Simple Terms:
Threshold systems are like switches or gates that change behavior s..."
2025-12-03T21:58:20.236283,Affection_Test,5.0,4,956,False,343,0.6151603498542274,8.0,"### Explanation in Simple Terms
Imagine a system that can exist in two states: a ""normal"" state and ..."
2025-12-03T21:59:58.668285,Affection_Test,5.0,4,957,False,312,0.657051282051282,9.0,"### Explanation in Simple Terms
Threshold systems are like a seesaw where, when one side gets pushed..."
2025-12-03T22:01:29.415730,Affection_Test,5.0,4,958,False,298,0.6241610738255033,8.0,"### Explanation in Simple Terms
Threshold systems are like a switch that turns on or off depending o..."
2025-12-03T22:02:59.532422,Affection_Test,5.0,4,959,False,292,0.6883561643835616,8.0,"### Explanation in Simple Terms
Threshold systems are like a seesaw where one side suddenly tips ove..."
2025-12-03T22:04:39.922879,Affection_Test,5.0,4,960,False,271,0.6346863468634686,8.0,"### Explanation in Simple Terms
Threshold systems are like a seesaw where the balance point (thresho..."
2025-12-03T22:06:35.107109,Affection_Test,5.0,4,961,False,358,0.6340782122905028,5.0,"### Explanation in Simple Terms
Threshold systems refer to situations where a small change can sudde..."
2025-12-03T22:08:00.967858,Affection_Test,5.0,4,962,False,255,0.6627450980392157,8.0,"### Explanation in Simple Terms
Threshold systems are like a seesaw where the input (order parameter..."
2025-12-03T22:09:37.841261,Affection_Test,5.0,4,963,False,327,0.6116207951070336,8.0,"### Explanation in Simple Terms
Threshold systems are like a seesaw where the position of a weight (..."
2025-12-03T22:11:14.040087,Affection_Test,5.0,4,964,False,321,0.5919003115264797,8.0,"### Explanation in Simple Terms
Threshold systems are like a seesaw that tips when it reaches a cert..."
2025-12-03T22:12:50.681247,Affection_Test,5.0,4,965,False,306,0.6503267973856209,8.0,"### Explanation in Simple Terms
A threshold system is a type of system where something happens sudde..."
2025-12-03T22:14:27.610667,Affection_Test,5.0,4,966,False,317,0.6246056782334385,8.0,"### Explanation in Simple Terms
Threshold systems are like a seesaw where, once a certain point is r..."
2025-12-03T22:16:23.432450,Affection_Test,5.0,4,967,False,359,0.5682451253481894,8.0,"### Explanation:
1. **Simple Terms:**
   A threshold system is a type of system where small changes ..."
2025-12-03T22:17:44.529541,Affection_Test,5.0,4,968,False,261,0.7011494252873564,9.0,"### Explanation in Simple Terms:
Threshold systems are like a seesaw where tiny changes can suddenly..."
2025-12-03T22:19:27.211094,Affection_Test,5.0,4,969,False,349,0.6189111747851003,8.0,"### Explanation in Simple Terms

Threshold systems are like a seesaw where the position of the pivot..."
2025-12-03T22:21:07.283198,Affection_Test,5.0,4,970,False,343,0.6209912536443148,9.0,"### Explanation in Simple Terms

""Threshold systems are like a tipping point where something suddenl..."
2025-12-03T22:22:42.838269,Affection_Test,5.0,4,971,False,300,0.5866666666666667,8.0,"### Explanation in Simple Terms:
Threshold systems are like a seesaw where the order parameter \( R ..."
2025-12-03T22:24:21.995478,Affection_Test,5.0,4,972,False,318,0.6446540880503144,9.0,"### Explanation in Simple Terms

Threshold systems are like a tipping point where something changes ..."
2025-12-03T22:25:57.432735,Affection_Test,5.0,4,973,False,309,0.6731391585760518,9.0,"### Explanation in Simple Terms
Threshold systems are like a seesaw where, once a certain amount of ..."
2025-12-03T22:27:24.578178,Affection_Test,5.0,4,974,False,292,0.636986301369863,8.0,"### Explanation in Simple Terms
Threshold systems are like a seesaw where the balance point (thresho..."
2025-12-03T22:29:16.345820,Affection_Test,5.0,4,975,False,369,0.5989159891598916,9.0,"### Explanation in Simple Terms
Threshold systems are like a seesaw where the balance changes sudden..."
2025-12-03T22:30:50.875595,Affection_Test,5.0,4,976,False,280,0.6321428571428571,8.0,"### Explanation:

1. **Simple Terms:**
   - A ""threshold system"" is a type of system where small cha..."
2025-12-03T22:32:18.405581,Affection_Test,5.0,4,977,False,269,0.6579925650557621,8.0,"### Explanation in Simple Terms

This statement describes a phenomenon where changes occur abruptly ..."
2025-12-03T22:34:15.107155,Affection_Test,5.0,4,978,False,382,0.5837696335078534,9.0,"### Explanation in Simple Terms:

Threshold systems are like a seesaw. Imagine you have a seesaw wit..."
2025-12-03T22:35:46.829124,Affection_Test,5.0,4,979,False,293,0.6279863481228669,9.0,"### Explanation of the Statement in Simple Terms:

1. **Explanation:**
   - Threshold systems are li..."
2025-12-03T22:37:46.617082,Affection_Test,5.0,4,980,False,404,0.5247524752475248,9.0,"### Explanation in Simple Terms
Threshold systems are like a seesaw where the order parameter \( R \..."
2025-12-03T22:39:47.469834,Affection_Test,5.0,4,981,False,384,0.5026041666666666,8.0,"### Explanation in Simple Terms:

Threshold systems are like a seesaw where the order parameter \( R..."
2025-12-03T22:41:08.778841,Affection_Test,5.0,4,982,False,271,0.6605166051660517,8.0,"### Explanation in Simple Terms
Threshold systems are like a seesaw where something happens only whe..."
2025-12-03T22:42:35.221807,Affection_Test,5.0,4,983,False,265,0.5811320754716981,8.0,"### Explanation in Simple Terms

A threshold system is a type of system where a small change in one ..."
2025-12-03T22:44:30.553803,Affection_Test,5.0,4,984,False,351,0.5954415954415955,8.0,"### Explanation in Simple Terms:
Threshold systems are like a seesaw where something happens suddenl..."
2025-12-03T22:45:54.243942,Affection_Test,5.0,4,985,False,268,0.6007462686567164,8.0,"### Explanation in Simple Terms
Threshold systems are like a seesaw where the balance changes dramat..."
2025-12-03T22:47:54.062951,Affection_Test,5.0,4,986,False,303,0.6270627062706271,8.0,"### Explanation in Simple Terms:
Threshold systems are like a seesaw. When you add something to one ..."
2025-12-03T22:49:28.401866,Affection_Test,5.0,4,987,False,236,0.6440677966101694,8.0,"### Explanation in Simple Terms

Threshold systems are like a seesaw where the order parameter \( R ..."
2025-12-03T22:51:28.244986,Affection_Test,5.0,4,988,False,389,0.5604113110539846,8.0,"### 1. Explanation in Simple Terms:

Threshold systems are like a seesaw. Imagine you have a seesaw ..."
2025-12-03T22:53:01.995612,Affection_Test,5.0,4,989,False,306,0.5784313725490197,8.0,"### Explanation in Simple Terms:

Threshold systems are like a seesaw where the order parameter \( R..."
2025-12-03T22:54:44.335549,Affection_Test,5.0,4,990,False,300,0.6033333333333334,8.0,"### Explanation in Simple Terms
Threshold systems are like a seesaw where the order parameter \( R \..."
2025-12-03T22:56:30.152312,Affection_Test,5.0,4,991,False,349,0.667621776504298,9.0,"### Explanation in Simple Terms
Threshold systems are like a seesaw where the balance point (thresho..."
2025-12-03T22:58:11.898798,Affection_Test,5.0,4,992,False,338,0.5562130177514792,8.0,"### Explanation in Simple Terms
Threshold systems are like a seesaw where the order parameter \( R \..."
2025-12-03T22:59:40.470607,Affection_Test,5.0,4,993,False,285,0.6631578947368421,8.0,"### Explanation of the Statement

1. **Simple Terms:**
   Threshold systems are like a dam holding b..."
2025-12-03T23:01:28.221744,Affection_Test,5.0,4,994,False,324,0.6728395061728395,8.0,"### Explanation in Simple Terms

A **threshold system** is like a tipping point where small changes ..."
2025-12-03T23:03:12.792409,Affection_Test,5.0,4,995,False,351,0.6381766381766382,9.0,"### Explanation in Simple Terms

Threshold systems are like a seesaw where the position of a ball re..."
2025-12-03T23:04:40.897341,Affection_Test,5.0,4,996,False,250,0.652,8.0,"### Explanation of the Statement:

1. **Simple Terms:**
   - A ""threshold system"" is a type of syste..."
2025-12-03T23:06:15.707470,Affection_Test,5.0,4,997,False,320,0.65,8.0,"### Explanation in Simple Terms
Threshold systems are like a seesaw where the position of a key indi..."
2025-12-03T23:07:50.575461,Affection_Test,5.0,4,998,False,314,0.6273885350318471,8.0,"### Explanation in Simple Terms

Threshold systems are like a seesaw: when one side tips over a cert..."
2025-12-03T23:09:25.161379,Affection_Test,5.0,4,999,False,258,0.6162790697674418,5.0,"1. **Explanation in Simple Terms:**
   - Threshold systems have a specific point (threshold Θ) where..."
2025-12-03T23:10:48.079081,Affection_Test,5.0,4,1000,False,220,0.6909090909090909,9.0,"### Explanation in Simple Terms
Threshold systems are like a seesaw where the balance (order paramet..."
