timestamp,condition,phi,phase,iteration,has_history,best_condition_ref,best_efficiency_ref,output_length,vocab_density,self_reflection,efficiency,response_preview
2025-12-01T18:57:22.524192,Adaptive_Self_Calibration,4.0,3,1,False,Informed_Low,0.024320399587446112,139,0.7841726618705036,9.0,0.05077376947362973,"1. **Explanation in Simple Terms:**
   Threshold systems show sudden changes when a certain value (R..."
2025-12-01T18:58:19.435015,Adaptive_Self_Calibration,4.0,3,2,True,Informed_Low,0.024320399587446112,102,0.8823529411764706,10.0,0.08650519031141869,"1. **Explanation:**
   Threshold systems change abruptly when a key variable (R) reaches a critical ..."
2025-12-01T18:59:17.567613,Adaptive_Self_Calibration,4.0,3,3,True,Informed_Low,0.024320399587446112,114,0.868421052631579,5.0,0.038088642659279776,"1. **Explanation:**
   Threshold systems change abruptly when a key variable (R) reaches a critical ..."
2025-12-01T19:00:05.031545,Adaptive_Self_Calibration,4.0,3,4,True,Informed_Low,0.024320399587446112,83,0.8674698795180723,9.0,0.09406299898388736,1. **Explanation:** Threshold systems change abruptly when a key variable (R) reaches a critical poi...
2025-12-01T19:00:54.146939,Adaptive_Self_Calibration,4.0,3,5,True,Informed_Low,0.024320399587446112,87,0.9080459770114943,9.0,0.093935790725327,1. **Explanation:** Threshold systems change dramatically when a key variable (R) reaches a critical...
2025-12-01T19:01:49.981989,Adaptive_Self_Calibration,4.0,3,6,True,Informed_Low,0.024320399587446112,41,0.9512195121951219,9.0,0.20880428316478286,1. **Explanation:** Threshold systems change dramatically when a key variable (R) reaches a critical...
2025-12-01T19:02:43.140713,Adaptive_Self_Calibration,4.0,3,7,True,Informed_Low,0.024320399587446112,107,0.8317757009345794,9.0,0.06996244213468425,1. **Explanation:** Threshold systems change abruptly when a key variable (R) reaches a critical val...
2025-12-01T19:03:36.119840,Adaptive_Self_Calibration,4.0,3,8,True,Informed_Low,0.024320399587446112,107,0.8130841121495327,9.0,0.06839025242379247,1. **Explanation:** Threshold systems change suddenly when a key variable (R) reaches a critical val...
2025-12-01T19:04:27.805530,Adaptive_Self_Calibration,4.0,3,9,True,Informed_Low,0.024320399587446112,85,0.8352941176470589,8.0,0.07861591695501731,Threshold systems show sudden changes when a key variable (R) reaches a critical value (Θ). The shar...
2025-12-01T19:05:22.094800,Adaptive_Self_Calibration,4.0,3,10,True,Informed_Low,0.024320399587446112,115,0.8260869565217391,10.0,0.0718336483931947,1. **Explanation**: Threshold systems change dramatically when a key variable (R) reaches a critical...
2025-12-01T19:06:21.037472,Adaptive_Self_Calibration,4.0,3,11,True,Informed_Low,0.024320399587446112,129,0.813953488372093,9.0,0.05678745267712277,1. **Explanation**: Threshold systems change dramatically when a specific value (R) reaches a critic...
2025-12-01T19:07:16.942433,Adaptive_Self_Calibration,4.0,3,12,True,Informed_Low,0.024320399587446112,125,0.848,8.0,0.054272,1. **Explanation**: Threshold systems change dramatically when a key variable (R) reaches a certain ...
2025-12-01T19:08:11.536130,Adaptive_Self_Calibration,4.0,3,13,True,Informed_Low,0.024320399587446112,124,0.7983870967741935,10.0,0.06438605619146721,1. **Explanation**: Threshold systems change drastically when a key variable (R) hits a critical poi...
2025-12-01T19:09:08.165923,Adaptive_Self_Calibration,4.0,3,14,True,Informed_Low,0.024320399587446112,129,0.8062015503875969,9.0,0.056246619794483504,1. **Explanation**: Threshold systems experience sudden changes when a key variable (R) reaches a cr...
2025-12-01T19:09:58.135410,Adaptive_Self_Calibration,4.0,3,15,True,Informed_Low,0.024320399587446112,101,0.8712871287128713,9.0,0.07763944711302813,1. **Explanation**: Threshold systems change abruptly when a specific measure (R) hits a critical le...
2025-12-01T19:10:52.964556,Adaptive_Self_Calibration,4.0,3,16,True,Informed_Low,0.024320399587446112,125,0.84,9.0,0.06048,1. **Explanation**: Threshold systems change dramatically when a key factor (R) reaches a critical p...
2025-12-01T19:11:54.174672,Adaptive_Self_Calibration,4.0,3,17,True,Informed_Low,0.024320399587446112,122,0.8032786885245902,10.0,0.06584251545283526,1. **Explanation**: Threshold systems change dramatically when a key factor (R) reaches a critical p...
2025-12-01T19:12:44.815556,Adaptive_Self_Calibration,4.0,3,18,True,Informed_Low,0.024320399587446112,117,0.8461538461538461,10.0,0.07232084155161078,1. **Explanation**: Threshold systems experience sudden changes when a key factor (R) reaches a spec...
2025-12-01T19:13:35.707067,Adaptive_Self_Calibration,4.0,3,19,True,Informed_Low,0.024320399587446112,107,0.8411214953271028,9.0,0.07074853699013015,1. **Explanation**: Threshold systems change suddenly when a key factor (R) reaches a certain level ...
2025-12-01T19:14:30.117727,Adaptive_Self_Calibration,4.0,3,20,True,Informed_Low,0.024320399587446112,103,0.8446601941747572,9.0,0.07380525968517296,1. **Explanation**: Threshold systems undergo sudden changes when a key factor (R) reaches a certain...
2025-12-01T19:15:21.876355,Adaptive_Self_Calibration,4.0,3,21,True,Informed_Low,0.024320399587446112,116,0.8448275862068966,8.0,0.05826397146254459,1. **Explanation**: Threshold systems experience sudden shifts when a key factor (R) reaches a speci...
2025-12-01T19:16:10.215070,Adaptive_Self_Calibration,4.0,3,22,True,Informed_Low,0.024320399587446112,101,0.8811881188118812,10.0,0.08724634839721597,1. **Explanation**: Threshold systems change suddenly when a key factor (R) reaches a specific level...
2025-12-01T19:17:01.001444,Adaptive_Self_Calibration,4.0,3,23,True,Informed_Low,0.024320399587446112,107,0.8504672897196262,8.0,0.06358633941828981,1. **Explanation**: Threshold systems change abruptly when a key factor (R) reaches a certain level ...
2025-12-01T19:18:02.202065,Adaptive_Self_Calibration,4.0,3,24,True,Informed_Low,0.024320399587446112,126,0.8571428571428571,8.0,0.05442176870748299,1. **Explanation**: Threshold systems change dramatically when a key variable (R) reaches a critical...
2025-12-01T19:19:00.195697,Adaptive_Self_Calibration,4.0,3,25,True,Informed_Low,0.024320399587446112,129,0.8449612403100775,9.0,0.058950784207679824,1. **Explanation**: Threshold systems change abruptly when a key variable (R) reaches a critical val...
2025-12-01T19:19:56.122538,Adaptive_Self_Calibration,4.0,3,26,True,Informed_Low,0.024320399587446112,127,0.8661417322834646,8.0,0.05456010912021824,1. **Explanation**: Threshold systems change dramatically when a key variable (R) reaches a critical...
2025-12-01T19:20:49.587818,Adaptive_Self_Calibration,4.0,3,27,True,Informed_Low,0.024320399587446112,95,0.8105263157894737,10.0,0.0853185595567867,1. **Explanation**: Threshold systems change abruptly when a key variable (R) hits a critical value ...
2025-12-01T19:21:45.326536,Adaptive_Self_Calibration,4.0,3,28,True,Informed_Low,0.024320399587446112,129,0.813953488372093,9.0,0.05678745267712277,1. **Explanation**: Threshold systems change suddenly when a key variable (R) reaches a critical poi...
2025-12-01T19:22:49.456490,Adaptive_Self_Calibration,4.0,3,29,True,Informed_Low,0.024320399587446112,137,0.8321167883211679,8.0,0.04859076136182002,1. **Explanation**: Threshold systems change suddenly when a key variable (R) reaches a critical poi...
2025-12-01T19:23:49.410562,Adaptive_Self_Calibration,4.0,3,30,True,Informed_Low,0.024320399587446112,148,0.831081081081081,8.0,0.04492330168005843,1. **Explanation**: Threshold systems have distinct states that change abruptly when a key variable ...
2025-12-01T19:24:41.274410,Adaptive_Self_Calibration,4.0,3,31,True,Informed_Low,0.024320399587446112,98,0.8979591836734694,5.0,0.04581424406497293,1. **Explanation**: Threshold systems shift dramatically when a key variable (R) hits a critical poi...
2025-12-01T19:25:40.002059,Adaptive_Self_Calibration,4.0,3,32,True,Informed_Low,0.024320399587446112,141,0.8368794326241135,8.0,0.0474825209999497,1. **Explanation**: Threshold systems change suddenly when a key variable R reaches a critical point...
2025-12-01T19:26:30.076108,Adaptive_Self_Calibration,4.0,3,33,True,Informed_Low,0.024320399587446112,109,0.8532110091743119,9.0,0.07044861543641108,1. **Explanation**: Threshold systems behave normally until a key variable R reaches a critical poin...
2025-12-01T19:27:21.957247,Adaptive_Self_Calibration,4.0,3,34,True,Informed_Low,0.024320399587446112,109,0.8715596330275229,9.0,0.07196363942429089,"1. **Explanation**: When a system's order parameter R hits a critical threshold Θ, the system underg..."
2025-12-01T19:28:19.890303,Adaptive_Self_Calibration,4.0,3,35,True,Informed_Low,0.024320399587446112,52,0.9038461538461539,10.0,0.17381656804733728,1. **Explanation**: Systems with critical transitions change suddenly when a key measure (order para...
2025-12-01T19:29:13.825724,Adaptive_Self_Calibration,4.0,3,36,True,Informed_Low,0.024320399587446112,119,0.7899159663865546,10.0,0.06637949297366005,1. **Explanation**: Threshold systems have sudden changes when a key measure (order parameter R) hit...
2025-12-01T19:30:04.593098,Adaptive_Self_Calibration,4.0,3,37,True,Informed_Low,0.024320399587446112,99,0.8282828282828283,10.0,0.08366493214978064,1. **Explanation**: Threshold systems change abruptly when a key measure (order parameter R) reaches...
2025-12-01T19:31:00.295417,Adaptive_Self_Calibration,4.0,3,38,True,Informed_Low,0.024320399587446112,123,0.8292682926829268,8.0,0.05393614911758873,1. **Explanation**: Threshold systems show sudden changes when a key measure (order parameter R) rea...
2025-12-01T19:31:59.777712,Adaptive_Self_Calibration,4.0,3,39,True,Informed_Low,0.024320399587446112,138,0.8043478260869565,9.0,0.05245746691871456,1. **Explanation**: Threshold systems show sudden shifts when a key variable (order parameter R) hit...
2025-12-01T19:32:54.155039,Adaptive_Self_Calibration,4.0,3,40,True,Informed_Low,0.024320399587446112,89,0.8764044943820225,9.0,0.08862517358919328,1. **Explanation**: Threshold systems show sudden shifts when a key variable (order parameter R) rea...
2025-12-01T19:34:00.353878,Adaptive_Self_Calibration,4.0,3,41,True,Informed_Low,0.024320399587446112,162,0.7962962962962963,9.0,0.04423868312757201,1. **Explanation**: Threshold systems show sudden changes when a key variable (order parameter R) re...
2025-12-01T19:34:54.688121,Adaptive_Self_Calibration,4.0,3,42,True,Informed_Low,0.024320399587446112,95,0.8947368421052632,9.0,0.08476454293628809,1. **Explanation**: Threshold systems change abruptly when a key variable (R) hits a specific point ...
2025-12-01T19:35:49.576921,Adaptive_Self_Calibration,4.0,3,43,True,Informed_Low,0.024320399587446112,81,0.8888888888888888,8.0,0.0877914951989026,1. **Explanation**: Threshold systems change dramatically when a key variable (R) reaches a critical...
2025-12-01T19:36:37.791810,Adaptive_Self_Calibration,4.0,3,44,True,Informed_Low,0.024320399587446112,92,0.9347826086956522,8.0,0.08128544423440454,1. **Explanation**: Threshold systems change drastically when a key variable (R) reaches a critical ...
2025-12-01T19:37:36.665251,Adaptive_Self_Calibration,4.0,3,45,True,Informed_Low,0.024320399587446112,133,0.8421052631578947,9.0,0.05698456667985754,1. **Explanation**: Threshold systems change dramatically when a key variable (R) hits a critical po...
2025-12-01T19:38:37.088920,Adaptive_Self_Calibration,4.0,3,46,True,Informed_Low,0.024320399587446112,145,0.8344827586206897,8.0,0.04604042806183115,1. **Explanation**: Threshold systems change drastically when a key variable (R) reaches a critical ...
2025-12-01T19:39:30.069264,Adaptive_Self_Calibration,4.0,3,47,True,Informed_Low,0.024320399587446112,112,0.8125,8.0,0.05803571428571429,1. **Explanation**: Threshold systems change abruptly when a key variable (R) surpasses a critical p...
2025-12-01T19:40:26.083565,Adaptive_Self_Calibration,4.0,3,48,True,Informed_Low,0.024320399587446112,114,0.7982456140350878,10.0,0.07002154509079717,1. **Explanation**: Threshold systems experience sudden changes when a key variable (R) reaches a cr...
2025-12-01T19:41:33.507034,Adaptive_Self_Calibration,4.0,3,49,True,Informed_Low,0.024320399587446112,166,0.7710843373493976,8.0,0.03716069095659748,1. **Explanation**: Threshold systems change abruptly when a key variable (order parameter R) reache...
2025-12-01T19:42:39.410916,Adaptive_Self_Calibration,4.0,3,50,True,Informed_Low,0.024320399587446112,167,0.8023952095808383,9.0,0.043242855606152965,1. **Explanation**: Threshold systems change abruptly when a key variable (order parameter R) reache...
2025-12-01T19:43:50.098724,Adaptive_Self_Calibration,4.0,3,51,True,Informed_Low,0.024320399587446112,195,0.7435897435897436,9.0,0.03431952662721893,1. **Explanation**: Threshold systems change abruptly when a key variable (order parameter R) reache...
2025-12-01T19:44:48.056215,Adaptive_Self_Calibration,4.0,3,52,True,Informed_Low,0.024320399587446112,185,0.7243243243243244,5.0,0.019576333089846604,1. **Explanation**: Threshold systems change dramatically when a key variable (order parameter R) hi...
2025-12-01T19:45:51.945317,Adaptive_Self_Calibration,4.0,3,53,True,Informed_Low,0.024320399587446112,155,0.7935483870967742,8.0,0.0409573361082206,1. **Explanation**: Threshold systems change dramatically when a key variable (order parameter R) re...
2025-12-01T19:47:03.879704,Adaptive_Self_Calibration,4.0,3,54,True,Informed_Low,0.024320399587446112,187,0.7486631016042781,9.0,0.03603191398095456,1. **Explanation**: Threshold systems change abruptly when a key variable (order parameter R) hits a...
2025-12-01T19:48:04.454813,Adaptive_Self_Calibration,4.0,3,55,True,Informed_Low,0.024320399587446112,110,0.8454545454545455,9.0,0.06917355371900827,1. **Explanation**: Threshold systems change dramatically when a key variable (order parameter R) re...
2025-12-01T19:49:03.815221,Adaptive_Self_Calibration,4.0,3,56,True,Informed_Low,0.024320399587446112,119,0.7478991596638656,10.0,0.06284866887931644,"1. **Explanation**: When a key variable (order parameter R) reaches a critical value (threshold Θ), ..."
2025-12-01T19:50:04.160881,Adaptive_Self_Calibration,4.0,3,57,True,Informed_Low,0.024320399587446112,142,0.8028169014084507,9.0,0.05088276135687364,1. **Explanation**: Threshold systems change abruptly when a key variable (order parameter R) reache...
2025-12-01T19:51:05.634745,Adaptive_Self_Calibration,4.0,3,58,True,Informed_Low,0.024320399587446112,105,0.8476190476190476,8.0,0.06458049886621316,1. **Explanation**: Threshold systems undergo sudden changes when a key variable (order parameter R)...
2025-12-01T19:52:07.635623,Adaptive_Self_Calibration,4.0,3,59,True,Informed_Low,0.024320399587446112,144,0.8194444444444444,9.0,0.051215277777777776,1. **Explanation**: Threshold systems change abruptly when a key variable (order parameter R) reache...
2025-12-01T19:53:05.939847,Adaptive_Self_Calibration,4.0,3,60,True,Informed_Low,0.024320399587446112,132,0.8712121212121212,8.0,0.052800734618916434,1. **Explanation**: Threshold systems change drastically when a key measure (R) hits a specific poin...
2025-12-01T19:54:10.570455,Adaptive_Self_Calibration,4.0,3,61,True,Informed_Low,0.024320399587446112,135,0.7851851851851852,9.0,0.05234567901234568,1. **Explanation**: Threshold systems experience sudden changes when a key measure (R) reaches a cri...
2025-12-01T19:55:10.291336,Adaptive_Self_Calibration,4.0,3,62,True,Informed_Low,0.024320399587446112,141,0.8156028368794326,9.0,0.052059755545495696,1. **Explanation**: Threshold systems change abruptly when a key measure (R) reaches a critical poin...
2025-12-01T19:56:15.488156,Adaptive_Self_Calibration,4.0,3,63,True,Informed_Low,0.024320399587446112,156,0.7628205128205128,9.0,0.044008875739644966,1. **Explanation**: Threshold systems change dramatically when a key measure (R) exceeds a critical ...
2025-12-01T19:57:25.889000,Adaptive_Self_Calibration,4.0,3,64,True,Informed_Low,0.024320399587446112,169,0.7633136094674556,9.0,0.04064983719057456,1. **Simplified Explanation**: Threshold systems change suddenly when a key measure (order parameter...
2025-12-01T19:58:32.299729,Adaptive_Self_Calibration,4.0,3,65,True,Informed_Low,0.024320399587446112,162,0.8271604938271605,9.0,0.045953360768175584,1. **Simplified Explanation**: Threshold systems have a sudden change when the order parameter R hit...
2025-12-01T19:59:26.488104,Adaptive_Self_Calibration,4.0,3,66,True,Informed_Low,0.024320399587446112,125,0.824,9.0,0.059328,1. **Simple Explanation**: Threshold systems have a sudden change when a key measure (order paramete...
2025-12-01T20:00:27.671688,Adaptive_Self_Calibration,4.0,3,67,True,Informed_Low,0.024320399587446112,128,0.8828125,8.0,0.05517578125,1. **Simple Explanation**: Threshold systems change suddenly when a key variable (order parameter R)...
2025-12-01T20:01:36.242074,Adaptive_Self_Calibration,4.0,3,68,True,Informed_Low,0.024320399587446112,172,0.813953488372093,9.0,0.04259058950784207,"1. **Simple Explanation**: In threshold systems, a key variable (order parameter R) triggers a sudde..."
2025-12-01T20:02:49.907544,Adaptive_Self_Calibration,4.0,3,69,True,Informed_Low,0.024320399587446112,154,0.7402597402597403,10.0,0.04806881430258054,"1. **Simple Explanation**: In threshold systems, a key variable (order parameter R) reaches a certai..."
2025-12-01T20:03:51.731257,Adaptive_Self_Calibration,4.0,3,70,True,Informed_Low,0.024320399587446112,145,0.7931034482758621,9.0,0.04922711058263972,"1. **Explanation**: In threshold systems, a key measure (order parameter R) hits a critical point (t..."
2025-12-01T20:04:58.948485,Adaptive_Self_Calibration,4.0,3,71,True,Informed_Low,0.024320399587446112,174,0.7873563218390804,9.0,0.04072532699167657,1. **Explanation**: Threshold systems experience sudden changes when a key value (order parameter R)...
2025-12-01T20:06:01.728357,Adaptive_Self_Calibration,4.0,3,72,True,Informed_Low,0.024320399587446112,127,0.7637795275590551,9.0,0.054126108252216504,"1. **Explanation**: When a system's order parameter R surpasses a critical threshold Θ, the system u..."
2025-12-01T20:07:08.910649,Adaptive_Self_Calibration,4.0,3,73,True,Informed_Low,0.024320399587446112,159,0.8238993710691824,9.0,0.046635813456746174,1. **Explanation**: Threshold systems experience sudden changes when a key measure (order parameter ...
2025-12-01T20:08:25.918743,Adaptive_Self_Calibration,4.0,3,74,True,Informed_Low,0.024320399587446112,192,0.78125,9.0,0.03662109375,1. **Explanation**: Threshold systems change abruptly when a key measure (order parameter R) hits a ...
2025-12-01T20:09:20.266499,Adaptive_Self_Calibration,4.0,3,75,True,Informed_Low,0.024320399587446112,118,0.864406779661017,8.0,0.05860384946854352,1. **Explanation**: Threshold systems change abruptly when a key measure (order parameter R) surpass...
2025-12-01T20:10:14.453119,Adaptive_Self_Calibration,4.0,3,76,True,Informed_Low,0.024320399587446112,92,0.8043478260869565,9.0,0.07868620037807184,1. **Explain**: Threshold systems change abruptly when a key measure (order parameter R) hits a spec...
2025-12-01T20:11:26.687818,Adaptive_Self_Calibration,4.0,3,77,True,Informed_Low,0.024320399587446112,172,0.7790697674418605,8.0,0.036235803136830724,1. **Explanation**: Threshold systems have sudden changes when a key measure (order parameter R) rea...
2025-12-01T20:12:26.503292,Adaptive_Self_Calibration,4.0,3,78,True,Informed_Low,0.024320399587446112,104,0.8269230769230769,8.0,0.0636094674556213,1. **Explanation**: Threshold systems have sudden changes when a key measure (order parameter R) rea...
2025-12-01T20:13:23.150568,Adaptive_Self_Calibration,4.0,3,79,True,Informed_Low,0.024320399587446112,134,0.8283582089552238,8.0,0.04945422143016261,1. **Explanation**: Threshold systems show sudden changes when a key measure (order parameter R) hit...
2025-12-01T20:14:14.386685,Adaptive_Self_Calibration,4.0,3,80,True,Informed_Low,0.024320399587446112,113,0.7964601769911505,10.0,0.07048320150364164,"1. **Explanation**: When a key measure (order parameter R) reaches a specific point (threshold Θ), t..."
2025-12-01T20:15:05.248420,Adaptive_Self_Calibration,4.0,3,81,True,Informed_Low,0.024320399587446112,108,0.8796296296296297,9.0,0.07330246913580248,"1. **Explanation**: When a key measure (order parameter R) hits a specific point (threshold Θ), syst..."
2025-12-01T20:16:05.008493,Adaptive_Self_Calibration,4.0,3,82,True,Informed_Low,0.024320399587446112,112,0.8303571428571429,9.0,0.06672512755102042,1. **Explanation**: When a key measurement (order parameter R) reaches a certain point (threshold Θ)...
2025-12-01T20:17:22.977264,Adaptive_Self_Calibration,4.0,3,83,True,Informed_Low,0.024320399587446112,184,0.7608695652173914,8.0,0.03308128544423441,1. **Explanation**: When a key measurement (order parameter R) reaches a certain level (threshold Θ)...
2025-12-01T20:18:37.078944,Adaptive_Self_Calibration,4.0,3,84,True,Informed_Low,0.024320399587446112,179,0.7597765363128491,9.0,0.038201054898411406,1. **Explanation**: Threshold systems change abruptly when a key measurement (order parameter R) hit...
2025-12-01T20:19:35.459491,Adaptive_Self_Calibration,4.0,3,85,True,Informed_Low,0.024320399587446112,116,0.8620689655172413,10.0,0.07431629013079666,1. **Explanation**: Threshold systems have sudden changes when a key measurement (order parameter R)...
2025-12-01T20:20:37.678030,Adaptive_Self_Calibration,4.0,3,86,True,Informed_Low,0.024320399587446112,103,0.8349514563106796,9.0,0.07295692336695259,1. **Explanation**: Threshold systems show sudden changes when a key measurement (order parameter R)...
2025-12-01T20:21:38.228352,Adaptive_Self_Calibration,4.0,3,87,True,Informed_Low,0.024320399587446112,143,0.8111888111888111,8.0,0.045381192234339084,1. **Explanation**: Threshold systems show sudden shifts when a key measurement (order parameter R) ...
2025-12-01T20:22:38.939077,Adaptive_Self_Calibration,4.0,3,88,True,Informed_Low,0.024320399587446112,141,0.8085106382978723,8.0,0.045872944016900556,1. **Explanation**: Threshold systems show sudden changes when a key measure (order parameter R) sur...
2025-12-01T20:23:37.370938,Adaptive_Self_Calibration,4.0,3,89,True,Informed_Low,0.024320399587446112,144,0.7986111111111112,9.0,0.04991319444444445,1. **Explanation**: Threshold systems change abruptly when a key measure (order parameter R) reaches...
2025-12-01T20:24:42.297439,Adaptive_Self_Calibration,4.0,3,90,True,Informed_Low,0.024320399587446112,170,0.7941176470588235,9.0,0.04204152249134948,1. **Explanation**: Threshold systems abruptly change behavior when a key measure (order parameter R...
2025-12-01T20:25:39.506267,Adaptive_Self_Calibration,4.0,3,91,True,Informed_Low,0.024320399587446112,146,0.8082191780821918,10.0,0.05535747795083505,1. **Simplified Explanation**: Threshold systems change their behavior suddenly when a key measure (...
2025-12-01T20:26:44.487539,Adaptive_Self_Calibration,4.0,3,92,True,Informed_Low,0.024320399587446112,169,0.7633136094674556,9.0,0.04064983719057456,1. **Simplified Explanation**: Threshold systems change behavior abruptly when a key measure (order ...
2025-12-01T20:27:48.421031,Adaptive_Self_Calibration,4.0,3,93,True,Informed_Low,0.024320399587446112,164,0.7682926829268293,5.0,0.02342355740630577,1. **Simple Explanation**: Threshold systems change behavior suddenly when a key measure (order para...
2025-12-01T20:29:01.205450,Adaptive_Self_Calibration,4.0,3,94,True,Informed_Low,0.024320399587446112,172,0.8023255813953488,9.0,0.0419821525148729,1. **Explain**: Threshold systems change behavior abruptly when a key measure (order parameter R) hi...
2025-12-01T20:30:11.182909,Adaptive_Self_Calibration,4.0,3,95,True,Informed_Low,0.024320399587446112,159,0.7924528301886793,9.0,0.0448558205767177,1. **Explain**: Threshold systems change behavior suddenly when a key measure (order parameter R) su...
2025-12-01T20:31:10.070651,Adaptive_Self_Calibration,4.0,3,96,True,Informed_Low,0.024320399587446112,136,0.8161764705882353,9.0,0.05401167820069204,1. **Explain**: Threshold systems change behavior abruptly when a key value (order parameter R) reac...
2025-12-01T20:32:29.146907,Adaptive_Self_Calibration,4.0,3,97,True,Informed_Low,0.024320399587446112,196,0.7244897959183674,9.0,0.0332673885880883,1. **Explain**: Threshold systems change dramatically when a key measure (R) hits a critical point (...
2025-12-01T20:33:26.241521,Adaptive_Self_Calibration,4.0,3,98,True,Informed_Low,0.024320399587446112,136,0.8161764705882353,9.0,0.05401167820069204,"1. **Explanation**: When a system's order parameter \( R \) reaches a critical value \( Θ \), the sy..."
2025-12-01T20:34:39.313318,Adaptive_Self_Calibration,4.0,3,99,True,Informed_Low,0.024320399587446112,203,0.729064039408867,8.0,0.028731587759955348,"### Explanation
Threshold systems show sudden changes when a key factor (order parameter \( R \)) ex..."
2025-12-01T20:36:28.643556,Adaptive_Self_Calibration,4.0,3,100,True,Informed_Low,0.024320399587446112,298,0.6442953020134228,8.0,0.017296518174856987,"### Explanation
Threshold systems display sudden shifts when a key factor (order parameter \( R \)) ..."
2025-12-01T20:38:10.417077,Adaptive_Self_Calibration,4.0,3,101,True,Informed_Low,0.024320399587446112,267,0.6142322097378277,9.0,0.020704456508016663,"### Explanation
Threshold systems experience significant changes when a key factor (order parameter ..."
2025-12-01T20:39:19.260164,Adaptive_Self_Calibration,4.0,3,102,True,Informed_Low,0.024320399587446112,83,0.7590361445783133,8.0,0.07316011032080127,"### Explanation
Threshold systems experience sudden shifts when a key variable (order parameter \( R..."
2025-12-01T20:40:31.640293,Adaptive_Self_Calibration,4.0,3,103,True,Informed_Low,0.024320399587446112,188,0.7021276595744681,5.0,0.018673607967406067,"### Explanation
Threshold systems show abrupt changes when a key variable (order parameter \( R \)) ..."
2025-12-01T20:42:02.149899,Adaptive_Self_Calibration,4.0,3,104,True,Informed_Low,0.024320399587446112,235,0.6893617021276596,9.0,0.02640108646446356,"### Explanation
Threshold systems experience sudden changes when a key variable \( R \) surpasses a ..."
2025-12-01T20:43:29.735321,Adaptive_Self_Calibration,4.0,3,105,True,Informed_Low,0.024320399587446112,205,0.6536585365853659,10.0,0.03188578227245687,"### Explanation

Threshold systems experience sudden changes when a key variable \( R \) reaches or ..."
2025-12-01T20:45:06.425055,Adaptive_Self_Calibration,4.0,3,106,True,Informed_Low,0.024320399587446112,238,0.680672268907563,9.0,0.02573970764776499,"### Analysis

Threshold systems display sudden shifts when a key variable \( R \) surpasses a critic..."
2025-12-01T20:46:41.480097,Adaptive_Self_Calibration,4.0,3,107,True,Informed_Low,0.024320399587446112,236,0.6313559322033898,9.0,0.024077133007756393,"### Analysis

Threshold systems display sudden shifts when a key variable \( R \) reaches a critical..."
2025-12-01T20:47:55.441501,Adaptive_Self_Calibration,4.0,3,108,True,Informed_Low,0.024320399587446112,169,0.6745562130177515,9.0,0.03592311193585659,"### Analysis

Threshold systems show sudden changes when a key variable \( R \) surpasses a critical..."
2025-12-01T20:48:43.055381,Adaptive_Self_Calibration,4.0,3,109,True,Informed_Low,0.024320399587446112,105,0.7904761904761904,9.0,0.06775510204081632,"### Analysis

Threshold systems show critical transitions when a variable \( R \) reaches a threshol..."
2025-12-01T20:50:12.998294,Adaptive_Self_Calibration,4.0,3,110,True,Informed_Low,0.024320399587446112,237,0.6877637130801688,9.0,0.026117609357474765,"### Analysis

Threshold systems display abrupt changes when a key variable (order parameter \( R \))..."
2025-12-01T20:51:45.518441,Adaptive_Self_Calibration,4.0,3,111,True,Informed_Low,0.024320399587446112,243,0.6378600823045267,9.0,0.02362444749276025,"### Analysis

Threshold systems show sudden changes when a key variable \( R \) reaches a critical p..."
2025-12-01T20:53:13.241626,Adaptive_Self_Calibration,4.0,3,112,True,Informed_Low,0.024320399587446112,222,0.6846846846846847,9.0,0.027757487216946677,"### Analysis

Threshold systems display sudden shifts when a key variable \( R \) surpasses a critic..."
2025-12-01T20:54:34.607853,Adaptive_Self_Calibration,4.0,3,113,True,Informed_Low,0.024320399587446112,235,0.7021276595744681,9.0,0.026889995473064733,"### Analysis

Threshold systems show significant changes when a key variable \( R \) reaches a criti..."
2025-12-01T20:55:51.155364,Adaptive_Self_Calibration,4.0,3,114,True,Informed_Low,0.024320399587446112,202,0.6188118811881188,10.0,0.03063425154396628,"### Analysis

Threshold systems experience sudden changes when a key variable \( R \) surpasses a cr..."
2025-12-01T20:57:07.727371,Adaptive_Self_Calibration,4.0,3,115,True,Informed_Low,0.024320399587446112,191,0.6858638743455497,9.0,0.032318193031989254,"### Analysis

Threshold systems show sudden changes when a key variable \( R \) exceeds a critical v..."
2025-12-01T20:58:05.969900,Adaptive_Self_Calibration,4.0,3,116,True,Informed_Low,0.024320399587446112,131,0.8091603053435115,9.0,0.05559116601596644,"### Analysis

Threshold systems display abrupt changes when a key variable \( R \) surpasses a criti..."
2025-12-01T20:59:11.028507,Adaptive_Self_Calibration,4.0,3,117,True,Informed_Low,0.024320399587446112,156,0.7243589743589743,9.0,0.041789940828402365,"### Analysis

Threshold systems show abrupt changes when a key variable \( R \) exceeds a critical v..."
2025-12-01T21:00:26.416279,Adaptive_Self_Calibration,4.0,3,118,True,Informed_Low,0.024320399587446112,164,0.7195121951219512,10.0,0.04387269482450922,"### Analysis

Threshold systems exhibit critical transitions when a control parameter \( R \) surpas..."
2025-12-01T21:01:37.059830,Adaptive_Self_Calibration,4.0,3,119,True,Informed_Low,0.024320399587446112,190,0.7210526315789474,9.0,0.03415512465373961,"### Analysis

Threshold systems show sudden changes when a control parameter \( R \) crosses a thres..."
2025-12-01T21:02:40.962716,Adaptive_Self_Calibration,4.0,3,120,True,Informed_Low,0.024320399587446112,144,0.75,10.0,0.052083333333333336,"### Analysis

Threshold systems display abrupt changes when a control parameter \( R \) surpasses a ..."
2025-12-01T21:04:17.719768,Adaptive_Self_Calibration,4.0,3,121,True,Informed_Low,0.024320399587446112,258,0.6201550387596899,9.0,0.02163331530557058,"### Analysis

Threshold systems show sudden changes when a key factor \( R \) reaches a critical lev..."
2025-12-01T21:05:25.209718,Adaptive_Self_Calibration,4.0,3,122,True,Informed_Low,0.024320399587446112,164,0.6829268292682927,9.0,0.037477691850089236,"### Explanation
Threshold systems react abruptly when a key variable \( R \) surpasses a critical va..."
2025-12-01T21:06:25.952930,Adaptive_Self_Calibration,4.0,3,123,True,Informed_Low,0.024320399587446112,137,0.6861313868613139,8.0,0.040066066386062124,"### Explanation
Threshold systems experience sudden changes when a key variable \( R \) surpasses a ..."
2025-12-01T21:07:22.358091,Adaptive_Self_Calibration,4.0,3,124,True,Informed_Low,0.024320399587446112,133,0.7669172932330827,8.0,0.046130363502741814,"### Explanation
Threshold systems undergo sudden changes when a key variable \( R \) reaches a criti..."
2025-12-01T21:08:31.093556,Adaptive_Self_Calibration,4.0,3,125,True,Informed_Low,0.024320399587446112,162,0.6666666666666666,8.0,0.03292181069958847,"### Explanation
Threshold systems change abruptly when a key parameter \( R \) surpasses a critical ..."
2025-12-01T21:09:33.517606,Adaptive_Self_Calibration,4.0,3,126,True,Informed_Low,0.024320399587446112,123,0.7398373983739838,8.0,0.04811950558529976,"### Explanation
Threshold systems experience sudden changes when a key parameter \( R \) exceeds a c..."
2025-12-01T21:10:42.376108,Adaptive_Self_Calibration,4.0,3,127,True,Informed_Low,0.024320399587446112,140,0.7071428571428572,8.0,0.04040816326530613,"### Explanation
Threshold systems have tipping points where a sudden change occurs when a key parame..."
2025-12-01T21:11:36.957019,Adaptive_Self_Calibration,4.0,3,128,True,Informed_Low,0.024320399587446112,121,0.7933884297520661,9.0,0.05901236254354211,"### Explanation
Threshold systems show sudden shifts when a key parameter \( R \) reaches a critical..."
2025-12-01T21:12:40.022440,Adaptive_Self_Calibration,4.0,3,129,True,Informed_Low,0.024320399587446112,114,0.7719298245614035,9.0,0.06094182825484764,"### Explanation
Threshold systems show sudden shifts when a key parameter \( R \) crosses a critical..."
2025-12-01T21:13:51.505532,Adaptive_Self_Calibration,4.0,3,130,True,Informed_Low,0.024320399587446112,73,0.726027397260274,9.0,0.08951022705948583,"### Explanation
Threshold systems have sudden changes when a key parameter \( R \) reaches a critica..."
2025-12-01T21:14:46.614960,Adaptive_Self_Calibration,4.0,3,131,True,Informed_Low,0.024320399587446112,124,0.7419354838709677,9.0,0.05385015608740895,"### Explanation
Threshold systems display sudden changes when a key parameter \( R \) reaches a crit..."
2025-12-01T21:15:41.592781,Adaptive_Self_Calibration,4.0,3,132,True,Informed_Low,0.024320399587446112,132,0.7348484848484849,9.0,0.05010330578512397,"### Explanation
Threshold systems show sudden shifts when a key parameter \( R \) hits a critical va..."
2025-12-01T21:16:28.605016,Adaptive_Self_Calibration,4.0,3,133,True,Informed_Low,0.024320399587446112,96,0.78125,8.0,0.06510416666666667,"### Explanation
Threshold systems show abrupt changes when a key parameter \( R \) surpasses a criti..."
2025-12-01T21:17:22.272386,Adaptive_Self_Calibration,4.0,3,134,True,Informed_Low,0.024320399587446112,118,0.7627118644067796,8.0,0.05170927894283252,"### Explanation
Threshold systems experience sudden shifts when a parameter \( R \) surpasses a crit..."
2025-12-01T21:18:16.971712,Adaptive_Self_Calibration,4.0,3,135,True,Informed_Low,0.024320399587446112,96,0.71875,8.0,0.059895833333333336,"### Explanation
Threshold systems show sudden changes when a parameter \( R \) reaches a critical va..."
2025-12-01T21:19:12.776268,Adaptive_Self_Calibration,4.0,3,136,True,Informed_Low,0.024320399587446112,126,0.7698412698412699,9.0,0.054988662131519275,"### Explanation
Threshold systems show sudden changes when a key variable \( R \) surpasses a critic..."
2025-12-01T21:20:30.319532,Adaptive_Self_Calibration,4.0,3,137,True,Informed_Low,0.024320399587446112,196,0.6938775510204082,9.0,0.031861724281549354,"### Explanation

Threshold systems display sudden shifts when a key variable \( R \) exceeds a criti..."
2025-12-01T21:21:46.647733,Adaptive_Self_Calibration,4.0,3,138,True,Informed_Low,0.024320399587446112,197,0.6751269035532995,8.0,0.027416320956479168,"### Explanation

Threshold systems show dramatic shifts when a key variable \( R \) surpasses a crit..."
2025-12-01T21:22:55.070988,Adaptive_Self_Calibration,4.0,3,139,True,Informed_Low,0.024320399587446112,169,0.6923076923076923,8.0,0.032771961766044605,"### Explanation

Threshold systems change abruptly when a key variable \( R \) exceeds a critical va..."
2025-12-01T21:24:12.581060,Adaptive_Self_Calibration,4.0,3,140,True,Informed_Low,0.024320399587446112,171,0.7076023391812866,10.0,0.041380253753291615,"### Explanation

Threshold systems show sudden changes when a key variable \( R \) surpasses a criti..."
2025-12-01T21:25:14.129577,Adaptive_Self_Calibration,4.0,3,141,True,Informed_Low,0.024320399587446112,145,0.7379310344827587,9.0,0.0458026159334126,"### Explanation

Threshold systems display significant changes when a key variable \( R \) reaches a..."
2025-12-01T21:26:35.555189,Adaptive_Self_Calibration,4.0,3,142,True,Informed_Low,0.024320399587446112,212,0.6933962264150944,9.0,0.029436632253470988,"### Explanation

Threshold systems experience sudden changes when a variable \( R \) surpasses a cri..."
2025-12-01T21:27:19.868091,Adaptive_Self_Calibration,4.0,3,143,True,Informed_Low,0.024320399587446112,90,0.8222222222222222,9.0,0.08222222222222221,"### Explanation

Threshold systems show abrupt changes when a variable \( R \) reaches a critical po..."
2025-12-01T21:28:39.574271,Adaptive_Self_Calibration,4.0,3,144,True,Informed_Low,0.024320399587446112,188,0.675531914893617,9.0,0.03233929379809868,"### Explanation

Threshold systems change behavior abruptly when a parameter \( R \) surpasses a cri..."
2025-12-01T21:30:19.711943,Adaptive_Self_Calibration,4.0,3,145,True,Informed_Low,0.024320399587446112,255,0.596078431372549,9.0,0.021038062283737023,"### Explanation

Threshold systems show significant changes when a parameter \( R \) reaches a criti..."
2025-12-01T21:31:20.091832,Adaptive_Self_Calibration,4.0,3,146,True,Informed_Low,0.024320399587446112,131,0.7480916030534351,10.0,0.057106229240720244,"### Analysis

Threshold systems display significant changes when a parameter \( R \) surpasses a cri..."
2025-12-01T21:32:07.997995,Adaptive_Self_Calibration,4.0,3,147,True,Informed_Low,0.024320399587446112,91,0.8021978021978022,9.0,0.07933824417340901,"### Analysis

Threshold systems show abrupt changes when a key variable \( R \) exceeds a critical p..."
2025-12-01T21:32:50.262190,Adaptive_Self_Calibration,4.0,3,148,True,Informed_Low,0.024320399587446112,87,0.8275862068965517,9.0,0.08561236623067776,"### Analysis

Threshold systems show abrupt changes when a key variable \( R \) reaches a critical p..."
2025-12-01T21:34:09.902631,Adaptive_Self_Calibration,4.0,3,149,True,Informed_Low,0.024320399587446112,213,0.6995305164319249,10.0,0.032841808283188965,"### Analysis

Threshold systems show abrupt changes when a key variable \( R \) exceeds a critical p..."
2025-12-01T21:35:18.530579,Adaptive_Self_Calibration,4.0,3,150,True,Informed_Low,0.024320399587446112,151,0.7814569536423841,9.0,0.0465769045217315,"### Analysis

Threshold systems illustrate dramatic shifts when a key variable \( R \) surpasses a c..."
2025-12-01T21:36:37.242851,Adaptive_Self_Calibration,4.0,3,151,True,Informed_Low,0.024320399587446112,201,0.7313432835820896,9.0,0.03274671419024281,"### Analysis

Threshold systems demonstrate significant changes when a key variable R exceeds a crit..."
2025-12-01T21:37:43.720808,Adaptive_Self_Calibration,4.0,3,152,True,Informed_Low,0.024320399587446112,163,0.7668711656441718,10.0,0.04704731077571606,"### Explanation
Threshold systems show significant changes when a key parameter R surpasses a critic..."
2025-12-01T21:39:01.500181,Adaptive_Self_Calibration,4.0,3,153,True,Informed_Low,0.024320399587446112,197,0.7157360406091371,9.0,0.03269860084001134,"### Explanation
Threshold systems change dramatically when a key parameter \( R \) reaches or crosse..."
2025-12-01T21:40:05.985999,Adaptive_Self_Calibration,4.0,3,154,True,Informed_Low,0.024320399587446112,153,0.7189542483660131,8.0,0.03759237899953009,"### Explanation
Threshold systems experience sudden changes when a key parameter \( R \) exceeds a c..."
2025-12-01T21:41:33.003134,Adaptive_Self_Calibration,4.0,3,155,True,Informed_Low,0.024320399587446112,229,0.6506550218340611,9.0,0.025571594744570086,"### Analysis
Threshold systems show dramatic changes when a key parameter \( R \) surpasses a critic..."
2025-12-01T21:42:21.502161,Adaptive_Self_Calibration,4.0,3,156,True,Informed_Low,0.024320399587446112,107,0.8130841121495327,9.0,0.06839025242379247,"### Analysis
Threshold systems experience abrupt changes when a key parameter \( R \) surpasses a cr..."
2025-12-01T21:43:37.434488,Adaptive_Self_Calibration,4.0,3,157,True,Informed_Low,0.024320399587446112,183,0.7049180327868853,10.0,0.038520111081250565,"### Analysis
Threshold systems experience sudden shifts when a key parameter \( R \) exceeds a criti..."
2025-12-01T21:44:50.300144,Adaptive_Self_Calibration,4.0,3,158,True,Informed_Low,0.024320399587446112,176,0.7386363636363636,9.0,0.03777117768595041,"### Analysis
Threshold systems show sudden changes when a key variable \( R \) surpasses a critical ..."
2025-12-01T21:45:42.513349,Adaptive_Self_Calibration,4.0,3,159,True,Informed_Low,0.024320399587446112,113,0.7876106194690266,10.0,0.06970005482026784,"### Explanation
Threshold systems show abrupt changes when a key variable (order parameter \( R \)) ..."
2025-12-01T21:46:44.154873,Adaptive_Self_Calibration,4.0,3,160,True,Informed_Low,0.024320399587446112,140,0.75,9.0,0.048214285714285716,"### Explanation
Threshold systems undergo sudden changes when a key variable (order parameter \( R \..."
2025-12-01T21:48:02.543593,Adaptive_Self_Calibration,4.0,3,161,True,Informed_Low,0.024320399587446112,198,0.7373737373737373,9.0,0.033516988062442604,"### Explanation
Threshold systems show sudden shifts when a key variable (order parameter \( R \)) r..."
2025-12-01T21:49:34.822230,Adaptive_Self_Calibration,4.0,3,162,True,Informed_Low,0.024320399587446112,240,0.6458333333333334,9.0,0.02421875,"### Explanation

Threshold systems demonstrate abrupt changes when a key variable \( R \) surpasses ..."
2025-12-01T21:50:48.518627,Adaptive_Self_Calibration,4.0,3,163,True,Informed_Low,0.024320399587446112,189,0.7407407407407407,9.0,0.03527336860670194,"### Analysis

Threshold systems show significant changes when a key parameter \( R \) exceeds a crit..."
2025-12-01T21:52:09.027046,Adaptive_Self_Calibration,4.0,3,164,True,Informed_Low,0.024320399587446112,208,0.6346153846153846,9.0,0.02745931952662722,"### Analysis

Threshold systems show significant changes when a key order parameter \( R \) exceeds ..."
2025-12-01T21:53:30.756180,Adaptive_Self_Calibration,4.0,3,165,True,Informed_Low,0.024320399587446112,177,0.7062146892655368,9.0,0.03590922148807814,"### Analysis

Threshold systems show dramatic changes when a key parameter \( R \) surpasses a criti..."
2025-12-01T21:54:39.699102,Adaptive_Self_Calibration,4.0,3,166,True,Informed_Low,0.024320399587446112,170,0.7647058823529411,9.0,0.04048442906574394,"### Analysis

Threshold systems display significant changes when a key parameter \( R \) exceeds a c..."
2025-12-01T21:56:08.395085,Adaptive_Self_Calibration,4.0,3,167,True,Informed_Low,0.024320399587446112,238,0.6722689075630253,10.0,0.028246592754748962,"### Analysis

Threshold systems show sudden changes when a control parameter \( R \) surpasses a cri..."
2025-12-01T21:57:10.045190,Adaptive_Self_Calibration,4.0,3,168,True,Informed_Low,0.024320399587446112,150,0.7666666666666667,9.0,0.046,"### Analysis

Threshold systems show sudden changes when the order parameter \( R \) surpasses a cri..."
2025-12-01T21:58:40.109589,Adaptive_Self_Calibration,4.0,3,169,True,Informed_Low,0.024320399587446112,242,0.6487603305785123,9.0,0.02412745031077112,"### Analysis

Threshold systems show sudden shifts when a key variable \( R \) (order parameter) exc..."
2025-12-01T21:59:47.345350,Adaptive_Self_Calibration,4.0,3,170,True,Informed_Low,0.024320399587446112,175,0.7314285714285714,10.0,0.04179591836734694,"### Analysis

Threshold systems indicate sudden shifts when a key variable \( R \) (order parameter)..."
2025-12-01T22:01:10.807740,Adaptive_Self_Calibration,4.0,3,171,True,Informed_Low,0.024320399587446112,206,0.7572815533980582,9.0,0.03308511641059478,"### Analysis

Threshold systems show dramatic shifts when a key variable \( R \) (order parameter) s..."
2025-12-01T22:02:34.394104,Adaptive_Self_Calibration,4.0,3,172,True,Informed_Low,0.024320399587446112,215,0.6883720930232559,10.0,0.03201730665224446,"### Analysis

Threshold systems experience critical transitions when their order parameter \( R \) s..."
2025-12-01T22:03:39.054140,Adaptive_Self_Calibration,4.0,3,173,True,Informed_Low,0.024320399587446112,161,0.7763975155279503,9.0,0.04340110335249412,"### Analysis

Threshold systems show significant changes when a key measure \( R \) reaches a specif..."
2025-12-01T22:05:01.162113,Adaptive_Self_Calibration,4.0,3,174,True,Informed_Low,0.024320399587446112,211,0.7440758293838863,9.0,0.031737831585094675,"### Analysis

Threshold systems demonstrate significant changes when a key measure \( R \) surpasses..."
2025-12-01T22:06:25.159923,Adaptive_Self_Calibration,4.0,3,175,True,Informed_Low,0.024320399587446112,234,0.6410256410256411,9.0,0.024654832347140044,"### Analysis

Threshold systems show significant changes when a key measure \( R \) reaches or excee..."
2025-12-01T22:07:36.194399,Adaptive_Self_Calibration,4.0,3,176,True,Informed_Low,0.024320399587446112,189,0.7671957671957672,9.0,0.03653313177122701,"### Analysis

Threshold systems show critical transitions when a key measure \( R \) crosses a thres..."
2025-12-01T22:08:52.469973,Adaptive_Self_Calibration,4.0,3,177,True,Informed_Low,0.024320399587446112,214,0.6635514018691588,10.0,0.03100707485369901,"### Analysis

Threshold systems show critical transitions when a key measure \( R \) crosses a thres..."
2025-12-01T22:09:54.093424,Adaptive_Self_Calibration,4.0,3,178,True,Informed_Low,0.024320399587446112,161,0.7204968944099379,9.0,0.040276223911114545,"### Analysis

Threshold systems experience abrupt changes when a key variable \( R \) surpasses a th..."
2025-12-01T22:10:54.983615,Adaptive_Self_Calibration,4.0,3,179,True,Informed_Low,0.024320399587446112,151,0.7417218543046358,9.0,0.044208587342660415,"### Analysis

Threshold systems show significant changes when a key variable \( R \) exceeds a criti..."
2025-12-01T22:12:11.667968,Adaptive_Self_Calibration,4.0,3,180,True,Informed_Low,0.024320399587446112,201,0.6368159203980099,10.0,0.03168238409940348,"### Analysis

Threshold systems exhibit critical transitions when an order parameter \( R \) crosses..."
2025-12-01T22:13:25.690087,Adaptive_Self_Calibration,4.0,3,181,True,Informed_Low,0.024320399587446112,136,0.6838235294117647,9.0,0.045253027681660896,"### Analysis

Threshold systems experience sudden changes when a key parameter \( R \) surpasses a c..."
2025-12-01T22:14:23.804052,Adaptive_Self_Calibration,4.0,3,182,True,Informed_Low,0.024320399587446112,140,0.7285714285714285,9.0,0.04683673469387755,"### Analysis

1. **Simple Explanation:**
   Threshold systems show sudden shifts when a key paramete..."
2025-12-01T22:15:23.613513,Adaptive_Self_Calibration,4.0,3,183,True,Informed_Low,0.024320399587446112,132,0.7727272727272727,9.0,0.05268595041322314,"### Analysis

1. **Simple Explanation:**
   Threshold systems change abruptly when a key parameter \..."
2025-12-01T22:16:17.579645,Adaptive_Self_Calibration,4.0,3,184,True,Informed_Low,0.024320399587446112,58,0.8448275862068966,9.0,0.13109393579072534,"### Analysis

1. **Simple Explanation:**
   Threshold systems change abruptly when a critical value ..."
2025-12-01T22:17:27.282787,Adaptive_Self_Calibration,4.0,3,185,True,Informed_Low,0.024320399587446112,57,0.8771929824561403,9.0,0.13850415512465372,"### Analysis

1. **Simple Explanation:**
   Threshold systems switch behavior abruptly when their or..."
2025-12-01T22:18:49.934469,Adaptive_Self_Calibration,4.0,3,186,True,Informed_Low,0.024320399587446112,201,0.6965174129353234,10.0,0.03465260760872256,"### Analysis

1. **Simple Explanation:**
   Threshold systems change behavior abruptly when a key pa..."
2025-12-01T22:19:48.484619,Adaptive_Self_Calibration,4.0,3,187,True,Informed_Low,0.024320399587446112,132,0.7651515151515151,10.0,0.057966023875114785,"### Analysis

1. **Simple Explanation:**
   Threshold systems change behavior sharply when a key par..."
2025-12-01T22:20:46.978950,Adaptive_Self_Calibration,4.0,3,188,True,Informed_Low,0.024320399587446112,138,0.7971014492753623,8.0,0.04620877966813695,"### Analysis

1. **Simple Explanation:**
   Threshold systems change behavior dramatically when a ke..."
2025-12-01T22:21:41.533793,Adaptive_Self_Calibration,4.0,3,189,True,Informed_Low,0.024320399587446112,105,0.8380952380952381,9.0,0.07183673469387755,"### Analysis

1. **Simple Explanation:**
   Threshold systems undergo significant changes when a key..."
2025-12-01T22:22:43.483623,Adaptive_Self_Calibration,4.0,3,190,True,Informed_Low,0.024320399587446112,147,0.782312925170068,9.0,0.04789670970428988,"### Analysis

1. **Simple Explanation:**
   Threshold systems change abruptly when a key parameter \..."
2025-12-01T22:23:35.292321,Adaptive_Self_Calibration,4.0,3,191,True,Informed_Low,0.024320399587446112,108,0.8148148148148148,9.0,0.06790123456790123,"### Analysis

1. **Simple Explanation:**
   Threshold systems show sudden changes when a key variabl..."
2025-12-01T22:24:33.006304,Adaptive_Self_Calibration,4.0,3,192,True,Informed_Low,0.024320399587446112,137,0.8540145985401459,9.0,0.056103148809206665,"### Analysis

1. **Simple Explanation:** Threshold systems experience sudden changes when a key vari..."
2025-12-01T22:25:29.500280,Adaptive_Self_Calibration,4.0,3,193,True,Informed_Low,0.024320399587446112,105,0.8476190476190476,8.0,0.06458049886621316,"### Analysis

1. **Simple Explanation:** Threshold systems change abruptly when a key variable \( R ..."
2025-12-01T22:26:27.718233,Adaptive_Self_Calibration,4.0,3,194,True,Informed_Low,0.024320399587446112,106,0.8113207547169812,9.0,0.06888572445710217,"### Analysis

1. **Simple Explanation:** Threshold systems change abruptly when a key variable \( R ..."
2025-12-01T22:27:22.540544,Adaptive_Self_Calibration,4.0,3,195,True,Informed_Low,0.024320399587446112,101,0.801980198019802,8.0,0.06352318400156848,"### Analysis

1. **Simple Explanation:** Threshold systems change abruptly when a key variable \( R ..."
2025-12-01T22:28:11.518133,Adaptive_Self_Calibration,4.0,3,196,True,Informed_Low,0.024320399587446112,56,0.875,9.0,0.140625,"### Analysis

1. **Simple Explanation:** Threshold systems change abruptly when a key variable \( R ..."
2025-12-01T22:29:04.847401,Adaptive_Self_Calibration,4.0,3,197,True,Informed_Low,0.024320399587446112,124,0.8387096774193549,9.0,0.06087408949011447,"### Analysis

1. **Simple Explanation:** Threshold systems show sudden changes when a key variable \..."
2025-12-01T22:29:59.073389,Adaptive_Self_Calibration,4.0,3,198,True,Informed_Low,0.024320399587446112,104,0.8173076923076923,9.0,0.07072855029585799,"### Analysis

1. **Simple Explanation:** Threshold systems show sudden changes when a key variable \..."
2025-12-01T22:30:55.732500,Adaptive_Self_Calibration,4.0,3,199,True,Informed_Low,0.024320399587446112,131,0.7938931297709924,9.0,0.05454227609113688,"### Analysis

1. **Simple Explanation:** Threshold systems change abruptly when a key variable (orde..."
2025-12-01T22:32:05.099932,Adaptive_Self_Calibration,4.0,3,200,True,Informed_Low,0.024320399587446112,177,0.8135593220338984,10.0,0.04596380350474002,1. **Simple Explanation:** Threshold systems change suddenly when a key measure (order parameter R) ...
2025-12-01T22:33:12.200465,Adaptive_Self_Calibration,4.0,3,201,True,Informed_Low,0.024320399587446112,157,0.802547770700637,9.0,0.046005923161183016,1. **Simple Explanation:** Threshold systems change dramatically when a specific value (order parame...
2025-12-01T22:34:20.090207,Adaptive_Self_Calibration,4.0,3,202,True,Informed_Low,0.024320399587446112,179,0.7653631284916201,9.0,0.038481945007958554,1. **Simple Explanation:** Threshold systems change drastically when a key value (R) hits a critical...
2025-12-01T22:35:20.766083,Adaptive_Self_Calibration,4.0,3,203,True,Informed_Low,0.024320399587446112,142,0.8169014084507042,9.0,0.05177544138067844,1. **Simple Explanation:** Threshold systems have sudden changes when a key measure (R) reaches a cr...
2025-12-01T22:36:18.022513,Adaptive_Self_Calibration,4.0,3,204,True,Informed_Low,0.024320399587446112,126,0.8333333333333334,10.0,0.06613756613756615,1. **Simple Explanation:** Systems can suddenly change behavior when a key measure (R) hits a critic...
2025-12-01T22:37:24.610434,Adaptive_Self_Calibration,4.0,3,205,True,Informed_Low,0.024320399587446112,158,0.7974683544303798,9.0,0.04542541259413556,1. **Simple Explanation:** Systems can suddenly change behavior when a key measure (R) reaches a cri...
2025-12-01T22:38:55.109417,Adaptive_Self_Calibration,4.0,3,206,True,Informed_Low,0.024320399587446112,248,0.6774193548387096,9.0,0.024583766909469302,1. **Simple Explanation:** Systems can suddenly change behavior when a key measure \( R \) reaches a...
2025-12-01T22:40:18.166972,Adaptive_Self_Calibration,4.0,3,207,True,Informed_Low,0.024320399587446112,220,0.6863636363636364,5.0,0.015599173553719009,"1. **Simple Explanation:** When a key measure \( R \) reaches a critical point \( Θ \), systems can ..."
2025-12-01T22:41:28.872564,Adaptive_Self_Calibration,4.0,3,208,True,Informed_Low,0.024320399587446112,177,0.7062146892655368,5.0,0.019949567493376744,"1. **Simple Explanation:** When a key measure \( R \) reaches a critical point \( Θ \), systems can ..."
2025-12-01T22:42:21.083903,Adaptive_Self_Calibration,4.0,3,209,True,Informed_Low,0.024320399587446112,172,0.7267441860465116,9.0,0.03802731206057328,"1. **Simple Explanation:** In threshold systems, a sudden change occurs when a key measure \( R \) s..."
2025-12-01T22:43:17.127782,Adaptive_Self_Calibration,4.0,3,210,True,Informed_Low,0.024320399587446112,120,0.825,9.0,0.061875,"1. **Simple Explanation:** In threshold systems, a key measure R surpasses a critical value Θ, trigg..."
2025-12-01T22:44:26.698568,Adaptive_Self_Calibration,4.0,3,211,True,Informed_Low,0.024320399587446112,158,0.810126582278481,9.0,0.046146450889280564,"1. **Simple Explanation:** In threshold systems, when a certain condition (R) reaches a specific poi..."
2025-12-01T22:45:31.656543,Adaptive_Self_Calibration,4.0,3,212,True,Informed_Low,0.024320399587446112,169,0.8047337278106509,9.0,0.04285564230944294,1. **Simple Explanation:** Threshold systems change suddenly when a key factor (R) reaches a certain...
2025-12-01T22:46:22.411659,Adaptive_Self_Calibration,4.0,3,213,True,Informed_Low,0.024320399587446112,107,0.8598130841121495,9.0,0.07232072670102192,1. **Simple Explanation:** Threshold systems change abruptly when a key factor (R) surpasses a certa...
2025-12-01T22:47:28.588380,Adaptive_Self_Calibration,4.0,3,214,True,Informed_Low,0.024320399587446112,166,0.7469879518072289,9.0,0.04049934678472928,1. **Simple Explanation:** Threshold systems change dramatically when a key factor R reaches a speci...
2025-12-01T22:48:51.062552,Adaptive_Self_Calibration,4.0,3,215,True,Informed_Low,0.024320399587446112,204,0.7549019607843137,9.0,0.03330449826989619,1. **Simple Explanation:** Threshold systems change abruptly when a key factor R reaches a specific ...
2025-12-01T22:50:12.411352,Adaptive_Self_Calibration,4.0,3,216,True,Informed_Low,0.024320399587446112,220,0.6545454545454545,9.0,0.02677685950413223,1. **Simple Explanation:** Threshold systems change suddenly when a key factor (order parameter R) r...
2025-12-01T22:51:16.357480,Adaptive_Self_Calibration,4.0,3,217,True,Informed_Low,0.024320399587446112,128,0.78125,10.0,0.06103515625,"1. **Simple Explanation:** In threshold systems, there's a specific point (threshold Θ) where a key ..."
2025-12-01T22:52:25.309600,Adaptive_Self_Calibration,4.0,3,218,True,Informed_Low,0.024320399587446112,160,0.7875,9.0,0.044296875,"1. **Simple Explanation:** In threshold systems, a change occurs when a key factor (order parameter ..."
2025-12-01T22:53:28.484077,Adaptive_Self_Calibration,4.0,3,219,True,Informed_Low,0.024320399587446112,152,0.7828947368421053,9.0,0.04635560941828255,"1. **Simple Explanation:** In threshold systems, a big change happens when a key factor (order param..."
2025-12-01T22:54:32.534176,Adaptive_Self_Calibration,4.0,3,220,True,Informed_Low,0.024320399587446112,148,0.7635135135135135,9.0,0.04642987582176771,"1. **Simple Explanation:** In threshold systems, a big change occurs when a key factor (order parame..."
2025-12-01T22:55:40.285656,Adaptive_Self_Calibration,4.0,3,221,True,Informed_Low,0.024320399587446112,170,0.788235294117647,9.0,0.04173010380622837,"1. **Simple Explanation:** In threshold systems, a sudden change occurs when a key factor (order par..."
2025-12-01T22:57:04.678336,Adaptive_Self_Calibration,4.0,3,222,True,Informed_Low,0.024320399587446112,227,0.7136563876651982,9.0,0.02829474664751887,"1. **Simple Explanation:** In threshold systems, a critical transition occurs when a key factor (ord..."
2025-12-01T22:58:15.066029,Adaptive_Self_Calibration,4.0,3,223,True,Informed_Low,0.024320399587446112,177,0.751412429378531,8.0,0.03396214370072457,"1. **Explanation**: In threshold systems, a key factor (order parameter R) must reach a specific poi..."
2025-12-01T22:59:20.035125,Adaptive_Self_Calibration,4.0,3,224,True,Informed_Low,0.024320399587446112,56,0.9107142857142857,9.0,0.14636479591836735,"1. **Explanation**: In threshold systems, a key value (order parameter R) hits a specific point (thr..."
2025-12-01T23:00:25.887609,Adaptive_Self_Calibration,4.0,3,225,True,Informed_Low,0.024320399587446112,153,0.8104575163398693,9.0,0.04767397154940407,"1. **Explanation**: In threshold systems, a key value (order parameter R) reaches a certain point (t..."
2025-12-01T23:01:32.125531,Adaptive_Self_Calibration,4.0,3,226,True,Informed_Low,0.024320399587446112,121,0.7851239669421488,9.0,0.05839765043371355,"1. **Explanation**: In threshold systems, a key value (order parameter R) reaches a specific point (..."
2025-12-01T23:02:28.486576,Adaptive_Self_Calibration,4.0,3,227,True,Informed_Low,0.024320399587446112,134,0.7985074626865671,9.0,0.05363109824014257,1. **Explanation**: Threshold systems change abruptly when a key value (R) hits a specific point (Θ)...
2025-12-01T23:03:39.979761,Adaptive_Self_Calibration,4.0,3,228,True,Informed_Low,0.024320399587446112,178,0.8089887640449438,9.0,0.04090392627193536,1. **Explanation**: When a system's state changes suddenly due to a key variable reaching a critical...
2025-12-01T23:04:44.137782,Adaptive_Self_Calibration,4.0,3,229,True,Informed_Low,0.024320399587446112,138,0.8115942028985508,8.0,0.047048939298466715,1. **Explanation**: Threshold systems change abruptly when a key variable (order parameter R) reache...
2025-12-01T23:05:54.178446,Adaptive_Self_Calibration,4.0,3,230,True,Informed_Low,0.024320399587446112,178,0.7808988764044944,9.0,0.03948365105415983,1. **Explanation**: Threshold systems change abruptly when a key variable (order parameter R) reache...
2025-12-01T23:07:01.888237,Adaptive_Self_Calibration,4.0,3,231,True,Informed_Low,0.024320399587446112,149,0.8120805369127517,9.0,0.04905184451150849,1. **Explanation**: Threshold systems change abruptly when a key variable (order parameter R) surpas...
2025-12-01T23:08:03.382256,Adaptive_Self_Calibration,4.0,3,232,True,Informed_Low,0.024320399587446112,131,0.816793893129771,9.0,0.05611561097838121,1. **Explanation**: Threshold systems change abruptly when a key variable (order parameter R) reache...
2025-12-01T23:09:03.314989,Adaptive_Self_Calibration,4.0,3,233,True,Informed_Low,0.024320399587446112,138,0.8115942028985508,9.0,0.05293005671077505,1. **Explanation**: Threshold systems change abruptly when a key variable (order parameter R) hits a...
2025-12-01T23:09:55.931330,Adaptive_Self_Calibration,4.0,3,234,True,Informed_Low,0.024320399587446112,114,0.8333333333333334,9.0,0.06578947368421052,1. **Explanation**: Threshold systems change abruptly when a key variable (order parameter R) reache...
2025-12-01T23:10:57.243944,Adaptive_Self_Calibration,4.0,3,235,True,Informed_Low,0.024320399587446112,149,0.8053691275167785,9.0,0.04864645736678527,1. **Explanation**: Threshold systems change abruptly when a key variable (order parameter R) hits a...
2025-12-01T23:11:54.831423,Adaptive_Self_Calibration,4.0,3,236,True,Informed_Low,0.024320399587446112,132,0.8257575757575758,8.0,0.05004591368227732,1. **Explanation**: Threshold systems change suddenly when a key measure (order parameter R) reaches...
2025-12-01T23:12:47.958934,Adaptive_Self_Calibration,4.0,3,237,True,Informed_Low,0.024320399587446112,57,0.8947368421052632,10.0,0.1569713758079409,"1. **Explanation**: When a key measure (R) surpasses a critical point (Θ), systems suddenly change. ..."
2025-12-01T23:13:46.254230,Adaptive_Self_Calibration,4.0,3,238,True,Informed_Low,0.024320399587446112,129,0.813953488372093,10.0,0.06309716964124752,"1. **Explanation**: In threshold systems, when a key factor (R) reaches a certain level (Θ), the sys..."
2025-12-01T23:14:52.347085,Adaptive_Self_Calibration,4.0,3,239,True,Informed_Low,0.024320399587446112,154,0.7922077922077922,8.0,0.041153651543261935,1. **Explanation**: Threshold systems change behavior abruptly when a key factor (order parameter R)...
2025-12-01T23:16:01.584989,Adaptive_Self_Calibration,4.0,3,240,True,Informed_Low,0.024320399587446112,170,0.7588235294117647,8.0,0.03570934256055363,1. **Explanation**: Threshold systems change behavior suddenly when a key factor (order parameter R)...
2025-12-01T23:16:56.839479,Adaptive_Self_Calibration,4.0,3,241,True,Informed_Low,0.024320399587446112,125,0.848,9.0,0.061056,1. **Explanation**: Threshold systems show sudden changes when a key factor (order parameter R) reac...
2025-12-01T23:18:09.754704,Adaptive_Self_Calibration,4.0,3,242,True,Informed_Low,0.024320399587446112,183,0.7431693989071039,9.0,0.03654931470034937,1. **Explanation**: Threshold systems change abruptly when a key factor (order parameter R) hits a s...
2025-12-01T23:19:04.947249,Adaptive_Self_Calibration,4.0,3,243,True,Informed_Low,0.024320399587446112,122,0.860655737704918,8.0,0.056436441816715935,"1. **Explanation**: When a key factor (order parameter R) reaches a critical point (threshold Θ), sy..."
2025-12-01T23:20:04.527064,Adaptive_Self_Calibration,4.0,3,244,True,Informed_Low,0.024320399587446112,108,0.8148148148148148,10.0,0.07544581618655692,1. **Explanation**: Threshold systems change dramatically when a key factor (order parameter R) surp...
2025-12-01T23:21:18.303794,Adaptive_Self_Calibration,4.0,3,245,True,Informed_Low,0.024320399587446112,181,0.7182320441988951,5.0,0.019840664204389367,1. **Explanation**: Threshold systems change dramatically when a key factor (order parameter R) reac...
2025-12-01T23:22:24.547305,Adaptive_Self_Calibration,4.0,3,246,True,Informed_Low,0.024320399587446112,163,0.7607361963190185,9.0,0.0420038390605593,1. **Explanation**: Threshold systems change dramatically when a key value (order parameter R) reach...
2025-12-01T23:23:26.349472,Adaptive_Self_Calibration,4.0,3,247,True,Informed_Low,0.024320399587446112,153,0.7973856209150327,8.0,0.04169336579947883,1. **Explanation**: Threshold systems change drastically when a key value (order parameter R) passes...
2025-12-01T23:24:28.569504,Adaptive_Self_Calibration,4.0,3,248,True,Informed_Low,0.024320399587446112,144,0.7986111111111112,9.0,0.04991319444444445,1. **Explain**: Threshold systems change suddenly when a key value (order parameter R) reaches a cri...
2025-12-01T23:25:40.326321,Adaptive_Self_Calibration,4.0,3,249,True,Informed_Low,0.024320399587446112,184,0.7771739130434783,8.0,0.033790170132325145,1. **Explain**: Threshold systems change abruptly when a key measure (order parameter R) reaches a c...
2025-12-01T23:26:33.934083,Adaptive_Self_Calibration,4.0,3,250,True,Informed_Low,0.024320399587446112,118,0.847457627118644,8.0,0.05745475438092502,1. **Explanation**: Threshold systems change dramatically when a key measure (order parameter R) hit...
2025-12-01T23:27:31.881952,Adaptive_Self_Calibration,4.0,3,251,True,Informed_Low,0.024320399587446112,122,0.860655737704918,9.0,0.06349099704380542,1. **Explanation**: Threshold systems change drastically when a key measure (order parameter R) reac...
2025-12-01T23:28:41.140333,Adaptive_Self_Calibration,4.0,3,252,True,Informed_Low,0.024320399587446112,142,0.795774647887324,9.0,0.05043642134497124,"1. **Explanation**: When a key measure (order parameter R) reaches a specific value (threshold Θ), t..."
2025-12-01T23:29:42.931709,Adaptive_Self_Calibration,4.0,3,253,True,Informed_Low,0.024320399587446112,100,0.88,10.0,0.08800000000000001,1. **Explanation**: Threshold systems change suddenly when a key measure (order parameter R) hits a ...
2025-12-01T23:30:43.657168,Adaptive_Self_Calibration,4.0,3,254,True,Informed_Low,0.024320399587446112,135,0.8296296296296296,9.0,0.055308641975308645,1. **Explanation**: Threshold systems undergo sudden changes when a key measure (order parameter R) ...
2025-12-01T23:31:41.506158,Adaptive_Self_Calibration,4.0,3,255,True,Informed_Low,0.024320399587446112,127,0.8346456692913385,8.0,0.052576105152210305,1. **Explanation**: Threshold systems change dramatically when a key factor (order parameter R) reac...
2025-12-01T23:32:40.953642,Adaptive_Self_Calibration,4.0,3,256,True,Informed_Low,0.024320399587446112,108,0.8055555555555556,9.0,0.06712962962962964,1. **Explanation**: Threshold systems change suddenly when a key factor (order parameter R) hits a c...
2025-12-01T23:33:40.846947,Adaptive_Self_Calibration,4.0,3,257,True,Informed_Low,0.024320399587446112,116,0.7758620689655172,10.0,0.066884661117717,"1. **Explanation**: When a key variable (R) reaches a critical value (Θ), systems like ecosystems or..."
2025-12-01T23:34:41.668658,Adaptive_Self_Calibration,4.0,3,258,True,Informed_Low,0.024320399587446112,146,0.7397260273972602,9.0,0.04559954963407769,"1. **Explanation**: When a key variable (R) reaches a critical value (Θ), systems such as ecosystems..."
2025-12-01T23:35:37.392146,Adaptive_Self_Calibration,4.0,3,259,True,Informed_Low,0.024320399587446112,124,0.8467741935483871,10.0,0.06828824141519252,"1. **Explanation**: When a key factor (R) crosses a specific point (Θ), systems like ecosystems or e..."
2025-12-01T23:36:38.438521,Adaptive_Self_Calibration,4.0,3,260,True,Informed_Low,0.024320399587446112,97,0.865979381443299,10.0,0.08927622489106177,1. **Explanation**: Threshold systems change suddenly when a key factor (R) reaches a specific point...
2025-12-01T23:37:30.411783,Adaptive_Self_Calibration,4.0,3,261,True,Informed_Low,0.024320399587446112,108,0.8888888888888888,10.0,0.0823045267489712,1. **Explanation**: Threshold systems change abruptly when a key parameter (R) reaches a critical va...
2025-12-01T23:38:18.839685,Adaptive_Self_Calibration,4.0,3,262,True,Informed_Low,0.024320399587446112,81,0.9135802469135802,8.0,0.09023014784331657,1. **Explanation**: Threshold systems show sudden changes when a key factor (R) reaches a certain le...
2025-12-01T23:39:10.694852,Adaptive_Self_Calibration,4.0,3,263,True,Informed_Low,0.024320399587446112,98,0.8367346938775511,9.0,0.0768429820907955,1. **Explanation**: Threshold systems show sudden shifts when a key factor (R) reaches a certain lev...
2025-12-01T23:39:54.671320,Adaptive_Self_Calibration,4.0,3,264,True,Informed_Low,0.024320399587446112,79,0.8607594936708861,9.0,0.0980612081397212,1. **Explanation**: Threshold systems change suddenly when a key factor (R) reaches a certain level ...
2025-12-01T23:40:56.520246,Adaptive_Self_Calibration,4.0,3,265,True,Informed_Low,0.024320399587446112,129,0.8449612403100775,8.0,0.05240069707349317,1. **Explanation**: Threshold systems change dramatically when a key factor (order parameter R) reac...
2025-12-01T23:41:55.218960,Adaptive_Self_Calibration,4.0,3,266,True,Informed_Low,0.024320399587446112,135,0.837037037037037,10.0,0.062002743484224965,1. **Explanation**: Threshold systems change abruptly when a key factor (order parameter R) surpasse...
2025-12-01T23:43:02.170524,Adaptive_Self_Calibration,4.0,3,267,True,Informed_Low,0.024320399587446112,136,0.7867647058823529,9.0,0.052065311418685124,1. **Explanation**: Threshold systems change suddenly when a key factor (order parameter R) passes a...
2025-12-01T23:44:01.042739,Adaptive_Self_Calibration,4.0,3,268,True,Informed_Low,0.024320399587446112,134,0.7686567164179104,10.0,0.05736244152372466,1. **Explanation**: Threshold systems change abruptly when a key variable (order parameter R) reache...
2025-12-01T23:45:05.964268,Adaptive_Self_Calibration,4.0,3,269,True,Informed_Low,0.024320399587446112,158,0.8037974683544303,8.0,0.04069860599262939,1. **Explanation**: Threshold systems change abruptly when a key variable (order parameter R) hits a...
2025-12-01T23:46:03.232826,Adaptive_Self_Calibration,4.0,3,270,True,Informed_Low,0.024320399587446112,134,0.8208955223880597,10.0,0.06126085987970595,1. **Explanation**: Threshold systems have sudden changes when a key measure (order parameter R) sur...
2025-12-01T23:47:12.118702,Adaptive_Self_Calibration,4.0,3,271,True,Informed_Low,0.024320399587446112,169,0.7751479289940828,9.0,0.041280067224536955,1. **Explanation**: Threshold systems change suddenly when a key measure (order parameter R) reaches...
2025-12-01T23:48:14.465346,Adaptive_Self_Calibration,4.0,3,272,True,Informed_Low,0.024320399587446112,141,0.8439716312056738,8.0,0.047884915245711986,1. **Explanation**: Threshold systems experience sudden shifts when a key measure (order parameter R...
2025-12-01T23:49:18.182583,Adaptive_Self_Calibration,4.0,3,273,True,Informed_Low,0.024320399587446112,148,0.8108108108108109,10.0,0.05478451424397371,1. **Explanation**: Threshold systems change dramatically when a key measure (order parameter R) sur...
2025-12-01T23:50:22.612633,Adaptive_Self_Calibration,4.0,3,274,True,Informed_Low,0.024320399587446112,151,0.8079470198675497,9.0,0.048155782641112234,1. **Explanation**: Threshold systems change drastically when a key measure (order parameter R) reac...
2025-12-01T23:51:36.730138,Adaptive_Self_Calibration,4.0,3,275,True,Informed_Low,0.024320399587446112,190,0.7421052631578947,8.0,0.031246537396121883,1. **Explanation**: Threshold systems react dramatically when a key measure (order parameter R) hits...
2025-12-01T23:52:39.695691,Adaptive_Self_Calibration,4.0,3,276,True,Informed_Low,0.024320399587446112,122,0.8032786885245902,10.0,0.06584251545283526,1. **Explanation**: Threshold systems change dramatically when a key measure (order parameter R) rea...
2025-12-01T23:53:35.517439,Adaptive_Self_Calibration,4.0,3,277,True,Informed_Low,0.024320399587446112,102,0.8235294117647058,9.0,0.07266435986159168,1. **Explanation**: Threshold systems show big changes when a key measure (order parameter R) reache...
2025-12-01T23:54:33.547838,Adaptive_Self_Calibration,4.0,3,278,True,Informed_Low,0.024320399587446112,59,0.8983050847457628,10.0,0.15225509910945131,1. **Explanation**: Threshold systems change dramatically when a key measure (order parameter R) sur...
2025-12-01T23:55:40.694041,Adaptive_Self_Calibration,4.0,3,279,True,Informed_Low,0.024320399587446112,168,0.7916666666666666,9.0,0.04241071428571429,1. **Simple Explanation**: Threshold systems change abruptly when a key variable (order parameter R)...
2025-12-01T23:56:43.202041,Adaptive_Self_Calibration,4.0,3,280,True,Informed_Low,0.024320399587446112,144,0.8402777777777778,9.0,0.05251736111111111,1. **Simple Explanation**: Threshold systems change suddenly when a key variable (order parameter R)...
2025-12-01T23:57:48.952557,Adaptive_Self_Calibration,4.0,3,281,True,Informed_Low,0.024320399587446112,139,0.7697841726618705,9.0,0.04984214067594845,1. Simple Explanation: Threshold systems change abruptly when a key variable (order parameter R) rea...
2025-12-01T23:58:49.663340,Adaptive_Self_Calibration,4.0,3,282,True,Informed_Low,0.024320399587446112,146,0.7945205479452054,9.0,0.04897729405141677,1. Simple Explanation: Threshold systems change abruptly when a key variable (order parameter R) rea...
2025-12-01T23:59:53.990372,Adaptive_Self_Calibration,4.0,3,283,True,Informed_Low,0.024320399587446112,161,0.8012422360248447,9.0,0.044789938659773924,1. **Simple Explanation:** Threshold systems change suddenly when a key measure (order parameter R) ...
2025-12-02T00:01:08.355892,Adaptive_Self_Calibration,4.0,3,284,True,Informed_Low,0.024320399587446112,183,0.7650273224043715,9.0,0.03762429454447729,1. **Simple Explanation:** Threshold systems change abruptly when a key measure (order parameter R) ...
2025-12-02T00:02:18.391633,Adaptive_Self_Calibration,4.0,3,285,True,Informed_Low,0.024320399587446112,137,0.8029197080291971,10.0,0.05860727795833555,1. **Simple Explanation:** Threshold systems change suddenly when a key measurement (order parameter...
2025-12-02T00:03:22.190107,Adaptive_Self_Calibration,4.0,3,286,True,Informed_Low,0.024320399587446112,142,0.8169014084507042,9.0,0.05177544138067844,1. **Simple Explanation:** Threshold systems change suddenly when a key measurement (order parameter...
2025-12-02T00:04:32.120387,Adaptive_Self_Calibration,4.0,3,287,True,Informed_Low,0.024320399587446112,173,0.7745664739884393,5.0,0.02238631427712252,1. **Simple Explanation:** Threshold systems change abruptly when a key measurement (order parameter...
2025-12-02T00:05:53.904526,Adaptive_Self_Calibration,4.0,3,288,True,Informed_Low,0.024320399587446112,212,0.7264150943396226,9.0,0.03083837664649341,1. **Simple Explanation:** Threshold systems change suddenly when a key measure (order parameter R) ...
2025-12-02T00:06:54.329140,Adaptive_Self_Calibration,4.0,3,289,True,Informed_Low,0.024320399587446112,139,0.8057553956834532,9.0,0.05217121267015165,1. **Simple Explanation:** Threshold systems have a sudden change when a key measure (order paramete...
2025-12-02T00:07:55.523660,Adaptive_Self_Calibration,4.0,3,290,True,Informed_Low,0.024320399587446112,65,0.9076923076923077,9.0,0.12568047337278104,1. **Simple Explanation:** Threshold systems change suddenly when a key measure (order parameter R) ...
2025-12-02T00:08:57.193185,Adaptive_Self_Calibration,4.0,3,291,True,Informed_Low,0.024320399587446112,145,0.8137931034482758,10.0,0.05612366230677764,1. **Simple Explanation:** Threshold systems react significantly when a key measure (order parameter...
2025-12-02T00:10:17.732431,Adaptive_Self_Calibration,4.0,3,292,True,Informed_Low,0.024320399587446112,160,0.75,9.0,0.0421875,1. **Simple Explanation:** Threshold systems behave differently based on the value of a key measure ...
2025-12-02T00:11:22.225551,Adaptive_Self_Calibration,4.0,3,293,True,Informed_Low,0.024320399587446112,150,0.7866666666666666,9.0,0.0472,1. **Simple Explanation:** Threshold systems change behavior abruptly when a key measure (order para...
2025-12-02T00:12:38.118606,Adaptive_Self_Calibration,4.0,3,294,True,Informed_Low,0.024320399587446112,190,0.7052631578947368,5.0,0.0185595567867036,"1. **Explanation:** When a key measure (order parameter R) reaches a specific point (threshold Θ), s..."
2025-12-02T00:13:51.041226,Adaptive_Self_Calibration,4.0,3,295,True,Informed_Low,0.024320399587446112,181,0.7237569060773481,10.0,0.03998656939653857,"1. **Explanation:** When a key measure (order parameter R) surpasses a certain point (threshold Θ), ..."
2025-12-02T00:14:56.416023,Adaptive_Self_Calibration,4.0,3,296,True,Informed_Low,0.024320399587446112,157,0.7898089171974523,9.0,0.045275670412592804,"1. **Explanation:** When a key measure (order parameter R) reaches a certain level (threshold Θ), sy..."
2025-12-02T00:16:20.706418,Adaptive_Self_Calibration,4.0,3,297,True,Informed_Low,0.024320399587446112,211,0.7440758293838863,9.0,0.031737831585094675,"1. **Explanation:** When a key measure (order parameter R) hits a certain level (threshold Θ), syste..."
2025-12-02T00:17:27.736327,Adaptive_Self_Calibration,4.0,3,298,True,Informed_Low,0.024320399587446112,163,0.7668711656441718,9.0,0.04234257969814446,"1. **Explanation:** When a key measure (order parameter R) reaches a specific level (threshold Θ), s..."
2025-12-02T00:18:27.720313,Adaptive_Self_Calibration,4.0,3,299,True,Informed_Low,0.024320399587446112,142,0.823943661971831,9.0,0.05222178139258084,"1. **Explanation:** When a key variable (order parameter R) reaches a certain level (threshold Θ), s..."
2025-12-02T00:19:28.758642,Adaptive_Self_Calibration,4.0,3,300,True,Informed_Low,0.024320399587446112,140,0.8357142857142857,9.0,0.053724489795918366,1. **Explanation:** Threshold systems change behavior suddenly when a key variable (order parameter ...
2025-12-02T00:20:27.790038,Adaptive_Self_Calibration,4.0,3,301,True,Informed_Low,0.024320399587446112,136,0.8161764705882353,9.0,0.05401167820069204,1. **Explanation:** Threshold systems show sudden changes when a key variable (order parameter R) re...
2025-12-02T00:21:18.706843,Adaptive_Self_Calibration,4.0,3,302,True,Informed_Low,0.024320399587446112,90,0.8777777777777778,10.0,0.09753086419753088,1. **Explanation:** Threshold systems experience sudden shifts when a key variable (order parameter ...
2025-12-02T00:22:16.057048,Adaptive_Self_Calibration,4.0,3,303,True,Informed_Low,0.024320399587446112,131,0.8396946564885496,8.0,0.05127906299166715,1. **Explanation:** Threshold systems change suddenly when a key factor (R) reaches a critical level...
2025-12-02T00:23:03.477121,Adaptive_Self_Calibration,4.0,3,304,True,Informed_Low,0.024320399587446112,97,0.865979381443299,9.0,0.08034860240195559,1. **Explanation:** Threshold systems change abruptly when a key factor (R) hits a critical point (Θ...
2025-12-02T00:23:52.100045,Adaptive_Self_Calibration,4.0,3,305,True,Informed_Low,0.024320399587446112,79,0.8860759493670886,10.0,0.11216151257811248,1. **Explanation:** Threshold systems change abruptly when a specific factor (R) reaches a critical ...
2025-12-02T00:24:39.259822,Adaptive_Self_Calibration,4.0,3,306,True,Informed_Low,0.024320399587446112,91,0.8791208791208791,8.0,0.07728535201062674,1. **Explanation:** Threshold systems change abruptly when a key factor (R) hits a critical point (Θ...
2025-12-02T00:25:29.461005,Adaptive_Self_Calibration,4.0,3,307,True,Informed_Low,0.024320399587446112,102,0.8823529411764706,8.0,0.06920415224913494,1. **Explanation:** Threshold systems change abruptly when a key factor (R) reaches a critical point...
2025-12-02T00:26:29.387404,Adaptive_Self_Calibration,4.0,3,308,True,Informed_Low,0.024320399587446112,147,0.7755102040816326,9.0,0.04748021657642648,1. **Explanation:** Threshold systems change dramatically when a key factor (R) surpasses a critical...
2025-12-02T00:27:28.597717,Adaptive_Self_Calibration,4.0,3,309,True,Informed_Low,0.024320399587446112,133,0.8045112781954887,9.0,0.05444061281022104,1. **Explanation:** Threshold systems undergo sudden changes when a key factor (R) reaches a critica...
2025-12-02T00:28:29.891494,Adaptive_Self_Calibration,4.0,3,310,True,Informed_Low,0.024320399587446112,143,0.8181818181818182,8.0,0.04577240940877305,1. **Explanation:** Threshold systems change abruptly when a key factor (R) hits a critical point (Θ...
2025-12-02T00:29:18.789897,Adaptive_Self_Calibration,4.0,3,311,True,Informed_Low,0.024320399587446112,95,0.8631578947368421,9.0,0.08177285318559557,1. **Explanation:** Threshold systems change abruptly when a key factor (R) reaches a critical point...
2025-12-02T00:30:16.428125,Adaptive_Self_Calibration,4.0,3,312,True,Informed_Low,0.024320399587446112,122,0.8114754098360656,9.0,0.05986294006987369,1. **Explanation:** Threshold systems abruptly change when a specific factor (R) reaches a critical ...
2025-12-02T00:31:16.362666,Adaptive_Self_Calibration,4.0,3,313,True,Informed_Low,0.024320399587446112,115,0.8260869565217391,9.0,0.06465028355387524,1. **Explain:** Threshold systems change abruptly when a key factor (R) hits a critical point (Θ). T...
2025-12-02T00:32:04.814612,Adaptive_Self_Calibration,4.0,3,314,True,Informed_Low,0.024320399587446112,86,0.813953488372093,9.0,0.08518117901568414,1. **Explain:** Threshold systems have sudden changes when a key factor crosses a critical point. Th...
2025-12-02T00:33:10.368983,Adaptive_Self_Calibration,4.0,3,315,True,Informed_Low,0.024320399587446112,145,0.7724137931034483,8.0,0.04261593341260404,"### Explanation
Threshold systems show significant changes when a key factor (order parameter R) rea..."
2025-12-02T00:34:15.019912,Adaptive_Self_Calibration,4.0,3,316,True,Informed_Low,0.024320399587446112,152,0.7894736842105263,8.0,0.04155124653739612,"### Explanation
Threshold systems change dramatically when a key factor (order parameter R) hits a s..."
2025-12-02T00:35:15.105536,Adaptive_Self_Calibration,4.0,3,317,True,Informed_Low,0.024320399587446112,140,0.8142857142857143,9.0,0.0523469387755102,"### Explanation
Threshold systems undergo sudden changes when a key variable (R) reaches a critical ..."
2025-12-02T00:36:29.754135,Adaptive_Self_Calibration,4.0,3,318,True,Informed_Low,0.024320399587446112,179,0.770949720670391,8.0,0.03445585343778284,"### Explanation
Threshold systems change abruptly when a key variable (R) reaches a certain threshol..."
2025-12-02T00:37:28.304985,Adaptive_Self_Calibration,4.0,3,319,True,Informed_Low,0.024320399587446112,138,0.8043478260869565,8.0,0.04662885948330183,"### Explanation
Threshold systems experience sudden changes when a critical variable (R) surpasses a..."
2025-12-02T00:38:48.089523,Adaptive_Self_Calibration,4.0,3,320,True,Informed_Low,0.024320399587446112,203,0.7339901477832512,9.0,0.03254143512339537,"### Analysis
Threshold systems show sudden changes when a key variable R surpasses a threshold Θ. Th..."
2025-12-02T00:40:18.760778,Adaptive_Self_Calibration,4.0,3,321,True,Informed_Low,0.024320399587446112,230,0.7043478260869566,9.0,0.027561436672967864,"### Analysis

Threshold systems show sudden shifts when a key parameter \( R \) exceeds a threshold ..."
2025-12-02T00:41:32.819162,Adaptive_Self_Calibration,4.0,3,322,True,Informed_Low,0.024320399587446112,178,0.7415730337078652,10.0,0.041661406388082314,"### Analysis

Threshold systems show critical transitions when a key parameter \( R \) surpasses a t..."
2025-12-02T00:42:55.945184,Adaptive_Self_Calibration,4.0,3,323,True,Informed_Low,0.024320399587446112,212,0.7028301886792453,10.0,0.033152367390530436,"### Analysis

Threshold systems display significant changes when a key measure \( R \) exceeds a cri..."
2025-12-02T00:44:09.939908,Adaptive_Self_Calibration,4.0,3,324,True,Informed_Low,0.024320399587446112,179,0.7318435754189944,10.0,0.04088511594519521,"### Analysis

Threshold systems show dramatic changes when a key measure \( R \) surpasses a critica..."
2025-12-02T00:45:16.710889,Adaptive_Self_Calibration,4.0,3,325,True,Informed_Low,0.024320399587446112,161,0.7515527950310559,9.0,0.0420122680452143,"### Analysis

Threshold systems undergo significant changes when a key parameter \( R \) exceeds a c..."
2025-12-02T00:46:29.033779,Adaptive_Self_Calibration,4.0,3,326,True,Informed_Low,0.024320399587446112,182,0.7252747252747253,9.0,0.03586523366743147,"### Analysis

Threshold systems show significant changes when the order parameter \( R \) surpasses ..."
2025-12-02T00:47:40.380564,Adaptive_Self_Calibration,4.0,3,327,True,Informed_Low,0.024320399587446112,174,0.6954022988505747,10.0,0.03996564935922843,"### Analysis

Threshold systems show critical transitions when the order parameter \( R \) crosses a..."
2025-12-02T00:49:13.412228,Adaptive_Self_Calibration,4.0,3,328,True,Informed_Low,0.024320399587446112,253,0.6324110671936759,9.0,0.022496836382383728,"### Analysis

Threshold systems show critical transitions when a measure \( R \) surpasses a thresho..."
2025-12-02T00:50:26.321087,Adaptive_Self_Calibration,4.0,3,329,True,Informed_Low,0.024320399587446112,183,0.73224043715847,9.0,0.03601182477828541,"### Analysis

Threshold systems display sudden changes when a key parameter \( R \) surpasses \( Θ \..."
2025-12-02T00:51:35.443192,Adaptive_Self_Calibration,4.0,3,330,True,Informed_Low,0.024320399587446112,174,0.6896551724137931,8.0,0.03170828378913992,"### Explanation
Threshold systems show dramatic changes when a key parameter \( R \) reaches or surp..."
2025-12-02T00:52:30.229998,Adaptive_Self_Calibration,4.0,3,331,True,Informed_Low,0.024320399587446112,121,0.7603305785123967,9.0,0.056553514104227855,"### Explanation
Threshold systems change abruptly when a key parameter \( R \) crosses a critical th..."
2025-12-02T00:53:21.157431,Adaptive_Self_Calibration,4.0,3,332,True,Informed_Low,0.024320399587446112,114,0.7807017543859649,8.0,0.054786088027085254,"### Explanation
Threshold systems shift abruptly when a key parameter \( R \) hits a critical point ..."
2025-12-02T00:54:20.848973,Adaptive_Self_Calibration,4.0,3,333,True,Informed_Low,0.024320399587446112,73,0.8356164383561644,10.0,0.1144680052542691,"### Explanation
Threshold systems change abruptly when a key parameter \( R \) reaches a critical va..."
2025-12-02T00:55:19.065219,Adaptive_Self_Calibration,4.0,3,334,True,Informed_Low,0.024320399587446112,134,0.7985074626865671,9.0,0.05363109824014257,"### Explanation
Threshold systems change abruptly when a key parameter \( R \) surpasses a critical ..."
2025-12-02T00:56:15.059653,Adaptive_Self_Calibration,4.0,3,335,True,Informed_Low,0.024320399587446112,129,0.7441860465116279,9.0,0.05191995673336938,"### Explanation
Threshold systems experience sudden changes when a parameter \( R \) surpasses a cri..."
2025-12-02T00:57:27.549542,Adaptive_Self_Calibration,4.0,3,336,True,Informed_Low,0.024320399587446112,175,0.7371428571428571,8.0,0.033697959183673465,"### Explanation
Threshold systems undergo abrupt changes when a key variable \( R \) reaches a criti..."
2025-12-02T00:58:33.765906,Adaptive_Self_Calibration,4.0,3,337,True,Informed_Low,0.024320399587446112,157,0.7515923566878981,8.0,0.03829769970384194,"### Explanation
Threshold systems show sudden changes when a key variable \( R \) surpasses a critic..."
2025-12-02T00:59:39.230580,Adaptive_Self_Calibration,4.0,3,338,True,Informed_Low,0.024320399587446112,156,0.7051282051282052,8.0,0.03616042077580539,"### Explanation
Threshold systems experience sudden changes when a key variable \( R \) surpasses a ..."
2025-12-02T01:00:46.085880,Adaptive_Self_Calibration,4.0,3,339,True,Informed_Low,0.024320399587446112,161,0.7080745341614907,9.0,0.039581806257474636,"### Explanation
Threshold systems show sudden changes when a key variable \( R \) reaches a critical..."
2025-12-02T01:01:55.697512,Adaptive_Self_Calibration,4.0,3,340,True,Informed_Low,0.024320399587446112,169,0.7159763313609467,9.0,0.03812891705472497,"### Explanation
Threshold systems experience sudden changes when a key variable \( R \) surpasses a ..."
2025-12-02T01:03:09.588272,Adaptive_Self_Calibration,4.0,3,341,True,Informed_Low,0.024320399587446112,181,0.7016574585635359,9.0,0.034889044900949295,"### Explanation
Threshold systems show sudden changes when a key variable \( R \) reaches a critical..."
2025-12-02T01:04:34.531994,Adaptive_Self_Calibration,4.0,3,342,True,Informed_Low,0.024320399587446112,229,0.6986899563318777,9.0,0.027459430598196066,1. **Simple Explanation**: Threshold systems have a tipping point where small changes can lead to la...
2025-12-02T01:05:43.145358,Adaptive_Self_Calibration,4.0,3,343,True,Informed_Low,0.024320399587446112,140,0.8142857142857143,9.0,0.0523469387755102,"1. **Simple Explanation**: In threshold systems, there's a point (Θ) where a factor (R) reaches a ce..."
2025-12-02T01:07:05.019942,Adaptive_Self_Calibration,4.0,3,344,True,Informed_Low,0.024320399587446112,207,0.7053140096618358,8.0,0.027258512450698966,"1. **Simple Explanation**: In threshold systems, a key factor (R) reaches a certain level (Θ), causi..."
2025-12-02T01:08:00.454620,Adaptive_Self_Calibration,4.0,3,345,True,Informed_Low,0.024320399587446112,124,0.8548387096774194,9.0,0.06204474505723205,1. **Explanation**: Threshold systems change behavior abruptly when a key measure (R) surpasses a cr...
2025-12-02T01:08:58.458164,Adaptive_Self_Calibration,4.0,3,346,True,Informed_Low,0.024320399587446112,122,0.8688524590163934,8.0,0.0569739317387799,1. **Explanation**: Threshold systems undergo sudden changes when a key measure (R) reaches a critic...
2025-12-02T01:09:56.106710,Adaptive_Self_Calibration,4.0,3,347,True,Informed_Low,0.024320399587446112,127,0.8188976377952756,8.0,0.05158410316820634,1. **Explanation**: Threshold systems change suddenly when a key measure (R) hits a critical point (...
2025-12-02T01:10:50.525829,Adaptive_Self_Calibration,4.0,3,348,True,Informed_Low,0.024320399587446112,100,0.72,10.0,0.072,1. **Explanation**: Threshold systems change abruptly when a key measure \( R \) reaches a critical ...
2025-12-02T01:11:48.818784,Adaptive_Self_Calibration,4.0,3,349,True,Informed_Low,0.024320399587446112,135,0.7555555555555555,9.0,0.05037037037037037,1. **Explanation**: Threshold systems change dramatically when a key measure \( R \) surpasses a cri...
2025-12-02T01:12:48.558818,Adaptive_Self_Calibration,4.0,3,350,True,Informed_Low,0.024320399587446112,106,0.7547169811320755,9.0,0.06407974368102527,1. **Explanation**: Threshold systems show sudden changes when a key measure \( R \) reaches a criti...
2025-12-02T01:13:53.418738,Adaptive_Self_Calibration,4.0,3,351,True,Informed_Low,0.024320399587446112,151,0.7350993377483444,9.0,0.04381386781281523,1. **Explanation**: Threshold systems change abruptly when a key measure \( R \) surpasses a critica...
2025-12-02T01:14:54.864371,Adaptive_Self_Calibration,4.0,3,352,True,Informed_Low,0.024320399587446112,96,0.7916666666666666,9.0,0.07421875,1. **Explanation**: Threshold systems experience sudden changes when a key measure \( R \) reaches o...
2025-12-02T01:15:56.838712,Adaptive_Self_Calibration,4.0,3,353,True,Informed_Low,0.024320399587446112,147,0.7414965986394558,9.0,0.04539775093710954,1. **Explanation**: Threshold systems change suddenly when a key measure \( R \) hits a critical poi...
2025-12-02T01:16:58.868895,Adaptive_Self_Calibration,4.0,3,354,True,Informed_Low,0.024320399587446112,147,0.7346938775510204,8.0,0.03998334027488547,1. **Explanation**: Threshold systems shift abruptly when a key measure \( R \) reaches a critical v...
2025-12-02T01:17:52.307750,Adaptive_Self_Calibration,4.0,3,355,True,Informed_Low,0.024320399587446112,112,0.8125,8.0,0.05803571428571429,1. **Explanation**: Threshold systems change suddenly when a key measure \( R \) reaches a critical ...
2025-12-02T01:18:59.212397,Adaptive_Self_Calibration,4.0,3,356,True,Informed_Low,0.024320399587446112,126,0.6904761904761905,9.0,0.04931972789115646,1. **Explanation**: Threshold systems change drastically when a key measure \( R \) surpasses a crit...
2025-12-02T01:20:08.308206,Adaptive_Self_Calibration,4.0,3,357,True,Informed_Low,0.024320399587446112,178,0.7528089887640449,9.0,0.03806337583638429,1. **Explanation**: When a threshold system's order parameter \( R \) reaches a critical value \( Θ ...
2025-12-02T01:21:21.130916,Adaptive_Self_Calibration,4.0,3,358,True,Informed_Low,0.024320399587446112,181,0.7237569060773481,5.0,0.019993284698269286,1. **Simple Explanation**: Threshold systems change behavior suddenly when a key factor (order param...
2025-12-02T01:22:37.620275,Adaptive_Self_Calibration,4.0,3,359,True,Informed_Low,0.024320399587446112,160,0.71875,9.0,0.0404296875,1. **Simple Explanation**: Threshold systems change behavior abruptly when a key factor (order param...
2025-12-02T01:23:48.537499,Adaptive_Self_Calibration,4.0,3,360,True,Informed_Low,0.024320399587446112,176,0.7215909090909091,5.0,0.02049974173553719,1. **Simple Explanation**: Threshold systems change behavior abruptly when a key factor (order param...
2025-12-02T01:25:09.061489,Adaptive_Self_Calibration,4.0,3,361,True,Informed_Low,0.024320399587446112,215,0.7255813953488373,9.0,0.030373174689021093,1. **Simple Explanation:** Threshold systems change behavior dramatically when a key measure (order ...
2025-12-02T01:26:18.194305,Adaptive_Self_Calibration,4.0,3,362,True,Informed_Low,0.024320399587446112,168,0.7559523809523809,9.0,0.04049744897959184,1. **Simple Explanation:** Threshold systems behave differently when a key measure (order parameter ...
2025-12-02T01:27:36.001614,Adaptive_Self_Calibration,4.0,3,363,True,Informed_Low,0.024320399587446112,200,0.725,9.0,0.032624999999999994,1. **Explanation:** Threshold systems show sudden changes when a key measure (order parameter \( R \...
2025-12-02T01:28:47.153379,Adaptive_Self_Calibration,4.0,3,364,True,Informed_Low,0.024320399587446112,178,0.7865168539325843,9.0,0.03976770609771493,1. **Explanation:** Threshold systems change suddenly when a key measure (order parameter R) reaches...
2025-12-02T01:29:42.607665,Adaptive_Self_Calibration,4.0,3,365,True,Informed_Low,0.024320399587446112,116,0.7931034482758621,5.0,0.03418549346016647,1. **Explanation:** Threshold systems change abruptly when a key measure (order parameter R) hits a ...
2025-12-02T01:30:53.565407,Adaptive_Self_Calibration,4.0,3,366,True,Informed_Low,0.024320399587446112,167,0.7425149700598802,9.0,0.040015776829574384,1. **Explanation:** Threshold systems have moments when a change happens suddenly when a key measure...
2025-12-02T01:31:56.171230,Adaptive_Self_Calibration,4.0,3,367,True,Informed_Low,0.024320399587446112,152,0.8157894736842105,9.0,0.04830332409972299,1. **Explanation:** Threshold systems are like a tipping point where something changes suddenly when...
2025-12-02T01:32:54.185636,Adaptive_Self_Calibration,4.0,3,368,True,Informed_Low,0.024320399587446112,132,0.8106060606060606,9.0,0.05526859504132231,1. **Explanation:** Threshold systems show sudden changes when a key measure (order parameter R) rea...
2025-12-02T01:33:57.026318,Adaptive_Self_Calibration,4.0,3,369,True,Informed_Low,0.024320399587446112,125,0.832,9.0,0.059904,1. **Explanation:** Threshold systems change suddenly when a key measure (order parameter R) hits a ...
2025-12-02T01:35:15.258578,Adaptive_Self_Calibration,4.0,3,370,True,Informed_Low,0.024320399587446112,192,0.8020833333333334,9.0,0.03759765625,1. **Explanation:** Threshold systems change abruptly when a key measure (order parameter R) reaches...
2025-12-02T01:36:25.903540,Adaptive_Self_Calibration,4.0,3,371,True,Informed_Low,0.024320399587446112,145,0.8,9.0,0.0496551724137931,"1. **Explanation:** When a key measure (order parameter R) reaches a specific value (threshold Θ), s..."
2025-12-02T01:37:20.070734,Adaptive_Self_Calibration,4.0,3,372,True,Informed_Low,0.024320399587446112,94,0.8297872340425532,10.0,0.08827523766410139,"1. **Explanation:** When a key measure (order parameter R) hits a specific point (threshold Θ), syst..."
2025-12-02T01:38:24.797068,Adaptive_Self_Calibration,4.0,3,373,True,Informed_Low,0.024320399587446112,156,0.7948717948717948,9.0,0.04585798816568047,1. **Explanation:** Threshold systems change behavior dramatically when a key measure (order paramet...
2025-12-02T01:39:28.590720,Adaptive_Self_Calibration,4.0,3,374,True,Informed_Low,0.024320399587446112,154,0.8116883116883117,10.0,0.05270703322651374,"1. **Explanation:** When a key measure (order parameter R) reaches a specific point (threshold Θ), t..."
2025-12-02T01:40:31.406876,Adaptive_Self_Calibration,4.0,3,375,True,Informed_Low,0.024320399587446112,150,0.7866666666666666,10.0,0.05244444444444444,1. **Explanation:** Threshold systems change behavior dramatically when a key measure (order paramet...
2025-12-02T01:41:35.804613,Adaptive_Self_Calibration,4.0,3,376,True,Informed_Low,0.024320399587446112,128,0.78125,9.0,0.054931640625,1. **Explanation:** Threshold systems change dramatically when a key measure (order parameter R) hit...
2025-12-02T01:42:37.464856,Adaptive_Self_Calibration,4.0,3,377,True,Informed_Low,0.024320399587446112,142,0.7816901408450704,9.0,0.04954374132116643,1. **Explanation:** Threshold systems change abruptly when a key measure (order parameter R) reaches...
2025-12-02T01:43:32.046477,Adaptive_Self_Calibration,4.0,3,378,True,Informed_Low,0.024320399587446112,121,0.859504132231405,10.0,0.07103339935796735,1. **Explanation:** Threshold systems change suddenly when a key measure (order parameter R) hits a ...
2025-12-02T01:44:43.634733,Adaptive_Self_Calibration,4.0,3,379,True,Informed_Low,0.024320399587446112,167,0.7485029940119761,9.0,0.040338484707232246,1. **Explanation:** Threshold systems change suddenly when a key measure (order parameter R) crosses...
2025-12-02T01:45:54.800626,Adaptive_Self_Calibration,4.0,3,380,True,Informed_Low,0.024320399587446112,177,0.8135593220338984,10.0,0.04596380350474002,1. **Explanation:** Threshold systems change abruptly when a key measure (order parameter R) reaches...
2025-12-02T01:47:02.179408,Adaptive_Self_Calibration,4.0,3,381,True,Informed_Low,0.024320399587446112,165,0.7818181818181819,9.0,0.042644628099173555,1. **Explanation:** Threshold systems change abruptly when a key measure (order parameter R) surpass...
2025-12-02T01:47:59.275664,Adaptive_Self_Calibration,4.0,3,382,True,Informed_Low,0.024320399587446112,128,0.8515625,8.0,0.05322265625,1. **Explanation:** Threshold systems show sudden changes when a key measure (order parameter R) rea...
2025-12-02T01:48:56.308890,Adaptive_Self_Calibration,4.0,3,383,True,Informed_Low,0.024320399587446112,129,0.8527131782945736,9.0,0.05949161709031909,**Explanation:** Threshold systems show sudden changes when a key measure (order parameter R) surpas...
2025-12-02T01:49:55.350997,Adaptive_Self_Calibration,4.0,3,384,True,Informed_Low,0.024320399587446112,112,0.7678571428571429,10.0,0.06855867346938775,1. **Explanation**: Threshold systems show big changes when a key measure (R) reaches a specific poi...
2025-12-02T01:50:48.789491,Adaptive_Self_Calibration,4.0,3,385,True,Informed_Low,0.024320399587446112,109,0.8532110091743119,9.0,0.07044861543641108,1. **Explanation**: Threshold systems show big changes when a key measure (R) reaches a specific poi...
2025-12-02T01:51:23.588658,Adaptive_Self_Calibration,4.0,3,386,True,Informed_Low,0.024320399587446112,108,0.8518518518518519,10.0,0.07887517146776407,1. **Explanation**: Threshold systems show big changes when a key measure (R) hits a specific point ...
2025-12-02T01:52:14.314626,Adaptive_Self_Calibration,4.0,3,387,True,Informed_Low,0.024320399587446112,108,0.8611111111111112,9.0,0.07175925925925926,"1. **Explanation**: Threshold systems experience sudden shifts or ""critical transitions"" when a key ..."
2025-12-02T01:53:11.293017,Adaptive_Self_Calibration,4.0,3,388,True,Informed_Low,0.024320399587446112,131,0.7633587786259542,9.0,0.05244449624147777,1. **Explanation**: Threshold systems change dramatically when a key measure (R) reaches a certain p...
2025-12-02T01:54:16.137492,Adaptive_Self_Calibration,4.0,3,389,True,Informed_Low,0.024320399587446112,147,0.8163265306122449,8.0,0.04442593363876163,1. **Explanation**: Threshold systems change dramatically when a key measure (R) reaches a certain p...
2025-12-02T01:55:10.345321,Adaptive_Self_Calibration,4.0,3,390,True,Informed_Low,0.024320399587446112,105,0.8095238095238095,9.0,0.06938775510204082,1. **Explanation**: Threshold systems change dramatically when a key value (R) reaches a critical po...
2025-12-02T01:56:13.321193,Adaptive_Self_Calibration,4.0,3,391,True,Informed_Low,0.024320399587446112,142,0.7605633802816901,9.0,0.04820472128545923,1. **Explanation**: Threshold systems experience sudden changes when a key value (R) reaches a criti...
2025-12-02T01:57:14.379120,Adaptive_Self_Calibration,4.0,3,392,True,Informed_Low,0.024320399587446112,117,0.811965811965812,10.0,0.06939878734750529,1. **Explanation**: Threshold systems show sudden big changes when a key value (R) reaches a certain...
2025-12-02T01:58:19.047658,Adaptive_Self_Calibration,4.0,3,393,True,Informed_Low,0.024320399587446112,132,0.8106060606060606,8.0,0.049127640036730945,1. **Explanation**: Threshold systems show big changes when a key value (R) hits a certain point (Θ)...
2025-12-02T01:59:12.992546,Adaptive_Self_Calibration,4.0,3,394,True,Informed_Low,0.024320399587446112,113,0.8495575221238938,9.0,0.06766387344349596,1. **Explain**: Threshold systems show big changes when a key value (R) reaches a certain point (Θ)....
2025-12-02T02:00:09.210827,Adaptive_Self_Calibration,4.0,3,395,True,Informed_Low,0.024320399587446112,89,0.8314606741573034,9.0,0.08408029289231157,1. **Explanation**: Threshold systems change dramatically when a key value (R) hits a critical point...
2025-12-02T02:01:05.288771,Adaptive_Self_Calibration,4.0,3,396,True,Informed_Low,0.024320399587446112,109,0.8165137614678899,9.0,0.06741856746065146,1. **Explanation**: Threshold systems change dramatically when a key variable (R) reaches a critical...
2025-12-02T02:02:05.643626,Adaptive_Self_Calibration,4.0,3,397,True,Informed_Low,0.024320399587446112,135,0.8,8.0,0.04740740740740741,1. **Explanation**: Threshold systems change abruptly when a key variable (R) reaches a critical poi...
2025-12-02T02:02:58.004208,Adaptive_Self_Calibration,4.0,3,398,True,Informed_Low,0.024320399587446112,113,0.831858407079646,10.0,0.07361578823713681,1. **Explanation**: Threshold systems experience sudden changes when a key variable (R) reaches a cr...
2025-12-02T02:04:04.984974,Adaptive_Self_Calibration,4.0,3,399,True,Informed_Low,0.024320399587446112,155,0.7935483870967742,9.0,0.04607700312174818,"1. **Explanation**: In threshold systems, when a key variable (R) reaches a critical point (Θ), the ..."
2025-12-02T02:05:08.245262,Adaptive_Self_Calibration,4.0,3,400,True,Informed_Low,0.024320399587446112,125,0.776,10.0,0.062079999999999996,"1. **Explanation**: In threshold systems, a key variable (R) triggers a sudden change when it reache..."
2025-12-02T02:06:08.387259,Adaptive_Self_Calibration,4.0,3,401,True,Informed_Low,0.024320399587446112,139,0.8273381294964028,9.0,0.053568655866673566,"1. **Explanation**: In threshold systems, a key variable (R) reaches a certain point (Θ), causing a ..."
2025-12-02T02:07:07.341806,Adaptive_Self_Calibration,4.0,3,402,True,Informed_Low,0.024320399587446112,132,0.8257575757575758,9.0,0.05630165289256199,"1. **Explanation**: In threshold systems, a key variable R reaches a critical point Θ, leading to su..."
2025-12-02T02:07:58.819685,Adaptive_Self_Calibration,4.0,3,403,True,Informed_Low,0.024320399587446112,107,0.8504672897196262,9.0,0.07153463184557603,"1. **Explanation**: In threshold systems, a key value R passes through a critical point Θ, causing s..."
2025-12-02T02:08:57.261888,Adaptive_Self_Calibration,4.0,3,404,True,Informed_Low,0.024320399587446112,123,0.8130081300813008,8.0,0.05287857756626347,"1. **Explanation**: In threshold systems, a key value (R) reaches a critical point (Θ), triggering s..."
2025-12-02T02:09:59.086864,Adaptive_Self_Calibration,4.0,3,405,True,Informed_Low,0.024320399587446112,144,0.7847222222222222,9.0,0.04904513888888889,"1. **Explanation**: In threshold systems, a key value (R) must reach a certain point (Θ) to trigger ..."
2025-12-02T02:10:56.104950,Adaptive_Self_Calibration,4.0,3,406,True,Informed_Low,0.024320399587446112,97,0.8041237113402062,10.0,0.08289935168455734,"1. **Explanation**: In threshold systems, when a key measure (R) reaches a critical point (Θ), sudde..."
2025-12-02T02:11:54.374826,Adaptive_Self_Calibration,4.0,3,407,True,Informed_Low,0.024320399587446112,97,0.7731958762886598,8.0,0.0637687320650441,"1. **Explanation**: In threshold systems, when a key measure (R) reaches a critical point (Θ), sudde..."
2025-12-02T02:12:47.263412,Adaptive_Self_Calibration,4.0,3,408,True,Informed_Low,0.024320399587446112,102,0.7549019607843137,10.0,0.07400999615532487,"1. **Explanation**: In threshold systems, when a key measure \( R \) surpasses a critical point \( Θ..."
2025-12-02T02:14:04.987180,Adaptive_Self_Calibration,4.0,3,409,True,Informed_Low,0.024320399587446112,168,0.6428571428571429,9.0,0.034438775510204085,"1. **Explanation**: In threshold systems, when a key measure \( R \) reaches a critical point \( Θ \..."
2025-12-02T02:15:13.428452,Adaptive_Self_Calibration,4.0,3,410,True,Informed_Low,0.024320399587446112,172,0.7441860465116279,8.0,0.03461330448891293,1. **Explanation**: Threshold systems can abruptly change behavior when a key measure \( R \) surpas...
2025-12-02T02:16:16.848880,Adaptive_Self_Calibration,4.0,3,411,True,Informed_Low,0.024320399587446112,134,0.7611940298507462,9.0,0.0511249721541546,1. **Explanation**: Threshold systems change suddenly when a key measure \( R \) reaches a critical ...
2025-12-02T02:17:20.215141,Adaptive_Self_Calibration,4.0,3,412,True,Informed_Low,0.024320399587446112,147,0.7551020408163265,9.0,0.04623073719283631,1. **Explanation**: Threshold systems change dramatically when a key measure \( R \) surpasses a cri...
2025-12-02T02:18:16.458777,Adaptive_Self_Calibration,4.0,3,413,True,Informed_Low,0.024320399587446112,121,0.7355371900826446,10.0,0.06078819752749129,1. **Explanation**: Threshold systems change suddenly when a key measure \( R \) reaches a critical ...
2025-12-02T02:19:17.659801,Adaptive_Self_Calibration,4.0,3,414,True,Informed_Low,0.024320399587446112,105,0.6952380952380952,10.0,0.06621315192743764,1. **Explanation**: Threshold systems change abruptly when a key measure \( R \) reaches a critical ...
2025-12-02T02:20:25.996671,Adaptive_Self_Calibration,4.0,3,415,True,Informed_Low,0.024320399587446112,135,0.6888888888888889,9.0,0.045925925925925926,1. **Explanation**: Threshold systems change abruptly when a key measure \( R \) reaches a critical ...
2025-12-02T02:21:34.890449,Adaptive_Self_Calibration,4.0,3,416,True,Informed_Low,0.024320399587446112,138,0.6811594202898551,10.0,0.049359378281873555,1. **Explanation**: Threshold systems change abruptly when a key measure \( R \) hits a critical val...
2025-12-02T02:22:29.861935,Adaptive_Self_Calibration,4.0,3,417,True,Informed_Low,0.024320399587446112,90,0.8222222222222222,8.0,0.07308641975308641,1. **Explanation**: Threshold systems shift abruptly when a key measure \( R \) reaches a critical v...
2025-12-02T02:23:32.910083,Adaptive_Self_Calibration,4.0,3,418,True,Informed_Low,0.024320399587446112,147,0.7346938775510204,9.0,0.044981257809246146,1. **Explanation**: Threshold systems change abruptly when a key measure \( R \) reaches a critical ...
2025-12-02T02:24:28.139037,Adaptive_Self_Calibration,4.0,3,419,True,Informed_Low,0.024320399587446112,122,0.7622950819672131,8.0,0.0499865627519484,1. **Explanation**: Threshold systems show sudden changes when a key measure \( R \) reaches a criti...
2025-12-02T02:25:36.048834,Adaptive_Self_Calibration,4.0,3,420,True,Informed_Low,0.024320399587446112,167,0.7125748502994012,9.0,0.03840223744128509,1. **Explanation**: Threshold systems change abruptly when a key measure \( R \) reaches a critical ...
2025-12-02T02:26:39.426323,Adaptive_Self_Calibration,4.0,3,421,True,Informed_Low,0.024320399587446112,142,0.7605633802816901,9.0,0.04820472128545923,1. **Explanation**: Threshold systems change suddenly when a key measure \( R \) reaches a critical ...
2025-12-02T02:27:53.645334,Adaptive_Self_Calibration,4.0,3,422,True,Informed_Low,0.024320399587446112,179,0.7094972067039106,9.0,0.03567304391248712,1. **Explanation**: Threshold systems change suddenly when a key measure (order parameter \( R \)) r...
2025-12-02T02:29:07.967948,Adaptive_Self_Calibration,4.0,3,423,True,Informed_Low,0.024320399587446112,177,0.7175141242937854,9.0,0.036483769031887395,"1. **Explanation**: In threshold systems, a sudden change occurs when a key measure (order parameter..."
2025-12-02T02:30:10.471146,Adaptive_Self_Calibration,4.0,3,424,True,Informed_Low,0.024320399587446112,134,0.7910447761194029,10.0,0.05903319224771664,1. **Explanation**: Threshold systems change suddenly when a key measure (order parameter \( R \)) r...
2025-12-02T02:31:06.004085,Adaptive_Self_Calibration,4.0,3,425,True,Informed_Low,0.024320399587446112,117,0.8461538461538461,10.0,0.07232084155161078,1. **Explanation**: Threshold systems change abruptly when a key measure (order parameter \( R \)) h...
2025-12-02T02:32:03.003866,Adaptive_Self_Calibration,4.0,3,426,True,Informed_Low,0.024320399587446112,128,0.796875,9.0,0.0560302734375,1. **Explanation**: Threshold systems change suddenly when a key measure (order parameter \( R \)) r...
2025-12-02T02:33:03.999248,Adaptive_Self_Calibration,4.0,3,427,True,Informed_Low,0.024320399587446112,147,0.7210884353741497,9.0,0.04414827155351937,1. **Explanation**: Threshold systems change suddenly when a key measure (order parameter \( R \)) r...
2025-12-02T02:34:06.129116,Adaptive_Self_Calibration,4.0,3,428,True,Informed_Low,0.024320399587446112,159,0.7169811320754716,9.0,0.04058383766464934,1. **Explanation**: Threshold systems change abruptly when a key measure \( R \) surpasses a critica...
2025-12-02T02:35:04.864018,Adaptive_Self_Calibration,4.0,3,429,True,Informed_Low,0.024320399587446112,138,0.7536231884057971,9.0,0.04914933837429111,1. **Explanation**: Threshold systems show sudden changes when a key measure \( R \) exceeds a criti...
2025-12-02T02:36:01.989265,Adaptive_Self_Calibration,4.0,3,430,True,Informed_Low,0.024320399587446112,99,0.7272727272727273,9.0,0.06611570247933884,1. **Explanation**: Threshold systems show sudden changes when a key measure \( R \) reaches a criti...
2025-12-02T02:37:04.142249,Adaptive_Self_Calibration,4.0,3,431,True,Informed_Low,0.024320399587446112,149,0.7785234899328859,8.0,0.04179991892257105,1. **Explanation**: Threshold systems show sudden changes when a key measure \( R \) reaches a criti...
2025-12-02T02:38:11.213045,Adaptive_Self_Calibration,4.0,3,432,True,Informed_Low,0.024320399587446112,124,0.7580645161290323,9.0,0.05502081165452653,1. **Explanation**: Threshold systems change suddenly when a key measure \( R \) hits a critical poi...
2025-12-02T02:39:26.335543,Adaptive_Self_Calibration,4.0,3,433,True,Informed_Low,0.024320399587446112,86,0.7790697674418605,9.0,0.08153055705786913,1. **Explanation**: Threshold systems undergo sudden changes when a key measure \( R \) reaches a cr...
2025-12-02T02:40:26.605781,Adaptive_Self_Calibration,4.0,3,434,True,Informed_Low,0.024320399587446112,139,0.7482014388489209,8.0,0.04306195331504581,1. **Explanation**: Threshold systems change abruptly when a key measure \( R \) hits a critical poi...
2025-12-02T02:41:25.690715,Adaptive_Self_Calibration,4.0,3,435,True,Informed_Low,0.024320399587446112,127,0.7559055118110236,5.0,0.02976005952011904,1. **Explanation**: Threshold systems change dramatically when a key value \( R \) surpasses a criti...
2025-12-02T02:42:25.947571,Adaptive_Self_Calibration,4.0,3,436,True,Informed_Low,0.024320399587446112,142,0.7394366197183099,9.0,0.046865701249752034,1. **Explanation**: Threshold systems change dramatically when a key value \( R \) reaches or surpas...
2025-12-02T02:43:34.515461,Adaptive_Self_Calibration,4.0,3,437,True,Informed_Low,0.024320399587446112,157,0.7388535031847133,5.0,0.023530366343462207,1. **Explanation**: Threshold systems undergo sudden changes when a key value \( R \) surpasses a cr...
2025-12-02T02:44:24.176343,Adaptive_Self_Calibration,4.0,3,438,True,Informed_Low,0.024320399587446112,99,0.8484848484848485,10.0,0.08570554025099479,1. **Explanation**: Threshold systems change abruptly when a critical value is reached; the sharper ...
2025-12-02T02:45:15.119934,Adaptive_Self_Calibration,4.0,3,439,True,Informed_Low,0.024320399587446112,92,0.8478260869565217,9.0,0.08293950850661626,1. **Explanation**: Threshold systems change dramatically when a key factor reaches a certain level;...
2025-12-02T02:46:08.133276,Adaptive_Self_Calibration,4.0,3,440,True,Informed_Low,0.024320399587446112,116,0.8103448275862069,8.0,0.05588585017835909,1. **Explanation**: Threshold systems change abruptly when a key variable crosses a critical point. ...
2025-12-02T02:47:00.895151,Adaptive_Self_Calibration,4.0,3,441,True,Informed_Low,0.024320399587446112,89,0.8539325842696629,9.0,0.08635273324075243,1. **Explanation**: Threshold systems show sudden changes when a key variable (order parameter R) re...
2025-12-02T02:48:00.477385,Adaptive_Self_Calibration,4.0,3,442,True,Informed_Low,0.024320399587446112,135,0.837037037037037,9.0,0.05580246913580247,1. **Explanation**: Threshold systems change suddenly when a key variable (order parameter R) hits a...
2025-12-02T02:48:51.362960,Adaptive_Self_Calibration,4.0,3,443,True,Informed_Low,0.024320399587446112,102,0.8921568627450981,9.0,0.078719723183391,1. **Explanation**: Threshold systems change abruptly when a key measure (R) hits a critical point (...
2025-12-02T02:49:38.388935,Adaptive_Self_Calibration,4.0,3,444,True,Informed_Low,0.024320399587446112,94,0.8723404255319149,9.0,0.08352195563603441,1. **Explanation**: Threshold systems change abruptly when a key variable (R) reaches a critical val...
2025-12-02T02:50:41.287818,Adaptive_Self_Calibration,4.0,3,445,True,Informed_Low,0.024320399587446112,144,0.7986111111111112,9.0,0.04991319444444445,1. **Explanation**: Threshold systems experience sudden changes when a key variable (R) reaches a cr...
2025-12-02T02:51:43.281342,Adaptive_Self_Calibration,4.0,3,446,True,Informed_Low,0.024320399587446112,63,0.8888888888888888,8.0,0.1128747795414462,1. **Explanation**: Threshold systems change abruptly when a key variable (R) reaches a critical val...
2025-12-02T02:52:30.535523,Adaptive_Self_Calibration,4.0,3,447,True,Informed_Low,0.024320399587446112,92,0.8913043478260869,9.0,0.08719281663516067,1. **Explanation**: Threshold systems show sudden changes when a key variable (R) reaches a critical...
2025-12-02T02:53:19.276648,Adaptive_Self_Calibration,4.0,3,448,True,Informed_Low,0.024320399587446112,82,0.8780487804878049,9.0,0.09637120761451518,1. **Explanation**: Threshold systems show sudden changes when a key variable (R) hits a critical po...
2025-12-02T02:54:13.341335,Adaptive_Self_Calibration,4.0,3,449,True,Informed_Low,0.024320399587446112,93,0.8817204301075269,10.0,0.0948086483986588,1. **Explanation**: Threshold systems change suddenly when a key variable (R) reaches a critical poi...
2025-12-02T02:55:04.560248,Adaptive_Self_Calibration,4.0,3,450,True,Informed_Low,0.024320399587446112,109,0.8715596330275229,5.0,0.039979799680161604,1. **Explanation**: Threshold systems abruptly change when a key variable (R) reaches a critical poi...
2025-12-02T02:56:02.761870,Adaptive_Self_Calibration,4.0,3,451,True,Informed_Low,0.024320399587446112,133,0.8045112781954887,8.0,0.04839165583130759,1. **Explanation**: Threshold systems show sudden changes when a key variable (R) reaches a critical...
2025-12-02T02:56:59.945204,Adaptive_Self_Calibration,4.0,3,452,True,Informed_Low,0.024320399587446112,85,0.8470588235294118,9.0,0.08968858131487889,1. **Explanation**: Threshold systems change suddenly when a key variable (R) hits a critical point ...
2025-12-02T02:57:55.576425,Adaptive_Self_Calibration,4.0,3,453,True,Informed_Low,0.024320399587446112,122,0.8442622950819673,8.0,0.05536146197258802,1. **Explanation**: Threshold systems change abruptly when a key variable (R) reaches a critical poi...
2025-12-02T02:58:46.862072,Adaptive_Self_Calibration,4.0,3,454,True,Informed_Low,0.024320399587446112,106,0.8490566037735849,8.0,0.06407974368102527,1. **Explanation**: Threshold systems change dramatically when a key measure (R) hits a critical poi...
2025-12-02T02:59:39.370011,Adaptive_Self_Calibration,4.0,3,455,True,Informed_Low,0.024320399587446112,106,0.8867924528301887,9.0,0.0752936988252047,1. **Explanation**: Threshold systems change abruptly when a key measure (R) reaches a critical poin...
2025-12-02T03:00:32.871892,Adaptive_Self_Calibration,4.0,3,456,True,Informed_Low,0.024320399587446112,58,0.8448275862068966,10.0,0.1456599286563615,1. **Explanation**: Threshold systems show sudden changes when a key measure \( R \) reaches a criti...
2025-12-02T03:01:23.835572,Adaptive_Self_Calibration,4.0,3,457,True,Informed_Low,0.024320399587446112,113,0.8141592920353983,9.0,0.06484454538335031,1. **Explanation**: Threshold systems show sudden shifts when a key measure \( R \) reaches a critic...
2025-12-02T03:02:26.440649,Adaptive_Self_Calibration,4.0,3,458,True,Informed_Low,0.024320399587446112,145,0.7241379310344828,9.0,0.04494649227110583,1. **Explanation**: Threshold systems show sudden changes when a key measure \( R \) hits a critical...
2025-12-02T03:03:21.813613,Adaptive_Self_Calibration,4.0,3,459,True,Informed_Low,0.024320399587446112,120,0.8083333333333333,9.0,0.060625000000000005,1. **Explanation**: Threshold systems show sudden changes when a key measure \( R \) reaches a criti...
2025-12-02T03:04:17.094009,Adaptive_Self_Calibration,4.0,3,460,True,Informed_Low,0.024320399587446112,98,0.7857142857142857,9.0,0.07215743440233235,1. **Explanation**: Threshold systems change suddenly when a key variable \( R \) reaches a critical...
2025-12-02T03:05:16.201729,Adaptive_Self_Calibration,4.0,3,461,True,Informed_Low,0.024320399587446112,137,0.7664233576642335,9.0,0.05034897970057009,1. **Explanation**: Threshold systems change dramatically when a key variable \( R \) hits a critica...
2025-12-02T03:06:22.372950,Adaptive_Self_Calibration,4.0,3,462,True,Informed_Low,0.024320399587446112,133,0.7218045112781954,8.0,0.043416812708462885,1. **Explanation**: Threshold systems change dramatically when a key variable \( R \) reaches a crit...
2025-12-02T03:07:32.662608,Adaptive_Self_Calibration,4.0,3,463,True,Informed_Low,0.024320399587446112,176,0.7272727272727273,9.0,0.0371900826446281,1. **Explanation**: Threshold systems experience sudden changes when a key factor (order parameter \...
2025-12-02T03:08:26.583027,Adaptive_Self_Calibration,4.0,3,464,True,Informed_Low,0.024320399587446112,118,0.8559322033898306,10.0,0.07253662740591785,1. **Explanation**: Threshold systems change dramatically when a specific factor (order parameter R)...
2025-12-02T03:09:30.682827,Adaptive_Self_Calibration,4.0,3,465,True,Informed_Low,0.024320399587446112,150,0.8,9.0,0.048,"1. **Explanation**: When a key factor (order parameter R) reaches a certain point (threshold Θ), sys..."
2025-12-02T03:10:42.020522,Adaptive_Self_Calibration,4.0,3,466,True,Informed_Low,0.024320399587446112,183,0.7650273224043715,8.0,0.0334438173728687,1. **Explanation**: Threshold systems change abruptly when a key factor (order parameter R) surpasse...
2025-12-02T03:11:43.247404,Adaptive_Self_Calibration,4.0,3,467,True,Informed_Low,0.024320399587446112,115,0.8,10.0,0.06956521739130435,1. **Explanation**: Threshold systems change suddenly when a key factor (order parameter R) reaches ...
2025-12-02T03:12:47.083469,Adaptive_Self_Calibration,4.0,3,468,True,Informed_Low,0.024320399587446112,155,0.7806451612903226,9.0,0.04532778355879292,1. **Explanation**: Threshold systems experience sudden changes when a key factor (order parameter R...
2025-12-02T03:14:01.530453,Adaptive_Self_Calibration,4.0,3,469,True,Informed_Low,0.024320399587446112,194,0.7371134020618557,8.0,0.030396428951004358,"1. **Explanation**: In threshold systems, when a key factor (order parameter R) hits a critical poin..."
2025-12-02T03:15:10.431962,Adaptive_Self_Calibration,4.0,3,470,True,Informed_Low,0.024320399587446112,166,0.8072289156626506,8.0,0.038902598345187986,1. **Explanation**: Threshold systems change suddenly when a key factor (order parameter R) reaches ...
2025-12-02T03:16:07.297024,Adaptive_Self_Calibration,4.0,3,471,True,Informed_Low,0.024320399587446112,98,0.8673469387755102,9.0,0.07965431070387338,1. **Explanation**: Threshold systems experience sudden changes when a key factor (order parameter R...
2025-12-02T03:17:05.110164,Adaptive_Self_Calibration,4.0,3,472,True,Informed_Low,0.024320399587446112,127,0.8503937007874016,9.0,0.06026412052824106,1. **Explanation**: Threshold systems change abruptly when a key factor (order parameter R) reaches ...
2025-12-02T03:18:08.117005,Adaptive_Self_Calibration,4.0,3,473,True,Informed_Low,0.024320399587446112,147,0.7959183673469388,9.0,0.04872969596001666,1. **Explanation**: Threshold systems change abruptly when a key factor (order parameter R) reaches ...
2025-12-02T03:19:20.652516,Adaptive_Self_Calibration,4.0,3,474,True,Informed_Low,0.024320399587446112,184,0.7663043478260869,9.0,0.03748227788279773,1. **Explanation**: Threshold systems change dramatically when a key factor (order parameter R) reac...
2025-12-02T03:20:25.952448,Adaptive_Self_Calibration,4.0,3,475,True,Informed_Low,0.024320399587446112,154,0.7792207792207793,8.0,0.04047900151796256,1. **Explanation**: Threshold systems undergo sudden changes when a key variable (order parameter R)...
2025-12-02T03:21:13.724983,Adaptive_Self_Calibration,4.0,3,476,True,Informed_Low,0.024320399587446112,68,0.8970588235294118,9.0,0.11872837370242216,1. **Explanation**: Threshold systems change suddenly when a key variable (order parameter R) reache...
2025-12-02T03:22:14.452050,Adaptive_Self_Calibration,4.0,3,477,True,Informed_Low,0.024320399587446112,142,0.7816901408450704,10.0,0.055048601467962706,1. **Explanation**: Threshold systems change suddenly when a key variable (order parameter R) reache...
2025-12-02T03:23:10.531392,Adaptive_Self_Calibration,4.0,3,478,True,Informed_Low,0.024320399587446112,128,0.828125,8.0,0.0517578125,1. **Explanation**: Threshold systems change abruptly when a key variable (order parameter R) hits a...
2025-12-02T03:24:02.217856,Adaptive_Self_Calibration,4.0,3,479,True,Informed_Low,0.024320399587446112,84,0.8571428571428571,9.0,0.09183673469387754,1. **Explanation**: Threshold systems change suddenly when a key variable (order parameter R) reache...
2025-12-02T03:24:55.692135,Adaptive_Self_Calibration,4.0,3,480,True,Informed_Low,0.024320399587446112,76,0.8421052631578947,9.0,0.09972299168975068,1. **Explanation**: Threshold systems change suddenly when a key variable (order parameter R) reache...
2025-12-02T03:25:54.095685,Adaptive_Self_Calibration,4.0,3,481,True,Informed_Low,0.024320399587446112,118,0.8135593220338984,9.0,0.062051134731399026,1. **Explanation**: Threshold systems have sudden changes when a key variable (order parameter R) re...
2025-12-02T03:26:52.948862,Adaptive_Self_Calibration,4.0,3,482,True,Informed_Low,0.024320399587446112,138,0.8260869565217391,9.0,0.05387523629489603,1. **Explanation:** Threshold systems change dramatically when a key variable (order parameter R) re...
2025-12-02T03:27:45.170202,Adaptive_Self_Calibration,4.0,3,483,True,Informed_Low,0.024320399587446112,106,0.8679245283018868,9.0,0.07369170523317907,1. **Explanation:** Threshold systems change abruptly when a key variable (order parameter R) hits a...
2025-12-02T03:28:40.939322,Adaptive_Self_Calibration,4.0,3,484,True,Informed_Low,0.024320399587446112,121,0.8512396694214877,10.0,0.07035038590260229,1. **Explanation:** Threshold systems experience sudden changes when a key variable (order parameter...
2025-12-02T03:29:33.464267,Adaptive_Self_Calibration,4.0,3,485,True,Informed_Low,0.024320399587446112,111,0.8558558558558559,10.0,0.07710413115818522,1. **Explanation:** Threshold systems change suddenly when a key variable (order parameter R) hits a...
2025-12-02T03:30:38.409113,Adaptive_Self_Calibration,4.0,3,486,True,Informed_Low,0.024320399587446112,154,0.7922077922077922,9.0,0.04629785798616968,1. **Simple Explanation:** Threshold systems change suddenly when a key value (R) reaches a certain ...
2025-12-02T03:31:59.797254,Adaptive_Self_Calibration,4.0,3,487,True,Informed_Low,0.024320399587446112,217,0.6682027649769585,9.0,0.027713478731763254,1. **Simple Explanation:** Threshold systems change suddenly when a key value \( R \) reaches a cert...
2025-12-02T03:33:13.562812,Adaptive_Self_Calibration,4.0,3,488,True,Informed_Low,0.024320399587446112,191,0.7120418848167539,9.0,0.033551711850004114,1. **Explanation:** Threshold systems experience sudden changes when a key variable \( R \) surpasse...
2025-12-02T03:34:21.009076,Adaptive_Self_Calibration,4.0,3,489,True,Informed_Low,0.024320399587446112,157,0.7961783439490446,5.0,0.02535599821493773,1. **Explanation:** Threshold systems change suddenly when a key variable \( R \) reaches a critical...
2025-12-02T03:35:28.195911,Adaptive_Self_Calibration,4.0,3,490,True,Informed_Low,0.024320399587446112,166,0.7771084337349398,9.0,0.042132384961532876,1. **Explanation:** Threshold systems change abruptly when a key variable \( R \) exceeds a critical...
2025-12-02T03:36:27.234377,Adaptive_Self_Calibration,4.0,3,491,True,Informed_Low,0.024320399587446112,117,0.7692307692307693,9.0,0.0591715976331361,1. **Explanation:** Threshold systems change dramatically when a key variable \( R \) reaches a crit...
2025-12-02T03:37:33.535676,Adaptive_Self_Calibration,4.0,3,492,True,Informed_Low,0.024320399587446112,161,0.7950310559006211,9.0,0.04444272983295397,1. **Explanation:** Threshold systems experience sudden changes when a key variable \( R \) reaches ...
2025-12-02T03:38:40.473137,Adaptive_Self_Calibration,4.0,3,493,True,Informed_Low,0.024320399587446112,153,0.8104575163398693,10.0,0.05297107949933786,1. **Explanation:** Threshold systems change abruptly when a key variable \( R \) (order parameter) ...
2025-12-02T03:39:43.837475,Adaptive_Self_Calibration,4.0,3,494,True,Informed_Low,0.024320399587446112,138,0.7463768115942029,9.0,0.048676748582230624,1. **Explanation:** Threshold systems change abruptly when a key variable \( R \) (order parameter) ...
2025-12-02T03:40:50.343882,Adaptive_Self_Calibration,4.0,3,495,True,Informed_Low,0.024320399587446112,164,0.725609756097561,9.0,0.03982004759071981,1. **Explanation:** Threshold systems change abruptly when a key variable \( R \) (order parameter) ...
2025-12-02T03:41:55.054853,Adaptive_Self_Calibration,4.0,3,496,True,Informed_Low,0.024320399587446112,134,0.8208955223880597,8.0,0.04900868790376476,1. **Explanation:** Threshold systems shift abruptly when a key variable \( R \) (order parameter) s...
2025-12-02T03:42:47.305274,Adaptive_Self_Calibration,4.0,3,497,True,Informed_Low,0.024320399587446112,112,0.8482142857142857,9.0,0.06816007653061225,1. **Explanation:** Threshold systems change abruptly when a key variable \( R \) (order parameter) ...
2025-12-02T03:44:00.388937,Adaptive_Self_Calibration,4.0,3,498,True,Informed_Low,0.024320399587446112,180,0.7166666666666667,9.0,0.035833333333333335,1. **Explanation:** Threshold systems change abruptly when a key variable \( R \) (order parameter) ...
2025-12-02T03:45:11.677788,Adaptive_Self_Calibration,4.0,3,499,True,Informed_Low,0.024320399587446112,190,0.6947368421052632,9.0,0.032908587257617736,1. **Explanation:** Threshold systems change abruptly when a key variable \( R \) (order parameter) ...
2025-12-02T03:46:18.064925,Adaptive_Self_Calibration,4.0,3,500,True,Informed_Low,0.024320399587446112,163,0.7607361963190185,9.0,0.0420038390605593,1. **Explanation:** Threshold systems shift abruptly when a key factor (order parameter \( R \)) hit...
2025-12-02T03:47:22.915503,Adaptive_Self_Calibration,4.0,3,501,True,Informed_Low,0.024320399587446112,148,0.7567567567567568,9.0,0.046018991964937916,1. **Explanation:** Threshold systems change rapidly when a key factor (order parameter \( R \)) rea...
2025-12-02T03:48:32.638485,Adaptive_Self_Calibration,4.0,3,502,True,Informed_Low,0.024320399587446112,166,0.7228915662650602,9.0,0.0391929162432864,1. **Explanation:** Threshold systems change drastically when a key measure (order parameter \( R \)...
2025-12-02T03:49:49.045526,Adaptive_Self_Calibration,4.0,3,503,True,Informed_Low,0.024320399587446112,194,0.711340206185567,9.0,0.03300031884366033,1. **Explanation**: Threshold systems undergo sudden changes when a key measure (order parameter \( ...
2025-12-02T03:50:55.179257,Adaptive_Self_Calibration,4.0,3,504,True,Informed_Low,0.024320399587446112,127,0.7952755905511811,8.0,0.050096100192200385,1. **Explanation**: Threshold systems change abruptly when a key measure (order parameter \( R \)) h...
2025-12-02T03:52:03.126359,Adaptive_Self_Calibration,4.0,3,505,True,Informed_Low,0.024320399587446112,163,0.7300613496932515,8.0,0.03583123188678535,"1. **Explanation**: In threshold systems, a sudden change occurs when a key measure \( R \) reaches ..."
2025-12-02T03:53:14.583963,Adaptive_Self_Calibration,4.0,3,506,True,Informed_Low,0.024320399587446112,174,0.6954022988505747,5.0,0.019982824679614215,"1. **Explanation**: In threshold systems, when a key measure \( R \) reaches a critical value \( Θ \..."
2025-12-02T03:54:21.351045,Adaptive_Self_Calibration,4.0,3,507,True,Informed_Low,0.024320399587446112,127,0.7637795275590551,9.0,0.054126108252216504,"1. **Explain**: In threshold systems, when a key measure \( R \) reaches a certain critical value \(..."
2025-12-02T03:55:19.119831,Adaptive_Self_Calibration,4.0,3,508,True,Informed_Low,0.024320399587446112,117,0.7863247863247863,9.0,0.06048652202498356,1. **Explanation**: Threshold systems change their behavior abruptly when a key parameter \( R \) hi...
2025-12-02T03:56:15.870648,Adaptive_Self_Calibration,4.0,3,509,True,Informed_Low,0.024320399587446112,92,0.782608695652174,8.0,0.06805293005671077,1. **Explanation**: Threshold systems change behavior dramatically when a key parameter \( R \) surp...
2025-12-02T03:57:20.863094,Adaptive_Self_Calibration,4.0,3,510,True,Informed_Low,0.024320399587446112,157,0.7834394904458599,9.0,0.0449105440382977,1. **Explanation**: Threshold systems change behavior abruptly when a key variable \( R \) reaches a...
2025-12-02T03:58:21.815042,Adaptive_Self_Calibration,4.0,3,511,True,Informed_Low,0.024320399587446112,141,0.8014184397163121,10.0,0.056838187213922836,1. **Explanation**: Threshold systems change behavior abruptly when a key variable \( R \) reaches a...
2025-12-02T03:59:17.581468,Adaptive_Self_Calibration,4.0,3,512,True,Informed_Low,0.024320399587446112,112,0.75,10.0,0.06696428571428571,1. **Explanation**: Threshold systems show sudden changes when a variable \( R \) reaches a critical...
2025-12-02T04:00:13.373304,Adaptive_Self_Calibration,4.0,3,513,True,Informed_Low,0.024320399587446112,100,0.82,8.0,0.06559999999999999,1. **Explanation**: Threshold systems show sudden changes when a key variable \( R \) reaches a crit...
2025-12-02T04:01:03.436807,Adaptive_Self_Calibration,4.0,3,514,True,Informed_Low,0.024320399587446112,105,0.7714285714285715,9.0,0.06612244897959184,1. **Explanation**: Threshold systems show sudden changes when a key variable \( R \) reaches a crit...
2025-12-02T04:01:52.674414,Adaptive_Self_Calibration,4.0,3,515,True,Informed_Low,0.024320399587446112,105,0.7904761904761904,10.0,0.07528344671201813,1. **Explanation**: Threshold systems show sudden changes when a key variable \( R \) reaches a crit...
2025-12-02T04:02:46.840647,Adaptive_Self_Calibration,4.0,3,516,True,Informed_Low,0.024320399587446112,124,0.8306451612903226,9.0,0.06028876170655568,1. **Explanation**: Threshold systems change dramatically when a key factor (order parameter \( R \)...
2025-12-02T04:03:40.093623,Adaptive_Self_Calibration,4.0,3,517,True,Informed_Low,0.024320399587446112,110,0.8727272727272727,9.0,0.07140495867768595,1. **Explanation**: Threshold systems change suddenly when a key measure (order parameter \( R \)) r...
2025-12-02T04:04:59.213115,Adaptive_Self_Calibration,4.0,3,518,True,Informed_Low,0.024320399587446112,198,0.6868686868686869,9.0,0.031221303948576674,"### Explanation
Threshold systems show sudden changes when a key variable (order parameter R) reache..."
2025-12-02T04:06:12.353313,Adaptive_Self_Calibration,4.0,3,519,True,Informed_Low,0.024320399587446112,189,0.7671957671957672,9.0,0.03653313177122701,"### Analysis

**1. Simple Explanation:**
Threshold systems have points where a small change in condi..."
2025-12-02T04:07:25.316685,Adaptive_Self_Calibration,4.0,3,520,True,Informed_Low,0.024320399587446112,173,0.7803468208092486,9.0,0.0405960773831401,"### Analysis

**1. Simple Explanation:**
Threshold systems experience sudden changes when a key vari..."
2025-12-02T04:08:29.739502,Adaptive_Self_Calibration,4.0,3,521,True,Informed_Low,0.024320399587446112,121,0.7933884297520661,9.0,0.05901236254354211,"### Analysis

**1. Simple Explanation:**
Threshold systems undergo sudden changes when a key variabl..."
2025-12-02T04:09:47.540010,Adaptive_Self_Calibration,4.0,3,522,True,Informed_Low,0.024320399587446112,191,0.6910994764397905,9.0,0.03256489679559222,"### Analysis

**1. Simple Explanation:**
Threshold systems change abruptly when a key variable (orde..."
2025-12-02T04:10:59.649133,Adaptive_Self_Calibration,4.0,3,523,True,Informed_Low,0.024320399587446112,180,0.7333333333333333,9.0,0.03666666666666667,"### Analysis

**1. Simple Explanation:**
Threshold systems change abruptly when a key variable \( R ..."
2025-12-02T04:12:13.199909,Adaptive_Self_Calibration,4.0,3,524,True,Informed_Low,0.024320399587446112,162,0.691358024691358,9.0,0.03840877914951989,"### Analysis

**1. Simple Explanation:**
Threshold systems change abruptly when a key value \( R \) ..."
2025-12-02T04:13:26.467442,Adaptive_Self_Calibration,4.0,3,525,True,Informed_Low,0.024320399587446112,185,0.7189189189189189,9.0,0.034974433893352815,"### Analysis

**1. Simple Explanation:**
Threshold systems show sudden changes when a key value \( R..."
2025-12-02T04:14:40.018336,Adaptive_Self_Calibration,4.0,3,526,True,Informed_Low,0.024320399587446112,180,0.7055555555555556,9.0,0.03527777777777778,"### Analysis

1. **Simple Explanation:**
   Threshold systems experience sudden shifts when a key va..."
2025-12-02T04:15:50.206353,Adaptive_Self_Calibration,4.0,3,527,True,Informed_Low,0.024320399587446112,157,0.6815286624203821,9.0,0.039068522049576046,"### Analysis

1. **Simple Explanation:**
   Threshold systems undergo sudden changes when a key vari..."
2025-12-02T04:16:59.684258,Adaptive_Self_Calibration,4.0,3,528,True,Informed_Low,0.024320399587446112,132,0.7348484848484849,9.0,0.05010330578512397,"### Analysis

1. **Simple Explanation:**
   Threshold systems undergo sudden changes when a key vari..."
2025-12-02T04:18:04.158807,Adaptive_Self_Calibration,4.0,3,529,True,Informed_Low,0.024320399587446112,130,0.7307692307692307,10.0,0.056213017751479286,"### Analysis

1. **Simple Explanation:**
   Threshold systems change suddenly when a key variable \(..."
2025-12-02T04:19:18.252275,Adaptive_Self_Calibration,4.0,3,530,True,Informed_Low,0.024320399587446112,170,0.7529411764705882,9.0,0.03986159169550173,"### Analysis

1. **Simple Explanation:**
   Threshold systems show sudden changes when a key variabl..."
2025-12-02T04:20:27.663930,Adaptive_Self_Calibration,4.0,3,531,True,Informed_Low,0.024320399587446112,171,0.7660818713450293,10.0,0.044800109435381825,"### Analysis

1. **Simple Explanation:**
   Threshold systems undergo sudden changes when a key vari..."
2025-12-02T04:21:33.935729,Adaptive_Self_Calibration,4.0,3,532,True,Informed_Low,0.024320399587446112,149,0.7583892617449665,9.0,0.045808747353722805,"### Analysis

1. **Simple Explanation:**
   Threshold systems change abruptly when a key variable \(..."
2025-12-02T04:22:41.693970,Adaptive_Self_Calibration,4.0,3,533,True,Informed_Low,0.024320399587446112,137,0.7299270072992701,9.0,0.047951409238638186,"### Analysis

1. **Simple Explanation:**
   Threshold systems undergo sudden changes when a key vari..."
2025-12-02T04:23:35.831993,Adaptive_Self_Calibration,4.0,3,534,True,Informed_Low,0.024320399587446112,116,0.8448275862068966,10.0,0.07282996432818074,"### Analysis

1. **Simple Explanation:**
   Threshold systems change abruptly when a key variable \(..."
2025-12-02T04:24:33.266261,Adaptive_Self_Calibration,4.0,3,535,True,Informed_Low,0.024320399587446112,123,0.8130081300813008,10.0,0.06609822195782933,"### Analysis

1. **Simple Explanation:**
   Threshold systems abruptly change when a key variable \(..."
2025-12-02T04:25:45.438003,Adaptive_Self_Calibration,4.0,3,536,True,Informed_Low,0.024320399587446112,179,0.7541899441340782,9.0,0.037920164788864265,"### Analysis

1. **Simple Explanation:**
   Threshold systems experience sudden changes when a key v..."
2025-12-02T04:26:41.956067,Adaptive_Self_Calibration,4.0,3,537,True,Informed_Low,0.024320399587446112,90,0.8333333333333334,10.0,0.0925925925925926,"### Analysis

1. **Simple Explanation:**
   Threshold systems show sudden changes when a key variabl..."
2025-12-02T04:27:40.068897,Adaptive_Self_Calibration,4.0,3,538,True,Informed_Low,0.024320399587446112,114,0.8157894736842105,9.0,0.06440443213296398,"### Analysis

1. **Simple Explanation:**
   Threshold systems have sudden changes when a key variabl..."
2025-12-02T04:28:32.688664,Adaptive_Self_Calibration,4.0,3,539,True,Informed_Low,0.024320399587446112,56,0.8928571428571429,10.0,0.15943877551020408,"### Analysis

1. **Simple Explanation:**
   Threshold systems experience sudden changes when a key v..."
2025-12-02T04:29:46.238913,Adaptive_Self_Calibration,4.0,3,540,True,Informed_Low,0.024320399587446112,179,0.7374301675977654,9.0,0.03707749446022284,"### Analysis

1. **Simple Explanation:**
   Threshold systems show sudden changes when a key variabl..."
2025-12-02T04:30:54.379972,Adaptive_Self_Calibration,4.0,3,541,True,Informed_Low,0.024320399587446112,162,0.7283950617283951,10.0,0.044962658131382414,"### Analysis

1. **Simple Explanation:**
   Threshold systems display sudden changes when a key vari..."
2025-12-02T04:31:58.216321,Adaptive_Self_Calibration,4.0,3,542,True,Informed_Low,0.024320399587446112,132,0.7348484848484849,10.0,0.055670339761248855,"### Analysis

1. **Simple Explanation:**
   Threshold systems show sudden changes when a key variabl..."
2025-12-02T04:33:11.399924,Adaptive_Self_Calibration,4.0,3,543,True,Informed_Low,0.024320399587446112,182,0.7362637362637363,8.0,0.03236324115444995,"### Analysis

1. **Simple Explanation:**
   Threshold systems change abruptly when a key variable \(..."
2025-12-02T04:34:15.017247,Adaptive_Self_Calibration,4.0,3,544,True,Informed_Low,0.024320399587446112,149,0.7181208053691275,9.0,0.04337642448538354,"### Analysis

1. **Simple Explanation:**
   Threshold systems experience sudden shifts when a key va..."
2025-12-02T04:35:20.448130,Adaptive_Self_Calibration,4.0,3,545,True,Informed_Low,0.024320399587446112,157,0.802547770700637,9.0,0.046005923161183016,"### Analysis

1. **Simple Explanation:**
   Threshold systems change abruptly when a key variable \(..."
2025-12-02T04:36:38.330800,Adaptive_Self_Calibration,4.0,3,546,True,Informed_Low,0.024320399587446112,191,0.6910994764397905,9.0,0.03256489679559222,"### Analysis

1. **Simple Explanation:** 
   Threshold systems change abruptly when a key variable \..."
2025-12-02T04:37:39.794682,Adaptive_Self_Calibration,4.0,3,547,True,Informed_Low,0.024320399587446112,141,0.7801418439716312,9.0,0.04979628791308284,"### Explanation

1. **Simple Terms:**
   Threshold systems experience sudden changes when a variable..."
2025-12-02T04:38:48.976993,Adaptive_Self_Calibration,4.0,3,548,True,Informed_Low,0.024320399587446112,136,0.7352941176470589,10.0,0.05406574394463668,"### Explanation

1. **Simple Terms:**
   Threshold systems change suddenly when a key variable \( R ..."
2025-12-02T04:40:15.078875,Adaptive_Self_Calibration,4.0,3,549,True,Informed_Low,0.024320399587446112,233,0.721030042918455,9.0,0.027850945863802982,"### Explanation

1. **Simple Terms:**
   Threshold systems change suddenly when a key variable \( R ..."
2025-12-02T04:41:27.342428,Adaptive_Self_Calibration,4.0,3,550,True,Informed_Low,0.024320399587446112,186,0.7634408602150538,9.0,0.03694068678459938,"### Analysis

1. **Simple Explanation:**
   Threshold systems change abruptly when a key variable \(..."
2025-12-02T04:42:37.925196,Adaptive_Self_Calibration,4.0,3,551,True,Informed_Low,0.024320399587446112,167,0.718562874251497,9.0,0.03872494531894295,"### Analysis

1. **Simple Explanation:**
   Threshold systems change abruptly when a key variable \(..."
2025-12-02T04:43:49.023262,Adaptive_Self_Calibration,4.0,3,552,True,Informed_Low,0.024320399587446112,177,0.6836158192090396,9.0,0.03476012640045964,"### Analysis

1. **Simple Explanation:**
   Threshold systems demonstrate sudden shifts when a key v..."
2025-12-02T04:45:09.361176,Adaptive_Self_Calibration,4.0,3,553,True,Informed_Low,0.024320399587446112,102,0.7254901960784313,9.0,0.06401384083044982,"### Analysis

1. **Simple Explanation:** 
   Threshold systems show sudden changes when a key variab..."
2025-12-02T04:46:16.425227,Adaptive_Self_Calibration,4.0,3,554,True,Informed_Low,0.024320399587446112,153,0.7777777777777778,10.0,0.05083514887436456,"### Analysis

1. **Simple Explanation:**
   Threshold systems experience sudden changes or ""critical..."
2025-12-02T04:47:21.768111,Adaptive_Self_Calibration,4.0,3,555,True,Informed_Low,0.024320399587446112,168,0.7083333333333334,9.0,0.03794642857142857,"### Explanation
Threshold systems experience sudden shifts when a key variable \( R \) exceeds a cri..."
2025-12-02T04:48:23.530196,Adaptive_Self_Calibration,4.0,3,556,True,Informed_Low,0.024320399587446112,127,0.7795275590551181,8.0,0.04910409820819641,"### Explanation
Threshold systems show sudden changes when a key variable \( R \) reaches a critical..."
2025-12-02T04:49:54.233098,Adaptive_Self_Calibration,4.0,3,557,True,Informed_Low,0.024320399587446112,242,0.6322314049586777,9.0,0.023512738200942556,"### Explanation
Threshold systems show sudden changes when a key variable \( R \) exceeds a critical..."
2025-12-02T04:51:13.625076,Adaptive_Self_Calibration,4.0,3,558,True,Informed_Low,0.024320399587446112,206,0.7135922330097088,9.0,0.031176359694598924,"### Explanation
Threshold systems show sudden changes when a key variable \( R \) reaches a critical..."
2025-12-02T04:52:26.548198,Adaptive_Self_Calibration,4.0,3,559,True,Informed_Low,0.024320399587446112,188,0.7074468085106383,9.0,0.03386713444997737,"### Explanation
Threshold systems show sudden changes when a key variable \( R \) reaches a critical..."
2025-12-02T04:53:29.030728,Adaptive_Self_Calibration,4.0,3,560,True,Informed_Low,0.024320399587446112,156,0.7115384615384616,5.0,0.02280571992110454,"### Explanation
Threshold systems show sudden shifts when a key variable \( R \) hits a critical poi..."
2025-12-02T04:54:14.743270,Adaptive_Self_Calibration,4.0,3,561,True,Informed_Low,0.024320399587446112,94,0.851063829787234,8.0,0.0724309642372114,"### Explanation
Threshold systems show critical transitions when a key variable \( R \) reaches a th..."
2025-12-02T04:55:16.875256,Adaptive_Self_Calibration,4.0,3,562,True,Informed_Low,0.024320399587446112,158,0.7531645569620253,8.0,0.03813491427655825,"### Explanation
Threshold systems show abrupt changes when a key variable \( R \) reaches a threshol..."
2025-12-02T04:56:12.603483,Adaptive_Self_Calibration,4.0,3,563,True,Informed_Low,0.024320399587446112,135,0.8148148148148148,9.0,0.05432098765432099,"### Explanation
Threshold systems show abrupt changes when a key variable \( R \) hits a critical po..."
2025-12-02T06:59:49.974481,Adaptive_Self_Calibration,4.0,3,564,True,Informed_Low,0.024320399587446112,224,0.6517857142857143,9.0,0.026187818877551023,"### Explanation
Threshold systems show abrupt changes when a key variable \( R \) hits a critical po..."
2025-12-02T07:00:52.880104,Adaptive_Self_Calibration,4.0,3,565,True,Informed_Low,0.024320399587446112,161,0.7950310559006211,9.0,0.04444272983295397,"### Explanation
Threshold systems show abrupt changes when a key variable \( R \) hits a critical po..."
2025-12-02T07:01:31.895116,Adaptive_Self_Calibration,4.0,3,566,True,Informed_Low,0.024320399587446112,127,0.8110236220472441,9.0,0.0574741149482299,"### Explanation
Threshold systems show abrupt changes when a key variable \( R \) reaches a critical..."
2025-12-02T07:02:29.917793,Adaptive_Self_Calibration,4.0,3,567,True,Informed_Low,0.024320399587446112,135,0.7925925925925926,9.0,0.05283950617283951,"### Explanation
Threshold systems show abrupt changes when a key parameter \( R \) reaches a critica..."
2025-12-02T07:03:31.685963,Adaptive_Self_Calibration,4.0,3,568,True,Informed_Low,0.024320399587446112,130,0.7769230769230769,9.0,0.05378698224852071,"### Explanation
Threshold systems demonstrate abrupt changes when a key variable \( R \) surpasses a..."
2025-12-02T07:04:44.622738,Adaptive_Self_Calibration,4.0,3,569,True,Informed_Low,0.024320399587446112,175,0.7028571428571428,9.0,0.0361469387755102,"### Explanation
Threshold systems show sudden changes when a key variable \( R \) exceeds a critical..."
2025-12-02T07:05:44.396447,Adaptive_Self_Calibration,4.0,3,570,True,Informed_Low,0.024320399587446112,136,0.8014705882352942,9.0,0.053038494809688586,"### Explanation
Threshold systems show sudden changes when a key variable \( R \) reaches a critical..."
2025-12-02T07:07:00.244238,Adaptive_Self_Calibration,4.0,3,571,True,Informed_Low,0.024320399587446112,198,0.702020202020202,10.0,0.03545556575859606,"### Explanation

Threshold systems show sudden changes when a key variable \( R \) crosses a thresho..."
2025-12-02T07:08:23.261809,Adaptive_Self_Calibration,4.0,3,572,True,Informed_Low,0.024320399587446112,118,0.7542372881355932,9.0,0.05752657282390118,"### Explanation

Threshold systems show critical transitions when a key variable \( R \) crosses a t..."
2025-12-02T07:09:23.270512,Adaptive_Self_Calibration,4.0,3,573,True,Informed_Low,0.024320399587446112,136,0.7573529411764706,10.0,0.05568771626297578,"### Explanation

Threshold systems show critical transitions when a key variable \( R \) crosses a t..."
2025-12-02T07:10:18.977891,Adaptive_Self_Calibration,4.0,3,574,True,Informed_Low,0.024320399587446112,173,0.7052023121387283,8.0,0.03261051154398743,"### Explanation

Threshold systems show critical transitions when a key variable \( R \) crosses a t..."
2025-12-02T07:10:55.398109,Adaptive_Self_Calibration,4.0,3,575,True,Informed_Low,0.024320399587446112,110,0.8454545454545455,8.0,0.06148760330578512,"### Explanation

Threshold systems show abrupt changes when a key variable \( R \) surpasses a criti..."
2025-12-02T07:12:13.431946,Adaptive_Self_Calibration,4.0,3,576,True,Informed_Low,0.024320399587446112,205,0.6731707317073171,9.0,0.029553837001784652,"### Explanation

Threshold systems show abrupt changes when a key variable \( R \) reaches or exceed..."
2025-12-02T07:13:42.031374,Adaptive_Self_Calibration,4.0,3,577,True,Informed_Low,0.024320399587446112,246,0.7195121951219512,9.0,0.026323616894705533,"### Explanation

Threshold systems show abrupt changes when a key variable \( R \) reaches or exceed..."
2025-12-02T07:14:41.666456,Adaptive_Self_Calibration,4.0,3,578,True,Informed_Low,0.024320399587446112,146,0.7465753424657534,9.0,0.04602176768624507,"### Analysis

Threshold systems display sudden changes when a critical parameter \( R \) surpasses a..."
2025-12-02T07:15:48.927163,Adaptive_Self_Calibration,4.0,3,579,True,Informed_Low,0.024320399587446112,184,0.6956521739130435,9.0,0.034026465028355386,"### Analysis

1. **Simple Explanation**:
   - Threshold systems change abruptly when a key parameter..."
2025-12-02T07:16:51.266319,Adaptive_Self_Calibration,4.0,3,580,True,Informed_Low,0.024320399587446112,164,0.6951219512195121,9.0,0.03814693634741225,"### Analysis

1. **Simple Explanation**:
   - Threshold systems change abruptly when a key parameter..."
2025-12-02T07:17:43.234037,Adaptive_Self_Calibration,4.0,3,581,True,Informed_Low,0.024320399587446112,142,0.7323943661971831,10.0,0.05157706804205515,"### Analysis

1. **Simple Explanation**:
   - Threshold systems undergo sudden changes when a key va..."
2025-12-02T07:18:46.187347,Adaptive_Self_Calibration,4.0,3,582,True,Informed_Low,0.024320399587446112,80,0.75,9.0,0.084375,"### Analysis

1. **Simple Explanation**:
   - In threshold systems, a sudden change occurs when a ke..."
2025-12-02T07:19:56.767634,Adaptive_Self_Calibration,4.0,3,583,True,Informed_Low,0.024320399587446112,168,0.7202380952380952,10.0,0.042871315192743766,"### Analysis

1. **Simple Explanation**:
   - Threshold systems have critical transitions when a key..."
2025-12-02T07:21:07.532407,Adaptive_Self_Calibration,4.0,3,584,True,Informed_Low,0.024320399587446112,180,0.6888888888888889,10.0,0.03827160493827161,"### Analysis

1. **Simple Explanation**:
   - Threshold systems have critical transitions when a key..."
2025-12-02T07:22:37.539956,Adaptive_Self_Calibration,4.0,3,585,True,Informed_Low,0.024320399587446112,247,0.6396761133603239,9.0,0.023308036519202085,"### Analysis

1. **Simple Explanation**:
   - In threshold systems, a sudden change occurs when the ..."
2025-12-02T07:23:49.367870,Adaptive_Self_Calibration,4.0,3,586,True,Informed_Low,0.024320399587446112,174,0.6839080459770115,9.0,0.03537455410225921,"### Analysis

1. **Simple Explanation**:
   - In threshold systems, a key variable \( R \) reaches a..."
2025-12-02T07:25:04.636471,Adaptive_Self_Calibration,4.0,3,587,True,Informed_Low,0.024320399587446112,189,0.6878306878306878,10.0,0.03639315808627978,"### Analysis

1. **Simple Explanation**:
   - In threshold systems, a key variable \( R \) surpasses..."
2025-12-02T07:26:17.914379,Adaptive_Self_Calibration,4.0,3,588,True,Informed_Low,0.024320399587446112,187,0.7165775401069518,9.0,0.034487689096056505,"### Analysis

1. **Simple Explanation**:
   - In threshold systems, a key variable \( R \) must reac..."
2025-12-02T07:27:36.566754,Adaptive_Self_Calibration,4.0,3,589,True,Informed_Low,0.024320399587446112,202,0.6782178217821783,10.0,0.03357513969218704,"### Analysis

1. **Simple Explanation**: In threshold systems, a key variable \( R \) must reach or ..."
2025-12-02T07:28:47.916082,Adaptive_Self_Calibration,4.0,3,590,True,Informed_Low,0.024320399587446112,176,0.6761363636363636,10.0,0.038416838842975205,"### Analysis

1. **Simple Explanation**: In threshold systems, a key variable \( R \) must reach or ..."
2025-12-02T07:30:04.267410,Adaptive_Self_Calibration,4.0,3,591,True,Informed_Low,0.024320399587446112,200,0.72,10.0,0.036,"### Analysis

1. **Simple Explanation**: In threshold systems, when a key measure \( R \) surpasses ..."
2025-12-02T07:31:21.133712,Adaptive_Self_Calibration,4.0,3,592,True,Informed_Low,0.024320399587446112,193,0.7461139896373057,9.0,0.034792880345781096,"### Analysis

1. **Simple Explanation**: In threshold systems, when a key measure \( R \) surpasses ..."
2025-12-02T07:32:36.835302,Adaptive_Self_Calibration,4.0,3,593,True,Informed_Low,0.024320399587446112,194,0.6185567010309279,10.0,0.03188436603252205,"### Analysis

1. **Simple Explanation**: In threshold systems, a critical transition occurs when a k..."
2025-12-02T07:33:48.835866,Adaptive_Self_Calibration,4.0,3,594,True,Informed_Low,0.024320399587446112,177,0.7231638418079096,10.0,0.040856714226435574,"### Analysis

1. **Simple Explanation**: In threshold systems, a key measurement \( R \) triggers si..."
2025-12-02T07:34:57.092213,Adaptive_Self_Calibration,4.0,3,595,True,Informed_Low,0.024320399587446112,158,0.759493670886076,9.0,0.043262297708700534,"### Analysis

1. **Simple Explanation**: In threshold systems, a change occurs suddenly when a value..."
2025-12-02T07:36:10.718208,Adaptive_Self_Calibration,4.0,3,596,True,Informed_Low,0.024320399587446112,183,0.7213114754098361,10.0,0.03941592761802383,"### Analysis

1. **Simple Explanation**: In threshold systems, a critical transition occurs when a v..."
2025-12-02T07:37:15.788410,Adaptive_Self_Calibration,4.0,3,597,True,Informed_Low,0.024320399587446112,74,0.7702702702702703,10.0,0.10409057706355003,"### Analysis

1. **Simple Explanation**: In threshold systems, a critical transition happens when a ..."
2025-12-02T07:38:28.519622,Adaptive_Self_Calibration,4.0,3,598,True,Informed_Low,0.024320399587446112,84,0.7619047619047619,9.0,0.08163265306122448,"### Analysis

1. **Simple Explanation**: In threshold systems, a critical transition occurs when a m..."
2025-12-02T07:39:48.362693,Adaptive_Self_Calibration,4.0,3,599,True,Informed_Low,0.024320399587446112,198,0.7575757575757576,9.0,0.03443526170798898,"### Analysis

1. **Simple Explanation**: In threshold systems, a key change happens when a measure \..."
2025-12-02T07:41:05.689236,Adaptive_Self_Calibration,4.0,3,600,True,Informed_Low,0.024320399587446112,200,0.725,10.0,0.03625,"### Analysis

1. **Simple Explanation**: In threshold systems, a specific condition (order parameter..."
2025-12-02T07:42:33.259170,Adaptive_Self_Calibration,4.0,3,601,True,Informed_Low,0.024320399587446112,231,0.683982683982684,9.0,0.026648675999325352,"### Analysis

1. **Simple Explanation**: In threshold systems, a key measure (order parameter \( R \..."
2025-12-02T07:44:07.685568,Adaptive_Self_Calibration,4.0,3,602,True,Informed_Low,0.024320399587446112,214,0.602803738317757,10.0,0.028168398986811075,"### Analysis

1. **Simple Explanation**: In threshold systems, a key measure (order parameter \( R \..."
2025-12-02T07:45:17.065813,Adaptive_Self_Calibration,4.0,3,603,True,Informed_Low,0.024320399587446112,150,0.7333333333333333,10.0,0.048888888888888885,"### Analysis

1. **Simple Explanation**: Threshold systems change dramatically when a key measure (o..."
2025-12-02T07:46:36.355185,Adaptive_Self_Calibration,4.0,3,604,True,Informed_Low,0.024320399587446112,201,0.6716417910447762,10.0,0.03341501447983961,"### Analysis

1. **Simple Explanation**: When a system's order parameter \( R \) reaches a certain t..."
2025-12-02T07:47:51.738307,Adaptive_Self_Calibration,4.0,3,605,True,Informed_Low,0.024320399587446112,184,0.6956521739130435,9.0,0.034026465028355386,"### Analysis

1. **Simple Explanation**: Threshold systems change dramatically when a key measure \(..."
2025-12-02T07:49:05.799591,Adaptive_Self_Calibration,4.0,3,606,True,Informed_Low,0.024320399587446112,173,0.7167630057803468,10.0,0.041431387617361086,"### Analysis

1. **Simple Explanation**: Threshold systems change abruptly when a key metric \( R \)..."
2025-12-02T07:50:19.992787,Adaptive_Self_Calibration,4.0,3,607,True,Informed_Low,0.024320399587446112,159,0.7735849056603774,9.0,0.043787824848700606,"### Analysis

1. **Simple Explanation**: Threshold systems undergo sudden changes when a key metric ..."
2025-12-02T07:51:27.067529,Adaptive_Self_Calibration,4.0,3,608,True,Informed_Low,0.024320399587446112,142,0.7676056338028169,9.0,0.04865106129736163,"### Analysis

1. **Simple Explanation**: In threshold systems, a sudden change occurs when a key met..."
2025-12-02T07:52:50.197336,Adaptive_Self_Calibration,4.0,3,609,True,Informed_Low,0.024320399587446112,205,0.6878048780487804,10.0,0.03355145746579417,"### Analysis

1. **Simple Explanation**: In threshold systems, a sudden change happens when a key me..."
2025-12-02T07:54:14.187802,Adaptive_Self_Calibration,4.0,3,610,True,Informed_Low,0.024320399587446112,162,0.7098765432098766,9.0,0.039437585733882036,"### Analysis

1. **Simple Explanation**: In threshold systems, a critical transition occurs when a k..."
2025-12-02T07:55:13.520893,Adaptive_Self_Calibration,4.0,3,611,True,Informed_Low,0.024320399587446112,138,0.717391304347826,9.0,0.046786389413988654,"### Analysis

1. **Simple Explanation**: In threshold systems, a key measure \( R \) triggers signif..."
2025-12-02T07:56:16.788816,Adaptive_Self_Calibration,4.0,3,612,True,Informed_Low,0.024320399587446112,143,0.7622377622377622,10.0,0.053303340016626725,"### Analysis

1. **Simple Explanation**: In threshold systems, a key measure \( R \) triggers signif..."
2025-12-02T07:57:29.074219,Adaptive_Self_Calibration,4.0,3,613,True,Informed_Low,0.024320399587446112,178,0.7921348314606742,10.0,0.044501956823633386,"### Analysis

1. **Simple Explanation**: In threshold systems, certain conditions (represented by \(..."
2025-12-02T07:58:38.748745,Adaptive_Self_Calibration,4.0,3,614,True,Informed_Low,0.024320399587446112,161,0.7329192546583851,9.0,0.04097064156475445,"1. **Simple Explanation**: In threshold systems, changes happen suddenly when a certain condition (R..."
2025-12-02T07:59:49.376918,Adaptive_Self_Calibration,4.0,3,615,True,Informed_Low,0.024320399587446112,129,0.7751937984496124,8.0,0.048074034012379065,"1. **Simple Explanation**: In threshold systems, a sudden change occurs when a key factor (R) reache..."
2025-12-02T08:00:55.585238,Adaptive_Self_Calibration,4.0,3,616,True,Informed_Low,0.024320399587446112,154,0.8051948051948052,9.0,0.04705683926463147,"1. **Simple Explanation**: In threshold systems, when a key factor (R) reaches a certain level (Θ), ..."
2025-12-02T08:02:09.995661,Adaptive_Self_Calibration,4.0,3,617,True,Informed_Low,0.024320399587446112,178,0.7191011235955056,5.0,0.020199469763918697,1. **Simple Explanation**: Threshold systems change their behavior abruptly when a key factor (order...
2025-12-02T08:03:26.001784,Adaptive_Self_Calibration,4.0,3,618,True,Informed_Low,0.024320399587446112,183,0.7704918032786885,9.0,0.03789303950550927,1. **Simple Explanation**: Threshold systems change their behavior drastically when a key factor (or...
2025-12-02T08:04:28.688129,Adaptive_Self_Calibration,4.0,3,619,True,Informed_Low,0.024320399587446112,76,0.8421052631578947,9.0,0.09972299168975068,1. **Simple Explanation**: Threshold systems change dramatically when a key factor (order parameter ...
2025-12-02T08:05:38.901463,Adaptive_Self_Calibration,4.0,3,620,True,Informed_Low,0.024320399587446112,75,0.8666666666666667,9.0,0.10400000000000001,1. **Explanation**: Threshold systems change drastically when a key factor (order parameter R) reach...
2025-12-02T08:06:50.970499,Adaptive_Self_Calibration,4.0,3,621,True,Informed_Low,0.024320399587446112,171,0.7953216374269005,9.0,0.04185903354878424,"1. **Explanation**: When a key factor (order parameter R) reaches a specific point (threshold Θ), th..."
2025-12-02T08:07:52.808882,Adaptive_Self_Calibration,4.0,3,622,True,Informed_Low,0.024320399587446112,148,0.7905405405405406,9.0,0.04807341124908693,"1. **Explanation**: When a specific measure (R) hits a certain point (Θ), systems can suddenly chang..."
2025-12-02T08:08:51.415023,Adaptive_Self_Calibration,4.0,3,623,True,Informed_Low,0.024320399587446112,133,0.7819548872180451,9.0,0.052914240488439145,1. **Explanation**: Threshold systems change behavior abruptly when a key variable (R) reaches a cri...
2025-12-02T08:09:45.783492,Adaptive_Self_Calibration,4.0,3,624,True,Informed_Low,0.024320399587446112,117,0.8376068376068376,9.0,0.06443129520052597,1. **Explanation**: Threshold systems show sudden changes when a key variable (R) reaches a critical...
2025-12-02T08:10:31.672207,Adaptive_Self_Calibration,4.0,3,625,True,Informed_Low,0.024320399587446112,99,0.8383838383838383,9.0,0.07621671258034894,1. **Explanation**: Threshold systems change abruptly when a key variable (R) reaches a critical lev...
2025-12-02T08:11:14.901741,Adaptive_Self_Calibration,4.0,3,626,True,Informed_Low,0.024320399587446112,89,0.9101123595505618,9.0,0.09203383411185456,1. **Explanation**: Threshold systems show sudden changes when a key variable (R) hits a critical po...
2025-12-02T08:11:58.604397,Adaptive_Self_Calibration,4.0,3,627,True,Informed_Low,0.024320399587446112,92,0.8913043478260869,9.0,0.08719281663516067,1. **Explanation**: Threshold systems show sudden shifts when a key variable (R) reaches a critical ...
2025-12-02T08:12:53.920909,Adaptive_Self_Calibration,4.0,3,628,True,Informed_Low,0.024320399587446112,61,0.9344262295081968,9.0,0.13786616500940607,1. **Explanation**: Threshold systems show sudden changes when a key variable R reaches a critical v...
2025-12-02T08:13:44.781198,Adaptive_Self_Calibration,4.0,3,629,True,Informed_Low,0.024320399587446112,117,0.811965811965812,9.0,0.062458908612754764,1. **Explanation**: Threshold systems change abruptly when a key variable (order parameter R) reache...
2025-12-02T08:14:34.524938,Adaptive_Self_Calibration,4.0,3,630,True,Informed_Low,0.024320399587446112,114,0.8508771929824561,10.0,0.07463835026161897,1. **Explanation**: Threshold systems change abruptly when a key variable (order parameter R) hits a...
2025-12-02T08:15:30.551798,Adaptive_Self_Calibration,4.0,3,631,True,Informed_Low,0.024320399587446112,142,0.8028169014084507,8.0,0.045229121206109904,1. **Explanation**: Threshold systems change suddenly when a key value (order parameter R) reaches a...
2025-12-02T08:16:25.471165,Adaptive_Self_Calibration,4.0,3,632,True,Informed_Low,0.024320399587446112,135,0.8148148148148148,9.0,0.05432098765432099,1. **Explanation**: Threshold systems change abruptly when a key value (order parameter R) reaches a...
2025-12-02T08:17:30.571951,Adaptive_Self_Calibration,4.0,3,633,True,Informed_Low,0.024320399587446112,176,0.7784090909090909,8.0,0.03538223140495868,"### Explanation
Threshold systems display sudden changes when a key variable (order parameter R) sur..."
2025-12-02T08:18:55.785644,Adaptive_Self_Calibration,4.0,3,634,True,Informed_Low,0.024320399587446112,227,0.748898678414097,9.0,0.029692018086902524,"### Explanation
Threshold systems show sudden changes when a key variable (order parameter R) reache..."
2025-12-02T08:20:14.984664,Adaptive_Self_Calibration,4.0,3,635,True,Informed_Low,0.024320399587446112,200,0.775,9.0,0.034875,"### Explanation
Threshold systems show sudden shifts when a key variable (order parameter R) hits a ..."
2025-12-02T08:21:27.676326,Adaptive_Self_Calibration,4.0,3,636,True,Informed_Low,0.024320399587446112,181,0.7790055248618785,9.0,0.03873508134672324,"### Analysis

1. **Explanation**: Threshold systems display significant changes when a critical vari..."
2025-12-02T08:22:43.688144,Adaptive_Self_Calibration,4.0,3,637,True,Informed_Low,0.024320399587446112,187,0.7540106951871658,9.0,0.03628928479510424,"### Analysis

1. **Explanation**: Threshold systems experience significant changes when a key variab..."
2025-12-02T08:23:56.698001,Adaptive_Self_Calibration,4.0,3,638,True,Informed_Low,0.024320399587446112,188,0.7819148936170213,9.0,0.03743209597102761,"### Analysis

1. **Explanation**: Threshold systems change dramatically when a key variable (order p..."
2025-12-02T08:25:02.323257,Adaptive_Self_Calibration,4.0,3,639,True,Informed_Low,0.024320399587446112,176,0.75,8.0,0.03409090909090909,"### Analysis

1. **Explanation**: Threshold systems undergo significant changes when a specific vari..."
2025-12-02T08:26:07.206095,Adaptive_Self_Calibration,4.0,3,640,True,Informed_Low,0.024320399587446112,176,0.8125,8.0,0.036931818181818184,"### Analysis

1. **Explanation**: Threshold systems change dramatically when a key variable (order p..."
2025-12-02T08:27:02.033334,Adaptive_Self_Calibration,4.0,3,641,True,Informed_Low,0.024320399587446112,135,0.8666666666666667,10.0,0.06419753086419754,"### Analysis

1. **Explanation**: Threshold systems experience sudden changes when a key variable (o..."
2025-12-02T08:27:50.467071,Adaptive_Self_Calibration,4.0,3,642,True,Informed_Low,0.024320399587446112,111,0.8558558558558559,10.0,0.07710413115818522,"### Analysis

1. **Explanation**: Threshold systems experience sudden changes when a key variable (o..."
2025-12-02T08:28:58.318474,Adaptive_Self_Calibration,4.0,3,643,True,Informed_Low,0.024320399587446112,191,0.7539267015706806,9.0,0.03552534195882788,"### Analysis

1. **Explanation**: In threshold systems, significant changes occur when a key variabl..."
2025-12-02T08:30:23.340536,Adaptive_Self_Calibration,4.0,3,644,True,Informed_Low,0.024320399587446112,230,0.7304347826086957,9.0,0.028582230623818528,"### Analysis

1. **Explanation**: In threshold systems, a key variable (order parameter R) surpassin..."
2025-12-02T08:31:40.471496,Adaptive_Self_Calibration,4.0,3,645,True,Informed_Low,0.024320399587446112,197,0.7918781725888325,10.0,0.04019686155273262,"### Analysis

1. **Explanation**: In threshold systems, when a key variable (order parameter R) reac..."
2025-12-02T08:32:41.949439,Adaptive_Self_Calibration,4.0,3,646,True,Informed_Low,0.024320399587446112,152,0.7697368421052632,10.0,0.050640581717451526,"### Analysis

1. **Explanation**: In threshold systems, a critical transition occurs when a key vari..."
2025-12-02T08:33:53.219279,Adaptive_Self_Calibration,4.0,3,647,True,Informed_Low,0.024320399587446112,185,0.745945945945946,9.0,0.03628926223520818,"### Analysis

1. **Explanation**: In threshold systems, a critical transition happens when a key var..."
2025-12-02T08:35:06.865591,Adaptive_Self_Calibration,4.0,3,648,True,Informed_Low,0.024320399587446112,103,0.6796116504854369,10.0,0.06598171363936281,"### Analysis

1. **Explanation**: In threshold systems, a key variable (order parameter \( R \)) mus..."
2025-12-02T08:36:40.057803,Adaptive_Self_Calibration,4.0,3,649,True,Informed_Low,0.024320399587446112,241,0.6141078838174274,10.0,0.02548165493018371,"### Analysis

1. **Explanation**: In threshold systems, when a key variable (order parameter \( R \)..."
2025-12-02T08:37:52.252982,Adaptive_Self_Calibration,4.0,3,650,True,Informed_Low,0.024320399587446112,164,0.7134146341463414,10.0,0.04350089232599643,"### Analysis

1. **Explanation**: Threshold systems undergo sudden changes when a key variable (orde..."
2025-12-02T08:39:04.060473,Adaptive_Self_Calibration,4.0,3,651,True,Informed_Low,0.024320399587446112,177,0.6836158192090396,10.0,0.03862236266717738,"### Analysis

1. **Explanation**: Threshold systems experience sudden changes when a key variable (o..."
2025-12-02T08:40:20.948592,Adaptive_Self_Calibration,4.0,3,652,True,Informed_Low,0.024320399587446112,201,0.7412935323383084,9.0,0.03319224771664067,"### Analysis

1. **Explanation**: Threshold systems change abruptly when a key variable (order param..."
2025-12-02T08:41:32.965888,Adaptive_Self_Calibration,4.0,3,653,True,Informed_Low,0.024320399587446112,179,0.7262569832402235,9.0,0.03651571424112856,"### Analysis

1. **Explanation**: Threshold systems experience sudden changes when a key variable (o..."
2025-12-02T08:42:42.699345,Adaptive_Self_Calibration,4.0,3,654,True,Informed_Low,0.024320399587446112,190,0.7105263157894737,10.0,0.037396121883656507,"### Analysis

1. **Explanation**: Threshold systems change abruptly when a key variable (order param..."
2025-12-02T08:43:52.480770,Adaptive_Self_Calibration,4.0,3,655,True,Informed_Low,0.024320399587446112,70,0.8714285714285714,9.0,0.11204081632653062,"### Analysis

1. **Explanation**: Threshold systems have distinct states that change abruptly when a..."
2025-12-02T08:44:59.306509,Adaptive_Self_Calibration,4.0,3,656,True,Informed_Low,0.024320399587446112,81,0.8395061728395061,9.0,0.09327846364883402,"### Analysis

1. **Explanation**: Threshold systems change behavior abruptly when a variable (order ..."
2025-12-02T08:46:03.493741,Adaptive_Self_Calibration,4.0,3,657,True,Informed_Low,0.024320399587446112,148,0.722972972972973,10.0,0.048849525200876556,"### Explanation

Threshold systems show dramatic changes when a key variable (order parameter \( R \..."
2025-12-02T08:47:33.195041,Adaptive_Self_Calibration,4.0,3,658,True,Informed_Low,0.024320399587446112,250,0.632,9.0,0.022751999999999998,"### Analysis

Threshold systems experience abrupt changes when a key variable (order parameter \( R ..."
2025-12-02T08:48:44.584428,Adaptive_Self_Calibration,4.0,3,659,True,Informed_Low,0.024320399587446112,190,0.7736842105263158,9.0,0.036648199445983375,"### Analysis

Threshold systems show sudden shifts when a key variable (order parameter \( R \)) sur..."
2025-12-02T08:49:34.622846,Adaptive_Self_Calibration,4.0,3,660,True,Informed_Low,0.024320399587446112,120,0.7916666666666666,9.0,0.059375,"### Analysis

Threshold systems experience abrupt changes when a key variable (order parameter \( R ..."
2025-12-02T08:50:17.226294,Adaptive_Self_Calibration,4.0,3,661,True,Informed_Low,0.024320399587446112,95,0.8842105263157894,9.0,0.08376731301939058,"### Analysis

Threshold systems show sudden changes when a key variable (order parameter R) surpasse..."
2025-12-02T08:51:03.404466,Adaptive_Self_Calibration,4.0,3,662,True,Informed_Low,0.024320399587446112,112,0.8660714285714286,8.0,0.06186224489795918,"### Analysis

Threshold systems show sudden changes when a key value (R) exceeds a critical point (Θ..."
2025-12-02T08:51:45.934653,Adaptive_Self_Calibration,4.0,3,663,True,Informed_Low,0.024320399587446112,69,0.8840579710144928,8.0,0.10249947490023105,"### Analysis

Threshold systems show sudden shifts when a key value (R) exceeds a critical point (Θ)..."
2025-12-02T08:52:39.950950,Adaptive_Self_Calibration,4.0,3,664,True,Informed_Low,0.024320399587446112,88,0.875,9.0,0.08948863636363637,"### Analysis

Threshold systems show sudden changes when a key value (R) surpasses a critical point ..."
2025-12-02T08:53:27.612198,Adaptive_Self_Calibration,4.0,3,665,True,Informed_Low,0.024320399587446112,103,0.883495145631068,8.0,0.06862098218493733,"### Analysis

Threshold systems show sudden shifts when a key value (R) crosses a critical point (Θ)..."
2025-12-02T08:54:12.911627,Adaptive_Self_Calibration,4.0,3,666,True,Informed_Low,0.024320399587446112,87,0.8735632183908046,8.0,0.08032765226582111,"### Analysis

Threshold systems display abrupt changes when a key value (R) surpasses a critical poi..."
2025-12-02T08:55:26.392245,Adaptive_Self_Calibration,4.0,3,667,True,Informed_Low,0.024320399587446112,97,0.7835051546391752,9.0,0.07269635455415029,"### Analysis

Threshold systems show sudden changes when a key value R exceeds a critical point Θ. T..."
2025-12-02T08:56:42.902909,Adaptive_Self_Calibration,4.0,3,668,True,Informed_Low,0.024320399587446112,161,0.7950310559006211,9.0,0.04444272983295397,"### Analysis

Threshold systems display sudden shifts when a key measure R surpasses a critical leve..."
2025-12-02T08:57:51.963593,Adaptive_Self_Calibration,4.0,3,669,True,Informed_Low,0.024320399587446112,191,0.7486910994764397,9.0,0.03527863819522491,"### Analysis

Threshold systems experience sudden changes when a key measure R crosses a critical le..."
2025-12-02T08:59:02.336479,Adaptive_Self_Calibration,4.0,3,670,True,Informed_Low,0.024320399587446112,189,0.7513227513227513,9.0,0.03577727387251197,"### Analysis

Threshold systems show significant changes when a key measure R surpasses a critical l..."
2025-12-02T09:00:30.615485,Adaptive_Self_Calibration,4.0,3,671,True,Informed_Low,0.024320399587446112,240,0.6541666666666667,9.0,0.02453125,"### Analysis

Threshold systems show significant changes when a key measure \( R \) surpasses a crit..."
2025-12-02T09:01:33.205051,Adaptive_Self_Calibration,4.0,3,672,True,Informed_Low,0.024320399587446112,160,0.74375,9.0,0.0418359375,"### Analysis

Threshold systems undergo significant changes when a key measure \( R \) surpasses a c..."
2025-12-02T09:02:39.251478,Adaptive_Self_Calibration,4.0,3,673,True,Informed_Low,0.024320399587446112,170,0.7,10.0,0.041176470588235294,"### Analysis

Threshold systems show dramatic changes when a key measure \( R \) reaches a critical ..."
2025-12-02T09:04:02.072401,Adaptive_Self_Calibration,4.0,3,674,True,Informed_Low,0.024320399587446112,126,0.7380952380952381,10.0,0.05857898715041573,"### Analysis

Threshold systems experience dramatic shifts when a control parameter \( R \) surpasse..."
2025-12-02T09:05:40.709434,Adaptive_Self_Calibration,4.0,3,675,True,Informed_Low,0.024320399587446112,271,0.6642066420664207,9.0,0.022058523168257512,"### Analysis

Threshold systems show significant changes when a key factor \( R \) reaches a critica..."
2025-12-02T09:07:08.330376,Adaptive_Self_Calibration,4.0,3,676,True,Informed_Low,0.024320399587446112,235,0.6638297872340425,9.0,0.025423268447261203,"### Analysis

Threshold systems demonstrate significant changes when a control parameter \( R \) sur..."
2025-12-02T09:08:25.727775,Adaptive_Self_Calibration,4.0,3,677,True,Informed_Low,0.024320399587446112,198,0.6919191919191919,9.0,0.03145087235996327,"### Explanation
Threshold systems show sudden changes when a key factor (order parameter \( R \)) re..."
2025-12-02T09:09:42.450020,Adaptive_Self_Calibration,4.0,3,678,True,Informed_Low,0.024320399587446112,191,0.7015706806282722,9.0,0.03305830432279817,"### Explanation
Threshold systems display sudden changes when a key variable (order parameter \( R \..."
2025-12-02T09:11:06.456035,Adaptive_Self_Calibration,4.0,3,679,True,Informed_Low,0.024320399587446112,233,0.6866952789699571,9.0,0.026524710346479026,"### Analysis
Threshold systems display critical transitions when a key variable (order parameter \( ..."
2025-12-02T09:12:36.777820,Adaptive_Self_Calibration,4.0,3,680,True,Informed_Low,0.024320399587446112,247,0.6356275303643725,10.0,0.025733908111917912,"### Analysis
Threshold systems show sudden changes when a key variable (order parameter \( R \)) sur..."
2025-12-02T09:13:31.443511,Adaptive_Self_Calibration,4.0,3,681,True,Informed_Low,0.024320399587446112,116,0.8017241379310345,9.0,0.06220273483947682,"### Analysis
Threshold systems show sudden changes when a key variable (order parameter \( R \)) rea..."
2025-12-02T09:15:02.409697,Adaptive_Self_Calibration,4.0,3,682,True,Informed_Low,0.024320399587446112,249,0.6385542168674698,9.0,0.023080272898824212,"### Analysis
Threshold systems show sudden changes when a key variable (order parameter \( R \)) exc..."
2025-12-02T09:16:08.759253,Adaptive_Self_Calibration,4.0,3,683,True,Informed_Low,0.024320399587446112,168,0.7142857142857143,9.0,0.03826530612244898,"### Analysis
Threshold systems show abrupt changes when a key variable \( R \) surpasses a critical ..."
2025-12-02T09:17:13.041848,Adaptive_Self_Calibration,4.0,3,684,True,Informed_Low,0.024320399587446112,168,0.7202380952380952,9.0,0.038584183673469385,"### Explanation
Threshold systems experience significant changes when a key variable \( R \) reaches..."
2025-12-02T09:18:11.621070,Adaptive_Self_Calibration,4.0,3,685,True,Informed_Low,0.024320399587446112,139,0.7769784172661871,10.0,0.05589772786087677,"### Explanation
Threshold systems experience significant changes when a variable \( R \) reaches a c..."
2025-12-02T09:19:18.800878,Adaptive_Self_Calibration,4.0,3,686,True,Informed_Low,0.024320399587446112,171,0.6842105263157895,8.0,0.03200984918436442,"### Explanation
Threshold systems undergo abrupt changes when a variable \( R \) surpasses a critica..."
2025-12-02T09:20:24.538044,Adaptive_Self_Calibration,4.0,3,687,True,Informed_Low,0.024320399587446112,156,0.8012820512820513,9.0,0.046227810650887574,"### Explanation
Threshold systems show sudden changes when a key variable (order parameter R) reache..."
2025-12-02T09:21:31.012778,Adaptive_Self_Calibration,4.0,3,688,True,Informed_Low,0.024320399587446112,69,0.8840579710144928,9.0,0.11531190926275993,"### Explanation
Threshold systems experience sudden shifts when a critical variable (order parameter..."
2025-12-02T09:22:23.578025,Adaptive_Self_Calibration,4.0,3,689,True,Informed_Low,0.024320399587446112,120,0.8083333333333333,8.0,0.05388888888888889,"### Analysis
Threshold systems undergo abrupt changes when a key parameter (order parameter R) reach..."
2025-12-02T09:23:39.542139,Adaptive_Self_Calibration,4.0,3,690,True,Informed_Low,0.024320399587446112,194,0.7835051546391752,9.0,0.03634817727707514,"### Analysis
Threshold systems show dramatic shifts when a key measure (order parameter R) surpasses..."
2025-12-02T09:24:43.877350,Adaptive_Self_Calibration,4.0,3,691,True,Informed_Low,0.024320399587446112,164,0.7987804878048781,10.0,0.04870612730517549,"### Analysis
Threshold systems experience sudden shifts when a key measure (order parameter R) reach..."
2025-12-02T09:25:57.123066,Adaptive_Self_Calibration,4.0,3,692,True,Informed_Low,0.024320399587446112,182,0.7747252747252747,9.0,0.03831059050839271,"### Analysis
Threshold systems show sudden changes when a key measure (order parameter R) exceeds a ..."
2025-12-02T09:26:57.415961,Adaptive_Self_Calibration,4.0,3,693,True,Informed_Low,0.024320399587446112,147,0.8367346938775511,10.0,0.056920727474663334,"### Analysis
Threshold systems demonstrate significant changes when a key measure (order parameter R..."
2025-12-02T09:28:08.780867,Adaptive_Self_Calibration,4.0,3,694,True,Informed_Low,0.024320399587446112,182,0.7747252747252747,9.0,0.03831059050839271,"### Analysis

1. **Simple Explanation:**
   Threshold systems experience sudden changes when a key m..."
2025-12-02T09:29:02.805012,Adaptive_Self_Calibration,4.0,3,695,True,Informed_Low,0.024320399587446112,115,0.8782608695652174,9.0,0.06873345935727788,"### Analysis

1. **Simple Explanation:**
   Threshold systems show sudden changes when a key measure..."
2025-12-02T09:30:07.312170,Adaptive_Self_Calibration,4.0,3,696,True,Informed_Low,0.024320399587446112,72,0.875,9.0,0.109375,"### Analysis

1. **Simple Explanation:**
   Threshold systems change suddenly when a key measure (or..."
2025-12-02T09:31:04.320962,Adaptive_Self_Calibration,4.0,3,697,True,Informed_Low,0.024320399587446112,125,0.824,10.0,0.06592,"### Analysis

1. **Simple Explanation:**
   Threshold systems experience sudden changes when a key m..."
2025-12-02T09:32:10.210407,Adaptive_Self_Calibration,4.0,3,698,True,Informed_Low,0.024320399587446112,139,0.7769784172661871,9.0,0.05030795507478909,"### Analysis

1. **Simple Explanation:**
   Threshold systems experience sudden changes when a key m..."
2025-12-02T09:33:16.087877,Adaptive_Self_Calibration,4.0,3,699,True,Informed_Low,0.024320399587446112,166,0.7409638554216867,10.0,0.04463637683263173,"### Analysis

1. **Simple Explanation:**
   Threshold systems experience sudden changes when a key m..."
2025-12-02T09:34:17.893483,Adaptive_Self_Calibration,4.0,3,700,True,Informed_Low,0.024320399587446112,143,0.7902097902097902,9.0,0.049733483299916864,"### Analysis

1. **Simple Explanation:**
   Threshold systems show sudden changes when a key measure..."
2025-12-02T09:35:41.461339,Adaptive_Self_Calibration,4.0,3,701,True,Informed_Low,0.024320399587446112,229,0.6681222707423581,9.0,0.026258080509524988,"### Analysis

1. **Simple Explanation:**
   Threshold systems show sudden changes when a key measure..."
2025-12-02T09:36:53.157700,Adaptive_Self_Calibration,4.0,3,702,True,Informed_Low,0.024320399587446112,186,0.7311827956989247,9.0,0.035379812695109265,"### Analysis

1. **Simple Explanation:**
   Threshold systems show sudden changes when a specific me..."
2025-12-02T09:38:07.012389,Adaptive_Self_Calibration,4.0,3,703,True,Informed_Low,0.024320399587446112,192,0.734375,10.0,0.038248697916666664,"### Analysis

1. **Simple Explanation:**
   Threshold systems experience sudden changes when a key m..."
2025-12-02T09:39:23.672028,Adaptive_Self_Calibration,4.0,3,704,True,Informed_Low,0.024320399587446112,202,0.698019801980198,10.0,0.03455543574159396,"### Analysis

1. **Simple Explanation:**
   Threshold systems experience sudden changes when a key m..."
2025-12-02T09:40:34.199736,Adaptive_Self_Calibration,4.0,3,705,True,Informed_Low,0.024320399587446112,188,0.7340425531914894,9.0,0.0351403349932096,"### Analysis

1. **Simple Explanation:** Threshold systems change abruptly when a key measure (order..."
2025-12-02T09:41:42.858266,Adaptive_Self_Calibration,4.0,3,706,True,Informed_Low,0.024320399587446112,178,0.7696629213483146,9.0,0.03891554096704961,"### Analysis

1. **Simple Explanation:** Threshold systems change abruptly when a key measure (order..."
2025-12-02T09:42:53.105870,Adaptive_Self_Calibration,4.0,3,707,True,Informed_Low,0.024320399587446112,201,0.6965174129353234,9.0,0.0311873468478503,"### Analysis

1. **Simple Explanation:** Threshold systems change abruptly when a key measure (order..."
2025-12-02T09:43:54.870050,Adaptive_Self_Calibration,4.0,3,708,True,Informed_Low,0.024320399587446112,160,0.74375,9.0,0.0418359375,"### Analysis

1. **Simple Explanation:** Threshold systems experience sudden changes when a key meas..."
2025-12-02T09:45:02.653852,Adaptive_Self_Calibration,4.0,3,709,True,Informed_Low,0.024320399587446112,174,0.7241379310344828,9.0,0.037455410225921526,"### Analysis

1. **Simple Explanation:** Threshold systems change abruptly when a key measure (order..."
2025-12-02T09:46:17.059037,Adaptive_Self_Calibration,4.0,3,710,True,Informed_Low,0.024320399587446112,197,0.6903553299492385,9.0,0.03153907598752866,"### Analysis

1. **Simple Explanation:** Threshold systems abruptly change behavior when a key measu..."
2025-12-02T09:47:16.586812,Adaptive_Self_Calibration,4.0,3,711,True,Informed_Low,0.024320399587446112,148,0.7432432432432432,9.0,0.0451972242512783,"### Analysis

1. **Simple Explanation:** Threshold systems suddenly change behavior when a key measu..."
2025-12-02T09:48:29.133220,Adaptive_Self_Calibration,4.0,3,712,True,Informed_Low,0.024320399587446112,93,0.7526881720430108,9.0,0.07284079084287201,"### Analysis

1. **Simple Explanation:** Threshold systems abruptly change behavior when a key measu..."
2025-12-02T09:49:42.759000,Adaptive_Self_Calibration,4.0,3,713,True,Informed_Low,0.024320399587446112,197,0.6751269035532995,9.0,0.030843361076039064,"### Analysis

1. **Simple Explanation:** Threshold systems change dramatically when a key measure \(..."
2025-12-02T09:50:48.015086,Adaptive_Self_Calibration,4.0,3,714,True,Informed_Low,0.024320399587446112,86,0.7209302325581395,9.0,0.07544618712817738,"### Analysis

1. **Simple Explanation:** Threshold systems show sudden changes when a key variable \..."
2025-12-02T09:51:59.894823,Adaptive_Self_Calibration,4.0,3,715,True,Informed_Low,0.024320399587446112,189,0.7301587301587301,10.0,0.038632737045435454,"### Analysis

1. **Simple Explanation:** Threshold systems change abruptly when a key variable \( R ..."
2025-12-02T09:53:05.457843,Adaptive_Self_Calibration,4.0,3,716,True,Informed_Low,0.024320399587446112,169,0.7633136094674556,10.0,0.045166485767305066,"### Analysis

1. **Simple Explanation:** Threshold systems change abruptly when a key variable \( R ..."
2025-12-02T09:54:07.912686,Adaptive_Self_Calibration,4.0,3,717,True,Informed_Low,0.024320399587446112,163,0.7361963190184049,9.0,0.04064887651021867,"### Analysis

1. **Simple Explanation:** Threshold systems change abruptly when a key variable \( R ..."
2025-12-02T09:55:30.570946,Adaptive_Self_Calibration,4.0,3,718,True,Informed_Low,0.024320399587446112,221,0.6832579185520362,10.0,0.030916647898282183,"### Analysis

1. **Simple Explanation:** Threshold systems change abruptly when a key variable \( R ..."
2025-12-02T09:56:48.311048,Adaptive_Self_Calibration,4.0,3,719,True,Informed_Low,0.024320399587446112,219,0.7214611872146118,10.0,0.03294343320614666,"### Analysis

1. **Simple Explanation:** Threshold systems change abruptly when a key variable \( R ..."
2025-12-02T09:57:32.919284,Adaptive_Self_Calibration,4.0,3,720,True,Informed_Low,0.024320399587446112,149,0.7181208053691275,10.0,0.04819602720598171,"### Analysis

1. **Simple Explanation:** Threshold systems change dramatically when a key variable \..."
2025-12-02T09:58:23.558026,Adaptive_Self_Calibration,4.0,3,721,True,Informed_Low,0.024320399587446112,114,0.7894736842105263,10.0,0.06925207756232687,"### Analysis

1. **Simple Explanation:** Threshold systems change abruptly when a key variable \( R ..."
2025-12-02T09:59:26.948559,Adaptive_Self_Calibration,4.0,3,722,True,Informed_Low,0.024320399587446112,160,0.74375,9.0,0.0418359375,"### Analysis

1. **Simple Explanation:** Threshold systems change abruptly when a key variable \( R ..."
2025-12-02T10:00:09.204382,Adaptive_Self_Calibration,4.0,3,723,True,Informed_Low,0.024320399587446112,133,0.7894736842105263,9.0,0.053423031262366444,"### Analysis

1. **Simple Explanation:** Threshold systems change abruptly when a key variable \( R ..."
2025-12-02T10:01:10.375836,Adaptive_Self_Calibration,4.0,3,724,True,Informed_Low,0.024320399587446112,153,0.7516339869281046,10.0,0.04912640437438592,"### Analysis

1. **Simple Explanation:** Threshold systems change abruptly when a key variable \( R ..."
2025-12-02T10:01:48.792712,Adaptive_Self_Calibration,4.0,3,725,True,Informed_Low,0.024320399587446112,124,0.7903225806451613,10.0,0.063735691987513,"### Analysis

1. **Simple Explanation:** Threshold systems experience abrupt changes when a key vari..."
2025-12-02T10:02:53.250234,Adaptive_Self_Calibration,4.0,3,726,True,Informed_Low,0.024320399587446112,154,0.7272727272727273,9.0,0.04250295159386069,"### Analysis

1. **Simple Explanation:** Threshold systems change abruptly when a key variable \( R ..."
2025-12-02T10:03:56.571550,Adaptive_Self_Calibration,4.0,3,727,True,Informed_Low,0.024320399587446112,155,0.7548387096774194,10.0,0.04869927159209157,"### Analysis

1. **Simple Explanation:** Threshold systems change abruptly when a key variable \( R ..."
2025-12-02T10:04:30.150970,Adaptive_Self_Calibration,4.0,3,728,True,Informed_Low,0.024320399587446112,111,0.8018018018018018,10.0,0.0722343965587209,1. **Simple Explanation:** Threshold systems change suddenly when a key variable \( R \) reaches a c...
2025-12-02T10:05:26.976277,Adaptive_Self_Calibration,4.0,3,729,True,Informed_Low,0.024320399587446112,102,0.7450980392156863,9.0,0.06574394463667821,1. **Simple Explanation:** Threshold systems change suddenly when a key variable \( R \) reaches a c...
2025-12-02T10:06:45.901664,Adaptive_Self_Calibration,4.0,3,730,True,Informed_Low,0.024320399587446112,199,0.7135678391959799,5.0,0.017928840180803512,1. **Simple Explanation:** Threshold systems change dramatically when a key variable \( R \) reaches...
2025-12-02T10:07:48.895729,Adaptive_Self_Calibration,4.0,3,731,True,Informed_Low,0.024320399587446112,157,0.7133757961783439,9.0,0.040894153921051564,1. **Simple Explanation:** Threshold systems change dramatically when a key value \( R \) reaches a ...
2025-12-02T10:09:02.421763,Adaptive_Self_Calibration,4.0,3,732,True,Informed_Low,0.024320399587446112,192,0.7291666666666666,5.0,0.018988715277777776,1. **Simple Explanation:** Threshold systems change dramatically when a key value \( R \) hits a cri...
2025-12-02T10:10:15.740664,Adaptive_Self_Calibration,4.0,3,733,True,Informed_Low,0.024320399587446112,196,0.7244897959183674,9.0,0.0332673885880883,1. **Simple Explanation:** Threshold systems change dramatically when a key value \( R \) reaches a ...
2025-12-02T10:11:12.948002,Adaptive_Self_Calibration,4.0,3,734,True,Informed_Low,0.024320399587446112,131,0.816793893129771,9.0,0.05611561097838121,1. **Simple Explanation:** Threshold systems change dramatically when a key value \( R \) reaches a ...
2025-12-02T10:12:14.798331,Adaptive_Self_Calibration,4.0,3,735,True,Informed_Low,0.024320399587446112,162,0.6728395061728395,9.0,0.03737997256515775,1. **Simple Explanation:** Threshold systems change drastically when a key value \( R \) crosses a c...
2025-12-02T10:13:11.145461,Adaptive_Self_Calibration,4.0,3,736,True,Informed_Low,0.024320399587446112,132,0.75,9.0,0.05113636363636364,1. **Simple Explanation:** Threshold systems change dramatically when a key value \( R \) reaches a ...
2025-12-02T10:14:15.260378,Adaptive_Self_Calibration,4.0,3,737,True,Informed_Low,0.024320399587446112,160,0.725,9.0,0.04078125,1. **Simple Explanation:** Threshold systems change abruptly when a key value \( R \) surpasses a cr...
2025-12-02T10:15:25.118726,Adaptive_Self_Calibration,4.0,3,738,True,Informed_Low,0.024320399587446112,185,0.7081081081081081,9.0,0.034448502556610666,1. **Simple Explanation:** Threshold systems change abruptly when a key value \( R \) reaches or cro...
2025-12-02T10:16:34.933490,Adaptive_Self_Calibration,4.0,3,739,True,Informed_Low,0.024320399587446112,173,0.6878612716763006,9.0,0.035784690434027204,"1. **Explanation:**
   Threshold systems change abruptly when a key value \( R \) (order parameter) ..."
2025-12-02T10:17:30.235311,Adaptive_Self_Calibration,4.0,3,740,True,Informed_Low,0.024320399587446112,124,0.7983870967741935,10.0,0.06438605619146721,"1. **Explanation:**
   Threshold systems change drastically when a key value \( R \) (order paramete..."
2025-12-02T10:18:24.550786,Adaptive_Self_Calibration,4.0,3,741,True,Informed_Low,0.024320399587446112,121,0.8264462809917356,9.0,0.061471210982856364,"1. **Explanation:**
   Threshold systems change abruptly when a key value \( R \) (order parameter) ..."
2025-12-02T10:19:19.173648,Adaptive_Self_Calibration,4.0,3,742,True,Informed_Low,0.024320399587446112,110,0.8636363636363636,9.0,0.07066115702479339,"1. **Explanation:**
   Threshold systems experience sudden changes when a key value \( R \) (order p..."
2025-12-02T10:20:16.356782,Adaptive_Self_Calibration,4.0,3,743,True,Informed_Low,0.024320399587446112,127,0.7637795275590551,5.0,0.03007006014012028,"1. **Explanation:**
   Threshold systems change abruptly when a key value \( R \) (order parameter) ..."
2025-12-02T10:21:27.838731,Adaptive_Self_Calibration,4.0,3,744,True,Informed_Low,0.024320399587446112,174,0.7471264367816092,9.0,0.038644470868014265,"1. **Explanation:**
   Threshold systems show sudden changes when a key value (order parameter \( R ..."
2025-12-02T10:22:30.746689,Adaptive_Self_Calibration,4.0,3,745,True,Informed_Low,0.024320399587446112,150,0.7266666666666667,9.0,0.0436,"1. **Explanation:**
   Threshold systems show sudden changes when a key value (order parameter \( R ..."
2025-12-02T10:23:31.749258,Adaptive_Self_Calibration,4.0,3,746,True,Informed_Low,0.024320399587446112,133,0.7142857142857143,5.0,0.026852846401718585,"1. **Explanation:**
   Threshold systems change abruptly when a key variable (order parameter \( R \..."
2025-12-02T10:24:45.016370,Adaptive_Self_Calibration,4.0,3,747,True,Informed_Low,0.024320399587446112,184,0.6847826086956522,10.0,0.03721644612476371,"1. **Explanation:**
   Threshold systems change abruptly when a key variable (order parameter \( R \..."
2025-12-02T10:26:00.715941,Adaptive_Self_Calibration,4.0,3,748,True,Informed_Low,0.024320399587446112,190,0.7105263157894737,9.0,0.033656509695290854,"1. **Explanation:**
   Threshold systems show sudden changes when a key variable (order parameter \(..."
2025-12-02T10:27:12.665271,Adaptive_Self_Calibration,4.0,3,749,True,Informed_Low,0.024320399587446112,147,0.7142857142857143,9.0,0.04373177842565598,1. **Explanation:** Threshold systems change suddenly when a key variable \( R \) (order parameter) ...
2025-12-02T10:28:17.123750,Adaptive_Self_Calibration,4.0,3,750,True,Informed_Low,0.024320399587446112,159,0.7547169811320755,9.0,0.04271982912068352,1. **Explanation**: Threshold systems show sudden changes when a key measure (order parameter R) rea...
2025-12-02T10:29:15.547258,Adaptive_Self_Calibration,4.0,3,751,True,Informed_Low,0.024320399587446112,146,0.8287671232876712,9.0,0.0510883843122537,"1. **Explanation**: When a system's order parameter R reaches a critical threshold Θ, the system sud..."
2025-12-02T10:30:19.702271,Adaptive_Self_Calibration,4.0,3,752,True,Informed_Low,0.024320399587446112,170,0.7764705882352941,8.0,0.036539792387543256,"1. **Explanation**: When a key variable (order parameter R) reaches a certain point (threshold Θ), a..."
2025-12-02T10:31:18.908218,Adaptive_Self_Calibration,4.0,3,753,True,Informed_Low,0.024320399587446112,163,0.7852760736196319,8.0,0.038541156987466595,1. This statement describes a scenario where a system experiences sudden changes when a key variable...
2025-12-02T10:32:16.019438,Adaptive_Self_Calibration,4.0,3,754,True,Informed_Low,0.024320399587446112,109,0.8256880733944955,9.0,0.06817607945459137,1. Threshold systems have critical points where a small change can lead to a significant shift when ...
2025-12-02T10:33:17.692537,Adaptive_Self_Calibration,4.0,3,755,True,Informed_Low,0.024320399587446112,153,0.7450980392156863,9.0,0.04382929642445214,"1. **Explain in Simple Terms:**
   Threshold systems show sudden changes when a key factor (R) reach..."
2025-12-02T10:34:32.981689,Adaptive_Self_Calibration,4.0,3,756,True,Informed_Low,0.024320399587446112,165,0.7454545454545455,9.0,0.040661157024793386,"1. **Simple Explanation:**
   Threshold systems change suddenly when a key factor (R) reaches a cert..."
2025-12-02T10:35:45.962219,Adaptive_Self_Calibration,4.0,3,757,True,Informed_Low,0.024320399587446112,187,0.786096256684492,9.0,0.03783350968000229,"1. **Simple Explanation:**
   Threshold systems change abruptly when a key factor (R) reaches a thre..."
2025-12-02T10:36:44.080929,Adaptive_Self_Calibration,4.0,3,758,True,Informed_Low,0.024320399587446112,93,0.8172043010752689,9.0,0.07908428720083248,"1. **Simple Explanation:**
   Threshold systems change abruptly when a key parameter (R) reaches a c..."
2025-12-02T10:37:45.309204,Adaptive_Self_Calibration,4.0,3,759,True,Informed_Low,0.024320399587446112,118,0.7966101694915254,5.0,0.03375466819879345,"1. **Simple Explanation:**
   Threshold systems show sudden changes when a key measure (R) surpasses..."
2025-12-02T10:38:37.673483,Adaptive_Self_Calibration,4.0,3,760,True,Informed_Low,0.024320399587446112,115,0.8434782608695652,10.0,0.07334593572778828,1. **Simple Explanation:** Threshold systems change abruptly when a key measure (R) reaches a critic...
2025-12-02T10:39:37.578660,Adaptive_Self_Calibration,4.0,3,761,True,Informed_Low,0.024320399587446112,113,0.8230088495575221,9.0,0.06554937739838672,1. **Simple Explanation:** Threshold systems change suddenly when a key measure (R) reaches a certai...
2025-12-02T10:40:42.280947,Adaptive_Self_Calibration,4.0,3,762,True,Informed_Low,0.024320399587446112,159,0.8113207547169812,9.0,0.04592381630473478,1. **Explanation:** Threshold systems change abruptly when a key measure (R) hits a threshold (Θ). T...
2025-12-02T10:41:47.955902,Adaptive_Self_Calibration,4.0,3,763,True,Informed_Low,0.024320399587446112,125,0.768,9.0,0.055296,"1. **Explain:** When a key measure (R) reaches a specific point (Θ), systems abruptly change. The su..."
2025-12-02T10:42:46.693039,Adaptive_Self_Calibration,4.0,3,764,True,Informed_Low,0.024320399587446112,133,0.8120300751879699,10.0,0.061054892871275926,1. **Explanation:** Threshold systems change suddenly when a key measure (R) reaches a certain point...
2025-12-02T10:43:44.577609,Adaptive_Self_Calibration,4.0,3,765,True,Informed_Low,0.024320399587446112,134,0.7910447761194029,9.0,0.05312987302294497,1. **Explanation:** Threshold systems have sudden changes when a key measure (R) reaches a certain p...
2025-12-02T10:44:43.316767,Adaptive_Self_Calibration,4.0,3,766,True,Informed_Low,0.024320399587446112,134,0.8208955223880597,9.0,0.05513477389173536,1. **Explanation:** Threshold systems change abruptly when a key measure (R) reaches a certain point...
2025-12-02T10:45:39.226820,Adaptive_Self_Calibration,4.0,3,767,True,Informed_Low,0.024320399587446112,122,0.7704918032786885,9.0,0.05683955925826391,1. **Explanation:** Threshold systems show sudden changes when a key measure (R) reaches a specific ...
2025-12-02T10:46:42.992854,Adaptive_Self_Calibration,4.0,3,768,True,Informed_Low,0.024320399587446112,158,0.7848101265822784,9.0,0.044704374298990546,1. **Explanation:** Threshold systems show sudden changes when a key measure (R) reaches a specific ...
2025-12-02T10:47:40.517587,Adaptive_Self_Calibration,4.0,3,769,True,Informed_Low,0.024320399587446112,134,0.7835820895522388,9.0,0.052628647805747386,1. **Explanation:** Threshold systems change drastically when a key measure (R) reaches a specific p...
2025-12-02T10:48:40.646393,Adaptive_Self_Calibration,4.0,3,770,True,Informed_Low,0.024320399587446112,134,0.7835820895522388,9.0,0.052628647805747386,1. **Explanation:** Threshold systems change dramatically when a key parameter R surpasses a critica...
2025-12-02T10:49:33.274872,Adaptive_Self_Calibration,4.0,3,771,True,Informed_Low,0.024320399587446112,111,0.8558558558558559,9.0,0.06939371804236669,1. **Explanation:** Threshold systems change drastically when a key value (R) reaches a specific poi...
2025-12-02T10:50:31.484799,Adaptive_Self_Calibration,4.0,3,772,True,Informed_Low,0.024320399587446112,66,0.8181818181818182,8.0,0.09917355371900827,1. **Explanation:** Threshold systems change abruptly when a key value (R) hits a threshold (Θ). The...
2025-12-02T10:51:30.030141,Adaptive_Self_Calibration,4.0,3,773,True,Informed_Low,0.024320399587446112,114,0.7982456140350878,9.0,0.06301939058171745,1. **Explanation:** Threshold systems undergo sudden changes when a key value (R) reaches a critical...
2025-12-02T10:52:28.835769,Adaptive_Self_Calibration,4.0,3,774,True,Informed_Low,0.024320399587446112,106,0.7830188679245284,10.0,0.07386970452118193,1. **Explanation:** Threshold systems change abruptly when a key value (R) hits a critical point (Θ)...
2025-12-02T10:53:23.178680,Adaptive_Self_Calibration,4.0,3,775,True,Informed_Low,0.024320399587446112,105,0.819047619047619,9.0,0.07020408163265306,1. **Explanation:** Threshold systems show sudden changes when a key value (R) reaches a critical po...
2025-12-02T10:54:18.895725,Adaptive_Self_Calibration,4.0,3,776,True,Informed_Low,0.024320399587446112,120,0.875,9.0,0.065625,1. **Explanation:** Threshold systems show sudden shifts when a key value (R) reaches a critical poi...
2025-12-02T10:55:09.676761,Adaptive_Self_Calibration,4.0,3,777,True,Informed_Low,0.024320399587446112,82,0.8902439024390244,10.0,0.10856632956573468,1. **Explanation:** Threshold systems change abruptly when a key variable (R) hits a critical level ...
2025-12-02T10:56:03.596415,Adaptive_Self_Calibration,4.0,3,778,True,Informed_Low,0.024320399587446112,118,0.847457627118644,9.0,0.06463659867854064,1. **Explanation:** Threshold systems change abruptly when a key variable (R) reaches a critical lev...
2025-12-02T10:56:58.932346,Adaptive_Self_Calibration,4.0,3,779,True,Informed_Low,0.024320399587446112,124,0.8387096774193549,9.0,0.06087408949011447,1. **Explanation:** Threshold systems change suddenly when a key variable (R) hits a critical point ...
2025-12-02T10:57:47.253384,Adaptive_Self_Calibration,4.0,3,780,True,Informed_Low,0.024320399587446112,100,0.84,9.0,0.0756,1. **Explanation:** Systems with thresholds react dramatically when a key factor (R) reaches a criti...
2025-12-02T10:58:42.984233,Adaptive_Self_Calibration,4.0,3,781,True,Informed_Low,0.024320399587446112,105,0.8571428571428571,9.0,0.07346938775510203,1. **Explanation:** Systems with thresholds react dramatically when a key factor (R) reaches a criti...
2025-12-02T10:59:37.107960,Adaptive_Self_Calibration,4.0,3,782,True,Informed_Low,0.024320399587446112,116,0.8275862068965517,10.0,0.07134363852556481,1. **Explanation:** Systems with thresholds react dramatically when a key factor (R) reaches a criti...
2025-12-02T11:00:29.922070,Adaptive_Self_Calibration,4.0,3,783,True,Informed_Low,0.024320399587446112,100,0.86,9.0,0.0774,1. **Explain:** Threshold systems change dramatically when a key factor (R) hits a critical point (Θ...
2025-12-02T11:01:26.325174,Adaptive_Self_Calibration,4.0,3,784,True,Informed_Low,0.024320399587446112,125,0.832,9.0,0.059904,1. **Explanation:** Threshold systems show sudden changes when a key factor (R) reaches a critical p...
2025-12-02T11:02:13.866540,Adaptive_Self_Calibration,4.0,3,785,True,Informed_Low,0.024320399587446112,93,0.8602150537634409,8.0,0.07399699387212394,1. **Explanation:** Threshold systems change suddenly when a key factor (R) reaches a critical point...
2025-12-02T11:03:03.022246,Adaptive_Self_Calibration,4.0,3,786,True,Informed_Low,0.024320399587446112,102,0.8529411764705882,10.0,0.08362168396770472,1. **Explanation:** Threshold systems change suddenly when a key factor (R) reaches a critical point...
2025-12-02T11:03:36.168199,Adaptive_Self_Calibration,4.0,3,787,True,Informed_Low,0.024320399587446112,102,0.8137254901960784,9.0,0.07179930795847751,1. **Explanation:** Threshold systems have sudden changes when a key factor (R) reaches a critical p...
2025-12-02T11:04:27.595887,Adaptive_Self_Calibration,4.0,3,788,True,Informed_Low,0.024320399587446112,89,0.8314606741573034,9.0,0.08408029289231157,1. **Explanation:** Threshold systems change abruptly when a key factor (R) reaches a critical point...
2025-12-02T11:05:19.852646,Adaptive_Self_Calibration,4.0,3,789,True,Informed_Low,0.024320399587446112,108,0.8240740740740741,9.0,0.06867283950617284,1. **Explanation:** Threshold systems change suddenly when a key factor (R) reaches a critical point...
2025-12-02T11:06:12.352237,Adaptive_Self_Calibration,4.0,3,790,True,Informed_Low,0.024320399587446112,109,0.8440366972477065,8.0,0.06194764750441882,1. **Explanation:** Threshold systems change dramatically when a key factor (R) reaches a certain po...
2025-12-02T11:07:01.256908,Adaptive_Self_Calibration,4.0,3,791,True,Informed_Low,0.024320399587446112,97,0.865979381443299,8.0,0.0714209799128494,1. **Explanation:** Threshold systems show sudden changes when a key factor (R) reaches a certain le...
2025-12-02T11:07:52.021707,Adaptive_Self_Calibration,4.0,3,792,True,Informed_Low,0.024320399587446112,104,0.875,8.0,0.0673076923076923,1. **Explanation:** Threshold systems show sudden changes when a key factor (R) reaches a certain le...
2025-12-02T11:08:39.856986,Adaptive_Self_Calibration,4.0,3,793,True,Informed_Low,0.024320399587446112,98,0.8469387755102041,9.0,0.07778009162848813,1. **Explanation:** Threshold systems show sudden shifts when a key factor (R) reaches a critical po...
2025-12-02T11:09:28.779907,Adaptive_Self_Calibration,4.0,3,794,True,Informed_Low,0.024320399587446112,99,0.8080808080808081,9.0,0.07346189164370982,1. **Explanation:** Threshold systems change suddenly when a key factor (R) reaches a critical point...
2025-12-02T11:10:18.982239,Adaptive_Self_Calibration,4.0,3,795,True,Informed_Low,0.024320399587446112,98,0.8979591836734694,9.0,0.08246563931695126,1. **Explanation:** Threshold systems change suddenly when a key factor (R) hits a critical point (Θ...
2025-12-02T11:11:15.319356,Adaptive_Self_Calibration,4.0,3,796,True,Informed_Low,0.024320399587446112,96,0.875,9.0,0.08203125,1. **Explanation:** Threshold systems change abruptly when a key factor (R) reaches a critical point...
2025-12-02T11:12:10.065033,Adaptive_Self_Calibration,4.0,3,797,True,Informed_Low,0.024320399587446112,122,0.8442622950819673,9.0,0.06228164471916152,1. **Explanation:** Threshold systems change abruptly when a key variable (R) reaches a critical val...
2025-12-02T11:12:55.301127,Adaptive_Self_Calibration,4.0,3,798,True,Informed_Low,0.024320399587446112,85,0.8705882352941177,10.0,0.10242214532871974,1. **Explanation:** Threshold systems undergo sudden changes when a key variable (R) exceeds a criti...
2025-12-02T11:13:51.471438,Adaptive_Self_Calibration,4.0,3,799,True,Informed_Low,0.024320399587446112,122,0.8032786885245902,9.0,0.059258263907551734,1. **Explanation:** Threshold systems change abruptly when a key variable (R) surpasses a critical v...
2025-12-02T11:14:56.477678,Adaptive_Self_Calibration,4.0,3,800,True,Informed_Low,0.024320399587446112,158,0.759493670886076,8.0,0.03845537574106714,1. **Explanation:** Threshold systems have critical points where small changes can lead to significa...
2025-12-02T11:16:06.288452,Adaptive_Self_Calibration,4.0,3,801,True,Informed_Low,0.024320399587446112,158,0.7911392405063291,9.0,0.04506489344656305,1. **Explanation:** Threshold systems have specific points where small changes can cause big shifts....
2025-12-02T11:16:58.436145,Adaptive_Self_Calibration,4.0,3,802,True,Informed_Low,0.024320399587446112,108,0.8518518518518519,9.0,0.07098765432098765,1. **Explanation:** Threshold systems abruptly change behavior when a key variable (R) hits its crit...
2025-12-02T11:17:54.380041,Adaptive_Self_Calibration,4.0,3,803,True,Informed_Low,0.024320399587446112,123,0.8130081300813008,9.0,0.059488399762046396,"1. **Explanation:** In threshold systems, a sudden change occurs when a key variable reaches a criti..."
2025-12-02T11:18:59.893115,Adaptive_Self_Calibration,4.0,3,804,True,Informed_Low,0.024320399587446112,153,0.7647058823529411,5.0,0.02499038831218762,"1. **Explain:** In threshold systems, when a key variable (order parameter R) reaches a critical poi..."
2025-12-02T11:20:02.216140,Adaptive_Self_Calibration,4.0,3,805,True,Informed_Low,0.024320399587446112,139,0.8129496402877698,9.0,0.052637027068992294,"1. **Explain:** In threshold systems, when a key value (order parameter R) reaches a certain point (..."
2025-12-02T11:21:06.570739,Adaptive_Self_Calibration,4.0,3,806,True,Informed_Low,0.024320399587446112,154,0.7922077922077922,9.0,0.04629785798616968,"1. **Explanation:** In threshold systems, when a key value (order parameter R) reaches a certain poi..."
2025-12-02T11:22:09.018776,Adaptive_Self_Calibration,4.0,3,807,True,Informed_Low,0.024320399587446112,142,0.8380281690140845,9.0,0.053114461416385636,"1. **Explanation:**
   Threshold systems show sudden changes when a key factor (order parameter R) r..."
2025-12-02T11:22:56.893916,Adaptive_Self_Calibration,4.0,3,808,True,Informed_Low,0.024320399587446112,97,0.8969072164948454,8.0,0.07397172919545117,1. **Explanation:** Threshold systems change abruptly when a key factor (order parameter R) surpasse...
2025-12-02T11:23:58.795956,Adaptive_Self_Calibration,4.0,3,809,True,Informed_Low,0.024320399587446112,140,0.8142857142857143,10.0,0.058163265306122446,1. **Explanation:** Threshold systems change abruptly when a key factor (order parameter R) reaches ...
2025-12-02T11:24:59.582568,Adaptive_Self_Calibration,4.0,3,810,True,Informed_Low,0.024320399587446112,48,0.8958333333333334,9.0,0.16796875,1. **Explanation:** Threshold systems change dramatically when a key factor (order parameter R) surp...
2025-12-02T11:25:54.634332,Adaptive_Self_Calibration,4.0,3,811,True,Informed_Low,0.024320399587446112,119,0.8739495798319328,9.0,0.06609702704611256,1. **Explanation:** Threshold systems change abruptly when a key variable (order parameter R) reache...
2025-12-02T11:26:48.459009,Adaptive_Self_Calibration,4.0,3,812,True,Informed_Low,0.024320399587446112,112,0.8660714285714286,8.0,0.06186224489795918,1. **Explanation:** Threshold systems change abruptly when a key variable (order parameter R) reache...
2025-12-02T11:27:41.015208,Adaptive_Self_Calibration,4.0,3,813,True,Informed_Low,0.024320399587446112,110,0.8818181818181818,8.0,0.06413223140495868,1. **Explanation:** Threshold systems change abruptly when a key variable (order parameter R) reache...
2025-12-02T11:28:13.626721,Adaptive_Self_Calibration,4.0,3,814,True,Informed_Low,0.024320399587446112,98,0.8979591836734694,8.0,0.07330279050395669,1. **Explanation:** Threshold systems change abruptly when a key variable (R) hits a critical point ...
2025-12-02T11:29:02.867839,Adaptive_Self_Calibration,4.0,3,815,True,Informed_Low,0.024320399587446112,100,0.88,9.0,0.07919999999999999,1. **Explanation:** Threshold systems change dramatically when a key variable (R) reaches a critical...
2025-12-02T11:29:54.216503,Adaptive_Self_Calibration,4.0,3,816,True,Informed_Low,0.024320399587446112,68,0.8970588235294118,8.0,0.1055363321799308,1. **Explanation:** Threshold systems change dramatically when a key variable (R) hits a critical va...
2025-12-02T11:30:49.996455,Adaptive_Self_Calibration,4.0,3,817,True,Informed_Low,0.024320399587446112,129,0.813953488372093,8.0,0.05047773571299802,1. **Explanation:** Threshold systems have sudden changes when a key variable (R) reaches a critical...
2025-12-02T11:31:46.310130,Adaptive_Self_Calibration,4.0,3,818,True,Informed_Low,0.024320399587446112,124,0.8306451612903226,9.0,0.06028876170655568,1. **Explanation:** Threshold systems change abruptly when a key factor reaches a certain point. The...
2025-12-02T11:32:54.818960,Adaptive_Self_Calibration,4.0,3,819,True,Informed_Low,0.024320399587446112,177,0.751412429378531,9.0,0.038207411663315136,"1. **Explanation:** Threshold systems show sudden changes when a key factor, represented by the orde..."
2025-12-02T11:34:05.945575,Adaptive_Self_Calibration,4.0,3,820,True,Informed_Low,0.024320399587446112,182,0.7252747252747253,9.0,0.03586523366743147,"1. **Explanation:** When a key factor (order parameter R) reaches a certain point (threshold Θ), a s..."
2025-12-02T11:35:11.737924,Adaptive_Self_Calibration,4.0,3,821,True,Informed_Low,0.024320399587446112,56,0.8392857142857143,9.0,0.13488520408163265,1. **Explanation:** Threshold systems change behavior abruptly when a key factor (order parameter R)...
2025-12-02T11:36:10.513805,Adaptive_Self_Calibration,4.0,3,822,True,Informed_Low,0.024320399587446112,105,0.8761904761904762,9.0,0.07510204081632653,1. **Explanation:** Threshold systems change behavior dramatically when a key factor (order paramete...
2025-12-02T11:37:17.772282,Adaptive_Self_Calibration,4.0,3,823,True,Informed_Low,0.024320399587446112,172,0.7616279069767442,9.0,0.039852623039480804,1. **Explanation:** Threshold systems behave normally until a specific condition (order parameter R)...
2025-12-02T11:38:22.850868,Adaptive_Self_Calibration,4.0,3,824,True,Informed_Low,0.024320399587446112,163,0.7668711656441718,8.0,0.03763784862057285,1. **Explanation:** Threshold systems change their behavior abruptly when a certain value (R) exceed...
2025-12-02T11:39:15.763846,Adaptive_Self_Calibration,4.0,3,825,True,Informed_Low,0.024320399587446112,106,0.8584905660377359,9.0,0.07289070843716625,1. **Explanation:** Threshold systems react suddenly when a key factor (R) reaches a critical level ...
2025-12-02T11:40:14.335029,Adaptive_Self_Calibration,4.0,3,826,True,Informed_Low,0.024320399587446112,131,0.8320610687022901,8.0,0.050812889691742906,1. **Explanation:** Threshold systems change abruptly when a factor (R) reaches a critical point (Θ)...
2025-12-02T11:41:19.647357,Adaptive_Self_Calibration,4.0,3,827,True,Informed_Low,0.024320399587446112,161,0.7763975155279503,9.0,0.04340110335249412,"1. **Explanation:** In threshold systems, changes occur suddenly when a specific factor (R) reaches ..."
2025-12-02T11:42:10.251132,Adaptive_Self_Calibration,4.0,3,828,True,Informed_Low,0.024320399587446112,105,0.8380952380952381,9.0,0.07183673469387755,"1. **Explanation:** In threshold systems, a sudden change occurs when a value (R) reaches a certain ..."
2025-12-02T11:43:04.642801,Adaptive_Self_Calibration,4.0,3,829,True,Informed_Low,0.024320399587446112,120,0.7666666666666667,9.0,0.0575,"1. **Explanation:** In threshold systems, a sudden shift happens when a variable (R) hits a critical..."
2025-12-02T11:44:00.309551,Adaptive_Self_Calibration,4.0,3,830,True,Informed_Low,0.024320399587446112,122,0.7622950819672131,8.0,0.0499865627519484,1. **Explanation:** Threshold systems show sudden changes when a key factor (R) reaches a certain le...
2025-12-02T11:45:04.087586,Adaptive_Self_Calibration,4.0,3,831,True,Informed_Low,0.024320399587446112,150,0.7933333333333333,9.0,0.047599999999999996,"1. **Explanation:** In threshold systems, a sudden shift occurs when a key factor (R) hits a critica..."
2025-12-02T11:46:07.951694,Adaptive_Self_Calibration,4.0,3,832,True,Informed_Low,0.024320399587446112,159,0.8238993710691824,8.0,0.0414540564059966,1. **Explanation:** Threshold systems change abruptly when a key factor (R) reaches a critical point...
2025-12-02T11:47:06.384083,Adaptive_Self_Calibration,4.0,3,833,True,Informed_Low,0.024320399587446112,132,0.7727272727272727,9.0,0.05268595041322314,**1. Explanation:** Threshold systems change abruptly when a key variable (R) surpasses a critical v...
2025-12-02T11:48:01.881427,Adaptive_Self_Calibration,4.0,3,834,True,Informed_Low,0.024320399587446112,125,0.816,9.0,0.058752,1. **Explanation:** Threshold systems change dramatically when a key variable (R) reaches a critical...
2025-12-02T11:49:03.085875,Adaptive_Self_Calibration,4.0,3,835,True,Informed_Low,0.024320399587446112,143,0.7762237762237763,9.0,0.04885324465744047,1. **Explanation:** Threshold systems change abruptly when a key variable (R) reaches a critical poi...
2025-12-02T11:49:59.692432,Adaptive_Self_Calibration,4.0,3,836,True,Informed_Low,0.024320399587446112,131,0.8625954198473282,9.0,0.05926228075286988,"1. **Explanation:** Threshold systems have a key variable (R) that, when it reaches a certain point ..."
2025-12-02T11:50:50.380946,Adaptive_Self_Calibration,4.0,3,837,True,Informed_Low,0.024320399587446112,92,0.8478260869565217,9.0,0.08293950850661626,1. **Explanation:** Threshold systems show sudden changes when a key variable (R) reaches a critical...
2025-12-02T11:51:37.523976,Adaptive_Self_Calibration,4.0,3,838,True,Informed_Low,0.024320399587446112,90,0.8888888888888888,9.0,0.08888888888888889,1. **Explanation:** Threshold systems change dramatically when a key variable (R) reaches a critical...
2025-12-02T11:52:29.062132,Adaptive_Self_Calibration,4.0,3,839,True,Informed_Low,0.024320399587446112,109,0.8532110091743119,10.0,0.07827623937379008,1. **Explanation:** Threshold systems change dramatically when a key variable (R) reaches a critical...
2025-12-02T11:53:23.808141,Adaptive_Self_Calibration,4.0,3,840,True,Informed_Low,0.024320399587446112,114,0.7894736842105263,9.0,0.062326869806094184,1. **Explanation:** Threshold systems change abruptly when a key variable (R) reaches a critical val...
2025-12-02T11:54:20.271119,Adaptive_Self_Calibration,4.0,3,841,True,Informed_Low,0.024320399587446112,78,0.8717948717948718,8.0,0.08941485864562788,1. **Explanation:** Threshold systems change dramatically when a key variable (R) hits a critical po...
2025-12-02T11:55:11.662684,Adaptive_Self_Calibration,4.0,3,842,True,Informed_Low,0.024320399587446112,113,0.831858407079646,9.0,0.06625420941342314,1. **Explanation:** Threshold systems change drastically when a key factor (R) reaches a critical le...
2025-12-02T11:56:03.471056,Adaptive_Self_Calibration,4.0,3,843,True,Informed_Low,0.024320399587446112,108,0.8703703703703703,9.0,0.07253086419753087,1. **Explanation:** Threshold systems change abruptly when a key variable (R) reaches a critical val...
2025-12-02T11:57:01.344243,Adaptive_Self_Calibration,4.0,3,844,True,Informed_Low,0.024320399587446112,130,0.8615384615384616,8.0,0.05301775147928994,1. **Explanation:** Threshold systems change suddenly when a key variable (R) reaches a critical val...
2025-12-02T11:58:00.856231,Adaptive_Self_Calibration,4.0,3,845,True,Informed_Low,0.024320399587446112,135,0.8074074074074075,10.0,0.0598079561042524,1. **Simplified Explanation:** Threshold systems change abruptly when a key variable R reaches a cri...
2025-12-02T11:59:06.572479,Adaptive_Self_Calibration,4.0,3,846,True,Informed_Low,0.024320399587446112,164,0.7987804878048781,10.0,0.04870612730517549,1. **Simplified Explanation:** Threshold systems change dramatically when a key variable R reaches a...
2025-12-02T12:00:15.038718,Adaptive_Self_Calibration,4.0,3,847,True,Informed_Low,0.024320399587446112,171,0.7777777777777778,9.0,0.04093567251461988,1. **Simplified Explanation:** Threshold systems change drastically when a key variable R (order par...
2025-12-02T12:01:10.766532,Adaptive_Self_Calibration,4.0,3,848,True,Informed_Low,0.024320399587446112,123,0.8048780487804879,10.0,0.06543723973825104,1. **Simple Explanation:** Threshold systems change abruptly when a key value (R) hits a specific po...
2025-12-02T12:02:10.761231,Adaptive_Self_Calibration,4.0,3,849,True,Informed_Low,0.024320399587446112,124,0.8225806451612904,9.0,0.05970343392299688,1. **Simple Explanation:** Threshold systems change dramatically when a key variable (R) reaches a c...
2025-12-02T12:03:06.640545,Adaptive_Self_Calibration,4.0,3,850,True,Informed_Low,0.024320399587446112,124,0.8064516129032258,9.0,0.05853277835587929,1. **Simple Explanation:** Threshold systems have sudden changes when a key measure (R) reaches a cr...
2025-12-02T12:04:03.905802,Adaptive_Self_Calibration,4.0,3,851,True,Informed_Low,0.024320399587446112,52,0.9038461538461539,9.0,0.15643491124260356,1. **Simple Explanation:** Threshold systems show sudden changes when a key measure (R) reaches a cr...
2025-12-02T12:05:03.044416,Adaptive_Self_Calibration,4.0,3,852,True,Informed_Low,0.024320399587446112,106,0.8301886792452831,9.0,0.0704877180491278,1. **Simple Explanation:** Threshold systems experience sudden changes when a key measure (R) reache...
2025-12-02T12:06:01.890800,Adaptive_Self_Calibration,4.0,3,853,True,Informed_Low,0.024320399587446112,137,0.8321167883211679,9.0,0.05466460653204752,1. **Simple Explanation:** Systems undergo sudden changes when a key measure (R) reaches a critical ...
2025-12-02T12:06:58.385647,Adaptive_Self_Calibration,4.0,3,854,True,Informed_Low,0.024320399587446112,127,0.7952755905511811,9.0,0.056358112716225435,1. **Simple Explanation:** Threshold systems change suddenly when a key factor (R) reaches a certain...
2025-12-02T12:07:50.558648,Adaptive_Self_Calibration,4.0,3,855,True,Informed_Low,0.024320399587446112,91,0.8351648351648352,10.0,0.09177635551261926,1. **Simple Explanation:** Threshold systems change suddenly when a key factor (R) reaches a certain...
2025-12-02T12:08:47.445248,Adaptive_Self_Calibration,4.0,3,856,True,Informed_Low,0.024320399587446112,135,0.8148148148148148,9.0,0.05432098765432099,1. **Simple Explanation:** Threshold systems change abruptly when a key factor (R) reaches a certain...
2025-12-02T12:09:39.082409,Adaptive_Self_Calibration,4.0,3,857,True,Informed_Low,0.024320399587446112,113,0.8230088495575221,9.0,0.06554937739838672,1. **Simple Explanation:** Threshold systems change drastically when a key factor (R) reaches a cert...
2025-12-02T12:10:40.841574,Adaptive_Self_Calibration,4.0,3,858,True,Informed_Low,0.024320399587446112,147,0.8095238095238095,9.0,0.04956268221574344,1. **Simple Explanation:** Threshold systems change abruptly when a key variable (R) reaches a speci...
2025-12-02T12:11:36.419062,Adaptive_Self_Calibration,4.0,3,859,True,Informed_Low,0.024320399587446112,128,0.8125,9.0,0.05712890625,1. **Simple Explanation:** Threshold systems change suddenly when a key variable (R) reaches a speci...
2025-12-02T12:12:35.284707,Adaptive_Self_Calibration,4.0,3,860,True,Informed_Low,0.024320399587446112,102,0.8235294117647058,9.0,0.07266435986159168,1. **Simple Explanation:** Threshold systems change suddenly when a key variable (R) reaches a speci...
2025-12-02T12:13:20.617888,Adaptive_Self_Calibration,4.0,3,861,True,Informed_Low,0.024320399587446112,71,0.8450704225352113,10.0,0.11902400317397341,1. **Simple Explanation:** Threshold systems change suddenly when a key variable (R) reaches a speci...
2025-12-02T12:14:18.437835,Adaptive_Self_Calibration,4.0,3,862,True,Informed_Low,0.024320399587446112,139,0.8633093525179856,8.0,0.049686869209668236,1. **Simple Explanation:** Threshold systems change drastically when a key measure (R) reaches a cer...
2025-12-02T12:15:19.740629,Adaptive_Self_Calibration,4.0,3,863,True,Informed_Low,0.024320399587446112,138,0.7971014492753623,9.0,0.05198487712665406,1. **Simple Explanation:** Threshold systems change abruptly when a key measure (R) reaches a certai...
2025-12-02T12:16:36.608351,Adaptive_Self_Calibration,4.0,3,864,True,Informed_Low,0.024320399587446112,195,0.7128205128205128,9.0,0.03289940828402367,1. **Simple Explanation:** Threshold systems change abruptly when a key measure (R) reaches a certai...
2025-12-02T12:17:15.840200,Adaptive_Self_Calibration,4.0,3,865,True,Informed_Low,0.024320399587446112,125,0.824,10.0,0.06592,1. **Simple Explanation:** Threshold systems have clear shifts when a key measure (R) hits a certain...
2025-12-02T12:18:14.905696,Adaptive_Self_Calibration,4.0,3,866,True,Informed_Low,0.024320399587446112,138,0.8478260869565217,10.0,0.06143667296786389,1. **Simple Explanation:** Threshold systems change suddenly when a key measure (R) reaches a specif...
2025-12-02T12:19:11.375082,Adaptive_Self_Calibration,4.0,3,867,True,Informed_Low,0.024320399587446112,124,0.8467741935483871,10.0,0.06828824141519252,1. **Simple Explanation:** Threshold systems change suddenly when a critical value (R) reaches a spe...
2025-12-02T12:20:08.194888,Adaptive_Self_Calibration,4.0,3,868,True,Informed_Low,0.024320399587446112,128,0.796875,10.0,0.062255859375,1. **Simple Explanation:** Threshold systems change drastically when a key value (R) hits a critical...
2025-12-02T12:21:14.513745,Adaptive_Self_Calibration,4.0,3,869,True,Informed_Low,0.024320399587446112,156,0.7884615384615384,9.0,0.04548816568047337,1. **Simple Explanation:** Threshold systems change abruptly when a key value (R) reaches a critical...
2025-12-02T12:22:12.555747,Adaptive_Self_Calibration,4.0,3,870,True,Informed_Low,0.024320399587446112,136,0.8308823529411765,9.0,0.05498486159169551,1. **Simple Explanation:** Threshold systems change suddenly when a key value (R) reaches a critical...
2025-12-02T12:23:15.473182,Adaptive_Self_Calibration,4.0,3,871,True,Informed_Low,0.024320399587446112,144,0.8194444444444444,9.0,0.051215277777777776,1. **Simple Explanation:** Threshold systems change abruptly when a key value (R) reaches a critical...
2025-12-02T12:24:21.845176,Adaptive_Self_Calibration,4.0,3,872,True,Informed_Low,0.024320399587446112,160,0.8,9.0,0.045,1. **Simple Explanation:** Threshold systems change dramatically when a key factor (R) reaches a cri...
2025-12-02T12:25:10.790170,Adaptive_Self_Calibration,4.0,3,873,True,Informed_Low,0.024320399587446112,108,0.8055555555555556,9.0,0.06712962962962964,1. Simple Explanation: Threshold systems change dramatically when a certain factor (R) reaches a cri...
2025-12-02T12:26:07.487361,Adaptive_Self_Calibration,4.0,3,874,True,Informed_Low,0.024320399587446112,129,0.8217054263565892,8.0,0.05095847605312181,1. Simple Explanation: Threshold systems shift dramatically when a key factor (R) reaches a critical...
2025-12-02T12:27:20.285231,Adaptive_Self_Calibration,4.0,3,875,True,Informed_Low,0.024320399587446112,185,0.7783783783783784,8.0,0.03365960555149745,"1. **Simple Explanation**: When a system reaches a critical point, it can suddenly change its behavi..."
2025-12-02T12:28:21.479194,Adaptive_Self_Calibration,4.0,3,876,True,Informed_Low,0.024320399587446112,146,0.8561643835616438,9.0,0.052777256520923244,1. **Simple Explanation**: Threshold systems change suddenly when a key factor (order parameter R) r...
2025-12-02T12:29:24.468351,Adaptive_Self_Calibration,4.0,3,877,True,Informed_Low,0.024320399587446112,139,0.8345323741007195,9.0,0.05403447026551421,1. **Simple Explanation**: Threshold systems change abruptly when a key factor (order parameter R) r...
2025-12-02T12:30:21.341108,Adaptive_Self_Calibration,4.0,3,878,True,Informed_Low,0.024320399587446112,130,0.8538461538461538,8.0,0.05254437869822485,1. **Simple Explanation**: Threshold systems show sudden changes when a key factor (order parameter ...
2025-12-02T12:31:25.916181,Adaptive_Self_Calibration,4.0,3,879,True,Informed_Low,0.024320399587446112,153,0.8235294117647058,5.0,0.026912725874663587,1. **Simple Explanation**: Threshold systems experience sudden changes when a key factor (order para...
2025-12-02T12:32:29.970180,Adaptive_Self_Calibration,4.0,3,880,True,Informed_Low,0.024320399587446112,150,0.7666666666666667,8.0,0.04088888888888889,1. **Simple Explanation**: Threshold systems change abruptly when a key factor (order parameter R) r...
2025-12-02T12:33:29.190135,Adaptive_Self_Calibration,4.0,3,881,True,Informed_Low,0.024320399587446112,136,0.8455882352941176,9.0,0.05595804498269896,1. **Simple Explanation**: Systems that operate at a threshold change suddenly when a key measure (o...
2025-12-02T12:34:25.002940,Adaptive_Self_Calibration,4.0,3,882,True,Informed_Low,0.024320399587446112,128,0.8515625,8.0,0.05322265625,1. Simple Explanation: Threshold systems change suddenly when a key measure (order parameter R) reac...
2025-12-02T12:35:21.798286,Adaptive_Self_Calibration,4.0,3,883,True,Informed_Low,0.024320399587446112,130,0.8461538461538461,8.0,0.05207100591715976,1. Simple Explanation: Threshold systems change suddenly when a key measure (order parameter R) hits...
2025-12-02T12:36:31.400248,Adaptive_Self_Calibration,4.0,3,884,True,Informed_Low,0.024320399587446112,180,0.7277777777777777,9.0,0.03638888888888889,1. **Simple Explanation**: Threshold systems change suddenly when a key measure (order parameter R) ...
2025-12-02T12:37:32.640349,Adaptive_Self_Calibration,4.0,3,885,True,Informed_Low,0.024320399587446112,140,0.8214285714285714,5.0,0.02933673469387755,1. **Simple Explanation**: Threshold systems change suddenly when a key measure (order parameter R) ...
2025-12-02T12:38:29.899956,Adaptive_Self_Calibration,4.0,3,886,True,Informed_Low,0.024320399587446112,129,0.8449612403100775,9.0,0.058950784207679824,1. **Simple Explanation:** Threshold systems change suddenly when a key value (order parameter R) re...
2025-12-02T12:39:35.560498,Adaptive_Self_Calibration,4.0,3,887,True,Informed_Low,0.024320399587446112,158,0.8037974683544303,9.0,0.04578593174170806,1. **Simple Explanation:** Threshold systems abruptly change when a key value (order parameter R) hi...
2025-12-02T12:40:37.741302,Adaptive_Self_Calibration,4.0,3,888,True,Informed_Low,0.024320399587446112,143,0.7412587412587412,5.0,0.025918137806249693,"1. **Explanation**: When a certain value (order parameter R) reaches a specific point (threshold Θ),..."
2025-12-02T12:41:45.280175,Adaptive_Self_Calibration,4.0,3,889,True,Informed_Low,0.024320399587446112,161,0.8136645962732919,8.0,0.04043053894525674,"1. **Explanation**: When a key variable (order parameter R) hits a specific point (threshold Θ), sys..."
2025-12-02T12:42:53.906114,Adaptive_Self_Calibration,4.0,3,890,True,Informed_Low,0.024320399587446112,161,0.7639751552795031,9.0,0.04270668569885421,"1. **Explanation**: When a key measure (order parameter R) reaches a critical level (threshold Θ), s..."
2025-12-02T12:44:04.519092,Adaptive_Self_Calibration,4.0,3,891,True,Informed_Low,0.024320399587446112,172,0.7965116279069767,10.0,0.04630881557598702,"1. **Explain**: When a key measure (order parameter R) reaches a certain level (threshold Θ), system..."
2025-12-02T12:45:25.025377,Adaptive_Self_Calibration,4.0,3,892,True,Informed_Low,0.024320399587446112,210,0.7238095238095238,5.0,0.017233560090702947,"1. **Explanation**: In threshold systems, when a key measure (order parameter R) reaches a certain l..."
2025-12-02T12:46:39.735362,Adaptive_Self_Calibration,4.0,3,893,True,Informed_Low,0.024320399587446112,194,0.7216494845360825,5.0,0.0185992135189712,"1. **Explanation**: In threshold systems, when a key measure (order parameter R) reaches a certain l..."
2025-12-02T12:47:41.408233,Adaptive_Self_Calibration,4.0,3,894,True,Informed_Low,0.024320399587446112,128,0.8203125,9.0,0.05767822265625,"1. **Explanation**: In threshold systems, when a key measure (order parameter R) reaches a certain l..."
2025-12-02T12:48:36.958173,Adaptive_Self_Calibration,4.0,3,895,True,Informed_Low,0.024320399587446112,137,0.8467153284671532,8.0,0.04944323085939581,1. **Explanation**: Threshold systems change behavior abruptly when a key measure (order parameter R...
2025-12-02T12:49:32.879422,Adaptive_Self_Calibration,4.0,3,896,True,Informed_Low,0.024320399587446112,125,0.816,9.0,0.058752,1. **Explanation**: Threshold systems experience abrupt changes when a key measure (order parameter ...
2025-12-02T12:50:21.047223,Adaptive_Self_Calibration,4.0,3,897,True,Informed_Low,0.024320399587446112,99,0.8484848484848485,10.0,0.08570554025099479,1. **Explanation**: Threshold systems change abruptly when a key measure (R) hits a critical point (...
2025-12-02T12:51:39.170220,Adaptive_Self_Calibration,4.0,3,898,True,Informed_Low,0.024320399587446112,207,0.7342995169082126,9.0,0.03192606595253098,1. **Explanation**: Threshold systems change abruptly when a key measure (R) reaches a critical poin...
2025-12-02T12:52:46.018209,Adaptive_Self_Calibration,4.0,3,899,True,Informed_Low,0.024320399587446112,164,0.7804878048780488,8.0,0.0380725758477097,1. **Explanation**: Threshold systems change dramatically when a key measure (R) reaches a critical ...
2025-12-02T12:53:43.468056,Adaptive_Self_Calibration,4.0,3,900,True,Informed_Low,0.024320399587446112,123,0.8373983739837398,8.0,0.054464934893251375,"1. **Explanation**: When certain conditions reach a critical point (Θ), systems can suddenly change ..."
2025-12-02T12:54:35.749931,Adaptive_Self_Calibration,4.0,3,901,True,Informed_Low,0.024320399587446112,110,0.8454545454545455,8.0,0.06148760330578512,1. **Explanation**: Threshold systems change dramatically when a key factor (R) hits a critical poin...
2025-12-02T12:55:28.033687,Adaptive_Self_Calibration,4.0,3,902,True,Informed_Low,0.024320399587446112,113,0.7876106194690266,8.0,0.05576004385621427,1. **Explanation**: Threshold systems change abruptly when a key variable (R) reaches a critical val...
2025-12-02T12:56:22.567172,Adaptive_Self_Calibration,4.0,3,903,True,Informed_Low,0.024320399587446112,121,0.8181818181818182,9.0,0.060856498873027805,1. **Explanation**: Threshold systems experience sudden changes when a key variable (R) reaches a cr...
2025-12-02T12:57:15.832719,Adaptive_Self_Calibration,4.0,3,904,True,Informed_Low,0.024320399587446112,115,0.8173913043478261,10.0,0.07107750472589792,1. **Explanation**: Threshold systems change dramatically when a key variable (R) reaches a critical...
2025-12-02T12:58:04.631330,Adaptive_Self_Calibration,4.0,3,905,True,Informed_Low,0.024320399587446112,82,0.8902439024390244,9.0,0.0977096966091612,1. **Explain**: Threshold systems change abruptly when a key variable (R) hits a critical value (Θ)....
2025-12-02T12:59:11.057693,Adaptive_Self_Calibration,4.0,3,906,True,Informed_Low,0.024320399587446112,164,0.7865853658536586,9.0,0.04316627007733492,1. **Explanation**: Threshold systems change abruptly when a key variable (R) reaches a critical poi...
2025-12-02T13:00:12.070993,Adaptive_Self_Calibration,4.0,3,907,True,Informed_Low,0.024320399587446112,135,0.8,8.0,0.04740740740740741,1. **Explanation**: Threshold systems change abruptly when a key variable (R) reaches a critical poi...
2025-12-02T13:01:07.924830,Adaptive_Self_Calibration,4.0,3,908,True,Informed_Low,0.024320399587446112,119,0.8403361344537815,9.0,0.06355483369818515,1. **Explanation**: Threshold systems change suddenly when a key variable (R) reaches a critical val...
2025-12-02T13:02:22.054124,Adaptive_Self_Calibration,4.0,3,909,True,Informed_Low,0.024320399587446112,189,0.7407407407407407,8.0,0.0313541054281795,1. **Explanation**: Threshold systems change dramatically when a key variable \( R \) exceeds a crit...
2025-12-02T13:03:20.193107,Adaptive_Self_Calibration,4.0,3,910,True,Informed_Low,0.024320399587446112,130,0.7615384615384615,9.0,0.05272189349112426,1. **Explanation**: Threshold systems experience sudden changes when a key variable \( R \) surpasse...
2025-12-02T13:04:19.312675,Adaptive_Self_Calibration,4.0,3,911,True,Informed_Low,0.024320399587446112,105,0.7047619047619048,9.0,0.060408163265306125,1. **Explanation**: Threshold systems change drastically when a key measure \( R \) reaches a critic...
2025-12-02T13:05:23.119485,Adaptive_Self_Calibration,4.0,3,912,True,Informed_Low,0.024320399587446112,143,0.7342657342657343,9.0,0.04621252873001125,1. **Explanation**: Threshold systems change abruptly when a key measure \( R \) surpasses a critica...
2025-12-02T13:06:25.115266,Adaptive_Self_Calibration,4.0,3,913,True,Informed_Low,0.024320399587446112,134,0.7910447761194029,9.0,0.05312987302294497,1. **Explanation**: Threshold systems change dramatically when a key measure \( R \) reaches a criti...
2025-12-02T13:07:28.164317,Adaptive_Self_Calibration,4.0,3,914,True,Informed_Low,0.024320399587446112,129,0.7596899224806202,9.0,0.05300162249864791,1. **Explain**: Threshold systems react suddenly when a key measure \( R \) reaches a certain point ...
2025-12-02T13:08:35.558062,Adaptive_Self_Calibration,4.0,3,915,True,Informed_Low,0.024320399587446112,159,0.7169811320754716,9.0,0.04058383766464934,1. **Explanation**: Threshold systems change dramatically when a key measure \( R \) surpasses a thr...
2025-12-02T13:09:47.602734,Adaptive_Self_Calibration,4.0,3,916,True,Informed_Low,0.024320399587446112,180,0.6722222222222223,9.0,0.03361111111111111,1. **Explanation**: Threshold systems change drastically when a measure \( R \) reaches or exceeds a...
2025-12-02T13:10:54.558570,Adaptive_Self_Calibration,4.0,3,917,True,Informed_Low,0.024320399587446112,162,0.691358024691358,5.0,0.02133821063862216,1. **Explanation**: Threshold systems experience sudden changes when a key measure \( R \) surpasses...
2025-12-02T13:11:58.891898,Adaptive_Self_Calibration,4.0,3,918,True,Informed_Low,0.024320399587446112,153,0.7124183006535948,9.0,0.041906958861976165,1. **Explanation**: Threshold systems change abruptly when a key measure \( R \) exceeds a critical ...
2025-12-02T13:13:07.106435,Adaptive_Self_Calibration,4.0,3,919,True,Informed_Low,0.024320399587446112,156,0.7628205128205128,9.0,0.044008875739644966,1. **Explanation**: Threshold systems change dramatically when a key measure \( R \) reaches a criti...
2025-12-02T13:14:06.147110,Adaptive_Self_Calibration,4.0,3,920,True,Informed_Low,0.024320399587446112,139,0.7769784172661871,9.0,0.05030795507478909,1. **Explanation**: Threshold systems undergo sudden changes when a key measure \( R \) surpasses a ...
2025-12-02T13:15:08.050960,Adaptive_Self_Calibration,4.0,3,921,True,Informed_Low,0.024320399587446112,116,0.7931034482758621,10.0,0.06837098692033294,"1. **Explanation**: When a key measure \( R \) reaches a critical value \( Θ \), systems can suddenl..."
2025-12-02T13:16:06.068155,Adaptive_Self_Calibration,4.0,3,922,True,Informed_Low,0.024320399587446112,129,0.813953488372093,8.0,0.05047773571299802,1. **Explanation**: Threshold systems change behavior abruptly when a key value \( R \) reaches a cr...
2025-12-02T13:17:04.837308,Adaptive_Self_Calibration,4.0,3,923,True,Informed_Low,0.024320399587446112,136,0.7647058823529411,8.0,0.04498269896193771,1. **Explanation**: Threshold systems change behavior dramatically when a key value \( R \) reaches ...
2025-12-02T13:17:55.642344,Adaptive_Self_Calibration,4.0,3,924,True,Informed_Low,0.024320399587446112,120,0.75,10.0,0.0625,1. **Explanation**: Threshold systems drastically change behavior when a key value \( R \) surpasses...
2025-12-02T13:19:01.834699,Adaptive_Self_Calibration,4.0,3,925,True,Informed_Low,0.024320399587446112,144,0.7361111111111112,9.0,0.04600694444444445,1. **Explanation**: Threshold systems change dramatically when a key value \( R \) (order parameter)...
2025-12-02T13:20:14.840503,Adaptive_Self_Calibration,4.0,3,926,True,Informed_Low,0.024320399587446112,158,0.6708860759493671,9.0,0.038215029642685465,1. **Explanation**: Threshold systems change drastically when a key value \( R \) (order parameter) ...
2025-12-02T13:21:27.083945,Adaptive_Self_Calibration,4.0,3,927,True,Informed_Low,0.024320399587446112,182,0.7417582417582418,9.0,0.03668035261441855,1. **Explanation**: Threshold systems change dramatically when a key value \( R \) (order parameter)...
2025-12-02T13:22:36.171313,Adaptive_Self_Calibration,4.0,3,928,True,Informed_Low,0.024320399587446112,148,0.75,9.0,0.04560810810810811,"1. **Explanation**: When a key measure \( R \) (order parameter) reaches a certain point \( Θ \), sy..."
2025-12-02T13:23:48.858573,Adaptive_Self_Calibration,4.0,3,929,True,Informed_Low,0.024320399587446112,148,0.75,9.0,0.04560810810810811,"1. **Explanation**: When a key measure \( R \) (order parameter) reaches a certain point \( Θ \), sy..."
2025-12-02T13:24:54.548387,Adaptive_Self_Calibration,4.0,3,930,True,Informed_Low,0.024320399587446112,86,0.8255813953488372,9.0,0.0863980530016225,1. **Explanation**: Threshold systems change behavior suddenly when a key measure \( R \) surpasses ...
2025-12-02T13:25:59.276913,Adaptive_Self_Calibration,4.0,3,931,True,Informed_Low,0.024320399587446112,152,0.7631578947368421,9.0,0.04518698060941829,1. **Explanation**: Threshold systems change dramatically when a key measure \( R \) exceeds a criti...
2025-12-02T13:27:11.016113,Adaptive_Self_Calibration,4.0,3,932,True,Informed_Low,0.024320399587446112,179,0.7262569832402235,8.0,0.03245841265878094,1. **Explain**: Threshold systems change dramatically when a key measure \( R \) surpasses a critica...
2025-12-02T13:28:19.893322,Adaptive_Self_Calibration,4.0,3,933,True,Informed_Low,0.024320399587446112,146,0.6712328767123288,9.0,0.04137736911240383,1. **Explanation**: Threshold systems change drastically when a key measure \( R \) reaches a critic...
2025-12-02T13:29:16.702580,Adaptive_Self_Calibration,4.0,3,934,True,Informed_Low,0.024320399587446112,122,0.8032786885245902,8.0,0.05267401236226821,1. **Explain**: Threshold systems change abruptly when a key measure \( R \) reaches a critical leve...
2025-12-02T13:30:05.365133,Adaptive_Self_Calibration,4.0,3,935,True,Informed_Low,0.024320399587446112,94,0.8617021276595744,9.0,0.08250339520144861,1. **Explain**: Threshold systems change suddenly when a key measure \( R \) reaches a certain level...
2025-12-02T13:30:54.363963,Adaptive_Self_Calibration,4.0,3,936,True,Informed_Low,0.024320399587446112,99,0.7676767676767676,9.0,0.06978879706152433,1. **Explanation**: Threshold systems change suddenly when a key measure \( R \) reaches a critical ...
2025-12-02T13:31:49.226220,Adaptive_Self_Calibration,4.0,3,937,True,Informed_Low,0.024320399587446112,83,0.8072289156626506,9.0,0.08753084627667296,1. **Explanation**: Threshold systems change abruptly when a key measure \( R \) hits a critical lev...
2025-12-02T13:32:41.715170,Adaptive_Self_Calibration,4.0,3,938,True,Informed_Low,0.024320399587446112,82,0.8048780487804879,9.0,0.0883402736466389,1. **Explanation**: Threshold systems change suddenly when a key measure \( R \) reaches a critical ...
2025-12-02T13:33:37.355951,Adaptive_Self_Calibration,4.0,3,939,True,Informed_Low,0.024320399587446112,88,0.7954545454545454,8.0,0.07231404958677685,1. **Explanation**: Threshold systems show sudden changes when a key measure \( R \) hits a critical...
2025-12-02T13:34:26.313484,Adaptive_Self_Calibration,4.0,3,940,True,Informed_Low,0.024320399587446112,108,0.8055555555555556,9.0,0.06712962962962964,1. **Explanation**: Threshold systems show sudden shifts when a key measure \( R \) reaches a critic...
2025-12-02T13:35:25.045337,Adaptive_Self_Calibration,4.0,3,941,True,Informed_Low,0.024320399587446112,70,0.7857142857142857,9.0,0.1010204081632653,1. **Explanation**: Threshold systems change suddenly when a key measure (order parameter \( R \)) h...
2025-12-02T13:36:32.948524,Adaptive_Self_Calibration,4.0,3,942,True,Informed_Low,0.024320399587446112,168,0.7202380952380952,10.0,0.042871315192743766,1. **Explanation**: Threshold systems shift abruptly when a key variable (order parameter \( R \)) r...
2025-12-02T13:37:35.665029,Adaptive_Self_Calibration,4.0,3,943,True,Informed_Low,0.024320399587446112,155,0.7096774193548387,10.0,0.045785639958376693,1. **Explanation**: Threshold systems change abruptly when a key variable (order parameter \( R \)) ...
2025-12-02T13:38:40.859268,Adaptive_Self_Calibration,4.0,3,944,True,Informed_Low,0.024320399587446112,159,0.7358490566037735,9.0,0.041651833392666426,1. **Explanation**: Threshold systems change dramatically when a key variable (order parameter \( R ...
2025-12-02T13:39:41.668982,Adaptive_Self_Calibration,4.0,3,945,True,Informed_Low,0.024320399587446112,150,0.8333333333333334,9.0,0.05,1. **Explanation**: Threshold systems experience sudden changes when a key value (order parameter R)...
2025-12-02T13:40:41.650900,Adaptive_Self_Calibration,4.0,3,946,True,Informed_Low,0.024320399587446112,151,0.847682119205298,9.0,0.05052409982018333,1. **Explanation**: Threshold systems change behavior abruptly when a key measure (R) hits a critica...
2025-12-02T13:41:42.700664,Adaptive_Self_Calibration,4.0,3,947,True,Informed_Low,0.024320399587446112,118,0.788135593220339,9.0,0.06011203677104281,1. **Explanation**: Threshold systems experience sudden changes when a key measure (R) reaches a cri...
2025-12-02T13:42:52.011011,Adaptive_Self_Calibration,4.0,3,948,True,Informed_Low,0.024320399587446112,183,0.7978142076502732,8.0,0.034877123831705936,1. **Explanation**: Threshold systems experience sudden shifts when a key measure (R) exceeds a crit...
2025-12-02T13:43:45.739141,Adaptive_Self_Calibration,4.0,3,949,True,Informed_Low,0.024320399587446112,124,0.8548387096774194,8.0,0.05515088449531738,1. **Explanation**: Threshold systems change dramatically when a key measure (R) reaches or surpasse...
2025-12-02T13:44:50.171187,Adaptive_Self_Calibration,4.0,3,950,True,Informed_Low,0.024320399587446112,125,0.832,9.0,0.059904,1. **Explanation**: Threshold systems undergo sudden changes when a key measure (R) passes a critica...
2025-12-02T13:45:49.704179,Adaptive_Self_Calibration,4.0,3,951,True,Informed_Low,0.024320399587446112,119,0.8067226890756303,10.0,0.0677918226113975,1. **Explanation**: Threshold systems change abruptly when a key measure (R) reaches a critical poin...
2025-12-02T13:46:52.475609,Adaptive_Self_Calibration,4.0,3,952,True,Informed_Low,0.024320399587446112,147,0.782312925170068,5.0,0.02660928316904993,1. **Explanation**: Threshold systems change abruptly when a key value (R) hits a critical point (Θ)...
2025-12-02T13:48:08.889482,Adaptive_Self_Calibration,4.0,3,953,True,Informed_Low,0.024320399587446112,193,0.7772020725388601,9.0,0.03624258369352197,1. **Explanation**: Threshold systems change abruptly when a key value (R) reaches a critical point ...
2025-12-02T13:49:16.846339,Adaptive_Self_Calibration,4.0,3,954,True,Informed_Low,0.024320399587446112,172,0.7674418604651163,9.0,0.04015684153596539,1. **Explanation**: Threshold systems change suddenly when a key value (R) reaches a critical point ...
2025-12-02T13:50:12.317574,Adaptive_Self_Calibration,4.0,3,955,True,Informed_Low,0.024320399587446112,133,0.8045112781954887,10.0,0.060489569789134494,1. **Explanation**: Threshold systems change suddenly when a key value (R) reaches a critical point ...
2025-12-02T13:50:41.655912,Adaptive_Self_Calibration,4.0,3,956,True,Informed_Low,0.024320399587446112,69,0.8840579710144928,10.0,0.1281243436252888,1. **Explanation**: Threshold systems change abruptly when a key value (R) reaches a critical point ...
2025-12-02T13:51:29.629774,Adaptive_Self_Calibration,4.0,3,957,True,Informed_Low,0.024320399587446112,103,0.8543689320388349,8.0,0.0663587520030163,"1. **Explanation**: In threshold systems, when a key factor (R) reaches a certain level (Θ), the sys..."
2025-12-02T13:52:24.570852,Adaptive_Self_Calibration,4.0,3,958,True,Informed_Low,0.024320399587446112,132,0.8257575757575758,9.0,0.05630165289256199,"1. **Explanation**: In threshold systems, when a key factor (R) reaches a certain level (Θ), the sys..."
2025-12-02T13:53:01.081840,Adaptive_Self_Calibration,4.0,3,959,True,Informed_Low,0.024320399587446112,116,0.896551724137931,9.0,0.06956004756242568,1. **Explanation**: Threshold systems change behavior abruptly when a key factor (R) reaches a certa...
2025-12-02T13:53:54.140073,Adaptive_Self_Calibration,4.0,3,960,True,Informed_Low,0.024320399587446112,122,0.8688524590163934,9.0,0.06409567320612738,1. **Explanation**: Threshold systems have a tipping point where small changes cause large effects w...
2025-12-02T13:54:38.965478,Adaptive_Self_Calibration,4.0,3,961,True,Informed_Low,0.024320399587446112,95,0.8736842105263158,9.0,0.08277008310249308,1. **Explanation**: Threshold systems show sudden changes when a value (R) reaches a certain point (...
2025-12-02T13:55:25.005965,Adaptive_Self_Calibration,4.0,3,962,True,Informed_Low,0.024320399587446112,95,0.9157894736842105,9.0,0.0867590027700831,1. **Explanation**: Threshold systems change abruptly when a key factor (R) reaches a certain level ...
2025-12-02T13:56:10.123339,Adaptive_Self_Calibration,4.0,3,963,True,Informed_Low,0.024320399587446112,94,0.9148936170212766,9.0,0.08759619737437754,1. **Explanation**: Threshold systems change dramatically when a key factor (R) surpasses a critical...
2025-12-02T13:56:56.782011,Adaptive_Self_Calibration,4.0,3,964,True,Informed_Low,0.024320399587446112,102,0.9019607843137255,9.0,0.07958477508650519,1. **Explanation**: Threshold systems change dramatically when a key factor (R) hits a critical leve...
2025-12-02T13:57:44.580622,Adaptive_Self_Calibration,4.0,3,965,True,Informed_Low,0.024320399587446112,47,0.9361702127659575,9.0,0.17926663648709826,1. **Explanation**: Threshold systems change sharply when a key factor (R) reaches a critical point ...
2025-12-02T13:58:36.331075,Adaptive_Self_Calibration,4.0,3,966,True,Informed_Low,0.024320399587446112,131,0.8702290076335878,9.0,0.05978672571528466,"### Explanation
Threshold systems experience sudden shifts when a key variable (R) exceeds a critica..."
2025-12-02T13:59:33.894868,Adaptive_Self_Calibration,4.0,3,967,True,Informed_Low,0.024320399587446112,64,0.921875,8.0,0.115234375,"### Explanation
Threshold systems change abruptly when a key variable (R) surpasses a critical value..."
2025-12-02T14:00:28.456271,Adaptive_Self_Calibration,4.0,3,968,True,Informed_Low,0.024320399587446112,137,0.8321167883211679,8.0,0.04859076136182002,"### Explanation
Threshold systems show sudden shifts when a variable (R) reaches a critical point (Θ..."
2025-12-02T14:01:22.103563,Adaptive_Self_Calibration,4.0,3,969,True,Informed_Low,0.024320399587446112,129,0.8062015503875969,9.0,0.056246619794483504,"### Explanation
Threshold systems change abruptly when a certain value (R) surpasses a critical poin..."
2025-12-02T14:02:15.328896,Adaptive_Self_Calibration,4.0,3,970,True,Informed_Low,0.024320399587446112,133,0.7593984962406015,8.0,0.04567810503702866,"### Explanation
Threshold systems change behavior sharply when a key variable (R) reaches a critical..."
2025-12-02T14:03:02.045821,Adaptive_Self_Calibration,4.0,3,971,True,Informed_Low,0.024320399587446112,62,0.8709677419354839,9.0,0.12643080124869926,"### Explanation
Threshold systems shift behavior dramatically when a key variable (R) hits a critica..."
2025-12-02T14:03:56.708955,Adaptive_Self_Calibration,4.0,3,972,True,Informed_Low,0.024320399587446112,131,0.7633587786259542,7.0,0.040790163743371605,"### Explanation
Threshold systems change dramatically when a key variable \( R \) reaches a critical..."
2025-12-02T14:04:52.708964,Adaptive_Self_Calibration,4.0,3,973,True,Informed_Low,0.024320399587446112,138,0.7898550724637681,8.0,0.04578869985297206,"### Explanation
Threshold systems experience sudden changes when a key variable \( R \) surpasses a ..."
2025-12-02T14:05:51.607277,Adaptive_Self_Calibration,4.0,3,974,True,Informed_Low,0.024320399587446112,130,0.7615384615384615,9.0,0.05272189349112426,"### Explanation
Threshold systems show sudden changes when a key variable \( R \) reaches a critical..."
2025-12-02T14:06:46.650543,Adaptive_Self_Calibration,4.0,3,975,True,Informed_Low,0.024320399587446112,59,0.847457627118644,9.0,0.1292731973570813,"### Explanation
Threshold systems show abrupt changes when a key variable \( R \) hits a critical po..."
2025-12-02T14:07:39.957831,Adaptive_Self_Calibration,4.0,3,976,True,Informed_Low,0.024320399587446112,48,0.875,9.0,0.1640625,"### Explanation
Threshold systems experience sudden changes when a key variable \( R \) exceeds a cr..."
2025-12-02T14:08:40.775822,Adaptive_Self_Calibration,4.0,3,977,True,Informed_Low,0.024320399587446112,94,0.7659574468085106,5.0,0.040742417383431415,"### Explanation
Threshold systems show sudden changes when a key variable \( R \) reaches a critical..."
2025-12-02T14:09:27.969373,Adaptive_Self_Calibration,4.0,3,978,True,Informed_Low,0.024320399587446112,108,0.8055555555555556,9.0,0.06712962962962964,"### Explanation
Threshold systems demonstrate sudden changes when a key variable \( R \) surpasses a..."
2025-12-02T14:10:10.681342,Adaptive_Self_Calibration,4.0,3,979,True,Informed_Low,0.024320399587446112,95,0.8,10.0,0.08421052631578947,"### Explanation
Threshold systems change dramatically when a key variable \( R \) hits a critical va..."
2025-12-02T14:10:59.023002,Adaptive_Self_Calibration,4.0,3,980,True,Informed_Low,0.024320399587446112,114,0.7719298245614035,9.0,0.06094182825484764,"### Explanation
Threshold systems react drastically when a key parameter \( R \) surpasses a critica..."
2025-12-02T14:11:52.910387,Adaptive_Self_Calibration,4.0,3,981,True,Informed_Low,0.024320399587446112,131,0.7557251908396947,8.0,0.04615115669250044,"### Explanation
Threshold systems respond dramatically when a key parameter \( R \) reaches a critic..."
2025-12-02T14:12:49.613073,Adaptive_Self_Calibration,4.0,3,982,True,Informed_Low,0.024320399587446112,147,0.782312925170068,8.0,0.04257485307047989,"### Explanation
Threshold systems show sudden changes when a key parameter \( R \) reaches a critica..."
2025-12-02T14:13:45.197005,Adaptive_Self_Calibration,4.0,3,983,True,Informed_Low,0.024320399587446112,124,0.7016129032258065,9.0,0.05092351716961498,"### Explanation
Threshold systems display abrupt changes when a key parameter \( R \) surpasses a cr..."
2025-12-02T14:14:42.882494,Adaptive_Self_Calibration,4.0,3,984,True,Informed_Low,0.024320399587446112,135,0.6962962962962963,8.0,0.041262002743484225,"### Explanation
Threshold systems change abruptly when a parameter \( R \) exceeds a threshold \( Θ ..."
2025-12-02T14:15:38.616183,Adaptive_Self_Calibration,4.0,3,985,True,Informed_Low,0.024320399587446112,120,0.7916666666666666,8.0,0.05277777777777778,"### Explanation
Threshold systems show abrupt changes when a variable \( R \) hits a critical point ..."
2025-12-02T14:16:35.730221,Adaptive_Self_Calibration,4.0,3,986,True,Informed_Low,0.024320399587446112,134,0.7835820895522388,8.0,0.046781020271775456,"### Explanation
Threshold systems indicate sudden shifts when a variable \( R \) surpasses a critica..."
2025-12-02T14:17:21.582931,Adaptive_Self_Calibration,4.0,3,987,True,Informed_Low,0.024320399587446112,95,0.7789473684210526,9.0,0.07379501385041551,"### Explanation
Threshold systems show sudden changes when a variable \( R \) reaches a critical val..."
2025-12-02T14:18:09.075906,Adaptive_Self_Calibration,4.0,3,988,True,Informed_Low,0.024320399587446112,96,0.875,8.0,0.07291666666666667,"### Explanation
Threshold systems show sudden changes when a key variable \( R \) hits a critical po..."
2025-12-02T14:18:56.726341,Adaptive_Self_Calibration,4.0,3,989,True,Informed_Low,0.024320399587446112,99,0.7878787878787878,8.0,0.06366697275788184,"### Explanation
Threshold systems display sudden changes when a key variable \( R \) exceeds a criti..."
2025-12-02T14:19:47.169725,Adaptive_Self_Calibration,4.0,3,990,True,Informed_Low,0.024320399587446112,107,0.8037383177570093,8.0,0.06009258450519696,"### Explanation
Threshold systems show sudden changes when a key variable \( R \) surpasses a critic..."
2025-12-02T14:20:55.173689,Adaptive_Self_Calibration,4.0,3,991,True,Informed_Low,0.024320399587446112,164,0.6585365853658537,9.0,0.03613920285544319,"### Explanation
Threshold systems experience sudden changes when a key variable \( R \) reaches a cr..."
2025-12-02T14:21:56.742259,Adaptive_Self_Calibration,4.0,3,992,True,Informed_Low,0.024320399587446112,153,0.6535947712418301,9.0,0.03844675124951942,"### Explanation
Threshold systems show sudden shifts when a key variable \( R \) surpasses a critica..."
2025-12-02T14:23:03.333906,Adaptive_Self_Calibration,4.0,3,993,True,Informed_Low,0.024320399587446112,177,0.6949152542372882,8.0,0.03140859906157235,"### Explanation
Threshold systems behave suddenly when a key variable \( R \) reaches a critical val..."
2025-12-02T14:23:56.848666,Adaptive_Self_Calibration,4.0,3,994,True,Informed_Low,0.024320399587446112,130,0.7384615384615385,8.0,0.045443786982248525,"### Explanation
Threshold systems react dramatically when a key variable \( R \) hits a critical val..."
2025-12-02T14:24:48.546280,Adaptive_Self_Calibration,4.0,3,995,True,Informed_Low,0.024320399587446112,121,0.7272727272727273,8.0,0.04808414725770098,"### Explanation
Threshold systems show sudden changes when a key variable \( R \) exceeds a critical..."
2025-12-02T14:25:43.477917,Adaptive_Self_Calibration,4.0,3,996,True,Informed_Low,0.024320399587446112,135,0.7407407407407407,8.0,0.0438957475994513,"### Explanation
Threshold systems show sudden changes when a key variable \( R \) reaches a critical..."
2025-12-02T14:26:40.922945,Adaptive_Self_Calibration,4.0,3,997,True,Informed_Low,0.024320399587446112,135,0.725925925925926,8.0,0.04301783264746228,"### Explanation
Threshold systems undergo sudden changes when a key variable \( R \) reaches a criti..."
2025-12-02T14:27:33.940522,Adaptive_Self_Calibration,4.0,3,998,True,Informed_Low,0.024320399587446112,133,0.706766917293233,9.0,0.047826332749166145,"### Explanation
Threshold systems show sudden changes when a key variable \( R \) reaches a critical..."
2025-12-02T14:28:28.236234,Adaptive_Self_Calibration,4.0,3,999,True,Informed_Low,0.024320399587446112,119,0.7478991596638656,8.0,0.050278935103453146,"### Explanation
Threshold systems have critical points where small changes in a variable \( R \) can..."
2025-12-02T14:29:24.876393,Adaptive_Self_Calibration,4.0,3,1000,True,Informed_Low,0.024320399587446112,121,0.7355371900826446,8.0,0.04863055802199303,"### Explanation
Threshold systems experience sudden shifts when a variable \( R \) crosses a thresho..."
